rowid,kepid,kepoi_name,kepler_name,koi_disposition,koi_pdisposition,koi_score,koi_fpflag_nt,koi_fpflag_ss,koi_fpflag_co,koi_fpflag_ec,koi_period,koi_period_err1,koi_period_err2,koi_time0bk,koi_time0bk_err1,koi_time0bk_err2,koi_impact,koi_impact_err1,koi_impact_err2,koi_duration,koi_duration_err1,koi_duration_err2,koi_depth,koi_depth_err1,koi_depth_err2,koi_prad,koi_prad_err1,koi_prad_err2,koi_teq,koi_teq_err1,koi_teq_err2,koi_insol,koi_insol_err1,koi_insol_err2,koi_model_snr,koi_tce_plnt_num,koi_tce_delivname,koi_steff,koi_steff_err1,koi_steff_err2,koi_slogg,koi_slogg_err1,koi_slogg_err2,koi_srad,koi_srad_err1,koi_srad_err2,ra,dec,koi_kepmag
7018,5856571,K01839.02,,CANDIDATE,CANDIDATE,0.9850,0,0,0,0,80.410378300,6.0010000e-04,-6.0010000e-04,171.2962600,5.610000e-03,-5.610000e-03,0.9130,0.0680,-0.6380,3.48700,0.19200,-0.19200,5.9140e+02,4.680e+01,-4.680e+01,4.93,2.860e+00,-2.860e+00,535.0,,,19.35,35.61,-16.29,14.00,2,q1_q17_dr25_tce,5476.00,179.00,-146.00,3.904,0.693,-0.297,1.6730,0.9710,-0.9710,284.094570,41.182819,13.237
7019,8222395,K07873.01,,CANDIDATE,CANDIDATE,0.9650,0,0,0,0,1.931887680,1.0350000e-05,-1.0350000e-05,133.1676000,4.780000e-03,-4.780000e-03,0.2560,0.2090,-0.2560,1.08700,0.17800,-0.17800,3.7800e+01,5.900e+00,-5.900e+00,0.57,1.600e-01,-6.000e-02,1427.0,,,977.65,808.79,-272.06,8.80,1,q1_q17_dr25_tce,5896.00,132.00,-176.00,4.516,0.050,-0.200,0.9140,0.2680,-0.0890,287.370390,44.187988,13.500
7020,5796186,K00651.02,,FALSE POSITIVE,FALSE POSITIVE,,1,0,0,0,320.184718580,,,423.2096375,,,,,,11.94000,,,,,,,,,,,,,,,,2,q1_q16_tce,,,,,,,,,,293.456120,41.048222,13.909
7021,5471068,K06008.01,,FALSE POSITIVE,FALSE POSITIVE,0.0000,1,0,1,1,12.426469000,5.8640000e-04,-5.8640000e-04,141.4649000,4.810000e-02,-4.810000e-02,0.9780,0.2920,-0.1030,25.71000,2.20000,-2.20000,1.8050e+02,1.210e+01,-1.210e+01,1.66,4.600e-01,-1.300e-01,729.0,,,66.74,57.03,-17.19,24.20,1,q1_q17_dr25_tce,5691.00,180.00,-200.00,4.544,0.033,-0.198,0.8870,0.2480,-0.0660,297.559540,40.639469,15.178
7022,5471192,K06009.01,,FALSE POSITIVE,FALSE POSITIVE,0.0000,1,0,1,1,12.426288900,3.0170000e-04,-3.0170000e-04,141.4617000,1.850000e-02,-1.850000e-02,0.8790,0.0540,-0.6440,18.76400,0.52500,-0.52500,9.4200e+01,6.200e+00,-6.200e+00,1.23,4.100e-01,-1.400e-01,864.0,,,131.83,129.96,-44.08,20.50,1,q1_q17_dr25_tce,6246.00,173.00,-260.00,4.433,0.056,-0.224,1.0920,0.3650,-0.1220,297.587680,40.632092,14.285
7023,5471769,K06011.01,,FALSE POSITIVE,FALSE POSITIVE,0.0000,1,0,1,1,12.425570500,5.9960000e-04,-5.9960000e-04,141.5298000,4.800000e-02,-4.800000e-02,0.9840,0.0310,-0.7220,28.88000,1.40000,-1.40000,1.3940e+02,7.400e+00,-7.400e+00,1.37,3.300e-01,-1.100e-01,721.0,,,63.95,45.55,-15.41,21.10,1,q1_q17_dr25_tce,5742.00,155.00,-155.00,4.564,0.040,-0.160,0.8270,0.1990,-0.0660,297.745510,40.674290,14.961
7024,5471770,K06012.01,,FALSE POSITIVE,FALSE POSITIVE,0.0000,1,0,1,1,12.426173000,3.4840000e-04,-3.4840000e-04,141.5013000,2.680000e-02,-2.680000e-02,0.9970,0.1090,-0.0130,30.64000,1.20000,-1.20000,1.1510e+02,3.900e+00,-3.900e+00,2.67,7.200e-01,-7.200e-01,1006.0,,,242.41,193.71,-130.24,36.90,1,q1_q17_dr25_tce,6367.00,177.00,-222.00,4.181,0.246,-0.164,1.3570,0.3660,-0.3660,297.745670,40.652519,13.605
7025,5556804,K06013.01,,FALSE POSITIVE,FALSE POSITIVE,0.0000,1,0,1,1,12.424430600,8.5590000e-04,-8.5590000e-04,141.6470000,7.460000e-02,-7.460000e-02,0.9800,0.0020,-0.6850,26.15000,1.00000,-1.00000,2.1410e+02,1.390e+01,-1.390e+01,1.59,4.200e-01,-1.300e-01,714.0,,,61.31,49.37,-16.52,15.50,1,q1_q17_dr25_tce,5761.00,190.00,-190.00,4.581,0.042,-0.168,0.7910,0.2050,-0.0680,297.632630,40.709129,15.899
7026,5597970,K06014.01,,FALSE POSITIVE,FALSE POSITIVE,0.0000,0,1,0,0,6.717383280,5.3400000e-07,-5.3400000e-07,137.2100078,6.530000e-05,-6.530000e-05,0.1590,0.0090,-0.1160,3.60057,0.00155,-0.00155,1.6498e+05,1.510e+02,-1.510e+02,37.65,8.690e+00,-5.070e+00,883.0,,,143.87,106.12,-50.40,1208.20,1,q1_q17_dr25_tce,5301.00,185.00,-185.00,4.416,0.139,-0.186,0.9360,0.2160,-0.1260,283.439820,40.836220,12.778
7027,4459068,K06114.01,,FALSE POSITIVE,FALSE POSITIVE,0.0000,0,1,0,0,24.955998503,3.7980000e-06,-3.7980000e-06,149.0944370,1.260000e-04,-1.260000e-04,0.9960,0.0620,-0.0120,2.76331,0.00816,-0.00816,4.8561e+03,1.140e+01,-1.140e+01,36.91,5.210e+00,-1.562e+01,1438.0,,,1011.42,515.91,-778.54,555.60,1,q1_q17_dr25_tce,8617.00,325.00,-758.00,3.780,0.408,-0.072,3.0180,0.4260,-1.2770,290.024350,39.563389,11.458
7028,8107150,K07863.01,,CANDIDATE,CANDIDATE,0.6910,0,0,0,0,5.244915600,1.3320000e-04,-1.3320000e-04,136.0365000,2.120000e-02,-2.120000e-02,0.0190,0.4320,-0.0180,8.36700,0.58700,-0.58700,3.5500e+01,3.500e+00,-3.500e+00,0.52,1.400e-01,-6.000e-02,1015.0,,,251.14,189.47,-74.04,11.70,1,q1_q17_dr25_tce,5823.00,140.00,-158.00,4.486,0.078,-0.182,0.8780,0.2310,-0.0990,295.080900,43.953239,13.695
7029,4547480,K06116.01,,FALSE POSITIVE,FALSE POSITIVE,0.0000,0,1,0,0,4.426942241,3.5250000e-06,-3.5250000e-06,133.5643830,6.700000e-04,-6.700000e-04,0.9510,0.1190,-0.0330,1.61160,0.05650,-0.05650,2.8966e+03,5.480e+01,-5.480e+01,5.43,9.200e-01,-5.000e-01,958.0,,,199.40,111.13,-53.33,68.90,1,q1_q17_dr25_tce,5511.00,180.00,-163.00,4.569,0.056,-0.096,0.7460,0.1270,-0.0680,287.138150,39.673592,15.469
7030,4739229,K06118.01,,FALSE POSITIVE,FALSE POSITIVE,,1,0,0,0,571.280892000,5.5830000e-03,-5.5830000e-03,368.0081000,6.560000e-03,-6.560000e-03,0.6109,0.0726,-0.4752,21.82700,0.33200,-0.33200,4.6070e+02,1.250e+01,-1.250e+01,3.65,2.310e+00,-7.500e-01,324.0,,,2.62,5.15,-1.21,37.80,1,q1_q16_tce,7081.00,193.00,-276.00,4.160,0.129,-0.354,1.6190,1.0260,-0.3300,289.533360,39.836639,12.767
7031,4739229,K06118.02,,CANDIDATE,CANDIDATE,,0,0,0,0,4.661859240,3.8040000e-05,-3.8040000e-05,133.5851400,7.030000e-03,-7.030000e-03,0.2695,0.1784,-0.2695,3.16400,0.21100,-0.21100,4.9300e+01,3.800e+00,-3.800e+00,1.16,7.300e-01,-2.400e-01,1610.0,,,1590.18,3136.08,-730.39,15.80,2,q1_q16_tce,7081.00,193.00,-276.00,4.160,0.129,-0.354,1.6190,1.0260,-0.3300,289.533360,39.836639,12.767
7032,8620565,K01250.02,,FALSE POSITIVE,FALSE POSITIVE,,0,1,1,0,1.213672208,2.1490000e-06,-2.1490000e-06,131.9497800,1.500000e-03,-1.500000e-03,7.3743,3.1980,-5.8140,1.36440,0.08160,-0.08160,2.7310e+03,1.250e+02,-1.250e+02,697.14,3.055e+02,-6.586e+01,1789.0,,,2422.45,3108.91,-682.38,24.80,2,q1_q16_tce,6113.00,153.00,-199.00,4.463,0.049,-0.303,0.9950,0.4360,-0.0940,290.267670,44.712849,14.912
7033,4742420,K06120.01,,CANDIDATE,CANDIDATE,0.9970,0,0,0,0,90.097375000,2.8060000e-03,-2.8060000e-03,143.8471000,2.260000e-02,-2.260000e-02,0.0420,0.4200,-0.0420,12.69700,0.66000,-0.66000,2.8260e+02,2.750e+01,-2.750e+01,1.70,5.500e-01,-2.300e-01,430.0,,,8.05,8.01,-2.78,11.50,1,q1_q17_dr25_tce,6116.00,190.00,-211.00,4.444,0.070,-0.210,1.0080,0.3310,-0.1330,290.450260,39.862011,15.416
7034,9655711,K06209.02,,CANDIDATE,CANDIDATE,0.6120,0,0,0,0,7.729669410,6.3560000e-05,-6.3560000e-05,138.9256600,8.840000e-03,-8.840000e-03,0.6680,0.2840,-0.4540,2.09100,0.48800,-0.48800,4.2670e+02,7.230e+01,-7.230e+01,2.10,6.900e-01,-2.200e-01,927.0,,,174.28,170.99,-55.55,8.40,2,q1_q17_dr25_tce,5947.00,184.00,-226.00,4.481,0.054,-0.216,0.9620,0.3120,-0.1040,294.444000,46.335972,16.154
7035,9727765,K06210.01,,CANDIDATE,CANDIDATE,,0,0,0,0,51.856565560,,,167.3402050,,,,,,2.21000,,,,,,,,,,,,,,,,2,q1_q16_tce,,,,,,,,,,298.065490,46.436298,13.173
7036,9767392,K06211.01,,FALSE POSITIVE,FALSE POSITIVE,0.0000,0,1,0,0,1.457256942,4.8200000e-07,-4.8200000e-07,131.6089100,3.310000e-04,-3.310000e-04,0.5490,0.0090,-0.0030,6.51381,0.00365,-0.00365,3.6490e+05,1.420e+02,-1.420e+02,98.16,3.057e+01,-1.782e+01,2112.0,,,4686.52,4322.28,-2007.72,2443.80,1,q1_q17_dr25_tce,6630.00,187.00,-258.00,4.235,0.128,-0.192,1.4160,0.4410,-0.2570,290.478030,46.537949,14.713
7037,9774400,K06212.01,,FALSE POSITIVE,FALSE POSITIVE,0.0000,0,1,0,0,10.818248422,9.6690000e-06,-9.6690000e-06,137.1702600,7.690000e-04,-7.690000e-04,0.8130,0.0020,-0.0020,18.28480,0.04520,-0.04520,1.3696e+04,2.990e+01,-2.990e+01,11.71,2.890e+00,-1.560e+00,830.0,,,112.55,81.98,-36.65,581.00,1,q1_q17_dr25_tce,5955.00,159.00,-159.00,4.446,0.116,-0.174,0.8940,0.2210,-0.1190,293.455140,46.521751,13.392
7038,9839081,K06213.01,,FALSE POSITIVE,FALSE POSITIVE,0.0000,1,0,0,0,2.559236603,3.0440000e-06,-3.0440000e-06,132.2638630,9.910000e-04,-9.910000e-04,1.2510,6.9900,-0.5340,1.67060,0.05350,-0.05350,1.1273e+04,3.010e+02,-3.010e+02,37.66,1.160e+01,-3.880e+00,1296.0,,,665.95,600.96,-191.43,45.70,1,q1_q17_dr25_tce,5955.00,160.00,-178.00,4.534,0.038,-0.212,0.8830,0.2720,-0.0910,295.071140,46.687820,14.752
7039,9974142,K06214.01,,FALSE POSITIVE,FALSE POSITIVE,,1,0,0,0,281.358770000,6.5750000e-02,-6.5750000e-02,390.5820000,1.980000e-01,-1.980000e-01,0.0371,0.4145,-0.0368,7.74000,1.60000,-1.60000,2.7850e+02,4.360e+01,-4.360e+01,4.22,1.480e+00,-2.190e+00,446.0,,,9.34,10.09,-7.44,6.20,5,q1_q16_tce,6049.00,201.00,-193.00,3.728,0.503,-0.207,2.5220,0.8860,-1.3090,299.871310,46.822491,13.654
7040,9974142,K06214.02,,FALSE POSITIVE,FALSE POSITIVE,,1,0,0,0,154.536881000,5.4390000e-03,-5.4390000e-03,177.6970000,5.700000e-02,-5.700000e-02,0.3257,0.1155,-0.3257,15.44000,4.40000,-4.40000,2.5850e+02,5.730e+01,-5.730e+01,4.10,1.440e+00,-2.130e+00,544.0,,,20.76,22.44,-16.54,3.50,6,q1_q16_tce,6049.00,201.00,-193.00,3.728,0.503,-0.207,2.5220,0.8860,-1.3090,299.871310,46.822491,13.654
7041,10163066,K06215.01,,FALSE POSITIVE,FALSE POSITIVE,,1,0,0,0,462.123450000,2.1370000e-02,-2.1370000e-02,408.2031000,2.600000e-02,-2.600000e-02,0.2396,0.2508,-0.2395,8.46000,1.30000,-1.30000,6.9900e+02,1.300e+02,-1.300e+02,1.90,9.000e-02,-1.400e-01,169.0,,,0.19,0.05,-0.04,6.90,2,q1_q16_tce,4547.00,152.00,-121.00,4.559,0.046,-0.033,0.7470,0.0370,-0.0560,298.900120,47.146481,15.165
7042,9008103,K03283.03,,CANDIDATE,CANDIDATE,,0,0,0,0,87.707513000,1.1190000e-03,-1.1190000e-03,205.7369000,1.060000e-02,-1.060000e-02,0.4000,0.0522,-0.3999,2.18400,0.37700,-0.37700,5.7800e+02,1.030e+02,-1.030e+02,1.72,2.200e-01,-1.300e-01,310.0,,,2.20,0.92,-0.52,7.10,2,q1_q16_tce,4944.00,145.00,-136.00,4.614,0.029,-0.076,0.7210,0.0900,-0.0550,286.089080,45.369011,15.322
7043,8780959,K03741.03,Kepler-1518 b,CONFIRMED,CANDIDATE,0.9960,0,0,0,0,5.111754700,4.8040000e-05,-4.8040000e-05,133.7612200,7.910000e-03,-7.910000e-03,0.9620,0.0110,-0.7650,3.28100,0.16900,-0.16900,2.6780e+02,2.410e+01,-2.410e+01,2.81,8.000e-01,-6.500e-01,1351.0,,,788.00,641.01,-382.81,12.10,2,q1_q17_dr25_tce,6432.00,155.00,-214.00,4.207,0.190,-0.171,1.3450,0.3820,-0.3130,300.332370,44.986141,13.306
7044,7429287,K04260.02,,FALSE POSITIVE,FALSE POSITIVE,,1,0,0,0,101.889228000,2.1410000e-03,-2.1410000e-03,213.9353000,1.760000e-02,-1.760000e-02,0.0237,0.4450,-0.0236,2.71000,1.00000,-1.00000,8.0900e+01,1.560e+01,-1.560e+01,1.43,9.000e-02,-6.000e-02,487.0,,,13.26,2.16,-1.64,8.50,5,q1_q16_tce,5802.00,60.00,-60.00,4.073,0.012,-0.012,1.5900,0.0900,-0.0700,286.395840,43.075821,11.443
7045,11296045,K04396.04,,FALSE POSITIVE,FALSE POSITIVE,,1,0,0,0,437.515861390,,,522.0553193,,,,,,4.16000,,,,,,,,,,,,,,,,1,q1_q16_tce,,,,,,,,,,291.361880,49.021980,12.981
7046,6592335,K04777.02,,FALSE POSITIVE,FALSE POSITIVE,,1,0,0,0,48.502366900,4.9340000e-04,-4.9340000e-04,168.2091000,7.750000e-03,-7.750000e-03,30.6120,33.8200,-28.6100,1.05300,0.32300,-0.32300,7.4000e+02,1.410e+02,-1.410e+02,906.03,1.618e+02,-1.618e+02,192.0,,,0.32,0.15,-0.12,5.50,1,q1_q16_tce,3396.00,50.00,-50.00,4.991,0.060,-0.060,0.2800,0.0500,-0.0500,287.262150,42.032310,15.896
7047,5951416,K04781.02,,FALSE POSITIVE,FALSE POSITIVE,,1,0,0,0,524.141390000,2.0040000e-02,-2.0040000e-02,344.9169000,2.560000e-02,-2.560000e-02,0.1508,0.3052,-0.1508,11.60300,0.86300,-0.86300,4.0370e+02,5.620e+01,-5.620e+01,1.88,7.500e-01,-1.800e-01,237.0,,,0.74,0.87,-0.21,9.20,1,q1_q16_tce,6225.00,171.00,-197.00,4.481,0.055,-0.290,0.9310,0.3710,-0.0900,288.975740,41.279121,14.892
7048,5769810,K04913.02,,FALSE POSITIVE,FALSE POSITIVE,0.3010,1,0,0,0,8.973772210,7.6030000e-05,-7.6030000e-05,139.7397800,7.350000e-03,-7.350000e-03,0.2370,0.2180,-0.2370,2.13500,0.23800,-0.23800,1.0650e+02,1.370e+01,-1.370e+01,2.96,4.800e-01,-1.120e+00,1530.0,,,1294.96,648.06,-849.93,9.40,1,q1_q17_dr25_tce,6537.00,176.00,-195.00,3.760,0.285,-0.095,2.8290,0.4570,-1.0670,283.678800,41.096882,13.360
7049,5643492,K06015.01,,FALSE POSITIVE,FALSE POSITIVE,0.0000,0,1,1,0,41.865397230,8.4990000e-05,-8.4990000e-05,161.1767900,1.540000e-03,-1.540000e-03,1.2860,6.5520,-0.1100,6.66300,0.07890,-0.07890,4.3093e+03,4.960e+01,-4.960e+01,31.14,7.390e+00,-2.450e+00,500.0,,,14.79,10.41,-3.67,103.40,1,q1_q17_dr25_tce,6063.00,164.00,-182.00,4.584,0.033,-0.176,0.7880,0.1870,-0.0620,297.760530,40.829948,14.528
7050,5795648,K06016.01,,CANDIDATE,CANDIDATE,0.8020,0,1,0,0,4.553370029,7.6900000e-07,-7.6900000e-07,135.4338980,1.400000e-04,-1.400000e-04,0.9510,0.1030,-0.0070,3.22090,0.01160,-0.01160,2.3692e+04,5.940e+01,-5.940e+01,25.84,5.690e+00,-3.770e+00,1264.0,,,603.58,387.69,-213.90,570.60,1,q1_q17_dr25_tce,6306.00,157.00,-189.00,4.346,0.113,-0.137,1.1090,0.2440,-0.1620,293.294400,41.035351,11.471
7051,5961350,K06017.01,,FALSE POSITIVE,FALSE POSITIVE,0.0000,0,1,0,0,5.262652179,2.1300000e-07,-2.1300000e-07,135.6269856,3.250000e-05,-3.250000e-05,0.9600,0.0540,-0.0120,2.85554,0.00154,-0.00154,2.2651e+04,7.400e+00,-7.400e+00,35.99,6.490e+00,-2.990e+00,1499.0,,,1191.71,538.75,-243.14,2246.90,1,q1_q17_dr25_tce,7049.00,74.00,-95.00,4.212,0.054,-0.126,1.5490,0.2790,-0.1290,292.174500,41.290661,13.537
7052,10340423,K00736.03,,FALSE POSITIVE,FALSE POSITIVE,,1,0,0,0,345.982072830,,,392.1763832,,,,,,2.97000,,,,,,,,,,,,,,,,3,q1_q16_tce,,,,,,,,,,292.193970,47.457088,15.962
7053,5979863,K06018.01,,FALSE POSITIVE,FALSE POSITIVE,0.0000,0,1,0,0,16.621853404,9.2400000e-07,-9.2400000e-07,133.5526451,4.650000e-05,-4.650000e-05,0.5800,0.0130,-0.0040,3.91517,0.00391,-0.00391,5.5297e+04,3.860e+01,-3.860e+01,22.32,5.960e+00,-3.200e+00,719.0,,,63.30,50.92,-22.64,1872.60,1,q1_q17_dr25_tce,5949.00,177.00,-195.00,4.451,0.101,-0.174,0.9070,0.2420,-0.1300,297.000060,41.290031,15.229
7054,6117415,K06019.01,,FALSE POSITIVE,FALSE POSITIVE,0.0000,0,1,0,0,19.741616041,8.0600000e-07,-8.0600000e-07,136.4469220,3.410000e-05,-3.410000e-05,1.0400,0.0210,-0.0610,3.07231,0.00144,-0.00144,8.8822e+04,3.380e+01,-3.380e+01,82.98,1.781e+01,-1.601e+01,902.0,,,156.60,95.89,-65.38,2153.00,1,q1_q17_dr25_tce,6535.00,147.00,-180.00,4.183,0.140,-0.140,1.5290,0.3280,-0.2950,289.861050,41.408192,10.543
7055,6128027,K06020.01,,FALSE POSITIVE,FALSE POSITIVE,0.0000,0,1,0,0,5.455766383,8.6600000e-07,-8.6600000e-07,136.9072170,1.310000e-04,-1.310000e-04,0.7940,0.4040,-0.0380,2.89230,0.01130,-0.01130,1.0454e+05,2.250e+02,-2.250e+02,28.20,3.490e+00,-2.360e+00,795.0,,,94.27,39.66,-24.12,536.80,1,q1_q17_dr25_tce,5067.00,151.00,-151.00,4.625,0.039,-0.066,0.6940,0.0860,-0.0580,293.218540,41.417339,15.863
7056,6146418,K06021.01,,FALSE POSITIVE,FALSE POSITIVE,0.0000,0,1,1,0,22.446207040,3.0830000e-05,-3.0830000e-05,149.1595000,1.100000e-03,-1.100000e-03,1.2560,0.6890,-0.1600,7.54910,0.05920,-0.05920,1.6268e+03,1.400e+01,-1.400e+01,58.20,1.087e+01,-1.864e+01,894.0,,,150.81,85.67,-88.39,138.80,1,q1_q17_dr25_tce,6070.00,165.00,-165.00,3.969,0.273,-0.117,1.7770,0.3320,-0.5690,297.793700,41.402401,11.878
7057,4742420,K06120.02,,CANDIDATE,CANDIDATE,,0,0,0,0,205.414150000,1.1820000e-02,-1.1820000e-02,295.6538000,3.330000e-02,-3.330000e-02,0.0856,0.3578,-0.0854,10.26000,1.40000,-1.40000,2.8380e+02,5.020e+01,-5.020e+01,1.67,7.400e-01,-1.600e-01,323.0,,,2.58,3.36,-0.75,7.90,2,q1_q16_tce,6123.00,164.00,-211.00,4.465,0.050,-0.304,0.9910,0.4350,-0.0960,290.450260,39.862011,15.416
7058,4826439,K06121.01,,FALSE POSITIVE,FALSE POSITIVE,0.0000,0,1,0,0,1.237147407,4.2000000e-08,-4.2000000e-08,132.6581514,2.820000e-05,-2.820000e-05,0.4660,0.0020,-0.0020,7.06623,0.00226,-0.00226,4.3536e+05,9.970e+01,-9.970e+01,106.18,1.831e+01,-2.030e+01,2107.0,,,4680.26,2109.48,-1780.67,5557.40,1,q1_q17_dr25_tce,6064.00,82.00,-82.00,4.160,0.168,-0.112,1.4490,0.2500,-0.2770,289.029820,39.951889,13.820
7059,4990977,K06123.01,,FALSE POSITIVE,FALSE POSITIVE,0.0000,0,1,0,0,2.649026189,1.0030000e-06,-1.0030000e-06,133.3792810,3.120000e-04,-3.120000e-04,0.9140,0.9960,-0.0810,2.46980,0.02320,-0.02320,5.2172e+04,3.270e+02,-3.270e+02,32.70,9.640e+00,-7.210e+00,1377.0,,,852.59,738.32,-388.89,190.10,1,q1_q17_dr25_tce,5838.00,159.00,-159.00,4.342,0.205,-0.205,0.9880,0.2910,-0.2180,284.345030,40.196091,13.870
7060,5034333,K06124.01,,FALSE POSITIVE,FALSE POSITIVE,0.0000,0,1,0,0,6.932281325,7.2290000e-06,-7.2290000e-06,134.8761980,8.630000e-04,-8.630000e-04,1.2910,0.1510,-0.0900,11.03010,0.04290,-0.04290,6.4059e+03,2.350e+01,-2.350e+01,90.57,2.034e+01,-2.260e+01,1872.0,,,2902.34,1948.04,-1554.25,325.80,1,q1_q17_dr25_tce,8675.00,238.00,-408.00,4.080,0.150,-0.150,2.1680,0.4870,-0.5410,297.400390,40.149479,11.520
7061,5039441,K06125.01,,FALSE POSITIVE,FALSE POSITIVE,0.0010,0,1,0,0,2.151384476,8.1000000e-08,-8.1000000e-08,133.1088143,3.130000e-05,-3.130000e-05,0.2370,0.0270,-0.0120,3.34471,0.00272,-0.00272,2.6386e+05,8.700e+01,-8.700e+01,66.20,1.822e+01,-1.822e+01,1725.0,,,2097.48,1699.67,-1122.47,2657.60,1,q1_q17_dr25_tce,6184.00,168.00,-186.00,4.190,0.270,-0.180,1.2570,0.3460,-0.3460,298.409850,40.156792,12.916
7062,8231299,K07874.01,,FALSE POSITIVE,FALSE POSITIVE,0.0000,0,1,0,0,0.562273947,1.6390000e-06,-1.6390000e-06,131.5243300,3.040000e-03,-3.040000e-03,0.6620,0.1120,-0.3830,3.15720,0.08700,-0.08700,6.7000e+01,1.700e+00,-1.700e+00,0.73,6.000e-02,-9.000e-02,2083.0,,,4412.19,1134.12,-1175.22,52.40,1,q1_q17_dr25_tce,5632.00,90.00,-78.00,4.450,0.117,-0.063,0.8470,0.0730,-0.1010,291.064180,44.170399,13.042
7063,5121173,K06126.01,,FALSE POSITIVE,FALSE POSITIVE,0.0000,1,0,0,0,17.435221800,2.1440000e-04,-2.1440000e-04,143.2261000,9.830000e-03,-9.830000e-03,1.2110,0.5050,-0.0630,51.66600,0.54500,-0.54500,6.0330e+02,5.900e+00,-5.900e+00,67.91,1.103e+01,-2.577e+01,1195.0,,,482.16,258.20,-321.87,121.80,1,q1_q17_dr25_tce,6313.00,205.00,-228.00,3.706,0.336,-0.105,2.6410,0.4290,-1.0020,297.168430,40.275520,13.439
7064,5306984,K06127.01,,FALSE POSITIVE,FALSE POSITIVE,,1,0,0,0,114.271739020,,,163.3628542,,,,,,2.19000,,,,,,,,,,,,,,,,2,q1_q16_tce,,,,,,,,,,299.236790,40.425819,13.050
7065,10198662,K06216.01,,FALSE POSITIVE,FALSE POSITIVE,,1,0,0,0,26.408055320,,,155.7466070,,,,,,2.70000,,,,,,,,,,,,,,,,4,q1_q16_tce,,,,,,,,,,287.784610,47.228043,12.655
7066,10198662,K06216.02,,CANDIDATE,CANDIDATE,,0,0,0,0,46.079313170,,,159.6728081,,,,,,1.87000,,,,,,,,,,,,,,,,5,q1_q16_tce,,,,,,,,,,287.784610,47.228043,12.655
7067,4157325,K01860.04,,FALSE POSITIVE,FALSE POSITIVE,0.0850,0,0,1,0,24.843483700,4.2810000e-04,-4.2810000e-04,148.1777000,1.530000e-02,-1.530000e-02,0.6410,0.3130,-0.4200,4.80000,0.36700,-0.36700,2.1740e+02,1.790e+01,-1.790e+01,1.58,2.300e-01,-1.700e-01,625.0,,,35.97,15.07,-9.45,14.20,4,q1_q17_dr25_tce,5670.00,114.00,-114.00,4.397,0.095,-0.105,1.0220,0.1480,-0.1080,291.556950,39.227291,14.028
7068,10200627,K06217.01,,CANDIDATE,CANDIDATE,0.9560,0,0,0,0,7.701669400,1.4170000e-04,-1.4170000e-04,134.2294000,1.670000e-02,-1.670000e-02,0.0100,0.4520,-0.0100,10.89800,0.41300,-0.41300,1.5570e+02,1.010e+01,-1.010e+01,4.44,4.700e-01,-1.600e-01,1627.0,,,1656.27,586.28,-222.45,17.80,1,q1_q17_dr25_tce,5174.00,134.00,-93.00,3.228,0.036,-0.024,3.6080,0.3810,-0.1270,288.795530,47.203651,15.268
7069,10219361,K06218.01,,FALSE POSITIVE,FALSE POSITIVE,,1,0,0,0,117.634213000,2.5640000e-03,-2.5640000e-03,176.0874000,1.250000e-02,-1.250000e-02,0.5206,0.4167,-0.3103,3.82000,0.34600,-0.34600,2.5310e+02,3.220e+01,-3.220e+01,3.78,2.330e+00,-1.370e+00,513.0,,,16.34,30.82,-10.43,8.70,2,q1_q16_tce,5236.00,134.00,-150.00,3.711,0.390,-0.361,2.3320,1.4350,-0.8460,296.108460,47.222279,12.742
7070,10228942,K06219.01,,FALSE POSITIVE,FALSE POSITIVE,0.0000,0,1,0,0,21.025447023,7.8200000e-07,-7.8200000e-07,148.2226428,3.060000e-05,-3.060000e-05,0.9780,0.0240,-0.0190,6.52216,0.00184,-0.00184,1.1574e+05,2.810e+01,-2.810e+01,135.84,2.535e+01,-5.070e+01,1123.0,,,376.40,213.53,-245.60,4881.90,1,q1_q17_dr25_tce,6631.00,180.00,-200.00,3.798,0.328,-0.082,2.4380,0.4550,-0.9100,298.827390,47.257740,13.079
7071,10341878,K06220.01,,FALSE POSITIVE,FALSE POSITIVE,0.0000,0,0,0,1,0.933753371,8.9690000e-06,-8.9690000e-06,131.5094500,9.540000e-03,-9.540000e-03,0.3110,0.1880,-0.3110,4.43800,0.22100,-0.22100,4.7300e+01,3.100e+00,-3.100e+00,1.44,3.800e-01,-4.700e-01,3137.0,,,22850.90,18485.42,-14161.44,19.80,1,q1_q17_dr25_tce,7286.00,228.00,-330.00,3.998,0.246,-0.164,2.0560,0.5440,-0.6650,292.760280,47.448299,13.231
7072,10357831,K06221.01,,FALSE POSITIVE,FALSE POSITIVE,0.0000,0,1,0,0,1.721535880,1.4760000e-05,-1.4760000e-05,131.7292000,1.130000e-02,-1.130000e-02,0.0020,0.4300,-0.0020,1.92270,0.09540,-0.09540,3.9929e+04,1.663e+03,-1.663e+03,12.89,9.200e-01,-1.160e+00,1045.0,,,281.41,89.68,-79.30,29.30,1,q1_q17_dr25_tce,4535.00,159.00,-159.00,4.607,0.054,-0.027,0.6680,0.0480,-0.0600,298.108340,47.487919,16.459
7073,8332521,K04567.02,,CANDIDATE,CANDIDATE,0.9940,0,0,0,0,4.672503770,3.8370000e-05,-3.8370000e-05,135.2367800,7.470000e-03,-7.470000e-03,0.9500,0.0010,-0.7280,4.44100,0.17700,-0.17700,7.9600e+01,6.400e+00,-6.400e+00,1.11,3.700e-01,-1.200e-01,1149.0,,,412.73,404.38,-125.06,13.80,1,q1_q17_dr25_tce,6146.00,170.00,-192.00,4.454,0.070,-0.210,0.9870,0.3280,-0.1090,301.562840,44.240391,13.775
7074,6150977,K06022.01,,FALSE POSITIVE,FALSE POSITIVE,0.0000,0,1,1,0,2.765621941,9.9600000e-07,-9.9600000e-07,133.6800950,2.980000e-04,-2.980000e-04,1.2620,0.1650,-0.1060,2.31910,0.01800,-0.01800,8.3422e+03,5.880e+01,-5.880e+01,34.42,7.030e+00,-3.240e+00,1134.0,,,391.86,254.17,-106.86,173.20,1,q1_q17_dr25_tce,5423.00,177.00,-161.00,4.542,0.045,-0.135,0.8280,0.1690,-0.0780,298.824430,41.435921,15.664
7075,6182019,K06023.01,,FALSE POSITIVE,FALSE POSITIVE,0.0010,0,1,0,0,3.664964374,9.9900000e-07,-9.9900000e-07,134.1528790,2.360000e-04,-2.360000e-04,0.5520,0.0160,-0.0020,3.90580,0.01570,-0.01570,9.0827e+04,2.800e+02,-2.800e+02,30.98,8.780e+00,-4.740e+00,1184.0,,,464.89,400.40,-174.95,437.80,1,q1_q17_dr25_tce,5726.00,177.00,-197.00,4.403,0.128,-0.192,0.9870,0.2800,-0.1510,282.684910,41.587959,15.643
7076,6209347,K06025.01,,FALSE POSITIVE,FALSE POSITIVE,0.0340,0,1,0,0,2.136577151,1.2930000e-06,-1.2930000e-06,133.0265790,4.830000e-04,-4.830000e-04,0.9960,6.6910,-0.0200,2.46820,0.03310,-0.03310,7.9078e+04,7.100e+02,-7.100e+02,43.89,9.690e+00,-6.450e+00,1311.0,,,698.75,473.95,-248.71,124.30,1,q1_q17_dr25_tce,5457.00,164.00,-164.00,4.442,0.126,-0.168,0.9050,0.2000,-0.1330,293.198330,41.558311,15.281
7077,6268722,K06026.01,,FALSE POSITIVE,FALSE POSITIVE,0.0050,0,1,0,0,2.638432816,3.5600000e-07,-3.5600000e-07,133.0039460,1.120000e-04,-1.120000e-04,0.8630,0.1050,-0.0130,2.42989,0.00854,-0.00854,4.8488e+04,1.260e+02,-1.260e+02,49.77,9.970e+00,-1.496e+01,1933.0,,,3299.02,1923.00,-1852.23,529.40,1,q1_q17_dr25_tce,6502.00,155.00,-175.00,3.991,0.280,-0.120,1.7530,0.3510,-0.5270,285.518400,41.660469,12.601
7078,6301030,K06027.01,,FALSE POSITIVE,FALSE POSITIVE,0.0000,1,0,0,0,11.991000357,5.9860000e-06,-5.9860000e-06,139.5983370,5.490000e-04,-5.490000e-04,0.5340,0.0150,-0.0160,6.46480,0.01040,-0.01040,3.7594e+05,5.580e+02,-5.580e+02,78.78,2.280e+01,-1.861e+01,897.0,,,153.29,136.79,-75.08,802.90,1,q1_q17_dr25_tce,5988.00,197.00,-197.00,4.271,0.225,-0.184,1.1300,0.3270,-0.2670,296.296360,41.604561,17.777
7079,10480982,K00744.02,,FALSE POSITIVE,FALSE POSITIVE,0.0000,0,0,1,1,2.037464140,1.4720000e-05,-1.4720000e-05,131.5456700,5.740000e-03,-5.740000e-03,0.0080,0.4600,-0.0080,2.89500,0.23600,-0.23600,1.3880e+02,1.180e+01,-1.180e+01,1.12,3.600e-01,-1.200e-01,1474.0,,,1118.26,1090.07,-327.66,14.10,2,q1_q17_dr25_tce,6117.00,182.00,-200.00,4.496,0.052,-0.208,0.9470,0.3080,-0.0960,295.814540,47.690350,15.341
7080,6606934,K06028.01,,FALSE POSITIVE,FALSE POSITIVE,0.0000,0,1,0,0,37.806940720,2.5910000e-06,-2.5910000e-06,153.8409531,5.610000e-05,-5.610000e-05,1.1110,0.0970,-0.1300,3.84264,0.00293,-0.00293,1.0633e+05,4.650e+01,-4.650e+01,72.01,2.261e+01,-8.080e+00,617.0,,,34.14,31.42,-10.62,1571.80,1,q1_q17_dr25_tce,6387.00,172.00,-211.00,4.410,0.065,-0.208,1.1050,0.3470,-0.1240,292.071660,42.076382,14.898
7081,10964440,K01310.02,,CANDIDATE,CANDIDATE,0.9130,0,0,0,0,144.688915000,5.0600000e-03,-5.0600000e-03,256.3430000,1.730000e-02,-1.730000e-02,0.0870,0.3780,-0.0870,9.46800,0.62100,-0.62100,3.9710e+02,3.960e+01,-3.960e+01,3.33,4.800e-01,-8.300e-01,416.0,,,7.09,2.84,-3.29,11.60,2,q1_q17_dr25_tce,5372.00,88.00,-64.00,4.007,0.218,-0.087,1.7100,0.2490,-0.4270,285.662690,48.435371,14.569
7082,5385548,K06128.01,,FALSE POSITIVE,FALSE POSITIVE,0.0000,1,0,1,1,12.425550550,9.4170000e-05,-9.4170000e-05,141.5457000,7.180000e-03,-7.180000e-03,0.9730,0.0010,-0.0020,28.49200,0.45500,-0.45500,4.0900e+02,5.700e+00,-5.700e+00,3.79,1.060e+00,-1.070e+00,1027.0,,,262.42,212.71,-144.55,123.70,1,q1_q17_dr25_tce,6381.00,155.00,-214.00,4.155,0.246,-0.164,1.4230,0.4020,-0.4020,297.613530,40.584942,13.244
7083,5428657,K06130.01,,CANDIDATE,CANDIDATE,0.9990,0,0,0,0,1.542874340,3.6930000e-06,-3.6930000e-06,132.6169700,2.040000e-03,-2.040000e-03,0.0130,0.4350,-0.0130,1.11210,0.08350,-0.08350,4.0140e+02,2.500e+01,-2.500e+01,1.05,8.000e-02,-7.000e-02,1007.0,,,243.62,72.53,-58.55,20.70,1,q1_q17_dr25_tce,4530.00,139.00,-139.00,4.704,0.052,-0.032,0.5390,0.0390,-0.0390,284.441010,40.625000,15.121
7084,5471617,K06131.01,,FALSE POSITIVE,FALSE POSITIVE,,0,1,0,1,12.423732700,7.9740000e-04,-7.9740000e-04,133.9642000,5.790000e-02,-5.790000e-02,0.1320,0.3478,-0.1320,18.15000,1.90000,-1.90000,3.0100e+01,4.300e+00,-4.300e+00,1.12,8.800e-01,-7.200e-01,1057.0,,,294.63,746.39,-260.39,20.10,1,q1_q16_tce,5221.00,127.00,-116.00,3.720,0.821,-0.402,2.0670,1.6360,-1.3300,297.702700,40.686230,12.409
7085,5471617,K06131.02,,FALSE POSITIVE,FALSE POSITIVE,,1,0,0,0,94.381630000,1.1630000e-02,-1.1630000e-02,171.3362000,7.250000e-02,-7.250000e-02,0.5930,0.0552,-0.4628,11.87000,2.80000,-2.80000,9.1200e+01,1.630e+01,-1.630e+01,2.04,1.620e+00,-1.310e+00,537.0,,,19.72,49.95,-17.43,7.50,3,q1_q16_tce,5221.00,127.00,-116.00,3.720,0.821,-0.402,2.0670,1.6360,-1.3300,297.702700,40.686230,12.409
7086,5629353,K06132.01,,CANDIDATE,CANDIDATE,0.9960,0,0,0,0,33.320090800,5.4120000e-04,-5.4120000e-04,150.0494000,2.110000e-02,-2.110000e-02,0.0690,0.2530,-0.0690,6.52650,0.08430,-0.08430,6.1869e+03,7.740e+01,-7.740e+01,13.00,3.950e+00,-3.550e+00,750.0,,,74.79,67.39,-41.55,84.50,1,q1_q17_dr25_tce,6264.00,177.00,-265.00,4.133,0.200,-0.180,1.6510,0.5020,-0.4510,294.557890,40.850498,14.624
7087,5629353,K06132.02,Kepler-1640 b,CONFIRMED,CANDIDATE,1.0000,0,0,0,0,7.584424100,2.8540000e-04,-2.8540000e-04,137.8470000,4.970000e-02,-4.970000e-02,0.8150,0.0320,-0.5690,3.91800,0.12500,-0.12500,1.0050e+03,4.700e+01,-4.700e+01,5.83,1.780e+00,-1.590e+00,1228.0,,,537.40,484.24,-298.58,23.80,2,q1_q17_dr25_tce,6264.00,177.00,-265.00,4.133,0.200,-0.180,1.6510,0.5020,-0.4510,294.557890,40.850498,14.624
7088,10363233,K06222.01,,FALSE POSITIVE,FALSE POSITIVE,,1,0,1,0,210.899577000,5.9920000e-03,-5.9920000e-03,230.1954000,2.640000e-02,-2.640000e-02,0.3202,0.1361,-0.3201,2.16700,0.42800,-0.42800,3.3450e+03,4.770e+02,-4.770e+02,4.85,1.830e+00,-4.900e-01,268.0,,,1.22,1.49,-0.35,7.80,2,q1_q16_tce,5332.00,211.00,-164.00,4.500,0.066,-0.245,0.8430,0.3190,-0.0840,299.617070,47.406021,14.788
7089,10385682,K06223.01,,FALSE POSITIVE,FALSE POSITIVE,0.0000,0,1,0,0,3.103730697,1.1200000e-07,-1.1200000e-07,132.8744585,2.990000e-05,-2.990000e-05,0.5390,0.0020,-0.0030,6.93402,0.00173,-0.00173,3.6923e+05,8.640e+01,-8.640e+01,75.28,2.415e+01,-8.620e+00,1340.0,,,763.25,722.73,-243.77,5143.60,1,q1_q17_dr25_tce,6075.00,169.00,-211.00,4.422,0.070,-0.224,1.0910,0.3500,-0.1250,282.189640,47.523762,15.001
7090,10414727,K06224.01,,CANDIDATE,CANDIDATE,,0,0,0,0,91.205730370,,,210.1533987,,,,,,4.17000,,,,,,,,,,,,,,,,2,q1_q16_tce,,,,,,,,,,295.681920,47.591881,12.962
7091,10414727,K06224.02,,FALSE POSITIVE,FALSE POSITIVE,,1,0,0,0,253.405380000,1.4800000e-02,-1.4800000e-02,273.6514000,3.760000e-02,-3.760000e-02,0.3967,0.0460,-0.3967,7.43000,1.60000,-1.60000,2.4080e+02,4.960e+01,-4.960e+01,2.69,1.610e+00,-5.500e-01,443.0,,,9.13,17.19,-4.35,5.00,3,q1_q16_tce,7304.00,228.00,-341.00,4.151,0.120,-0.346,1.6900,1.0080,-0.3450,295.681920,47.591881,12.962
7092,10483644,K06225.01,,FALSE POSITIVE,FALSE POSITIVE,0.0000,0,1,0,0,5.110771787,9.4000000e-07,-9.4000000e-07,133.3153440,1.470000e-04,-1.470000e-04,0.8780,0.2140,-0.0330,2.48392,0.00863,-0.00863,5.0681e+04,1.560e+02,-1.560e+02,26.98,8.330e+00,-2.780e+00,1048.0,,,284.85,257.97,-81.92,394.00,1,q1_q17_dr25_tce,6029.00,163.00,-181.00,4.523,0.052,-0.208,0.8940,0.2760,-0.0920,296.681700,47.600342,13.985
7093,4736569,K01996.02,,CANDIDATE,CANDIDATE,0.9500,0,0,0,0,7.073945280,6.3580000e-05,-6.3580000e-05,136.6437100,7.910000e-03,-7.910000e-03,0.2770,0.1760,-0.2770,2.31900,0.17200,-0.17200,2.2830e+02,2.680e+01,-2.680e+01,0.84,6.000e-02,-5.000e-02,647.0,,,41.43,12.76,-10.20,9.50,2,q1_q17_dr25_tce,4777.00,167.00,-167.00,4.689,0.048,-0.032,0.5610,0.0380,-0.0380,288.668910,39.824009,15.629
7094,10601549,K06226.01,,FALSE POSITIVE,FALSE POSITIVE,0.0000,1,0,0,0,1.463773705,7.2100000e-07,-7.2100000e-07,132.8075890,4.060000e-04,-4.060000e-04,0.8380,6.4290,-0.0810,1.91230,0.02880,-0.02880,6.4776e+04,6.200e+02,-6.200e+02,21.79,2.050e+00,-1.830e+00,1329.0,,,739.19,256.13,-189.33,119.70,1,q1_q17_dr25_tce,5446.00,162.00,-162.00,4.599,0.077,-0.056,0.6680,0.0630,-0.0560,292.479430,47.834610,13.318
7095,10614158,K06227.01,,FALSE POSITIVE,FALSE POSITIVE,0.0000,1,0,0,0,4.462553120,3.9050000e-05,-3.9050000e-05,133.6497700,8.510000e-03,-8.510000e-03,0.0040,0.1020,-0.0040,14.09570,0.07070,-0.07070,2.2720e+04,1.830e+02,-1.830e+02,52.74,2.974e+01,-1.602e+01,1795.0,,,2458.34,4318.08,-1370.94,140.90,1,q1_q17_dr25_tce,4847.00,147.00,-110.00,3.277,0.325,-0.325,3.6190,2.0410,-1.0990,296.975220,47.886551,14.673
7096,8505215,K00099.02,,FALSE POSITIVE,FALSE POSITIVE,,1,0,0,0,79.878049450,,,184.7704412,,,,,,3.19000,,,,,,,,,,,,,,,,1,q1_q16_tce,,,,,,,,,,295.434330,44.531120,12.960
7097,10662202,K00750.03,,CANDIDATE,CANDIDATE,0.9290,0,0,0,0,14.516741000,1.5640000e-04,-1.5640000e-04,138.8379900,8.780000e-03,-8.780000e-03,0.8510,0.1010,-0.6430,2.70600,0.24300,-0.24300,2.2720e+02,2.510e+01,-2.510e+01,1.45,6.000e-02,-1.100e-01,606.0,,,31.80,4.75,-6.48,10.10,3,q1_q17_dr25_tce,4954.00,79.00,-79.00,4.500,0.075,-0.020,0.8280,0.0320,-0.0650,290.465120,47.929180,15.377
7098,9008103,K03283.02,,CANDIDATE,CANDIDATE,0.9890,0,0,0,0,20.571810700,2.1750000e-04,-2.1750000e-04,142.8026700,8.320000e-03,-8.320000e-03,0.1230,0.3380,-0.1230,3.39900,0.27200,-0.27200,3.7900e+02,3.350e+01,-3.350e+01,1.34,1.400e-01,-1.000e-01,498.0,,,14.51,5.57,-3.24,13.00,1,q1_q17_dr25_tce,4922.00,148.00,-133.00,4.624,0.025,-0.065,0.7080,0.0770,-0.0490,286.089080,45.369011,15.322
7099,6614926,K06029.01,,FALSE POSITIVE,FALSE POSITIVE,0.0190,0,1,0,0,3.026764871,2.6300000e-07,-2.6300000e-07,133.3279059,6.940000e-05,-6.940000e-05,0.1980,0.0660,-0.0170,4.32532,0.00322,-0.00322,6.6720e+04,5.380e+01,-5.380e+01,26.36,7.810e+00,-2.790e+00,1360.0,,,810.38,685.56,-243.47,1561.20,1,q1_q17_dr25_tce,6283.00,150.00,-206.00,4.459,0.052,-0.208,1.0100,0.2990,-0.1070,294.331390,42.093979,14.044
7100,6628237,K06030.01,,FALSE POSITIVE,FALSE POSITIVE,0.0010,0,1,0,0,3.840130917,1.1860000e-06,-1.1860000e-06,135.1397650,2.590000e-04,-2.590000e-04,0.8720,0.9870,-0.0550,2.89510,0.02330,-0.02330,6.0401e+04,2.760e+02,-2.760e+02,33.44,9.950e+00,-4.990e+00,1205.0,,,498.48,434.89,-183.04,275.60,1,q1_q17_dr25_tce,5931.00,160.00,-196.00,4.418,0.101,-0.188,1.0120,0.3010,-0.1510,297.471040,42.087898,14.479
7101,6934587,K06032.01,,FALSE POSITIVE,FALSE POSITIVE,0.0000,0,1,0,0,1.570919281,4.7400000e-07,-4.7400000e-07,132.4736200,2.550000e-04,-2.550000e-04,1.0830,0.1000,-0.0830,3.22320,0.01410,-0.01410,6.5124e+04,2.380e+02,-2.380e+02,59.12,1.846e+01,-9.920e+00,1797.0,,,2473.29,2346.12,-1008.02,316.90,1,q1_q17_dr25_tce,6192.00,194.00,-237.00,4.326,0.128,-0.208,1.1620,0.3630,-0.1950,286.997650,42.465160,13.406
7102,7219906,K06033.01,,FALSE POSITIVE,FALSE POSITIVE,0.0000,0,1,1,0,35.089769020,2.4190000e-05,-2.4190000e-05,153.3967020,5.700000e-04,-5.700000e-04,1.2640,1.1710,-0.1600,3.96230,0.02770,-0.02770,5.7546e+03,4.010e+01,-4.010e+01,33.10,8.610e+00,-2.860e+00,501.0,,,14.95,11.47,-3.91,170.80,1,q1_q17_dr25_tce,5603.00,152.00,-169.00,4.556,0.031,-0.178,0.8460,0.2200,-0.0730,297.014590,42.789169,14.266
7103,7257373,K06034.01,,FALSE POSITIVE,FALSE POSITIVE,0.0000,0,1,0,0,5.233450136,2.8600000e-07,-2.8600000e-07,133.1261573,4.370000e-05,-4.370000e-05,0.4570,0.0030,-0.0020,8.57374,0.00258,-0.00258,4.3042e+05,1.180e+02,-1.180e+02,70.33,2.095e+01,-7.490e+00,1050.0,,,287.60,253.58,-88.55,3921.80,1,q1_q17_dr25_tce,5841.00,164.00,-205.00,4.454,0.067,-0.202,0.9770,0.2910,-0.1040,282.053280,42.864952,13.424
7104,7295570,K06035.01,,FALSE POSITIVE,FALSE POSITIVE,0.0000,0,1,0,0,3.603701100,1.3930000e-04,-1.3930000e-04,131.6711000,4.990000e-02,-4.990000e-02,1.2250,6.8300,-0.4820,2.99400,0.11100,-0.11100,1.6112e+04,5.680e+02,-5.680e+02,66.94,1.995e+01,-2.990e+01,1464.0,,,1089.00,1024.86,-793.83,33.40,1,q1_q17_dr25_tce,5633.00,203.00,-169.00,4.016,0.495,-0.165,1.5470,0.4610,-0.6910,295.657990,42.801239,14.492
7105,7362852,K06036.01,,FALSE POSITIVE,FALSE POSITIVE,0.0000,0,1,0,0,3.518356021,2.0800000e-07,-2.0800000e-07,131.8005089,4.930000e-05,-4.930000e-05,0.5930,0.0060,-0.0130,6.90375,0.00218,-0.00218,3.1675e+05,8.300e+01,-8.300e+01,64.49,1.858e+01,-7.960e+00,1266.0,,,606.41,518.34,-202.81,3217.60,1,q1_q17_dr25_tce,6201.00,175.00,-219.00,4.472,0.052,-0.195,0.9890,0.2850,-0.1220,291.809660,42.981609,15.168
7106,5629353,K06132.03,,CANDIDATE,CANDIDATE,0.9980,0,0,0,0,11.867172000,9.2870000e-04,-9.2870000e-04,142.9850000,1.040000e-01,-1.040000e-01,0.0010,0.4470,-0.0010,4.81500,0.25200,-0.25200,5.9560e+02,4.850e+01,-4.850e+01,4.03,1.230e+00,-1.100e+00,1058.0,,,296.23,266.93,-164.58,13.40,3,q1_q17_dr25_tce,6264.00,177.00,-265.00,4.133,0.200,-0.180,1.6510,0.5020,-0.4510,294.557890,40.850498,14.624
7107,5641294,K06133.01,,FALSE POSITIVE,FALSE POSITIVE,,0,1,0,0,2.616094300,2.2030000e-04,-2.2030000e-04,132.5162000,4.650000e-02,-4.650000e-02,0.6458,0.3318,-0.4113,21.34000,4.00000,-4.00000,2.9300e+01,3.100e+00,-3.100e+00,0.81,4.600e-01,-1.700e-01,1744.0,,,2188.14,3803.54,-1028.47,5.60,2,q1_q16_tce,6645.00,170.00,-278.00,4.232,0.137,-0.321,1.4200,0.8140,-0.2940,297.315430,40.874981,12.754
7108,5738698,K06134.01,,FALSE POSITIVE,FALSE POSITIVE,0.0000,0,1,0,0,2.404386969,5.5000000e-08,-5.5000000e-08,133.2105484,1.890000e-05,-1.890000e-05,0.6130,0.0020,-0.0020,7.40348,0.00058,-0.00058,3.1317e+05,8.640e+01,-8.640e+01,79.72,2.246e+01,-1.496e+01,1670.0,,,1838.11,1462.17,-753.15,8577.40,1,q1_q17_dr25_tce,6466.00,145.00,-178.00,4.278,0.165,-0.182,1.2100,0.3410,-0.2270,299.719790,40.903961,11.941
7109,5768927,K06135.01,,FALSE POSITIVE,FALSE POSITIVE,0.0210,0,1,0,0,4.390513938,1.3040000e-06,-1.3040000e-06,132.5507610,2.420000e-04,-2.420000e-04,0.8790,0.4970,-0.0430,2.94720,0.01570,-0.01570,4.6829e+04,2.080e+02,-2.080e+02,41.83,1.213e+01,-1.335e+01,1401.0,,,910.71,776.72,-537.08,290.70,1,q1_q17_dr25_tce,6081.00,165.00,-183.00,4.133,0.286,-0.154,1.4540,0.4220,-0.4640,283.261720,41.084480,13.209
7110,5814635,K06136.01,,FALSE POSITIVE,FALSE POSITIVE,0.0000,1,0,0,0,3.869638220,,,131.6242000,,,,,,2.29000,,,,,,,,,,,,3728.91,8476.49,-1338.71,,1,q1_q17_dr25_tce,,,,,,,,,,297.834930,41.058319,11.399
7111,5816144,K06137.02,,FALSE POSITIVE,FALSE POSITIVE,0.0000,0,0,1,0,7.384681000,1.0030000e-04,-1.0030000e-04,132.1721000,1.120000e-02,-1.120000e-02,0.0680,0.3830,-0.0680,3.54800,0.27900,-0.27900,1.4280e+02,1.530e+01,-1.530e+01,1.22,4.200e-01,-1.400e-01,1000.0,,,236.56,242.75,-73.97,10.60,2,q1_q17_dr25_tce,6174.00,185.00,-203.00,4.445,0.070,-0.224,1.0210,0.3490,-0.1160,298.194120,41.029331,14.191
7112,10717220,K06228.01,Kepler-1644 b,CONFIRMED,CANDIDATE,1.0000,0,0,0,0,21.090790900,1.4670000e-04,-1.4670000e-04,133.9631600,5.810000e-03,-5.810000e-03,0.8320,0.0220,-0.5740,4.75100,0.15900,-0.15900,4.1760e+02,2.410e+01,-2.410e+01,1.88,4.800e-01,-1.600e-01,606.0,,,31.86,23.55,-8.17,19.70,1,q1_q17_dr25_tce,5723.00,154.00,-154.00,4.546,0.055,-0.165,0.8180,0.2050,-0.0730,285.475040,48.034931,14.223
7113,10728219,K06229.01,,FALSE POSITIVE,FALSE POSITIVE,0.0000,0,1,0,0,3.371796653,6.8200000e-07,-6.8200000e-07,134.8762890,1.830000e-04,-1.830000e-04,3.2190,0.2480,-0.7430,3.44210,0.01850,-0.01850,3.6690e+05,8.320e+02,-8.320e+02,306.28,7.523e+01,-4.064e+01,1155.0,,,419.47,313.32,-136.73,560.20,1,q1_q17_dr25_tce,5615.00,169.00,-152.00,4.455,0.094,-0.175,0.9120,0.2240,-0.1210,290.660580,48.046150,15.909
7114,10735988,K06230.01,,CANDIDATE,CANDIDATE,0.6440,0,1,0,0,1.927177921,7.8300000e-07,-7.8300000e-07,132.5714740,3.440000e-04,-3.440000e-04,0.3990,0.0610,-0.0090,2.77420,0.02940,-0.02940,1.3614e+05,8.750e+02,-8.750e+02,28.94,3.290e+00,-3.290e+00,1219.0,,,523.16,213.86,-154.17,204.70,1,q1_q17_dr25_tce,5193.00,168.00,-138.00,4.525,0.080,-0.064,0.7740,0.0880,-0.0880,293.740110,48.011501,15.706
7115,8112324,K07867.01,,FALSE POSITIVE,FALSE POSITIVE,0.0000,0,1,0,0,0.575925434,1.1800000e-07,-1.1800000e-07,131.9245800,1.730000e-04,-1.730000e-04,0.9050,0.0360,-0.0430,2.46760,0.01280,-0.01280,1.3740e+05,4.900e+02,-4.900e+02,38.24,4.420e+00,-3.190e+00,1834.0,,,2666.70,1114.99,-683.75,354.40,2,q1_q17_dr25_tce,5461.00,181.00,-164.00,4.586,0.082,-0.067,0.6830,0.0790,-0.0570,296.647640,43.995041,14.563
7116,10971944,K06231.01,,FALSE POSITIVE,FALSE POSITIVE,,1,0,0,0,496.175660000,4.1990000e-02,-4.1990000e-02,174.0663000,3.520000e-02,-3.520000e-02,0.4188,0.0557,-0.4183,11.63000,2.30000,-2.30000,2.9300e+02,4.060e+01,-4.060e+01,3.46,1.300e+00,-1.240e+00,358.0,,,3.88,4.27,-2.52,11.30,2,q1_q16_tce,6643.00,184.00,-252.00,3.946,0.302,-0.192,1.9760,0.7370,-0.7110,289.909670,48.489231,13.515
7117,10973583,K06232.01,,FALSE POSITIVE,FALSE POSITIVE,0.0000,0,1,0,0,6.256352128,3.9670000e-06,-3.9670000e-06,133.5431810,5.420000e-04,-5.420000e-04,1.2690,6.1590,-0.1690,2.35120,0.02580,-0.02580,3.2893e+03,3.120e+01,-3.120e+01,30.76,8.680e+00,-2.910e+00,918.0,,,167.92,139.06,-45.93,120.40,1,q1_q17_dr25_tce,5772.00,155.00,-172.00,4.549,0.046,-0.184,0.8360,0.2360,-0.0790,290.798800,48.483929,15.798
7118,11099351,K06234.01,,FALSE POSITIVE,FALSE POSITIVE,0.0000,0,1,0,0,2.377955070,6.9200000e-07,-6.9200000e-07,132.5573330,2.310000e-04,-2.310000e-04,1.2980,1.3160,-0.1060,2.43290,0.01300,-0.01300,4.3911e+03,1.890e+01,-1.890e+01,92.61,3.407e+01,-2.787e+01,2965.0,,,18261.57,20432.30,-10792.03,257.50,1,q1_q17_dr25_tce,9565.00,302.00,-416.00,4.088,0.171,-0.209,2.2860,0.8410,-0.6880,298.277370,48.640820,11.639
7119,11147460,K06235.01,,FALSE POSITIVE,FALSE POSITIVE,0.0000,0,1,0,0,2.053866175,7.8600000e-07,-7.8600000e-07,132.9440620,3.130000e-04,-3.130000e-04,1.2650,0.1820,-0.0950,4.80450,0.01630,-0.01630,5.0213e+03,1.570e+01,-1.570e+01,158.25,7.272e+01,-4.849e+01,2528.0,,,9631.57,13028.40,-5402.76,380.50,1,q1_q17_dr25_tce,5051.00,127.00,-114.00,3.220,0.330,-0.270,4.0890,1.8790,-1.2530,296.205020,48.766811,13.912
7120,10662202,K00750.04,,FALSE POSITIVE,FALSE POSITIVE,,1,0,0,0,36.552131300,7.0780000e-04,-7.0780000e-04,165.0716000,1.490000e-02,-1.490000e-02,0.4969,0.4653,-0.3028,2.48100,0.38900,-0.38900,2.8290e+02,4.340e+01,-4.340e+01,0.90,5.000e-02,-6.000e-02,361.0,,,4.03,0.94,-0.95,7.70,3,q1_q16_tce,4722.00,131.00,-144.00,4.723,0.053,-0.026,0.5270,0.0270,-0.0370,290.465120,47.929180,15.377
7121,11607193,K00983.02,,FALSE POSITIVE,FALSE POSITIVE,0.0000,0,1,1,0,5.177577252,,,132.9009561,,,1.3410,,,2.47770,,,1.3254e+03,,,73.82,2.240e+01,-1.381e+01,1671.0,,,1846.90,1653.75,-832.10,23.60,1,q1_q17_dr25_tce,7429.00,206.00,-335.00,4.143,0.105,-0.195,1.7960,0.5450,-0.3360,289.874110,49.685490,12.616
7122,4247991,K02311.03,Kepler-1185 b,CONFIRMED,CANDIDATE,0.9760,0,0,0,0,104.351962400,6.9730000e-04,-6.9730000e-04,190.1026100,5.250000e-03,-5.250000e-03,0.5320,0.0230,-0.4610,3.69500,0.14100,-0.14100,2.4380e+02,1.630e+01,-1.630e+01,1.39,2.000e-01,-6.000e-02,355.0,,,3.74,1.54,-0.59,15.80,1,q1_q17_dr25_tce,5650.00,112.00,-112.00,4.546,0.021,-0.119,0.8700,0.1240,-0.0390,287.241180,39.332760,12.570
7123,11968463,K02433.06,,CANDIDATE,CANDIDATE,,0,0,0,0,6.063302980,5.5640000e-05,-5.5640000e-05,136.1760700,7.690000e-03,-7.690000e-03,0.0214,0.4317,-0.0213,3.27500,0.19600,-0.19600,2.0070e+02,1.680e+01,-1.680e+01,1.64,9.500e-01,-2.000e-01,1153.0,,,418.40,751.96,-145.12,13.10,6,q1_q17_dr24_tce,6308.00,178.00,-246.00,4.353,0.088,-0.323,1.1530,0.6710,-0.1440,294.338470,50.336540,15.212
7124,11968463,K02433.07,,FALSE POSITIVE,FALSE POSITIVE,0.0000,1,0,0,0,86.431871000,1.7190000e-03,-1.7190000e-03,423.0356000,1.500000e-02,-1.500000e-02,0.9500,0.0110,-0.6460,7.37400,0.41400,-0.41400,4.1510e+02,4.000e+01,-4.000e+01,2.85,9.900e-01,-3.300e-01,464.0,,,10.97,11.28,-3.73,11.20,6,q1_q17_dr25_tce,6325.00,174.00,-261.00,4.409,0.058,-0.218,1.1120,0.3880,-0.1290,294.338470,50.336540,15.212
7125,11074835,K02533.03,,CANDIDATE,CANDIDATE,,0,0,0,0,26.115288700,9.8690000e-04,-9.8690000e-04,145.5641000,3.050000e-02,-3.050000e-02,0.1382,0.3270,-0.1381,12.54000,1.10000,-1.10000,7.0000e+01,7.200e+00,-7.200e+00,2.38,1.140e+00,-7.600e-01,898.0,,,153.98,217.07,-91.92,10.60,2,q1_q16_tce,5190.00,135.00,-165.00,3.630,0.274,-0.318,2.9120,1.3820,-0.9400,286.715640,48.645279,13.274
7126,8042747,K07861.01,,FALSE POSITIVE,FALSE POSITIVE,0.0000,1,0,0,0,469.523030000,9.5310000e-03,-9.5310000e-03,381.4073000,1.460000e-02,-1.460000e-02,0.7330,0.0050,-0.5450,5.48700,0.56500,-0.56500,3.5570e+02,4.160e+01,-4.160e+01,2.10,7.100e-01,-2.300e-01,252.0,,,0.95,0.94,-0.30,10.50,1,q1_q17_dr25_tce,6197.00,172.00,-216.00,4.449,0.056,-0.224,1.0350,0.3490,-0.1160,296.389040,43.850510,14.091
7127,7373877,K06037.01,,FALSE POSITIVE,FALSE POSITIVE,0.0000,0,1,1,0,32.669962587,,,159.4801924,,,0.1800,,,3.58100,,,3.6540e+02,,,1.37,1.300e-01,-9.000e-02,428.0,,,7.96,2.71,-1.82,6.20,1,q1_q17_dr25_tce,4871.00,145.00,-145.00,4.606,0.027,-0.059,0.7410,0.0680,-0.0500,295.030330,42.983501,15.536
7128,5792202,K00841.04,,FALSE POSITIVE,FALSE POSITIVE,0.0000,1,0,0,0,269.306232000,7.2510000e-03,-7.2510000e-03,285.6272000,1.600000e-02,-1.600000e-02,1.2190,69.5500,-1.0870,14.93100,0.97800,-0.97800,1.7080e+03,1.090e+02,-1.090e+02,24.00,2.350e+00,-8.500e-01,235.0,,,0.72,0.21,-0.11,18.10,4,q1_q17_dr25_tce,5251.00,105.00,-105.00,4.581,0.010,-0.085,0.8170,0.0800,-0.0290,292.236760,41.085880,15.855
7129,7436177,K06038.01,,FALSE POSITIVE,FALSE POSITIVE,0.0000,0,1,0,0,19.933647110,1.9390000e-05,-1.9390000e-05,143.9404100,1.190000e-03,-1.190000e-03,0.8520,0.0300,-0.0270,8.61220,0.00590,-0.00590,1.7483e+05,1.080e+02,-1.080e+02,75.88,2.194e+01,-1.647e+01,848.0,,,122.24,104.48,-58.18,1863.40,1,q1_q17_dr25_tce,6505.00,181.00,-250.00,4.250,0.153,-0.187,1.2900,0.3730,-0.2800,289.110960,43.013641,14.575
7130,7537945,K06039.01,,FALSE POSITIVE,FALSE POSITIVE,0.0000,0,1,1,0,1.071911311,3.0500000e-07,-3.0500000e-07,131.6075290,2.300000e-04,-2.300000e-04,1.2720,0.0480,-0.0550,3.85590,0.01410,-0.01410,9.8178e+03,2.950e+01,-2.950e+01,40.32,1.046e+01,-7.000e+00,1809.0,,,2534.86,1991.46,-1002.89,397.60,1,q1_q17_dr25_tce,5885.00,177.00,-177.00,4.413,0.144,-0.176,0.9330,0.2420,-0.1620,294.678040,43.199261,15.083
7131,7624297,K06040.01,,FALSE POSITIVE,FALSE POSITIVE,0.0000,0,1,0,0,18.019651402,7.9000000e-07,-7.9000000e-07,148.6673673,3.630000e-05,-3.630000e-05,0.6750,0.0100,-0.0090,5.08572,0.00156,-0.00156,1.7700e+05,7.190e+01,-7.190e+01,31.77,4.530e+00,-1.930e+00,544.0,,,20.70,9.69,-4.31,3373.30,1,q1_q17_dr25_tce,5278.00,157.00,-141.00,4.658,0.033,-0.083,0.6590,0.0940,-0.0400,296.459990,43.285530,14.928
7132,8109692,K07864.01,,FALSE POSITIVE,FALSE POSITIVE,0.0000,1,0,1,0,117.934158000,4.9530000e-03,-4.9530000e-03,197.8657000,3.880000e-02,-3.880000e-02,0.6580,0.3200,-0.4290,9.25000,1.40000,-1.40000,1.8750e+02,1.730e+01,-1.730e+01,3.76,7.000e-01,-1.400e+00,648.0,,,41.73,23.67,-27.42,12.90,1,q1_q17_dr25_tce,6790.00,184.00,-225.00,3.822,0.292,-0.097,2.5970,0.4850,-0.9700,295.869080,43.997959,13.232
7133,7695093,K06041.01,,FALSE POSITIVE,FALSE POSITIVE,0.0000,0,1,0,0,4.032762189,3.2300000e-07,-3.2300000e-07,133.3016604,6.580000e-05,-6.580000e-05,0.5990,0.0050,-0.0030,4.14212,0.00279,-0.00279,1.1935e+05,1.130e+02,-1.130e+02,35.22,1.018e+01,-5.090e+00,1173.0,,,447.97,380.06,-154.12,1520.00,1,q1_q17_dr25_tce,5960.00,161.00,-161.00,4.438,0.098,-0.196,0.9620,0.2780,-0.1390,295.808500,43.303108,13.861
7134,7749318,K06042.01,,FALSE POSITIVE,FALSE POSITIVE,0.0000,0,1,0,0,2.371589507,6.3100000e-07,-6.3100000e-07,132.7432930,2.200000e-04,-2.200000e-04,1.6530,0.2560,-0.3710,3.51160,0.02850,-0.02850,2.3510e+05,8.050e+02,-8.050e+02,88.22,9.840e+00,-3.960e+00,1043.0,,,278.90,109.12,-51.02,386.00,1,q1_q17_dr25_tce,5340.00,161.00,-145.00,4.715,0.015,-0.085,0.6010,0.0670,-0.0270,290.496830,43.490910,14.528
7135,7777397,K06043.01,,FALSE POSITIVE,FALSE POSITIVE,0.0000,0,1,1,1,5.091121240,3.8310000e-05,-3.8310000e-05,135.1794500,6.600000e-03,-6.600000e-03,0.2240,0.2410,-0.2240,2.15900,0.23600,-0.23600,1.1510e+02,1.250e+01,-1.250e+01,3.58,4.500e-01,-1.330e+00,2044.0,,,4131.88,1779.36,-2719.93,11.40,1,q1_q17_dr25_tce,6705.00,212.00,-236.00,3.629,0.296,-0.056,3.2930,0.4080,-1.2250,298.843020,43.402031,11.585
7136,5817566,K06138.01,,FALSE POSITIVE,FALSE POSITIVE,0.0010,0,1,0,0,4.206070484,2.5350000e-06,-2.5350000e-06,132.2484230,5.000000e-04,-5.000000e-04,0.9490,0.0490,-0.0480,10.69880,0.02730,-0.02730,1.1981e+05,2.750e+02,-2.750e+02,172.66,4.277e+01,-7.942e+01,2547.0,,,9955.22,7345.63,-7507.45,508.00,1,q1_q17_dr25_tce,8212.00,229.00,-343.00,3.736,0.432,-0.108,3.1850,0.7890,-1.4650,298.476040,41.079910,11.684
7137,6032730,K06141.01,,CANDIDATE,CANDIDATE,,0,0,0,0,96.509214000,1.0840000e-03,-1.0840000e-03,223.8080000,8.440000e-03,-8.440000e-03,3.6303,44.3300,-2.4790,0.58900,0.22900,-0.22900,1.5280e+03,3.890e+02,-3.890e+02,860.30,2.218e+02,-2.742e+02,787.0,,,90.63,71.08,-55.32,3.80,3,q1_q16_tce,7343.00,224.00,-314.00,3.751,0.269,-0.133,2.9550,0.7620,-0.9420,288.592900,41.307339,8.655
7138,6116172,K06142.01,,FALSE POSITIVE,FALSE POSITIVE,,1,0,0,0,69.646793110,,,138.2830560,,,,,,3.71000,,,,,,,,,,,,,,,,3,q1_q16_tce,,,,,,,,,,289.481450,41.499420,13.735
7139,6116172,K06142.02,,FALSE POSITIVE,FALSE POSITIVE,,1,0,0,0,111.655460000,6.7370000e-04,-6.7370000e-04,148.8939000,5.380000e-03,-5.380000e-03,11.3832,2.7140,-10.4000,1.05100,0.36900,-0.36900,2.8870e+03,6.890e+02,-6.890e+02,2121.00,1.289e+03,-4.668e+02,579.0,,,26.58,50.57,-13.25,7.00,4,q1_q16_tce,6967.00,205.00,-328.00,4.086,0.141,-0.350,1.8630,1.1320,-0.4100,289.481450,41.499420,13.735
7140,6116172,K06142.03,,FALSE POSITIVE,FALSE POSITIVE,,1,0,1,0,86.132018640,,,164.2236993,,,,,,3.11000,,,,,,,,,,,,,,,,5,q1_q16_tce,,,,,,,,,,289.481450,41.499420,13.735
7141,4150539,K01330.02,,FALSE POSITIVE,FALSE POSITIVE,0.0000,0,0,1,1,94.219289000,1.5480000e-03,-1.5480000e-03,196.1952000,1.270000e-02,-1.270000e-02,0.1730,0.3120,-0.1730,24.31200,0.47600,-0.47600,1.0259e+03,2.860e+01,-2.860e+01,2.15,1.500e-01,-1.900e-01,285.0,,,1.57,0.46,-0.40,37.60,3,q1_q17_dr25_tce,4641.00,139.00,-125.00,4.589,0.054,-0.027,0.6940,0.0500,-0.0610,289.726100,39.272831,15.703
7142,9839821,K02012.02,,CANDIDATE,CANDIDATE,0.8770,0,0,0,0,180.921729000,2.8260000e-03,-2.8260000e-03,234.3344000,1.330000e-02,-1.330000e-02,0.0250,0.4200,-0.0250,8.99000,0.37700,-0.37700,7.4240e+02,5.040e+01,-5.040e+01,2.30,5.400e-01,-1.900e-01,302.0,,,1.96,1.32,-0.49,16.20,2,q1_q17_dr25_tce,5818.00,139.00,-157.00,4.554,0.042,-0.168,0.8480,0.1990,-0.0710,295.342710,46.602261,14.876
7143,11252617,K06236.01,,FALSE POSITIVE,FALSE POSITIVE,0.0000,0,1,0,0,4.478116695,1.2600000e-07,-1.2600000e-07,132.8719936,2.320000e-05,-2.320000e-05,0.6220,0.0010,-0.0010,3.35700,0.00151,-0.00151,1.1798e+05,5.270e+01,-5.270e+01,38.85,1.175e+01,-4.700e+00,1218.0,,,521.12,461.59,-172.94,3665.40,1,q1_q17_dr25_tce,6304.00,169.00,-225.00,4.435,0.065,-0.195,1.0580,0.3200,-0.1280,295.691380,48.903770,15.534
7144,8245108,K07876.01,,FALSE POSITIVE,FALSE POSITIVE,0.0000,1,0,1,1,0.579108481,8.4100000e-06,-8.4100000e-06,131.7753000,1.360000e-02,-1.360000e-02,0.4240,0.0440,-0.4240,1.65900,0.31400,-0.31400,6.8400e+01,9.900e+00,-9.900e+00,0.42,3.000e-02,-3.000e-02,1377.0,,,849.52,216.37,-204.15,9.30,1,q1_q17_dr25_tce,4604.00,138.00,-152.00,4.749,0.048,-0.024,0.5010,0.0280,-0.0340,295.814850,44.193340,15.815
7145,11252617,K06236.02,,FALSE POSITIVE,FALSE POSITIVE,0.0010,0,0,1,0,1.276208990,1.3180000e-05,-1.3180000e-05,131.6866000,1.020000e-02,-1.020000e-02,0.2760,0.1850,-0.2760,2.16900,0.24600,-0.24600,1.8620e+02,1.850e+01,-1.850e+01,1.46,4.400e-01,-1.800e-01,1851.0,,,2769.80,2453.35,-919.23,11.40,3,q1_q17_dr25_tce,6304.00,169.00,-225.00,4.435,0.065,-0.195,1.0580,0.3200,-0.1280,295.691380,48.903770,15.534
7146,11296437,K06237.01,,FALSE POSITIVE,FALSE POSITIVE,,1,0,0,0,528.503440000,1.2650000e-02,-1.2650000e-02,209.8264000,1.330000e-02,-1.330000e-02,0.0094,0.4485,-0.0091,6.39400,0.62600,-0.62600,1.3380e+02,1.400e+01,-1.400e+01,2.20,1.250e+00,-4.900e-01,354.0,,,3.73,6.46,-1.78,11.70,2,q1_q16_tce,7102.00,187.00,-253.00,4.068,0.148,-0.323,1.8740,1.0680,-0.4170,291.573120,49.097771,11.741
7147,11296437,K06237.02,,FALSE POSITIVE,FALSE POSITIVE,,1,0,0,0,47.144047830,,,172.8557680,,,,,,4.35000,,,,,,,,,,,,,,,,3,q1_q16_tce,,,,,,,,,,291.573120,49.097771,11.741
7148,11341164,K06238.01,,CANDIDATE,CANDIDATE,,0,0,0,0,197.054315740,,,266.1346771,,,,,,6.38000,,,,,,,,,,,,,,,,3,q1_q16_tce,,,,,,,,,,286.728970,49.154945,12.366
7149,11462969,K06239.01,,CANDIDATE,CANDIDATE,,0,0,0,0,406.496216000,7.6380000e-03,-7.6380000e-03,325.9025000,1.740000e-02,-1.740000e-02,0.5052,0.0318,-0.4452,3.49500,0.60700,-0.60700,3.8020e+02,5.860e+01,-5.860e+01,1.77,7.600e-01,-1.500e-01,236.0,,,0.73,0.93,-0.18,6.90,1,q1_q16_tce,5847.00,151.00,-159.00,4.525,0.035,-0.303,0.8840,0.3830,-0.0730,295.566830,49.378029,13.893
7150,11462969,K06239.02,,FALSE POSITIVE,FALSE POSITIVE,,1,0,0,0,491.615168140,,,295.3512988,,,,,,6.31000,,,,,,,,,,,,,,,,2,q1_q16_tce,,,,,,,,,,295.566830,49.378029,13.893
7151,7841986,K06045.01,,FALSE POSITIVE,FALSE POSITIVE,0.0000,1,0,1,0,10.733707370,1.0560000e-05,-1.0560000e-05,141.1117600,8.150000e-04,-8.150000e-04,0.8950,0.0030,-0.0030,7.67060,0.04670,-0.04670,6.1553e+03,3.490e+01,-3.490e+01,18.70,3.730e+00,-8.100e+00,1171.0,,,444.77,277.54,-320.24,239.50,1,q1_q17_dr25_tce,5971.00,183.00,-201.00,3.914,0.448,-0.112,2.0030,0.4000,-0.8680,297.739810,43.510319,13.602
7152,7914906,K06047.01,,FALSE POSITIVE,FALSE POSITIVE,0.0000,0,1,0,0,8.752913958,2.7970000e-06,-2.7970000e-06,138.7249330,2.600000e-04,-2.600000e-04,1.1240,0.8350,-0.1830,3.45460,0.01830,-0.01830,4.1770e+04,1.550e+02,-1.550e+02,119.91,2.427e+01,-4.848e+01,1635.0,,,1689.12,1070.49,-1190.46,326.10,1,q1_q17_dr25_tce,7279.00,226.00,-327.00,3.856,0.315,-0.135,2.6240,0.5310,-1.0610,298.816470,43.673321,11.961
7153,5792202,K00841.05,,FALSE POSITIVE,FALSE POSITIVE,0.0000,1,0,0,0,499.473380000,1.1870000e-02,-1.1870000e-02,455.5672000,1.360000e-02,-1.360000e-02,0.7930,0.1590,-0.5600,12.24800,0.57500,-0.57500,1.6620e+03,1.120e+02,-1.120e+02,3.71,3.600e-01,-1.400e-01,191.0,,,0.31,0.10,-0.04,15.70,5,q1_q17_dr25_tce,5251.00,105.00,-105.00,4.581,0.010,-0.085,0.8170,0.0800,-0.0290,292.236760,41.085880,15.855
7154,8019043,K06048.01,,FALSE POSITIVE,FALSE POSITIVE,0.0000,0,1,0,0,1.985586627,9.5000000e-08,-9.5000000e-08,132.9336782,3.950000e-05,-3.950000e-05,0.8040,0.0070,-0.0090,2.53163,0.00387,-0.00387,7.2584e+04,7.120e+01,-7.120e+01,105.22,1.409e+01,-3.948e+01,2796.0,,,14480.75,6236.12,-9416.55,1594.10,1,q1_q17_dr25_tce,6651.00,180.00,-180.00,3.600,0.330,-0.110,3.2190,0.4310,-1.2080,288.087490,43.876141,11.427
7155,8023317,K06049.01,,FALSE POSITIVE,FALSE POSITIVE,0.0000,0,1,0,0,16.579028045,8.2930000e-06,-8.2930000e-06,146.7330980,4.150000e-04,-4.150000e-04,0.7450,0.0030,-0.0020,7.80300,0.01390,-0.01390,3.7980e+04,5.750e+01,-5.750e+01,49.01,9.440e+00,-1.754e+01,1062.0,,,300.36,180.12,-188.37,813.60,1,q1_q17_dr25_tce,5870.00,175.00,-146.00,3.808,0.323,-0.108,2.3000,0.4430,-0.8230,289.970340,43.820530,12.887
7156,8121067,K06050.01,,FALSE POSITIVE,FALSE POSITIVE,0.0000,0,1,1,0,2.064900876,1.2330000e-06,-1.2330000e-06,132.8744850,4.740000e-04,-4.740000e-04,1.2530,0.0630,-0.0570,6.87690,0.02990,-0.02990,1.0939e+04,3.680e+01,-3.680e+01,38.19,1.077e+01,-3.860e+00,1357.0,,,800.75,660.82,-226.81,364.00,1,q1_q17_dr25_tce,5714.00,152.00,-169.00,4.501,0.062,-0.188,0.9010,0.2540,-0.0910,298.755740,43.964642,14.597
7157,6197038,K06144.01,,FALSE POSITIVE,FALSE POSITIVE,0.0000,0,1,0,0,9.751720174,2.4890000e-06,-2.4890000e-06,138.5383190,2.050000e-04,-2.050000e-04,0.1500,0.0090,-0.0090,16.19370,0.01560,-0.01560,3.3290e+05,2.680e+02,-2.680e+02,182.09,8.482e+01,-5.651e+01,1356.0,,,800.41,1098.38,-452.88,1767.30,1,q1_q17_dr25_tce,5147.00,129.00,-116.00,3.424,0.285,-0.285,3.1450,1.4650,-0.9760,289.300810,41.526508,13.531
7158,6221385,K06145.01,Kepler-1641 b,CONFIRMED,CANDIDATE,0.9370,0,0,0,0,19.672324000,1.1160000e-03,-1.1160000e-03,134.3013000,6.920000e-02,-6.920000e-02,0.7210,0.0100,-0.5380,4.81200,0.18100,-0.18100,6.4990e+02,3.390e+01,-3.390e+01,4.07,1.100e+00,-1.110e+00,908.0,,,160.98,129.20,-86.73,20.60,1,q1_q17_dr25_tce,6486.00,181.00,-227.00,4.136,0.246,-0.164,1.4850,0.4020,-0.4020,296.359440,41.574532,14.263
7159,6221385,K06145.02,Kepler-1641 c,CONFIRMED,CANDIDATE,0.9990,0,0,0,0,32.657035000,3.0330000e-03,-3.0330000e-03,152.8810000,1.140000e-01,-1.140000e-01,0.0070,0.4310,-0.0070,5.95300,0.23900,-0.23900,6.2040e+02,3.710e+01,-3.710e+01,3.73,1.010e+00,-1.010e+00,767.0,,,81.91,65.74,-44.13,17.90,2,q1_q17_dr25_tce,6486.00,181.00,-227.00,4.136,0.246,-0.164,1.4850,0.4020,-0.4020,296.359440,41.574532,14.263
7160,6221385,K06145.03,,CANDIDATE,CANDIDATE,0.8020,0,0,0,0,7.313845400,6.8710000e-04,-6.8710000e-04,137.5610000,1.180000e-01,-1.180000e-01,0.8930,0.0260,-0.6100,2.27300,0.26600,-0.26600,2.4770e+02,3.070e+01,-3.070e+01,2.73,7.400e-01,-7.400e-01,1263.0,,,601.53,482.81,-324.09,9.20,3,q1_q17_dr25_tce,6486.00,181.00,-227.00,4.136,0.246,-0.164,1.4850,0.4020,-0.4020,296.359440,41.574532,14.263
7161,8260269,K07877.01,,FALSE POSITIVE,FALSE POSITIVE,0.1350,0,0,1,0,6.709952530,5.5090000e-05,-5.5090000e-05,134.0235200,6.300000e-03,-6.300000e-03,0.6160,0.3490,-0.4040,2.29700,0.20000,-0.20000,8.6000e+01,1.030e+01,-1.030e+01,1.10,3.300e-01,-1.400e-01,1120.0,,,372.31,315.03,-121.67,9.80,1,q1_q17_dr25_tce,6461.00,145.00,-193.00,4.396,0.065,-0.195,1.1310,0.3390,-0.1450,299.796750,44.163071,13.872
7162,6449358,K06147.01,,FALSE POSITIVE,FALSE POSITIVE,0.0000,0,1,0,0,5.776794344,1.3000000e-07,-1.3000000e-07,133.6275034,1.840000e-05,-1.840000e-05,0.3660,0.0010,-0.0010,6.33505,0.00134,-0.00134,1.2154e+05,1.890e+01,-1.890e+01,129.20,2.601e+01,-5.637e+01,2249.0,,,6048.96,3687.39,-4440.39,8022.80,1,q1_q17_dr25_tce,7666.00,212.00,-334.00,3.658,0.432,-0.108,3.6010,0.7250,-1.5710,293.896420,41.831772,11.610
7163,6593968,K06148.01,,FALSE POSITIVE,FALSE POSITIVE,,1,0,0,0,23.199232560,,,146.6907294,,,,,,2.09000,,,,,,,,,,,,,,,,4,q1_q16_tce,,,,,,,,,,287.911040,42.014042,15.778
7164,6674908,K06149.01,,FALSE POSITIVE,FALSE POSITIVE,0.0000,0,0,1,0,0.503199724,2.6770000e-06,-2.6770000e-06,131.9062700,4.570000e-03,-4.570000e-03,0.4920,0.4770,-0.2940,1.11700,0.18700,-0.18700,2.7560e+02,3.690e+01,-3.690e+01,1.06,5.000e-02,-1.100e-01,1363.0,,,819.89,209.11,-254.01,10.10,1,q1_q17_dr25_tce,4013.00,140.00,-154.00,4.639,0.053,-0.021,0.6300,0.0290,-0.0640,286.176700,42.196529,14.155
7165,11558882,K06241.01,,FALSE POSITIVE,FALSE POSITIVE,0.0000,0,1,0,0,73.918586150,2.3020000e-05,-2.3020000e-05,154.6967980,2.910000e-04,-2.910000e-04,1.1370,0.0730,-0.1090,6.97350,0.02010,-0.02010,1.8407e+05,2.600e+02,-2.600e+02,89.96,2.971e+01,-1.191e+01,484.0,,,12.95,12.53,-4.52,933.50,1,q1_q17_dr25_tce,6300.00,169.00,-225.00,4.404,0.084,-0.210,1.0570,0.3490,-0.1400,291.739930,49.570808,15.401
7166,11656928,K06242.01,,CANDIDATE,CANDIDATE,,0,0,0,0,212.435036740,,,239.8349648,,,,,,4.26000,,,,,,,,,,,,,,,,4,q1_q16_tce,,,,,,,,,,289.037720,49.712601,12.914
7167,11566064,K00353.03,,CANDIDATE,CANDIDATE,0.9750,0,0,0,0,11.161938400,1.6770000e-04,-1.6770000e-04,133.5538000,1.300000e-02,-1.300000e-02,0.7390,0.2350,-0.5320,5.19500,0.40700,-0.40700,1.2440e+02,1.090e+01,-1.090e+01,1.97,3.400e-01,-4.100e-01,1093.0,,,337.23,163.60,-142.69,13.40,3,q1_q17_dr25_tce,6200.00,124.00,-124.00,4.072,0.188,-0.101,1.6400,0.2810,-0.3430,295.212680,49.562180,13.374
7168,8042835,K07862.01,,FALSE POSITIVE,FALSE POSITIVE,0.0000,1,0,0,0,2.387936960,3.5570000e-05,-3.5570000e-05,133.2290200,8.500000e-03,-8.500000e-03,1.1930,0.1380,-0.1330,17.30200,0.73500,-0.73500,1.1430e+02,3.800e+00,-3.800e+00,25.56,7.330e+00,-2.620e+00,1674.0,,,1860.02,1531.48,-578.24,41.70,1,q1_q17_dr25_tce,6769.00,165.00,-259.00,4.379,0.060,-0.180,1.1610,0.3330,-0.1190,296.409670,43.876019,14.394
7169,2853780,K02081.02,,FALSE POSITIVE,FALSE POSITIVE,,1,0,0,0,589.179680000,4.2560000e-02,-4.2560000e-02,185.0175000,5.180000e-02,-5.180000e-02,0.0431,0.4354,-0.0430,10.20000,2.30000,-2.30000,2.5340e+02,3.790e+01,-3.790e+01,4.91,2.180e+00,-2.480e+00,330.0,,,2.82,3.96,-2.24,7.70,2,q1_q16_tce,5295.00,191.00,-211.00,3.617,0.477,-0.278,3.1520,1.4030,-1.5940,291.729160,38.070019,13.439
7170,11656928,K06242.02,,CANDIDATE,CANDIDATE,,0,0,0,0,76.839945970,,,171.7707187,,,,,,3.11000,,,,,,,,,,,,,,,,5,q1_q16_tce,,,,,,,,,,289.037720,49.712601,12.914
7171,11656928,K06242.03,,CANDIDATE,CANDIDATE,,0,0,0,0,78.866840000,3.0500000e-03,-3.0500000e-03,143.7314000,3.300000e-02,-3.300000e-02,0.2074,0.2603,-0.2074,4.50000,1.00000,-1.00000,8.6100e+01,1.700e+01,-1.700e+01,1.30,7.700e-01,-2.100e-01,573.0,,,25.44,45.85,-9.86,4.80,6,q1_q16_tce,6907.00,172.00,-237.00,4.264,0.097,-0.336,1.3810,0.8200,-0.2220,289.037720,49.712601,12.914
7172,8153568,K06051.01,,FALSE POSITIVE,FALSE POSITIVE,0.0000,0,1,0,0,3.607274170,2.1280000e-05,-2.1280000e-05,133.7754800,8.280000e-03,-8.280000e-03,0.4630,0.0150,-0.0140,14.08410,0.04390,-0.04390,8.4190e+05,1.513e+03,-1.513e+03,221.55,5.933e+01,-6.591e+01,1833.0,,,2671.63,2175.34,-1572.15,710.90,1,q1_q17_dr25_tce,7026.00,216.00,-312.00,4.068,0.240,-0.160,1.7850,0.4780,-0.5310,286.904450,44.005508,15.076
7173,8167938,K06052.01,,FALSE POSITIVE,FALSE POSITIVE,0.0000,1,0,0,0,2.565717939,3.1260000e-06,-3.1260000e-06,133.2214800,1.010000e-03,-1.010000e-03,1.3130,6.9090,-0.3210,1.70840,0.05200,-0.05200,1.9417e+03,5.210e+01,-5.210e+01,180.80,2.179e+01,-8.722e+01,4607.0,,,106664.85,57167.91,-92102.08,45.80,1,q1_q17_dr25_tce,11360.00,587.00,-1762.00,3.636,0.451,-0.106,4.7120,0.5680,-2.2730,292.617460,44.002048,10.846
7174,8167978,K06053.01,,FALSE POSITIVE,FALSE POSITIVE,0.0000,0,1,0,0,22.052745330,1.0360000e-05,-1.0360000e-05,151.5524570,3.820000e-04,-3.820000e-04,1.2470,0.1660,-0.1560,5.59240,0.02020,-0.02020,1.3858e+04,4.710e+01,-4.710e+01,32.56,6.550e+00,-2.810e+00,552.0,,,21.93,14.36,-6.04,343.50,1,q1_q17_dr25_tce,5510.00,192.00,-192.00,4.608,0.032,-0.128,0.7410,0.1490,-0.0640,292.633390,44.001839,15.440
7175,8168581,K06054.01,,FALSE POSITIVE,FALSE POSITIVE,0.0000,0,1,0,0,2.881338104,3.2820000e-06,-3.2820000e-06,132.9093190,9.610000e-04,-9.610000e-04,1.2710,4.2060,-0.0400,3.59430,0.04080,-0.04080,2.5337e+03,2.730e+01,-2.730e+01,31.58,9.400e+00,-2.940e+00,1206.0,,,501.88,442.73,-144.40,111.30,1,q1_q17_dr25_tce,5783.00,163.00,-204.00,4.539,0.035,-0.196,0.8800,0.2620,-0.0820,292.849730,44.060638,15.139
7176,8230809,K06055.01,,FALSE POSITIVE,FALSE POSITIVE,0.4290,0,1,0,0,4.078355243,2.4540000e-06,-2.4540000e-06,132.1600730,5.100000e-04,-5.100000e-04,0.3680,0.0470,-0.0330,6.46490,0.04220,-0.04220,3.6133e+04,1.410e+02,-1.410e+02,16.73,4.260e+00,-1.970e+00,1113.0,,,362.07,280.03,-115.80,310.00,1,q1_q17_dr25_tce,5872.00,177.00,-195.00,4.481,0.091,-0.169,0.8670,0.2210,-0.1020,290.891720,44.168850,14.936
7177,8364115,K06056.01,,FALSE POSITIVE,FALSE POSITIVE,0.0000,0,1,1,1,7.735904410,1.8120000e-05,-1.8120000e-05,137.9878500,2.100000e-03,-2.100000e-03,1.2050,6.8120,-0.1020,4.43890,0.09940,-0.09940,4.6530e+02,9.500e+00,-9.500e+00,21.30,6.540e+00,-1.730e+00,884.0,,,144.83,126.97,-35.21,59.50,1,q1_q17_dr25_tce,5927.00,141.00,-159.00,4.544,0.038,-0.212,0.8600,0.2640,-0.0700,291.271510,44.376362,13.241
7178,8458207,K06057.01,,FALSE POSITIVE,FALSE POSITIVE,0.0180,0,1,0,0,3.530164642,5.8200000e-07,-5.8200000e-07,134.7753500,1.360000e-04,-1.360000e-04,0.0190,0.1600,-0.0190,4.11466,0.00974,-0.00974,6.9923e+04,1.180e+02,-1.180e+02,35.71,1.127e+01,-7.520e+00,1465.0,,,1086.97,1004.72,-501.78,731.20,1,q1_q17_dr25_tce,6208.00,167.00,-223.00,4.226,0.185,-0.185,1.3440,0.4240,-0.2830,300.091550,44.414810,13.924
7179,7825899,K00896.03,,CANDIDATE,CANDIDATE,1.0000,0,0,0,0,28.867210700,3.3800000e-04,-3.3800000e-04,156.1957800,9.350000e-03,-9.350000e-03,0.0410,0.4150,-0.0410,3.78200,0.31200,-0.31200,3.4710e+02,2.850e+01,-2.850e+01,1.51,1.400e-01,-5.000e-02,493.0,,,14.00,4.10,-1.98,12.00,3,q1_q17_dr25_tce,5191.00,103.00,-103.00,4.564,0.016,-0.088,0.8370,0.0780,-0.0300,293.061400,43.581360,15.258
7180,6946681,K06150.01,,CANDIDATE,CANDIDATE,,0,0,0,0,48.952811300,,,139.6768278,,,,,,1.66000,,,,,,,,,,,,,,,,3,q1_q16_tce,,,,,,,,,,291.192930,42.494450,12.182
7181,4150624,K01334.02,,FALSE POSITIVE,FALSE POSITIVE,0.0000,1,0,1,1,94.225938000,2.3680000e-03,-2.3680000e-03,196.1319000,1.930000e-02,-1.930000e-02,0.2130,0.2320,-0.2130,22.08000,0.53200,-0.53200,5.3040e+02,2.210e+01,-2.210e+01,1.93,4.500e-01,-1.400e-01,348.0,,,3.48,2.48,-0.83,25.40,3,q1_q17_dr25_tce,5421.00,164.00,-164.00,4.564,0.028,-0.171,0.8520,0.1980,-0.0620,289.743900,39.286301,15.454
7182,6946708,K06151.01,,CANDIDATE,CANDIDATE,,0,0,0,0,431.785560000,1.9360000e-02,-1.9360000e-02,507.3561000,2.730000e-02,-2.730000e-02,0.1960,0.2674,-0.1958,9.13500,0.86200,-0.86200,3.3260e+02,4.010e+01,-4.010e+01,1.36,4.700e-01,-9.000e-02,211.0,,,0.47,0.48,-0.10,9.40,1,q1_q16_tce,5642.00,175.00,-137.00,4.600,0.030,-0.207,0.7470,0.2580,-0.0500,291.200960,42.449989,14.401
7183,6967278,K06152.01,,FALSE POSITIVE,FALSE POSITIVE,0.0000,0,1,0,0,395.073330000,1.0440000e-02,-1.0440000e-02,244.4858000,2.270000e-02,-2.270000e-02,0.0130,0.4210,-0.0130,7.84400,0.55600,-0.55600,6.4510e+02,4.800e+01,-4.800e+01,230.33,7.600e+00,-4.307e+01,1406.0,,,923.00,152.46,-376.71,16.40,2,q1_q17_dr25_tce,3599.00,80.00,-98.00,0.679,0.030,-0.030,98.3800,3.2470,-18.3970,296.765350,42.404987,13.544
7184,7108433,K06153.01,,FALSE POSITIVE,FALSE POSITIVE,0.0000,0,1,0,0,1.519183350,1.0340000e-06,-1.0340000e-06,131.9135320,6.920000e-04,-6.920000e-04,0.3360,0.0170,-0.0120,5.45573,0.00804,-0.00804,4.9999e+05,7.960e+02,-7.960e+02,128.17,3.457e+01,-3.457e+01,2517.0,,,9460.59,7798.13,-5208.86,899.30,1,q1_q17_dr25_tce,7426.00,233.00,-311.00,4.116,0.198,-0.162,1.6980,0.4580,-0.4580,288.823790,42.602341,15.106
7185,7119080,K06154.01,,FALSE POSITIVE,FALSE POSITIVE,,1,0,0,0,13.599401180,,,133.0874188,,,,,,2.52000,,,,,,,,,,,,,,,,1,q1_q17_dr24_tce,,,,,,,,,,292.202970,42.640499,15.191
7186,7129465,K06155.01,,FALSE POSITIVE,FALSE POSITIVE,0.0000,0,1,0,0,2.745910734,1.7200000e-07,-1.7200000e-07,133.1719105,5.150000e-05,-5.150000e-05,0.6390,0.0090,-0.0070,4.02594,0.00177,-0.00177,2.8681e+05,1.200e+02,-1.200e+02,61.16,1.739e+01,-1.070e+01,1221.0,,,524.18,460.23,-208.06,1550.90,1,q1_q17_dr25_tce,5372.00,177.00,-160.00,4.396,0.140,-0.210,0.9600,0.2730,-0.1680,295.137050,42.646999,15.316
7187,11724210,K06244.01,,FALSE POSITIVE,FALSE POSITIVE,0.0000,0,1,0,0,5.746017234,1.5810000e-06,-1.5810000e-06,132.0425490,2.260000e-04,-2.260000e-04,1.0080,0.6300,-0.0760,3.63470,0.01400,-0.01400,2.9236e+04,8.740e+01,-8.740e+01,29.32,8.520e+00,-4.250e+00,1042.0,,,278.69,237.60,-98.22,393.90,1,q1_q17_dr25_tce,5940.00,160.00,-178.00,4.429,0.101,-0.188,0.9600,0.2790,-0.1390,297.024380,49.892170,14.737
7188,11775507,K06245.01,,FALSE POSITIVE,FALSE POSITIVE,,1,0,0,0,144.102562000,2.8150000e-03,-2.8150000e-03,198.0696000,1.660000e-02,-1.660000e-02,0.0879,0.3602,-0.0879,2.75300,0.63300,-0.63300,1.7130e+02,3.300e+01,-3.300e+01,1.67,7.200e-01,-3.000e-01,437.0,,,8.64,11.25,-3.68,4.10,2,q1_q16_tce,6528.00,185.00,-252.00,4.257,0.151,-0.249,1.2600,0.5480,-0.2270,297.517820,49.917702,12.431
7189,11775507,K06245.02,,CANDIDATE,CANDIDATE,,0,0,0,0,112.317402000,2.0420000e-03,-2.0420000e-03,241.6462000,1.170000e-02,-1.170000e-02,0.5434,0.4220,-0.3447,3.47100,0.48700,-0.48700,1.8240e+02,2.560e+01,-2.560e+01,1.77,7.600e-01,-3.200e-01,475.0,,,12.05,15.69,-5.13,7.80,3,q1_q16_tce,6528.00,185.00,-252.00,4.257,0.151,-0.249,1.2600,0.5480,-0.2270,297.517820,49.917702,12.431
7190,11867071,K06247.01,,FALSE POSITIVE,FALSE POSITIVE,0.0000,0,1,0,0,3.963787093,2.8240000e-06,-2.8240000e-06,135.0299510,6.340000e-04,-6.340000e-04,0.9500,0.0850,-0.0010,3.10316,0.00845,-0.00845,2.5015e+04,5.570e+01,-5.570e+01,28.11,9.820e+00,-3.260e+00,1389.0,,,880.12,909.75,-292.53,584.80,1,q1_q17_dr25_tce,6617.00,186.00,-255.00,4.373,0.072,-0.217,1.1800,0.4120,-0.1370,293.483920,50.125130,14.281
7191,11975363,K06248.01,,FALSE POSITIVE,FALSE POSITIVE,0.0000,0,1,0,0,1.759208679,1.1600000e-07,-1.1600000e-07,132.6537254,5.380000e-05,-5.380000e-05,0.5480,0.0070,-0.0070,4.60837,0.00322,-0.00322,3.6233e+05,2.210e+02,-2.210e+02,66.06,1.932e+01,-8.250e+00,1475.0,,,1121.32,988.66,-371.08,1967.20,1,q1_q17_dr25_tce,5721.00,173.00,-190.00,4.453,0.081,-0.189,0.9610,0.2810,-0.1200,297.334200,50.311138,15.409
7192,12207117,K06249.01,,FALSE POSITIVE,FALSE POSITIVE,0.0000,1,0,0,0,1.603179400,,,131.5678000,,,,,,0.91000,,,,,,,,,,,,676.51,505.39,-182.01,,1,q1_q17_dr25_tce,,,,,,,,,,290.557280,50.832722,14.653
7193,6768394,K02086.04,,FALSE POSITIVE,FALSE POSITIVE,,1,0,0,0,335.563110000,3.8820000e-02,-3.8820000e-02,340.6688000,6.440000e-02,-6.440000e-02,0.1200,0.3300,-0.1200,13.06000,2.30000,-2.30000,1.5800e+02,2.670e+01,-2.670e+01,1.83,1.010e+00,-4.700e-01,333.0,,,2.90,4.85,-1.49,7.20,4,q1_q16_tce,6200.00,160.00,-199.00,4.160,0.218,-0.280,1.4480,0.8010,-0.3700,288.961240,42.265011,13.959
7194,8580438,K06058.01,,FALSE POSITIVE,FALSE POSITIVE,0.0000,0,1,0,0,6.496031958,5.4300000e-07,-5.4300000e-07,135.4687416,6.790000e-05,-6.790000e-05,0.0650,0.0770,-0.0020,5.21924,0.00326,-0.00326,1.0889e+05,7.410e+01,-7.410e+01,32.33,9.200e+00,-6.120e+00,957.0,,,198.07,169.83,-81.39,1797.60,1,q1_q17_dr25_tce,5516.00,166.00,-149.00,4.364,0.171,-0.209,0.9880,0.2810,-0.1870,298.382720,44.615570,14.502
7195,8581232,K06059.01,,FALSE POSITIVE,FALSE POSITIVE,0.0000,0,1,1,0,4.012537983,1.5800000e-06,-1.5800000e-06,134.6524060,3.310000e-04,-3.310000e-04,0.7830,0.0340,-0.0030,2.01010,0.03020,-0.03020,1.9796e+04,1.800e+02,-1.800e+02,9.96,7.100e-01,-9.800e-01,765.0,,,80.95,22.33,-22.62,166.00,1,q1_q17_dr25_tce,4483.00,120.00,-133.00,4.629,0.056,-0.024,0.6300,0.0450,-0.0620,298.575990,44.683788,15.381
7196,8655458,K06060.01,,FALSE POSITIVE,FALSE POSITIVE,0.0000,0,1,1,0,1.594162001,6.3000000e-07,-6.3000000e-07,132.6346790,3.220000e-04,-3.220000e-04,1.1280,0.1570,-0.0840,5.49580,0.01830,-0.01830,9.8763e+03,2.880e+01,-2.880e+01,26.11,5.290e+00,-3.510e+00,1419.0,,,960.51,599.12,-322.19,415.00,1,q1_q17_dr25_tce,5388.00,159.00,-159.00,4.449,0.121,-0.148,0.8850,0.1790,-0.1190,301.098570,44.760590,14.585
7197,8695779,K06061.01,,FALSE POSITIVE,FALSE POSITIVE,0.0000,0,1,0,0,10.238939876,2.6670000e-06,-2.6670000e-06,132.7225520,2.150000e-04,-2.150000e-04,1.0220,0.1200,-0.0350,3.48510,0.01500,-0.01500,3.1531e+03,9.800e+00,-9.800e+00,22.09,5.580e+00,-9.040e+00,1190.0,,,474.05,370.95,-333.50,427.60,1,q1_q17_dr25_tce,6244.00,203.00,-248.00,3.986,0.390,-0.130,1.8070,0.4560,-0.7400,294.333500,44.870853,13.897
7198,8953059,K06062.01,,FALSE POSITIVE,FALSE POSITIVE,0.0080,0,1,0,0,5.499941387,1.5830000e-06,-1.5830000e-06,136.8694030,2.360000e-04,-2.360000e-04,0.0020,0.1450,-0.0020,5.13390,0.01320,-0.01320,4.0110e+04,9.280e+01,-9.280e+01,23.34,7.460e+00,-2.990e+00,1202.0,,,492.27,449.70,-164.63,506.40,1,q1_q17_dr25_tce,6435.00,153.00,-211.00,4.385,0.065,-0.208,1.1570,0.3700,-0.1480,291.842220,45.239300,15.480
7199,9214712,K06064.01,,FALSE POSITIVE,FALSE POSITIVE,0.0000,0,1,0,0,265.299622700,8.8430000e-05,-8.8430000e-05,316.9197700,2.270000e-04,-2.270000e-04,0.7980,0.0290,-0.0220,8.84520,0.01870,-0.01870,1.0016e+05,2.760e+02,-2.760e+02,33.81,8.810e+00,-2.940e+00,270.0,,,1.25,0.93,-0.33,616.30,1,q1_q17_dr25_tce,5873.00,139.00,-174.00,4.547,0.033,-0.187,0.8630,0.2250,-0.0750,290.389620,45.681438,15.518
7200,9214715,K06065.01,,FALSE POSITIVE,FALSE POSITIVE,0.0000,0,1,0,1,265.299962300,4.7940000e-04,-4.7940000e-04,316.9182100,1.070000e-03,-1.070000e-03,0.9280,5.1840,-0.0560,8.85770,0.05650,-0.05650,3.1778e+04,2.630e+02,-2.630e+02,25.56,8.000e+00,-2.670e+00,296.0,,,1.81,1.66,-0.56,154.70,1,q1_q17_dr25_tce,6108.00,165.00,-220.00,4.471,0.052,-0.208,0.9970,0.3120,-0.1040,290.391240,45.681610,15.279
7201,7190639,K06157.01,,FALSE POSITIVE,FALSE POSITIVE,,1,0,0,0,98.102098300,9.8480000e-04,-9.8480000e-04,170.3318900,8.960000e-03,-8.960000e-03,0.1865,0.4593,-0.1178,1.22500,0.23300,-0.23300,1.8440e+02,3.960e+01,-3.960e+01,1.97,1.110e+00,-4.000e-01,525.0,,,17.96,30.30,-8.03,6.90,2,q1_q16_tce,6669.00,152.00,-235.00,4.224,0.136,-0.317,1.4270,0.8090,-0.2870,288.720830,42.716980,13.557
7202,7198881,K06158.01,,FALSE POSITIVE,FALSE POSITIVE,,1,0,0,0,182.467019000,3.9230000e-03,-3.9230000e-03,215.0190000,2.310000e-02,-2.310000e-02,0.0158,0.4376,-0.0156,7.60700,0.91200,-0.91200,1.0200e+03,1.630e+02,-1.630e+02,3.73,2.560e+00,-4.200e-01,364.0,,,4.17,8.79,-1.34,12.50,1,q1_q16_tce,6299.00,143.00,-230.00,4.401,0.055,-0.381,1.1670,0.8010,-0.1300,291.348050,42.794540,13.408
7203,7198881,K06158.02,,FALSE POSITIVE,FALSE POSITIVE,,1,0,0,0,126.578372670,,,198.1194352,,,,,,2.50000,,,,,,,,,,,,,,,,2,q1_q16_tce,,,,,,,,,,291.348050,42.794540,13.408
7204,7422883,K06159.01,,FALSE POSITIVE,FALSE POSITIVE,0.0000,0,1,0,0,11.414375050,6.0080000e-05,-6.0080000e-05,142.5964900,4.390000e-03,-4.390000e-03,0.8950,7.1450,-0.0750,6.27600,0.20600,-0.20600,4.5966e+04,1.567e+03,-1.567e+03,44.08,1.297e+01,-8.640e+00,1128.0,,,383.45,317.82,-166.05,34.20,1,q1_q17_dr25_tce,6826.00,152.00,-220.00,4.187,0.153,-0.187,1.5200,0.4470,-0.2980,283.607330,43.004189,11.254
7205,10545066,K00337.02,,CANDIDATE,CANDIDATE,,0,0,0,0,154.607419000,4.2790000e-03,-4.2790000e-03,250.5204000,2.070000e-02,-2.070000e-02,0.0898,0.3465,-0.0897,9.22500,0.52400,-0.52400,2.7990e+02,2.290e+01,-2.290e+01,1.56,6.400e-01,-1.300e-01,340.0,,,3.16,3.79,-0.81,13.40,2,q1_q16_tce,6017.00,152.00,-176.00,4.508,0.038,-0.297,0.9310,0.3830,-0.0790,295.684810,47.748081,13.936
7206,7663405,K01519.02,,CANDIDATE,CANDIDATE,0.7420,0,0,0,0,57.132855000,1.0690000e-03,-1.0690000e-03,152.9919000,1.400000e-02,-1.400000e-02,0.3200,0.1410,-0.3200,4.95800,0.37600,-0.37600,4.1410e+02,4.070e+01,-4.070e+01,1.81,1.300e-01,-1.700e-01,414.0,,,6.94,1.50,-1.64,11.00,2,q1_q17_dr25_tce,5157.00,77.00,-84.00,4.445,0.091,-0.049,0.9040,0.0640,-0.0880,283.478180,43.383781,15.369
7207,7464205,K06160.01,,FALSE POSITIVE,FALSE POSITIVE,,1,0,0,0,151.318470000,1.0590000e-02,-1.0590000e-02,148.9275000,8.100000e-02,-8.100000e-02,0.3788,0.0973,-0.3786,16.45000,2.40000,-2.40000,1.0540e+02,2.670e+01,-2.670e+01,1.13,4.000e-01,-1.700e-01,373.0,,,4.57,4.74,-1.61,6.00,2,q1_q16_tce,6003.00,152.00,-166.00,4.346,0.124,-0.243,1.0850,0.3880,-0.1610,296.855830,43.058311,12.744
7208,12367464,K06250.01,,CANDIDATE,CANDIDATE,0.9910,0,1,0,0,1.853209359,4.4900000e-07,-4.4900000e-07,132.2496610,2.010000e-04,-2.010000e-04,0.9900,2.1220,-0.0350,1.75430,0.00965,-0.00965,1.2319e+04,5.130e+01,-5.130e+01,32.99,8.440e+00,-1.265e+01,2100.0,,,4584.55,3501.28,-3076.77,238.90,1,q1_q17_dr25_tce,6384.00,181.00,-227.00,4.026,0.312,-0.144,1.7160,0.4390,-0.6580,296.414370,51.162006,13.085
7209,12470041,K06251.01,,FALSE POSITIVE,FALSE POSITIVE,0.0000,0,1,0,0,14.667694620,1.2750000e-05,-1.2750000e-05,139.1617360,7.120000e-04,-7.120000e-04,1.1690,6.6300,-0.2350,2.44620,0.03790,-0.03790,2.9862e+04,4.060e+02,-4.060e+02,145.18,1.742e+01,-6.967e+01,1552.0,,,1370.60,573.83,-1057.96,86.50,1,q1_q17_dr25_tce,7517.00,235.00,-314.00,3.717,0.434,-0.077,3.2260,0.3870,-1.5480,296.014830,51.346970,13.415
7210,11358389,K02163.03,,CANDIDATE,CANDIDATE,0.7910,0,0,0,0,28.225104900,3.3770000e-04,-3.3770000e-04,153.7452000,1.120000e-02,-1.120000e-02,0.7780,0.0370,-0.5410,2.35400,0.34200,-0.34200,2.0130e+02,2.800e+01,-2.800e+01,1.59,5.200e-01,-2.100e-01,625.0,,,36.13,35.82,-12.44,8.90,3,q1_q17_dr25_tce,6014.00,190.00,-211.00,4.436,0.072,-0.217,1.0210,0.3330,-0.1330,295.626590,49.130428,14.651
7211,5706595,K02183.03,,FALSE POSITIVE,FALSE POSITIVE,0.4040,1,0,0,0,150.381954000,4.4010000e-03,-4.4010000e-03,205.2811000,1.960000e-02,-1.960000e-02,0.8920,0.0780,-0.6420,4.96800,0.47600,-0.47600,3.9610e+02,5.600e+01,-5.600e+01,2.26,3.100e-01,-1.600e-01,325.0,,,2.63,0.94,-0.50,7.80,3,q1_q17_dr25_tce,5569.00,75.00,-83.00,4.459,0.059,-0.110,0.9540,0.1280,-0.0690,292.171140,40.916309,15.198
7212,8179286,K07869.01,,FALSE POSITIVE,FALSE POSITIVE,0.0000,0,1,1,0,11.413214400,1.3380000e-04,-1.3380000e-04,140.1198800,8.260000e-03,-8.260000e-03,0.4390,0.0100,-0.4380,2.37100,0.26600,-0.26600,7.6400e+01,8.800e+00,-8.800e+00,1.03,3.300e-01,-1.700e-01,925.0,,,172.97,159.19,-68.40,10.40,1,q1_q17_dr25_tce,6188.00,166.00,-203.00,4.330,0.128,-0.192,1.1550,0.3630,-0.1950,296.273930,44.010441,13.746
7213,3548044,K02194.03,,CANDIDATE,CANDIDATE,0.4960,0,0,0,0,445.216850000,1.8120000e-02,-1.8120000e-02,202.8470000,3.960000e-02,-3.960000e-02,0.0000,0.4440,0.0000,16.37000,1.00000,-1.00000,2.1160e+02,2.060e+01,-2.060e+01,1.37,1.800e-01,-1.800e-01,237.0,,,0.74,0.29,-0.22,11.10,3,q1_q17_dr25_tce,5670.00,113.00,-102.00,4.387,0.138,-0.092,0.9500,0.1240,-0.1240,292.326450,38.657581,13.865
7214,2581191,K02203.02,,FALSE POSITIVE,FALSE POSITIVE,,1,0,0,0,172.178768000,2.0680000e-03,-2.0680000e-03,139.4420000,1.120000e-02,-1.120000e-02,0.2431,0.3551,-0.2428,1.19000,0.30900,-0.30900,5.0100e+02,1.170e+02,-1.170e+02,2.29,1.010e+00,-2.200e-01,349.0,,,3.51,4.54,-0.98,4.70,2,q1_q16_tce,6208.00,156.00,-202.00,4.462,0.047,-0.303,1.0090,0.4450,-0.0940,292.600250,37.832069,14.349
7215,8168187,K02209.02,,CANDIDATE,CANDIDATE,0.9010,0,0,0,0,35.502865000,1.0710000e-03,-1.0710000e-03,150.4186000,2.570000e-02,-2.570000e-02,0.7830,0.0190,-0.5570,8.14900,0.78100,-0.78100,1.1590e+02,1.200e+01,-1.200e+01,2.18,5.200e-01,-3.500e-01,724.0,,,64.83,41.23,-21.51,11.00,2,q1_q17_dr25_tce,5528.00,88.00,-77.00,3.892,0.120,-0.120,1.8390,0.4400,-0.2930,292.714450,44.082329,14.310
7216,9221398,K06066.01,,FALSE POSITIVE,FALSE POSITIVE,0.0000,0,1,0,0,13.787520532,4.9100000e-07,-4.9100000e-07,136.7620970,2.870000e-05,-2.870000e-05,0.9900,0.1020,-0.0330,2.55435,0.00192,-0.00192,1.2978e+04,3.300e+00,-3.300e+00,25.33,4.260e+00,-2.300e+00,921.0,,,170.01,72.38,-37.12,2126.10,1,q1_q17_dr25_tce,6399.00,70.00,-89.00,4.312,0.056,-0.112,1.2890,0.2170,-0.1170,293.092860,45.691841,12.140
7217,9411317,K06067.01,,FALSE POSITIVE,FALSE POSITIVE,0.0000,0,1,0,0,8.290459700,3.4090000e-05,-3.4090000e-05,132.2495600,4.910000e-03,-4.910000e-03,0.4260,0.0370,-0.0830,2.60020,0.01690,-0.01690,1.7301e+05,8.600e+02,-8.600e+02,23.96,1.820e+00,-1.990e+00,594.0,,,29.41,9.69,-8.29,297.20,1,q1_q17_dr25_tce,4601.00,162.00,-178.00,4.681,0.056,-0.032,0.5660,0.0430,-0.0470,294.668520,45.966431,17.409
7218,9605514,K00945.03,,FALSE POSITIVE,FALSE POSITIVE,0.1370,1,0,0,0,66.789347000,1.1330000e-03,-1.1330000e-03,184.4713000,1.440000e-02,-1.440000e-02,0.6670,0.0490,-0.4840,4.08000,0.39700,-0.39700,3.5850e+02,4.180e+01,-4.180e+01,2.07,6.400e-01,-2.200e-01,490.0,,,13.61,12.37,-4.16,9.50,3,q1_q17_dr25_tce,6297.00,169.00,-225.00,4.448,0.052,-0.208,1.0310,0.3200,-0.1070,297.951600,46.264721,15.083
7219,9418619,K06068.01,,FALSE POSITIVE,FALSE POSITIVE,0.0000,0,1,0,0,6.150251376,7.0000000e-07,-7.0000000e-07,134.4228253,8.790000e-05,-8.790000e-05,1.2700,0.2470,-0.1160,1.68923,0.00306,-0.00306,2.1287e+03,2.200e+00,-2.200e+00,100.03,3.446e+01,-3.793e+01,2251.0,,,6066.49,6163.40,-4172.88,471.00,1,q1_q17_dr25_tce,8914.00,246.00,-458.00,3.896,0.270,-0.180,2.8670,0.9880,-1.0870,297.181760,45.988441,10.622
7220,9532123,K06069.01,,FALSE POSITIVE,FALSE POSITIVE,0.0000,1,0,0,0,8.214204254,8.0590000e-06,-8.0590000e-06,135.0140300,1.270000e-03,-1.270000e-03,1.0920,0.2020,-0.0860,4.59050,0.01200,-0.01200,7.4177e+04,1.360e+02,-1.360e+02,42.29,9.230e+00,-3.990e+00,798.0,,,96.12,65.39,-27.75,613.10,1,q1_q17_dr25_tce,5654.00,178.00,-198.00,4.590,0.036,-0.144,0.7740,0.1690,-0.0730,294.178960,46.188431,16.356
7221,9649222,K06071.01,,FALSE POSITIVE,FALSE POSITIVE,0.0000,0,1,0,0,5.918619554,7.1200000e-07,-7.1200000e-07,132.9247160,1.010000e-04,-1.010000e-04,0.2580,0.0500,-0.0060,3.94804,0.00396,-0.00396,9.4124e+04,1.030e+02,-1.030e+02,29.98,9.640e+00,-3.210e+00,1009.0,,,245.42,235.97,-76.04,1117.00,1,q1_q17_dr25_tce,5957.00,176.00,-211.00,4.498,0.039,-0.221,0.9710,0.3120,-0.1040,291.858460,46.386452,15.678
7222,9664215,K06072.01,,FALSE POSITIVE,FALSE POSITIVE,0.0000,0,1,0,0,3.319523463,1.2770000e-06,-1.2770000e-06,131.9230460,3.000000e-04,-3.000000e-04,1.1620,0.4420,-0.1590,3.34650,0.02090,-0.02090,3.8832e+04,1.810e+02,-1.810e+02,38.37,9.360e+00,-3.110e+00,1108.0,,,356.42,256.95,-86.46,249.40,1,q1_q17_dr25_tce,5761.00,155.00,-155.00,4.581,0.040,-0.160,0.7910,0.1930,-0.0640,297.359620,46.343552,15.101
7223,7750740,K06162.01,,FALSE POSITIVE,FALSE POSITIVE,0.0000,0,1,0,0,5.874197307,3.1500000e-07,-3.1500000e-07,134.3187261,4.460000e-05,-4.460000e-05,0.7000,0.1160,-0.0170,4.26585,0.00253,-0.00253,2.0570e+05,9.920e+01,-9.920e+01,59.20,1.825e+01,-9.840e+00,1112.0,,,361.15,337.78,-143.18,2200.00,1,q1_q17_dr25_tce,6103.00,190.00,-212.00,4.363,0.124,-0.201,1.0830,0.3340,-0.1800,290.996430,43.458752,14.857
7224,7779942,K06163.01,,FALSE POSITIVE,FALSE POSITIVE,0.0000,1,0,0,0,19.795973100,1.3120000e-04,-1.3120000e-04,135.9366700,5.850000e-03,-5.850000e-03,0.1560,0.1840,-0.1560,5.34200,0.14100,-0.14100,3.3400e+02,2.250e+01,-2.250e+01,3.47,1.040e+00,-1.040e+00,1014.0,,,249.43,221.55,-145.00,16.60,1,q1_q17_dr25_tce,6731.00,189.00,-259.00,4.043,0.231,-0.168,1.8760,0.5630,-0.5630,299.443450,43.449886,9.816
7225,7835312,K06164.01,,CANDIDATE,CANDIDATE,0.9590,0,0,0,0,29.512615300,5.8330000e-04,-5.8330000e-04,134.7234000,1.710000e-02,-1.710000e-02,0.1880,0.2690,-0.1880,6.31400,0.49200,-0.49200,1.8820e+02,2.290e+01,-2.290e+01,1.84,3.000e-01,-3.700e-01,678.0,,,49.95,21.25,-19.56,9.40,1,q1_q17_dr25_tce,5746.00,78.00,-78.00,4.189,0.176,-0.095,1.3510,0.2190,-0.2680,295.970790,43.529690,15.334
7226,7835312,K06164.02,,FALSE POSITIVE,FALSE POSITIVE,,1,0,0,0,209.000550190,,,149.8223238,,,,,,2.52000,,,,,,,,,,,,,,,,2,q1_q16_tce,,,,,,,,,,295.970790,43.529690,15.334
7227,7838906,K06165.01,,FALSE POSITIVE,FALSE POSITIVE,0.0000,0,1,1,0,5.614892073,5.2540000e-06,-5.2540000e-06,132.8429640,7.720000e-04,-7.720000e-04,1.2430,5.0640,-0.1040,3.72940,0.04010,-0.04010,2.3730e+03,2.280e+01,-2.280e+01,1192.79,4.558e+01,-2.583e+02,4097.0,,,66631.18,11767.38,-29984.84,122.30,1,q1_q17_dr25_tce,4289.00,95.00,-116.00,1.603,0.033,-0.027,35.6950,1.3640,-7.7310,296.985630,43.581352,11.925
7228,7908367,K06166.01,Kepler-1642 b,CONFIRMED,CANDIDATE,1.0000,0,0,0,0,12.206430400,9.9360000e-04,-9.9360000e-04,134.0530000,1.120000e-01,-1.120000e-01,0.1040,0.3650,-0.1040,2.40700,0.12600,-0.12600,1.3372e+03,9.230e+01,-9.230e+01,5.41,2.220e+00,-2.450e+00,895.0,,,151.44,199.67,-111.51,16.20,2,q1_q17_dr25_tce,5254.00,203.00,-166.00,4.050,0.490,-0.245,1.5140,0.6230,-0.6850,297.212160,43.643719,14.130
7229,7908367,K06166.02,Kepler-1642 c,CONFIRMED,CANDIDATE,1.0000,0,0,0,0,6.651318900,6.0420000e-04,-6.0420000e-04,135.2890000,1.260000e-01,-1.260000e-01,0.0640,0.3890,-0.0640,2.13500,0.15100,-0.15100,1.0584e+03,8.000e+01,-8.000e+01,4.81,1.980e+00,-2.180e+00,1095.0,,,340.06,448.39,-250.39,15.30,1,q1_q17_dr25_tce,5254.00,203.00,-166.00,4.050,0.490,-0.245,1.5140,0.6230,-0.6850,297.212160,43.643719,14.130
7230,7940533,K06167.01,,FALSE POSITIVE,FALSE POSITIVE,0.0000,0,1,0,0,3.905532605,2.0980000e-06,-2.0980000e-06,133.3493610,4.450000e-04,-4.450000e-04,0.0020,0.0890,-0.0020,6.80910,0.01920,-0.01920,7.3081e+04,2.360e+02,-2.360e+02,21.37,4.070e+00,-2.190e+00,1017.0,,,253.21,146.19,-70.59,350.40,1,q1_q17_dr25_tce,5495.00,149.00,-149.00,4.543,0.063,-0.117,0.7980,0.1520,-0.0820,283.066280,43.743591,12.862
7231,4142847,K02210.02,Kepler-1143 c,CONFIRMED,CANDIDATE,1.0000,0,0,0,0,210.631486000,1.5120000e-03,-1.5120000e-03,300.7229200,6.180000e-03,-6.180000e-03,0.6420,0.0160,-0.4930,8.41900,0.22300,-0.22300,1.6578e+03,6.520e+01,-6.520e+01,3.23,1.700e-01,-1.300e-01,234.0,,,0.71,0.13,-0.10,25.90,1,q1_q17_dr25_tce,4895.00,78.00,-78.00,4.589,0.018,-0.046,0.7590,0.0410,-0.0300,287.302830,39.289688,15.195
7232,9221517,K02281.02,,FALSE POSITIVE,FALSE POSITIVE,,1,0,0,0,455.274050000,5.6540000e-02,-5.6540000e-02,367.9500000,1.440000e-02,-1.440000e-02,0.2429,0.3335,-0.2428,2.40000,1.10000,-1.10000,3.6600e+02,1.220e+02,-1.220e+02,1.54,3.400e-01,-1.100e-01,196.0,,,0.35,0.25,-0.08,4.50,2,q1_q16_tce,5178.00,172.00,-136.00,4.556,0.028,-0.149,0.8180,0.1860,-0.0560,293.131100,45.663551,13.829
7233,10730703,K02327.02,,CANDIDATE,CANDIDATE,,0,0,0,0,46.331703000,8.2850000e-04,-8.2850000e-04,173.2164000,1.600000e-02,-1.600000e-02,0.1484,0.3026,-0.1484,4.51400,0.41100,-0.41100,2.9990e+02,3.420e+01,-3.420e+01,1.39,5.200e-01,-1.000e-01,441.0,,,8.98,10.12,-2.09,9.40,2,q1_q17_dr24_tce,5477.00,163.00,-151.00,4.571,0.026,-0.252,0.8150,0.3060,-0.0600,291.657780,48.009312,15.378
7234,4665571,K02393.02,,CANDIDATE,CANDIDATE,1.0000,0,0,0,0,0.766691517,1.2730000e-06,-1.2730000e-06,132.1966700,1.380000e-03,-1.380000e-03,0.3880,0.0530,-0.3880,1.26380,0.05070,-0.05070,2.4400e+02,1.010e+01,-1.010e+01,1.22,5.000e-02,-8.000e-02,1541.0,,,1334.22,188.87,-238.99,29.50,1,q1_q17_dr25_tce,4821.00,76.00,-76.00,4.529,0.060,-0.020,0.7880,0.0280,-0.0510,294.664700,39.783829,14.903
7235,7047363,K02432.02,,FALSE POSITIVE,FALSE POSITIVE,,1,0,0,0,93.627325100,,,222.5881699,,,,,,1.92000,,,,,,,,,,,,,,,,2,q1_q16_tce,,,,,,,,,,295.624690,42.545898,15.956
7236,7289317,K02450.02,,CANDIDATE,CANDIDATE,0.9820,0,0,0,0,7.193119300,7.9720000e-05,-7.9720000e-05,137.2737000,1.020000e-02,-1.020000e-02,0.2960,0.1620,-0.2960,2.93500,0.21300,-0.21300,1.2560e+02,1.330e+01,-1.330e+01,1.12,1.500e-01,-1.100e-01,916.0,,,166.30,60.02,-39.02,10.70,2,q1_q17_dr25_tce,5518.00,74.00,-83.00,4.400,0.100,-0.100,1.0080,0.1370,-0.0990,294.009460,42.880772,14.834
7237,9714358,K06073.01,,FALSE POSITIVE,FALSE POSITIVE,0.0000,0,1,0,0,6.474202359,7.0500000e-07,-7.0500000e-07,134.3950738,8.990000e-05,-8.990000e-05,0.4480,0.0040,-0.0060,3.35989,0.00583,-0.00583,2.0349e+05,2.060e+02,-2.060e+02,28.96,2.510e+00,-2.270e+00,717.0,,,62.47,20.51,-15.49,1284.00,1,q1_q17_dr25_tce,4947.00,148.00,-148.00,4.636,0.065,-0.035,0.6240,0.0540,-0.0490,293.540280,46.437279,14.998
7238,9851123,K06074.01,,FALSE POSITIVE,FALSE POSITIVE,0.0000,0,1,1,1,8.480304800,1.7600000e-05,-1.7600000e-05,135.8522800,1.700000e-03,-1.700000e-03,0.0270,0.1770,-0.0270,7.53480,0.05410,-0.05410,2.6729e+03,4.780e+01,-4.780e+01,4.13,9.600e-01,-3.800e-01,777.0,,,86.01,62.45,-23.26,70.10,1,q1_q17_dr25_tce,5478.00,180.00,-164.00,4.573,0.038,-0.142,0.8120,0.1880,-0.0750,298.794370,46.680771,15.736
7239,10026458,K06076.01,,FALSE POSITIVE,FALSE POSITIVE,0.0000,0,1,1,1,9.934437950,2.3310000e-05,-2.3310000e-05,132.8730700,1.970000e-03,-1.970000e-03,1.2640,6.5980,-0.1850,8.09800,0.10900,-0.10900,2.7500e+03,3.470e+01,-3.470e+01,35.54,7.730e+00,-3.310e+00,830.0,,,112.23,72.62,-32.45,92.80,1,q1_q17_dr25_tce,5763.00,154.00,-206.00,4.484,0.040,-0.160,0.9980,0.2170,-0.0930,297.259430,46.987629,15.777
7240,10139305,K06077.01,,FALSE POSITIVE,FALSE POSITIVE,0.0000,0,1,0,0,2.173552528,3.0920000e-06,-3.0920000e-06,132.3118000,1.180000e-03,-1.180000e-03,1.2970,6.8540,-0.8020,1.61070,0.06790,-0.06790,3.0260e+03,1.020e+02,-1.020e+02,23.51,1.660e+00,-1.500e+00,1025.0,,,260.75,79.82,-58.63,35.90,1,q1_q17_dr25_tce,5008.00,166.00,-151.00,4.663,0.058,-0.036,0.5940,0.0420,-0.0380,291.144010,47.185459,14.605
7241,7375348,K00266.02,,CANDIDATE,CANDIDATE,1.0000,0,0,0,0,47.743950900,3.3490000e-04,-3.3490000e-04,160.1590500,5.750000e-03,-5.750000e-03,0.9770,0.0140,-0.6920,2.99000,0.12900,-0.12900,9.6900e+01,7.300e+00,-7.300e+00,1.74,2.800e-01,-2.800e-01,575.0,,,25.84,11.59,-9.08,15.00,2,q1_q17_dr25_tce,5949.00,106.00,-118.00,4.272,0.120,-0.120,1.2920,0.2090,-0.2090,295.404330,42.981422,11.472
7242,1432789,K00992.02,,CANDIDATE,CANDIDATE,0.9610,0,0,0,0,4.578343670,6.3820000e-05,-6.3820000e-05,132.2982000,1.090000e-02,-1.090000e-02,0.2320,0.2300,-0.2320,3.98700,0.28900,-0.28900,1.4070e+02,1.360e+01,-1.360e+01,1.44,2.300e-01,-2.100e-01,1206.0,,,499.41,210.40,-153.04,11.40,2,q1_q17_dr25_tce,5782.00,78.00,-78.00,4.280,0.137,-0.112,1.2200,0.1960,-0.1760,291.499420,37.059280,15.214
7243,10288922,K06078.01,,FALSE POSITIVE,FALSE POSITIVE,0.0000,0,1,1,0,10.157715971,5.0720000e-06,-5.0720000e-06,139.4422750,3.960000e-04,-3.960000e-04,1.2680,1.8090,-0.2060,2.95260,0.02250,-0.02250,9.5201e+03,6.720e+01,-6.720e+01,42.27,1.308e+01,-4.070e+00,853.0,,,125.42,118.65,-38.51,168.00,1,q1_q17_dr25_tce,5993.00,193.00,-241.00,4.489,0.050,-0.212,0.9860,0.3050,-0.0950,297.158940,47.319191,15.589
7244,7974634,K06168.01,,FALSE POSITIVE,FALSE POSITIVE,,1,0,0,0,131.258668000,3.6520000e-03,-3.6520000e-03,182.3187000,2.280000e-02,-2.280000e-02,0.4901,0.4832,-0.2885,4.89000,0.63900,-0.63900,1.5300e+02,2.020e+01,-2.020e+01,1.59,1.090e+00,-2.300e-01,433.0,,,8.31,17.61,-3.02,8.50,2,q1_q16_tce,6443.00,153.00,-215.00,4.325,0.086,-0.373,1.2480,0.8550,-0.1820,296.586980,43.766918,12.236
7245,7974634,K06168.02,,FALSE POSITIVE,FALSE POSITIVE,,1,0,0,0,75.072964000,4.9140000e-03,-4.9140000e-03,147.1591000,3.730000e-02,-3.730000e-02,0.2602,0.1842,-0.2601,9.21000,1.90000,-1.90000,7.4300e+01,1.480e+01,-1.480e+01,1.09,7.400e-01,-1.600e-01,522.0,,,17.51,37.10,-6.36,7.10,3,q1_q16_tce,6443.00,153.00,-215.00,4.325,0.086,-0.373,1.2480,0.8550,-0.1820,296.586980,43.766918,12.236
7246,7974634,K06168.03,,FALSE POSITIVE,FALSE POSITIVE,,1,0,0,0,404.701927000,5.7110000e-03,-5.7110000e-03,196.6089000,1.160000e-02,-1.160000e-02,0.2598,0.1773,-0.2598,3.98100,0.45800,-0.45800,2.3620e+02,3.310e+01,-3.310e+01,1.94,1.330e+00,-2.800e-01,298.0,,,1.85,3.93,-0.67,7.80,4,q1_q16_tce,6443.00,153.00,-215.00,4.325,0.086,-0.373,1.2480,0.8550,-0.1820,296.586980,43.766918,12.236
7247,8043882,K06169.01,,FALSE POSITIVE,FALSE POSITIVE,0.0000,0,0,1,1,0.779609509,6.1320000e-06,-6.1320000e-06,131.6784300,7.140000e-03,-7.140000e-03,0.6760,0.0350,-0.5120,4.01300,0.20800,-0.20800,8.8500e+01,5.500e+00,-5.500e+00,1.07,3.200e-01,-1.800e-01,2097.0,,,4557.44,4164.03,-1777.12,21.00,1,q1_q17_dr25_tce,5899.00,184.00,-205.00,4.370,0.124,-0.201,1.0700,0.3220,-0.1730,296.711400,43.858150,15.211
7248,8058507,K06170.01,,FALSE POSITIVE,FALSE POSITIVE,,1,0,0,0,15.805296280,,,135.9561178,,,,,,1.56000,,,,,,,,,,,,,,,,2,q1_q16_tce,,,,,,,,,,300.292690,43.811508,13.148
7249,8095099,K06171.01,,FALSE POSITIVE,FALSE POSITIVE,0.0000,0,1,0,0,2.103239235,1.3500000e-07,-1.3500000e-07,132.8681395,5.240000e-05,-5.240000e-05,0.6200,0.0120,-0.0140,7.08365,0.00326,-0.00326,3.1493e+05,9.110e+01,-9.110e+01,64.15,2.015e+01,-6.710e+00,1470.0,,,1100.91,1012.28,-329.01,3069.40,1,q1_q17_dr25_tce,6074.00,163.00,-200.00,4.466,0.067,-0.202,0.9650,0.3030,-0.1010,290.910580,43.929470,14.169
7250,8163784,K06172.01,,CANDIDATE,CANDIDATE,,0,0,0,0,31.813489200,3.0230000e-04,-3.0230000e-04,137.8233100,7.710000e-03,-7.710000e-03,0.2316,0.3380,-0.2316,1.42200,0.35300,-0.35300,2.3420e+02,7.300e+01,-7.300e+01,1.18,4.400e-01,-9.000e-02,496.0,,,14.31,16.65,-3.67,5.20,2,q1_q16_tce,5505.00,197.00,-179.00,4.586,0.031,-0.221,0.7760,0.2880,-0.0610,291.066990,44.071201,14.458
7251,2305866,K02610.02,,CANDIDATE,CANDIDATE,0.4410,0,0,0,0,115.230655000,2.0970000e-03,-2.0970000e-03,176.6440000,1.340000e-02,-1.340000e-02,0.9500,0.0020,-0.6590,17.73500,0.37300,-0.37300,1.6440e+02,8.000e+00,-8.000e+00,4.02,9.600e-01,-1.920e+00,632.0,,,37.80,26.92,-28.99,21.30,2,q1_q17_dr25_tce,6585.00,182.00,-250.00,3.813,0.448,-0.112,2.5170,0.6020,-1.2040,292.093320,37.613480,12.605
7252,12206313,K02714.03,Kepler-401 d,CONFIRMED,CANDIDATE,0.9550,0,0,0,0,184.262741000,2.6940000e-03,-2.6940000e-03,255.2287000,1.120000e-02,-1.120000e-02,0.8850,0.0230,-0.6320,11.94000,0.23300,-0.23300,2.9220e+02,1.420e+01,-1.420e+01,2.57,4.400e-01,-4.300e-01,380.0,,,4.93,2.34,-1.80,21.10,3,q1_q17_dr25_tce,6115.00,122.00,-135.00,4.249,0.137,-0.112,1.2910,0.2160,-0.2160,290.082760,50.863480,13.312
7253,6436029,K02828.02,,CANDIDATE,CANDIDATE,0.7670,0,0,0,0,505.462916000,8.2920000e-03,-8.2920000e-03,458.0775500,8.630000e-03,-8.630000e-03,0.4890,0.0100,-0.4500,10.12700,0.38100,-0.38100,1.7240e+03,1.040e+02,-1.040e+02,3.46,2.800e-01,-3.500e-01,181.0,,,0.25,0.09,-0.07,17.60,2,q1_q17_dr25_tce,4817.00,184.00,-167.00,4.499,0.095,-0.114,0.8330,0.0680,-0.0840,289.538820,41.892818,15.768
7254,7767162,K02869.02,,CANDIDATE,CANDIDATE,,0,0,0,0,274.743032000,8.6180000e-03,-8.6180000e-03,300.5018000,1.640000e-02,-1.640000e-02,0.4073,0.0684,-0.4073,9.13700,0.69800,-0.69800,3.0900e+02,2.840e+01,-2.840e+01,2.16,1.340e+00,-3.200e-01,330.0,,,2.82,5.35,-1.04,12.20,2,q1_q16_tce,6277.00,158.00,-206.00,4.306,0.116,-0.330,1.2070,0.7490,-0.1810,296.293550,43.403271,13.749
7255,9478990,K00423.02,,FALSE POSITIVE,FALSE POSITIVE,,1,0,0,0,360.477635000,9.8770000e-03,-9.8770000e-03,253.9112000,2.010000e-02,-2.010000e-02,72.8480,28.1200,-10.4500,4.33200,0.95300,-0.95300,6.0400e+02,1.170e+02,-1.170e+02,11943.80,2.456e+03,-2.393e+03,339.0,,,3.11,1.79,-1.28,7.30,2,q1_q16_tce,6266.00,126.00,-134.00,4.101,0.161,-0.120,1.5220,0.3130,-0.3050,296.960270,46.034302,14.327
7256,10793172,K02871.03,,FALSE POSITIVE,FALSE POSITIVE,,1,0,0,0,18.081142900,5.3160000e-04,-5.3160000e-04,140.5222000,3.320000e-02,-3.320000e-02,0.6214,0.0392,-0.4841,4.44000,1.00000,-1.00000,7.1200e+01,2.160e+01,-2.160e+01,0.75,3.300e-01,-5.000e-02,638.0,,,39.18,50.79,-9.05,5.70,3,q1_q17_dr24_tce,5693.00,163.00,-147.00,4.551,0.028,-0.302,0.8560,0.3700,-0.0650,290.201630,48.185822,14.754
7257,10122538,K02926.03,Kepler-1388 d,CONFIRMED,CANDIDATE,1.0000,0,0,0,0,20.956998500,1.7930000e-04,-1.7930000e-04,139.0766400,9.680000e-03,-9.680000e-03,0.1120,0.3340,-0.1120,3.49300,0.13400,-0.13400,1.9179e+03,9.090e+01,-9.090e+01,2.38,1.500e-01,-1.100e-01,363.0,,,4.11,0.87,-0.69,22.70,3,q1_q17_dr25_tce,3891.00,70.00,-86.00,4.718,0.018,-0.042,0.5640,0.0350,-0.0260,283.336060,47.174541,16.279
7258,10710755,K06080.01,,FALSE POSITIVE,FALSE POSITIVE,0.0000,0,1,0,0,4.816610903,7.3600000e-07,-7.3600000e-07,133.7636360,1.280000e-04,-1.280000e-04,0.4310,0.0250,-0.0180,3.82353,0.00743,-0.00743,8.0226e+04,1.340e+02,-1.340e+02,26.15,6.860e+00,-3.180e+00,1050.0,,,287.30,217.25,-88.86,759.10,1,q1_q17_dr25_tce,5796.00,143.00,-158.00,4.472,0.091,-0.182,0.9040,0.2370,-0.1100,281.936400,48.010059,14.843
7259,10727668,K06081.01,,FALSE POSITIVE,FALSE POSITIVE,0.0000,0,1,0,0,2.305903447,,,131.7928588,,,0.0030,,,3.38280,,,2.3269e+04,,,39.04,1.348e+01,-1.347e+01,3147.0,,,23214.46,23702.76,-15042.03,511.70,1,q1_q17_dr25_tce,9696.00,272.00,-467.00,4.033,0.215,-0.194,2.4920,0.8600,-0.8600,290.439940,48.045101,16.321
7260,10735519,K06082.01,,FALSE POSITIVE,FALSE POSITIVE,0.0000,0,1,0,0,1.814128042,1.0370000e-06,-1.0370000e-06,131.9388710,4.730000e-04,-4.730000e-04,1.2460,0.9630,-0.1150,3.06460,0.02500,-0.02500,2.0636e+03,1.480e+01,-1.480e+01,426.98,8.762e+01,-1.627e+02,3773.0,,,47891.79,23891.36,-31232.44,163.90,1,q1_q17_dr25_tce,4822.00,38.00,-115.00,2.662,0.174,-0.116,12.8990,2.6470,-4.9150,293.557370,48.041740,11.780
7261,8197767,K07871.01,,FALSE POSITIVE,FALSE POSITIVE,0.0000,1,0,1,0,1.247121237,5.2890000e-06,-5.2890000e-06,132.3946100,1.960000e-03,-1.960000e-03,1.2230,0.4130,-0.1440,9.36300,0.21300,-0.21300,9.6670e+02,1.290e+01,-1.290e+01,18.39,1.640e+00,-1.640e+00,1237.0,,,552.82,184.86,-141.69,92.10,2,q1_q17_dr25_tce,4852.00,145.00,-131.00,4.613,0.065,-0.035,0.6510,0.0580,-0.0580,301.039640,44.036179,13.704
7262,10935310,K06083.01,,FALSE POSITIVE,FALSE POSITIVE,0.0000,0,1,0,0,4.128795314,3.0200000e-07,-3.0200000e-07,132.5796644,5.850000e-05,-5.850000e-05,0.7390,0.2560,-0.0090,2.77100,0.00465,-0.00465,1.5487e+05,1.130e+02,-1.130e+02,52.00,1.402e+01,-1.148e+01,1244.0,,,565.91,448.47,-257.72,1041.80,1,q1_q17_dr25_tce,5949.00,160.00,-160.00,4.311,0.209,-0.190,1.0830,0.2920,-0.2390,297.915920,48.332050,13.100
7263,11021252,K06084.01,,FALSE POSITIVE,FALSE POSITIVE,0.0000,0,1,0,0,3.269176601,5.1600000e-07,-5.1600000e-07,133.2578250,1.260000e-04,-1.260000e-04,2.1950,0.7990,-0.8480,2.72330,0.01620,-0.01620,5.9095e+04,1.280e+02,-1.280e+02,164.61,5.400e+01,-1.801e+01,1349.0,,,781.57,750.06,-238.32,515.50,1,q1_q17_dr25_tce,6372.00,170.00,-207.00,4.453,0.056,-0.210,1.0150,0.3330,-0.1110,287.356080,48.543091,14.966
7264,11408935,K06086.01,,FALSE POSITIVE,FALSE POSITIVE,0.0000,0,1,0,0,15.995094054,1.8240000e-06,-1.8240000e-06,147.3054070,9.580000e-05,-9.580000e-05,0.2720,0.0190,-0.0170,8.45037,0.00572,-0.00572,4.4315e+04,2.640e+01,-2.640e+01,17.09,4.630e+00,-1.230e+00,676.0,,,49.26,39.22,-11.71,2019.70,1,q1_q17_dr25_tce,5899.00,159.00,-177.00,4.574,0.034,-0.195,0.8050,0.2180,-0.0580,294.780790,49.273621,15.284
7265,8165617,K06173.01,,FALSE POSITIVE,FALSE POSITIVE,,1,0,0,0,214.013044000,7.1680000e-03,-7.1680000e-03,179.8607000,2.330000e-02,-2.330000e-02,0.1289,0.3159,-0.1289,7.87000,2.20000,-2.20000,1.2320e+02,1.870e+01,-1.870e+01,1.54,9.200e-01,-2.600e-01,397.0,,,5.89,10.57,-2.33,9.00,5,q1_q16_tce,6698.00,151.00,-216.00,4.267,0.102,-0.339,1.3700,0.8210,-0.2320,291.742310,44.074871,12.445
7266,8181016,K06174.01,,FALSE POSITIVE,FALSE POSITIVE,,0,1,1,0,0.709142320,3.7600000e-07,-3.7600000e-07,132.1761000,2.950000e-04,-2.950000e-04,1.0094,0.0618,-0.1098,1.93600,0.22000,-0.22000,2.5600e+03,1.510e+02,-1.510e+02,7.27,1.320e+00,-6.900e-01,1685.0,,,1903.76,1105.26,-513.99,2.60,1,q1_q17_dr24_tce,5350.00,168.00,-151.00,4.578,0.071,-0.135,0.6930,0.1260,-0.0660,296.784300,44.069012,14.677
7267,8197761,K06175.01,,FALSE POSITIVE,FALSE POSITIVE,0.0000,0,1,0,0,9.868695890,5.4670000e-05,-5.4670000e-05,138.9958400,4.420000e-03,-4.420000e-03,0.9840,0.0030,-0.6970,2.87600,0.27000,-0.27000,5.9150e+03,4.340e+02,-4.340e+02,21.68,6.350e+00,-5.770e+00,1332.0,,,743.72,663.81,-406.45,15.80,1,q1_q17_dr25_tce,7301.00,230.00,-307.00,4.110,0.204,-0.167,1.7170,0.5030,-0.4570,301.038760,44.071098,10.656
7268,4840513,K01541.02,,FALSE POSITIVE,FALSE POSITIVE,,1,0,0,0,66.344551220,,,153.3142060,,,,,,3.64000,,,,,,,,,,,,,,,,3,q1_q16_tce,,,,,,,,,,293.195070,39.907280,15.189
7269,8223568,K06176.01,,CANDIDATE,CANDIDATE,,0,0,0,0,143.096880000,1.5270000e-02,-1.5270000e-02,143.7010000,1.570000e-01,-1.570000e-01,0.1129,0.3352,-0.1128,17.74000,6.50000,-6.50000,1.2500e+02,2.140e+01,-2.140e+01,1.48,3.900e-01,-1.300e-01,441.0,,,8.94,6.25,-2.19,6.40,2,q1_q16_tce,6725.00,110.00,-159.00,4.335,0.037,-0.188,1.3100,0.3430,-0.1160,287.985600,44.147202,11.538
7270,8223568,K06176.02,,FALSE POSITIVE,FALSE POSITIVE,,1,0,0,0,73.456757300,,,172.3647107,,,,,,2.74000,,,,,,,,,,,,,,,,3,q1_q16_tce,,,,,,,,,,287.985600,44.147202,11.538
7271,8265156,K06177.01,,FALSE POSITIVE,FALSE POSITIVE,0.0010,0,0,1,0,0.978362973,4.3240000e-06,-4.3240000e-06,132.1260000,3.890000e-03,-3.890000e-03,0.2670,0.1900,-0.2670,1.20600,0.12700,-0.12700,3.7100e+01,2.900e+00,-2.900e+00,1.04,3.300e-01,-2.200e-01,2772.0,,,13948.03,12934.31,-6596.83,15.90,2,q1_q17_dr25_tce,7193.00,200.00,-300.00,4.156,0.128,-0.192,1.6710,0.5250,-0.3500,301.134280,44.100128,12.340
7272,8355178,K06178.01,,CANDIDATE,CANDIDATE,0.9890,0,0,0,0,13.032730100,1.5000000e-04,-1.5000000e-04,133.6778000,1.010000e-02,-1.010000e-02,0.6700,0.2840,-0.4570,3.90200,0.31300,-0.31300,2.4230e+02,2.500e+01,-2.500e+01,1.64,4.600e-01,-2.000e-01,809.0,,,101.40,84.06,-34.19,11.10,1,q1_q17_dr25_tce,6122.00,168.00,-232.00,4.471,0.050,-0.200,0.9960,0.2800,-0.1200,287.531770,44.308010,15.863
7273,4770174,K02971.02,,CANDIDATE,CANDIDATE,0.9990,0,0,0,0,31.953367900,6.6670000e-04,-6.6670000e-04,159.6588000,1.810000e-02,-1.810000e-02,0.7730,0.0580,-0.5330,8.42400,0.48600,-0.48600,1.0610e+02,7.600e+00,-7.600e+00,1.65,2.900e-01,-2.100e-01,725.0,,,65.15,31.66,-19.85,15.20,2,q1_q17_dr25_tce,6313.00,113.00,-139.00,4.228,0.084,-0.126,1.4670,0.2590,-0.1880,297.393710,39.829041,12.742
7274,9838804,K03028.02,,CANDIDATE,CANDIDATE,,0,0,0,0,458.167540000,3.1530000e-02,-3.1530000e-02,462.2522000,5.040000e-02,-5.040000e-02,0.1573,0.3167,-0.1569,6.97000,2.80000,-2.80000,6.8300e+02,1.820e+02,-1.820e+02,2.11,8.300e-01,-1.600e-01,208.0,,,0.45,0.55,-0.11,5.60,2,q1_q16_tce,5536.00,195.00,-162.00,4.566,0.029,-0.263,0.8160,0.3240,-0.0620,294.962460,46.676289,15.983
7275,9020114,K03088.02,,CANDIDATE,CANDIDATE,,0,0,0,0,67.876660500,7.9650000e-04,-7.9650000e-04,187.3703000,1.050000e-02,-1.050000e-02,0.0011,0.4505,-0.0010,2.59800,0.22900,-0.22900,3.8920e+02,4.540e+01,-4.540e+01,1.92,8.200e-01,-1.700e-01,455.0,,,10.11,12.69,-2.79,9.10,2,q1_q16_tce,6018.00,158.00,-194.00,4.485,0.044,-0.302,0.9750,0.4150,-0.0890,291.164370,45.318291,14.953
7276,6609270,K03090.02,,FALSE POSITIVE,FALSE POSITIVE,0.0220,0,0,1,0,15.036777600,1.6120000e-04,-1.6120000e-04,133.6558000,1.020000e-02,-1.020000e-02,1.1150,70.9200,-5.3330,3.04200,0.34600,-0.34600,5.0350e+02,5.610e+01,-5.610e+01,8.02,4.500e-01,-5.800e-01,381.0,,,4.96,1.04,-0.99,10.80,2,q1_q17_dr25_tce,3729.00,75.00,-67.00,4.733,0.039,-0.021,0.5140,0.0290,-0.0370,292.737640,42.014832,15.665
7277,7983117,K03214.02,,CANDIDATE,CANDIDATE,1.0000,0,0,0,0,25.090157400,4.8220000e-04,-4.8220000e-04,138.4988000,1.620000e-02,-1.620000e-02,0.9350,0.0430,-0.6510,8.27300,0.54500,-0.54500,3.7700e+01,3.400e+00,-3.400e+00,1.35,2.700e-01,-4.300e-01,852.0,,,124.33,76.20,-73.41,12.10,2,q1_q17_dr25_tce,6033.00,183.00,-183.00,3.985,0.266,-0.114,1.7880,0.3510,-0.5710,298.673770,43.795479,12.014
7278,11125797,K03371.02,Kepler-1482 b,CONFIRMED,CANDIDATE,1.0000,0,0,0,0,12.253843480,8.8370000e-05,-8.8370000e-05,143.7054900,5.110000e-03,-5.110000e-03,0.4410,0.5290,-0.2440,2.37300,0.19800,-0.19800,1.4770e+02,1.430e+01,-1.430e+01,1.00,1.300e-01,-3.000e-02,678.0,,,50.05,16.42,-5.98,12.30,2,q1_q17_dr25_tce,5413.00,73.00,-81.00,4.579,0.011,-0.105,0.8200,0.1000,-0.0270,285.313810,48.725250,13.747
7279,9966219,K03401.02,,CANDIDATE,CANDIDATE,,0,0,0,0,326.670800000,1.6080000e-02,-1.6080000e-02,327.7185000,3.850000e-02,-3.850000e-02,0.6133,0.0169,-0.4804,10.84000,1.50000,-1.50000,3.8640e+02,3.960e+01,-3.960e+01,2.20,7.500e-01,-3.500e-01,283.0,,,1.52,1.54,-0.57,10.80,1,q1_q16_tce,5896.00,162.00,-169.00,4.343,0.138,-0.232,1.0720,0.3680,-0.1720,297.478390,46.815750,14.388
7280,11974540,K00129.02,,FALSE POSITIVE,FALSE POSITIVE,,1,0,0,0,143.211093620,,,221.7556468,,,,,,2.71000,,,,,,,,,,,,,,,,2,q1_q16_tce,,,,,,,,,,297.009430,50.372318,13.224
7281,7219825,K00238.03,,CANDIDATE,CANDIDATE,0.7840,0,0,0,0,362.978280000,1.5990000e-02,-1.5990000e-02,256.5011000,2.580000e-02,-2.580000e-02,0.0550,0.4090,-0.0550,14.08300,0.74400,-0.74400,2.6060e+02,2.050e+01,-2.050e+01,1.96,3.300e-01,-2.900e-01,296.0,,,1.81,0.87,-0.60,13.00,2,q1_q17_dr25_tce,6086.00,133.00,-133.00,4.274,0.137,-0.112,1.2160,0.1990,-0.1790,296.998630,42.781960,14.061
7282,11519226,K06087.01,,FALSE POSITIVE,FALSE POSITIVE,0.0000,0,1,0,0,22.161271780,4.7720000e-05,-4.7720000e-05,148.4637800,1.810000e-03,-1.810000e-03,1.2770,6.8140,-0.4100,3.69900,0.08680,-0.08680,5.2590e+03,1.100e+02,-1.100e+02,69.44,1.476e+01,-2.213e+01,877.0,,,139.67,89.23,-80.49,56.60,1,q1_q17_dr25_tce,5893.00,162.00,-133.00,3.945,0.315,-0.105,1.7450,0.3710,-0.5560,297.070680,49.442451,13.034
7283,1718189,K00993.03,,FALSE POSITIVE,FALSE POSITIVE,0.1490,0,1,0,0,86.723653000,1.7580000e-03,-1.7580000e-03,195.3511000,1.680000e-02,-1.680000e-02,0.6620,0.3100,-0.4660,4.85200,0.50600,-0.50600,2.4100e+02,2.800e+01,-2.800e+01,1.43,3.900e-01,-1.200e-01,391.0,,,5.50,4.24,-1.42,9.40,3,q1_q17_dr25_tce,5830.00,146.00,-161.00,4.540,0.044,-0.187,0.8760,0.2340,-0.0780,290.728670,37.252651,14.246
7284,11756821,K06088.01,,FALSE POSITIVE,FALSE POSITIVE,0.0000,0,1,0,0,2.745121487,2.6650000e-06,-2.6650000e-06,133.6192760,8.290000e-04,-8.290000e-04,0.8610,0.0720,-0.0250,2.98450,0.07690,-0.07690,1.4608e+04,2.860e+02,-2.860e+02,9.55,1.000e+00,-5.800e-01,893.0,,,150.25,60.52,-35.50,86.70,1,q1_q17_dr25_tce,4608.00,163.00,-163.00,4.648,0.024,-0.056,0.6580,0.0690,-0.0400,288.229130,49.904129,15.187
7285,11769146,K06089.01,,FALSE POSITIVE,FALSE POSITIVE,0.0000,0,1,0,0,282.965653800,1.2850000e-04,-1.2850000e-04,193.5027580,3.230000e-04,-3.230000e-04,0.4260,0.0070,-0.0070,21.42590,0.02220,-0.02220,4.6786e+05,4.180e+02,-4.180e+02,71.61,2.240e+01,-7.470e+00,280.0,,,1.45,1.33,-0.44,1365.90,1,q1_q17_dr25_tce,5999.00,162.00,-217.00,4.494,0.054,-0.216,0.9590,0.3000,-0.1000,294.819210,49.963631,13.974
7286,8263187,K07878.01,,CANDIDATE,CANDIDATE,0.1750,0,0,0,0,36.566324000,1.1420000e-03,-1.1420000e-03,141.4473000,3.130000e-02,-3.130000e-02,0.0180,0.4130,-0.0180,4.83200,0.48800,-0.48800,2.9430e+03,4.250e+02,-4.250e+02,15.41,5.920e+00,-1.099e+01,828.0,,,110.92,136.29,-103.02,8.10,1,q1_q17_dr25_tce,5294.00,204.00,-186.00,3.599,0.944,-0.295,2.8840,1.1080,-2.0570,300.638090,44.156269,17.195
7287,11826400,K06091.01,,FALSE POSITIVE,FALSE POSITIVE,0.0000,0,1,0,0,5.889372452,1.9200000e-07,-1.9200000e-07,134.7796850,2.620000e-05,-2.620000e-05,0.4030,0.0210,-0.0110,4.94674,0.00088,-0.00088,5.6841e+04,1.660e+01,-1.660e+01,50.78,1.302e+01,-1.736e+01,1695.0,,,1951.40,1485.07,-1238.46,4146.70,1,q1_q17_dr25_tce,7249.00,201.00,-302.00,3.993,0.266,-0.143,2.0710,0.5310,-0.7080,297.513430,50.074810,12.472
7288,12010534,K06092.01,,FALSE POSITIVE,FALSE POSITIVE,0.0000,0,1,0,0,2.581595167,1.0640000e-06,-1.0640000e-06,132.9474140,3.490000e-04,-3.490000e-04,0.1240,0.0740,-0.0490,4.91530,0.02370,-0.02370,1.7113e+05,6.140e+02,-6.140e+02,40.94,1.159e+01,-6.250e+00,1328.0,,,735.27,609.16,-267.06,338.20,1,q1_q17_dr25_tce,5720.00,152.00,-169.00,4.407,0.120,-0.180,0.9890,0.2800,-0.1510,290.026820,50.455391,15.350
7289,2019477,K06093.01,,FALSE POSITIVE,FALSE POSITIVE,0.2830,0,0,1,0,20.573611300,8.8220000e-04,-8.8220000e-04,149.1939000,3.280000e-02,-3.280000e-02,0.0320,0.4140,-0.0320,11.22200,0.93900,-0.93900,7.6000e+01,6.200e+00,-6.200e+00,3.86,3.500e-01,-1.420e+00,1197.0,,,484.82,131.14,-301.79,12.30,1,q1_q17_dr25_tce,5440.00,87.00,-76.00,3.404,0.289,-0.051,4.5240,0.4160,-1.6650,292.551940,37.421211,13.330
7290,7116117,K03163.01,,FALSE POSITIVE,FALSE POSITIVE,,0,0,0,1,0.566801886,5.4740000e-06,-5.4740000e-06,131.8258000,1.010000e-02,-1.010000e-02,0.3733,0.1400,-0.3732,5.73300,0.63000,-0.63000,5.9000e+00,9.000e-01,-9.000e-01,0.54,3.100e-01,-1.000e-01,3862.0,,,52564.19,94611.36,-22419.93,16.30,1,q1_q17_dr24_tce,7589.00,230.00,-303.00,4.023,0.114,-0.340,2.1690,1.2500,-0.3870,291.269900,42.692009,10.238
7291,7868092,K03169.01,,FALSE POSITIVE,FALSE POSITIVE,,1,0,0,0,180.718090000,2.9890000e-02,-2.9890000e-02,222.2962000,4.610000e-02,-4.610000e-02,0.8856,0.0870,-0.6346,10.85000,1.80000,-1.80000,3.1200e+01,5.200e+00,-5.200e+00,1.28,8.100e-01,-2.000e-01,546.0,,,20.98,41.75,-8.31,8.60,,,7608.00,223.00,-312.00,4.080,0.093,-0.367,1.9910,1.2580,-0.3090,280.747500,43.601841,10.505
7292,3337061,K03172.01,,FALSE POSITIVE,FALSE POSITIVE,0.0000,0,1,0,0,6.558370600,4.3460000e-05,-4.3460000e-05,133.8303100,5.530000e-03,-5.530000e-03,1.2130,28.0000,-1.1800,3.28600,0.21700,-0.21700,1.3600e+02,8.500e+00,-8.500e+00,39.06,6.740e+00,-8.240e+00,1283.0,,,639.83,290.04,-260.45,18.10,1,q1_q17_dr25_tce,6144.00,86.00,-74.00,4.083,0.168,-0.098,1.6060,0.2770,-0.3390,290.033140,38.426861,10.609
7293,9826171,K03173.01,,FALSE POSITIVE,FALSE POSITIVE,,1,0,0,0,434.391480000,1.0740000e-02,-1.0740000e-02,131.4436000,2.560000e-02,-2.560000e-02,0.9936,0.2663,-0.0845,13.02000,1.30000,-1.30000,1.2030e+02,1.220e+01,-1.220e+01,1.59,6.500e-01,-1.500e-01,236.0,,,0.73,0.88,-0.18,10.40,,,5971.00,147.00,-150.00,4.514,0.048,-0.289,0.8680,0.3590,-0.0780,289.734680,46.645340,10.614
7294,3936658,K03180.01,,FALSE POSITIVE,FALSE POSITIVE,,1,0,0,0,71.157705400,,,178.2961100,,,,,,4.85000,,,,,,,,,,,,,,,,,,,,,,,,,,,285.547120,39.063290,10.923
7295,4577484,K03181.01,,FALSE POSITIVE,FALSE POSITIVE,,1,0,0,0,73.264170000,1.2600000e-02,-1.2600000e-02,173.8331000,4.680000e-02,-4.680000e-02,0.4719,0.0639,-0.4709,5.54000,2.60000,-2.60000,3.8400e+01,1.950e+01,-1.950e+01,1.32,7.000e-02,-8.000e-02,584.0,,,27.47,4.64,-4.57,3.00,,,5424.00,74.00,-74.00,3.832,0.018,-0.020,2.1100,0.1100,-0.1300,295.682800,39.618729,11.026
7296,4735826,K03184.02,,FALSE POSITIVE,FALSE POSITIVE,,1,0,0,0,11.322010400,5.6690000e-04,-5.6690000e-04,142.7143000,3.220000e-02,-3.220000e-02,0.1749,0.2837,-0.1749,5.86000,0.84000,-0.84000,1.7100e+01,2.100e+00,-2.100e+00,0.91,3.000e-01,-4.200e-01,1215.0,,,515.77,523.80,-386.82,8.10,,,6003.00,202.00,-199.00,3.825,0.436,-0.198,2.1930,0.7210,-1.0200,288.395290,39.872627,11.158
7297,5005618,K03186.01,,FALSE POSITIVE,FALSE POSITIVE,,0,1,0,0,681.936310200,2.9930000e-05,-2.9930000e-05,289.0653808,2.110000e-05,-2.110000e-05,0.8280,0.0131,-0.0157,7.94066,0.00192,-0.00192,1.8653e+05,3.950e+01,-3.950e+01,61.52,2.758e+01,-6.070e+00,220.0,,,0.56,0.72,-0.16,5388.30,,,6095.00,136.00,-177.00,4.427,0.059,-0.295,1.0350,0.4640,-0.1020,290.127080,40.159470,11.300
7298,4663658,K03187.01,,FALSE POSITIVE,FALSE POSITIVE,0.0000,1,0,0,0,0.705891195,3.8040000e-06,-3.8040000e-06,131.6206200,4.160000e-03,-4.160000e-03,0.5110,0.4420,-0.5110,5.28100,0.29800,-0.29800,1.5000e+01,6.200e+00,-6.200e+00,1.00,3.400e-01,-3.400e-01,4884.0,,,134291.26,135507.26,-85924.08,32.90,1,q1_q17_dr25_tce,10346.00,286.00,-464.00,4.077,0.242,-0.198,2.4490,0.8380,-0.8380,294.207820,39.789291,11.321
7299,10467815,K03191.01,,FALSE POSITIVE,FALSE POSITIVE,,1,0,0,0,377.889090000,1.2130000e-02,-1.2130000e-02,143.4845000,2.300000e-02,-2.300000e-02,0.1164,0.3290,-0.1163,9.25900,0.71600,-0.71600,9.2800e+01,1.010e+01,-1.010e+01,3.17,1.330e+00,-1.010e+00,606.0,,,31.87,40.38,-19.58,11.60,,,9030.00,272.00,-412.00,3.822,0.243,-0.199,3.2180,1.3480,-1.0240,290.816040,47.682892,11.471
7300,10847721,K03192.01,,FALSE POSITIVE,FALSE POSITIVE,,1,0,0,0,199.216380000,1.8720000e-02,-1.8720000e-02,293.6619000,4.040000e-02,-4.040000e-02,0.5000,0.0767,-0.4090,9.23000,1.80000,-1.80000,6.2500e+01,1.100e+01,-1.100e+01,2.36,9.800e-01,-6.600e-01,706.0,,,58.73,73.33,-33.29,10.60,,,8914.00,260.00,-399.00,3.896,0.217,-0.218,2.8670,1.1920,-0.7990,285.136570,48.257301,11.472
7301,10118942,K03195.01,,FALSE POSITIVE,FALSE POSITIVE,,1,0,0,0,121.707470000,1.1820000e-02,-1.1820000e-02,229.2617000,6.960000e-02,-6.960000e-02,0.9778,0.0224,-0.6789,1.37000,2.40000,-2.40000,9.8200e+01,1.770e+01,-1.770e+01,3.02,1.100e-01,-1.100e-01,580.0,,,26.67,3.28,-2.78,6.90,,,6362.00,61.00,-61.00,3.858,0.016,-0.015,2.2700,0.0900,-0.0800,281.122890,47.164890,11.496
7302,9471539,K03198.01,,FALSE POSITIVE,FALSE POSITIVE,,1,0,0,0,273.528359000,4.6090000e-03,-4.6090000e-03,246.3207000,1.160000e-02,-1.160000e-02,1.3630,0.3110,-0.3229,22.34600,0.63900,-0.63900,4.0850e+02,1.150e+01,-1.150e+01,115.40,3.293e+01,-3.404e+01,557.0,,,22.75,19.52,-13.13,32.10,,,7682.00,229.00,-305.00,3.838,0.235,-0.176,2.7830,0.7940,-0.8210,294.418330,46.038712,11.575
7303,5482603,K03199.01,,FALSE POSITIVE,FALSE POSITIVE,0.0000,0,0,1,0,3.882589050,3.8130000e-05,-3.8130000e-05,134.8211100,6.810000e-03,-6.810000e-03,0.5530,0.0040,-0.4780,2.74100,0.23200,-0.23200,5.7800e+01,5.100e+00,-5.100e+00,0.78,0.000e+00,0.000e+00,1158.0,,,426.41,0.00,0.00,13.20,1,q1_q17_dr25_tce,5780.00,,,4.438,,,1.0000,,,299.873570,40.607719,11.706
7304,2305819,K03201.01,,FALSE POSITIVE,FALSE POSITIVE,,1,0,0,0,135.571860000,1.3220000e-02,-1.3220000e-02,245.3504000,5.170000e-02,-5.170000e-02,0.2687,0.2103,-0.2687,9.94000,1.60000,-1.60000,4.1200e+01,8.500e+00,-8.500e+00,0.83,3.300e-01,-2.700e-01,439.0,,,8.77,10.26,-5.15,5.70,,,6070.00,167.00,-149.00,4.117,0.347,-0.258,1.2770,0.5050,-0.4140,292.080470,37.674610,11.766
7305,9518710,K03207.01,,FALSE POSITIVE,FALSE POSITIVE,0.0000,1,0,0,0,0.954388314,3.9670000e-06,-3.9670000e-06,132.4453700,3.260000e-03,-3.260000e-03,0.7370,0.2170,-0.6870,6.26000,1.90000,-1.90000,5.7200e+01,6.700e+00,-6.700e+00,2.27,3.800e-01,-7.100e-01,3406.0,,,31694.26,15870.19,-18758.80,56.30,1,q1_q17_dr25_tce,7056.00,169.00,-253.00,3.813,0.259,-0.111,2.7850,0.4690,-0.8710,288.238620,46.118061,11.872
7306,10284575,K03210.01,,FALSE POSITIVE,FALSE POSITIVE,,1,0,0,0,173.069290000,1.3210000e-02,-1.3210000e-02,221.2582000,2.160000e-02,-2.160000e-02,1.1262,0.4818,-0.1481,12.84000,2.00000,-2.00000,5.7670e+02,6.370e+01,-6.370e+01,30.29,1.781e+01,-6.160e+00,518.0,,,17.08,31.46,-7.97,19.90,,,7296.00,221.00,-310.00,4.103,0.124,-0.338,1.8180,1.0690,-0.3700,295.831940,47.393810,11.943
7307,3342952,K03215.01,,FALSE POSITIVE,FALSE POSITIVE,0.0050,0,0,1,0,1.039046871,8.4110000e-06,-8.4110000e-06,131.5427200,6.930000e-03,-6.930000e-03,0.0960,0.3680,-0.0960,1.68900,0.20700,-0.20700,2.4400e+01,3.200e+00,-3.200e+00,0.48,1.000e-01,-7.000e-02,1774.0,,,2348.45,1421.05,-768.84,9.30,1,q1_q17_dr25_tce,5689.00,152.00,-152.00,4.422,0.104,-0.138,0.9760,0.1970,-0.1310,291.650180,38.409370,12.023
7308,5307990,K03228.01,,FALSE POSITIVE,FALSE POSITIVE,0.0010,0,0,1,0,0.987625130,3.8500000e-06,-3.8500000e-06,131.9721200,2.940000e-03,-2.940000e-03,0.5470,0.4150,-0.3530,1.12700,0.10100,-0.10100,2.8600e+01,2.300e+00,-2.300e+00,1.14,4.200e-01,-2.800e-01,3728.0,,,45704.50,51313.06,-24322.84,14.80,1,q1_q17_dr25_tce,9456.00,301.00,-451.00,4.172,0.136,-0.204,2.0220,0.7450,-0.4970,299.436000,40.477852,12.234
7309,2142501,K03233.01,,FALSE POSITIVE,FALSE POSITIVE,,1,0,0,0,113.070757400,,,171.7050000,,,,,,9.03000,,,,,,,,,,,,,,,,,,,,,,,,,,,286.619020,37.504044,12.267
7310,2713018,K03235.01,,FALSE POSITIVE,FALSE POSITIVE,,1,0,0,0,66.713573000,1.9300000e-03,-1.9300000e-03,170.0750000,1.600000e-02,-1.600000e-02,0.4916,0.0689,-0.4211,4.48700,0.64400,-0.64400,6.3900e+01,1.150e+01,-1.150e+01,0.98,4.200e-01,-1.200e-01,555.0,,,22.47,27.75,-7.14,6.70,,,6745.00,138.00,-219.00,4.361,0.068,-0.275,1.1820,0.5150,-0.1390,291.432500,37.936180,12.301
7311,8413968,K03251.01,,FALSE POSITIVE,FALSE POSITIVE,,1,0,0,0,135.223193000,7.9230000e-03,-7.9230000e-03,246.3872000,2.360000e-02,-2.360000e-02,0.0177,0.4196,-0.0174,8.98900,0.99600,-0.99600,5.6300e+01,8.500e+00,-8.500e+00,0.92,4.900e-01,-1.600e-01,417.0,,,7.18,11.39,-2.80,8.90,,,6181.00,148.00,-178.00,4.279,0.146,-0.286,1.2270,0.6550,-0.2110,284.011020,44.494320,12.452
7312,9008103,K03283.01,,FALSE POSITIVE,FALSE POSITIVE,,1,0,0,0,195.709385500,,,177.4118000,,,,,,10.78000,,,,,,,,,,,,,,,,,,,,,,,,,,,286.089080,45.369011,15.322
7313,4376629,K03378.01,,FALSE POSITIVE,FALSE POSITIVE,0.0000,0,0,1,1,27.677521200,2.1060000e-04,-2.1060000e-04,146.1243000,4.070000e-03,-4.070000e-03,1.2380,69.8800,-2.2390,2.51300,0.29300,-0.29300,2.9390e+02,2.930e+01,-2.930e+01,23.04,2.980e+00,-9.500e-01,558.0,,,22.91,7.91,-2.95,12.30,1,q1_q17_dr25_tce,5797.00,78.00,-78.00,4.563,0.020,-0.111,0.8280,0.1070,-0.0340,294.509160,39.461109,13.678
7314,3958301,K03381.01,,FALSE POSITIVE,FALSE POSITIVE,,0,0,1,0,35.234041300,7.7670000e-04,-7.7670000e-04,164.0831000,1.480000e-02,-1.480000e-02,0.2713,0.1900,-0.2712,11.87400,0.56800,-0.56800,4.6550e+02,3.660e+01,-3.660e+01,2.21,8.700e-01,-2.100e-01,602.0,,,31.14,35.76,-9.04,14.70,,,6295.00,170.00,-223.00,4.456,0.049,-0.273,1.0140,0.3950,-0.0960,292.550020,39.023811,15.598
7315,8211605,K03405.01,,FALSE POSITIVE,FALSE POSITIVE,0.0000,0,1,1,0,20.979433800,2.0680000e-04,-2.0680000e-04,147.7260500,8.980000e-03,-8.980000e-03,1.2840,70.3100,-3.7640,3.76200,0.22700,-0.22700,2.3882e+03,4.000e-01,-4.000e-01,24.76,2.600e+00,-2.120e+00,520.0,,,17.28,7.30,-4.57,32.20,1,q1_q17_dr25_tce,5182.00,201.00,-164.00,4.601,0.072,-0.048,0.6660,0.0700,-0.0570,281.606050,44.184761,15.486
7316,11098573,K03406.01,,FALSE POSITIVE,FALSE POSITIVE,,0,0,1,0,15.693785500,3.5910000e-04,-3.5910000e-04,131.9841000,1.860000e-02,-1.860000e-02,0.2227,0.2440,-0.2226,5.14900,0.33900,-0.33900,3.6770e+02,3.370e+01,-3.370e+01,1.99,7.500e-01,-2.600e-01,755.0,,,76.79,88.12,-26.18,14.20,,,5868.00,179.00,-199.00,4.397,0.094,-0.259,1.0370,0.3940,-0.1350,297.972690,48.672981,15.281
7317,7289338,K03420.01,,CANDIDATE,CANDIDATE,0.9660,0,0,0,0,5.774511170,5.8050000e-05,-5.8050000e-05,134.5143400,8.180000e-03,-8.180000e-03,0.3480,0.1140,-0.3480,3.75200,0.26200,-0.26200,1.5630e+02,1.570e+01,-1.570e+01,1.87,3.100e-01,-3.700e-01,1232.0,,,544.74,230.38,-211.98,11.20,2,q1_q17_dr25_tce,5821.00,78.00,-78.00,4.127,0.182,-0.098,1.4920,0.2410,-0.2940,294.015290,42.824371,15.589
7318,9837586,K03442.01,,FALSE POSITIVE,FALSE POSITIVE,0.0000,0,1,1,1,20.733763010,3.6440000e-05,-3.6440000e-05,132.8449300,1.790000e-03,-1.790000e-03,0.9930,0.3420,-0.2310,5.80430,0.08130,-0.08130,1.0460e+05,1.304e+03,-1.304e+03,54.58,0.000e+00,0.000e+00,663.0,,,45.60,0.00,0.00,97.30,1,q1_q17_dr25_tce,5780.00,,,4.438,,,1.0000,,,294.498140,46.691032,17.474
7319,6021655,K03488.01,,FALSE POSITIVE,FALSE POSITIVE,,1,0,0,0,63.571688000,8.5830000e-03,-8.5830000e-03,186.4598000,3.270000e-02,-3.270000e-02,0.7182,0.2484,-0.4791,6.01000,1.80000,-1.80000,5.9100e+02,1.500e+02,-1.500e+02,2.14,7.600e-01,-1.700e-01,399.0,,,6.02,6.50,-1.38,5.40,,,5504.00,172.00,-138.00,4.572,0.026,-0.244,0.8190,0.2920,-0.0620,283.425870,41.325531,15.635
7320,8308682,K03507.01,,FALSE POSITIVE,FALSE POSITIVE,,1,0,0,0,338.200750000,5.2850000e-02,-5.2850000e-02,263.5018000,8.310000e-02,-8.310000e-02,0.2434,0.2208,-0.2433,15.23000,2.90000,-2.90000,6.7820e+02,9.900e+01,-9.900e+01,2.08,7.000e-01,-1.400e-01,223.0,,,0.59,0.59,-0.14,11.10,,,5381.00,171.00,-143.00,4.575,0.024,-0.221,0.8110,0.2700,-0.0570,294.999330,44.213531,15.650
7321,11442793,K00351.07,,CANDIDATE,CANDIDATE,0.9950,0,0,0,0,124.922516000,2.8160000e-03,-2.8160000e-03,129.7295000,2.160000e-02,-2.160000e-02,0.9430,0.0280,-0.6450,11.94200,0.45100,-0.45100,4.9870e+02,2.160e+01,-2.160e+01,3.37,5.500e-01,-4.500e-01,407.0,,,6.45,2.92,-2.01,24.40,5,q1_q17_dr25_tce,5970.00,107.00,-131.00,4.317,0.110,-0.121,1.2000,0.1950,-0.1600,284.433500,49.305161,13.804
7322,3344427,K03764.01,,FALSE POSITIVE,FALSE POSITIVE,0.0000,1,0,0,0,1.303570451,3.2400000e-07,-3.2400000e-07,146.1459850,2.770000e-04,-2.770000e-04,0.5480,0.0270,-0.0230,2.28163,0.00616,-0.00616,3.3234e+05,7.230e+02,-7.230e+02,235.58,1.307e+02,-7.040e+01,2720.0,,,12920.56,22282.74,-7126.36,573.20,1,q1_q17_dr25_tce,4884.00,148.00,-111.00,3.279,0.320,-0.320,3.5840,1.9890,-1.0710,292.002380,38.435200,15.832
7323,6205481,K03774.01,,FALSE POSITIVE,FALSE POSITIVE,,1,0,1,0,3.722772640,2.2890000e-05,-2.2890000e-05,136.5175700,5.620000e-03,-5.620000e-03,1.2672,0.3721,-0.0945,15.86900,0.33100,-0.33100,1.1146e+03,1.680e+01,-1.680e+01,22.78,4.340e+00,-1.660e+00,945.0,,,188.82,122.78,-47.06,58.10,,,5333.00,207.00,-178.00,4.633,0.033,-0.107,0.6880,0.1310,-0.0500,291.986180,41.557030,15.673
7324,4474637,K03829.01,,FALSE POSITIVE,FALSE POSITIVE,0.0000,0,1,0,0,3.886730304,9.6260000e-06,-9.6260000e-06,135.0201000,2.730000e-03,-2.730000e-03,0.0000,0.0320,0.0000,16.17230,0.07360,-0.07360,3.7242e+05,1.728e+03,-1.728e+03,61.58,0.000e+00,0.000e+00,1158.0,,,424.65,0.00,0.00,280.60,1,q1_q17_dr25_tce,5780.00,,,4.438,,,1.0000,,,294.340790,39.563118,16.810
7325,6462874,K01231.02,,FALSE POSITIVE,FALSE POSITIVE,0.0000,0,0,1,1,10.423608210,8.5770000e-05,-8.5770000e-05,138.0150400,7.620000e-03,-7.620000e-03,0.0010,0.4550,-0.0010,5.40400,0.19900,-0.19900,8.7830e+02,4.780e+01,-4.780e+01,1.67,1.300e-01,-1.700e-01,515.0,,,16.64,4.78,-4.94,18.70,3,q1_q17_dr25_tce,4260.00,115.00,-140.00,4.663,0.060,-0.024,0.5800,0.0440,-0.0600,297.335630,41.890480,15.719
7326,8218379,K01920.02,,CANDIDATE,CANDIDATE,0.8470,0,0,0,0,10.138469100,1.9190000e-04,-1.9190000e-04,137.7149000,1.290000e-02,-1.290000e-02,0.2070,0.2630,-0.2070,4.02600,0.41700,-0.41700,9.2800e+01,1.230e+01,-1.230e+01,0.74,1.600e-01,-5.000e-02,723.0,,,64.55,42.03,-15.16,9.10,2,q1_q17_dr25_tce,5483.00,166.00,-149.00,4.589,0.034,-0.136,0.7790,0.1640,-0.0590,285.122040,44.110600,14.640
7327,11450414,K01992.03,,FALSE POSITIVE,FALSE POSITIVE,0.0170,0,0,1,0,85.517344000,1.8460000e-03,-1.8460000e-03,181.3510000,1.980000e-02,-1.980000e-02,0.9440,0.0260,-0.6790,9.33100,0.38000,-0.38000,2.7020e+02,2.160e+01,-2.160e+01,3.04,4.500e-01,-7.100e-01,482.0,,,12.75,4.89,-5.70,12.90,3,q1_q17_dr25_tce,5592.00,75.00,-75.00,4.115,0.195,-0.090,1.4510,0.2110,-0.3420,289.199580,49.305721,14.513
7328,5217733,K03155.01,,FALSE POSITIVE,FALSE POSITIVE,0.0000,1,0,0,0,161.252903100,3.2880000e-04,-3.2880000e-04,189.1044600,1.490000e-03,-1.490000e-03,0.2270,0.0250,-0.0430,24.37110,0.07190,-0.07190,9.4008e+04,1.850e+02,-1.850e+02,59.07,2.744e+01,-1.179e+01,652.0,,,42.81,59.83,-20.30,576.60,1,q1_q17_dr25_tce,9341.00,263.00,-451.00,4.222,0.105,-0.245,1.8700,0.8690,-0.3730,298.936460,40.391750,7.391
7329,4150611,K03156.04,,FALSE POSITIVE,FALSE POSITIVE,0.0000,1,0,0,0,94.212787000,1.5470000e-03,-1.5470000e-03,196.3636000,1.710000e-02,-1.710000e-02,0.0010,64.0000,-0.8620,14.48000,2.70000,-2.70000,5.5654e+04,1.033e+03,-1.033e+03,35.89,8.870e+00,-1.442e+01,597.0,,,30.09,22.19,-20.75,112.30,3,q1_q17_dr25_tce,6911.00,194.00,-242.00,4.038,0.406,-0.145,1.5010,0.3710,-0.6030,289.742490,39.267059,7.899
7330,3646449,K04999.01,,CANDIDATE,CANDIDATE,0.9790,0,0,0,0,65.752109000,1.9340000e-03,-1.9340000e-03,183.3112000,2.490000e-02,-2.490000e-02,0.1090,0.3470,-0.1090,6.85400,0.61400,-0.61400,3.8250e+02,4.340e+01,-4.340e+01,2.00,2.900e-01,-1.400e-01,458.0,,,10.36,4.07,-1.86,9.90,1,q1_q17_dr25_tce,5816.00,78.00,-78.00,4.432,0.051,-0.119,1.0300,0.1540,-0.0710,291.659060,38.712158,15.478
7331,4917357,K05102.01,,FALSE POSITIVE,FALSE POSITIVE,,1,0,0,0,147.863607000,2.3130000e-03,-2.3130000e-03,259.5300000,1.240000e-02,-1.240000e-02,0.2482,0.2101,-0.2481,1.94800,0.35000,-0.35000,5.6000e+02,1.070e+02,-1.070e+02,2.03,6.400e-01,-1.300e-01,305.0,,,2.05,1.92,-0.44,6.60,1,q1_q16_tce,5485.00,154.00,-149.00,4.556,0.021,-0.242,0.8670,0.2750,-0.0560,289.860990,40.055641,15.109
7332,9343862,K06201.01,,FALSE POSITIVE,FALSE POSITIVE,0.0000,0,1,0,0,1.123258617,2.3050000e-06,-2.3050000e-06,132.0267100,2.870000e-03,-2.870000e-03,0.5130,0.0160,-0.0220,4.27355,0.00742,-0.00742,3.7758e+05,4.960e+02,-4.960e+02,150.94,3.262e+01,-4.355e+01,3215.0,,,25226.88,15842.48,-14606.42,779.20,1,q1_q17_dr25_tce,7945.00,193.00,-358.00,4.023,0.204,-0.136,2.1700,0.4690,-0.6260,292.432740,45.853409,15.010
7333,11673686,K06243.01,,FALSE POSITIVE,FALSE POSITIVE,0.3090,0,1,0,0,4.618767943,1.1000000e-06,-1.1000000e-06,133.3866550,1.970000e-04,-1.970000e-04,0.0040,0.1170,-0.0040,6.03000,0.01050,-0.01050,3.2609e+04,5.580e+01,-5.580e+01,32.36,8.000e+00,-1.482e+01,1565.0,,,1418.08,1037.91,-1049.80,674.90,1,q1_q17_dr25_tce,6195.00,169.00,-187.00,3.937,0.472,-0.157,1.7810,0.4400,-0.8160,297.315370,49.706081,11.685
7334,4464394,K06115.01,,CANDIDATE,CANDIDATE,,0,0,0,0,168.669347820,,,132.5942053,,,,,,4.07000,,,,,,,,,,,,,,,,3,q1_q16_tce,,,,,,,,,,291.597750,39.536060,13.497
7335,5531953,K01681.04,,CANDIDATE,CANDIDATE,0.9990,0,0,0,0,21.913954900,2.1210000e-04,-2.1210000e-04,148.5214400,7.220000e-03,-7.220000e-03,1.2000,70.9100,-5.4520,3.27100,0.42600,-0.42600,5.8440e+02,6.400e+01,-6.400e+01,10.39,1.140e+00,-1.380e+00,303.0,,,2.01,0.66,-0.64,11.80,3,q1_q17_dr25_tce,3638.00,72.00,-87.00,4.844,0.049,-0.055,0.4200,0.0460,-0.0560,291.285000,40.730049,15.855
7336,7620413,K02103.02,,CANDIDATE,CANDIDATE,0.9940,0,0,0,0,3.665208440,4.5280000e-05,-4.5280000e-05,131.5091100,8.330000e-03,-8.330000e-03,0.0450,0.4040,-0.0450,3.30800,0.46000,-0.46000,6.5800e+01,7.700e+00,-7.700e+00,0.82,1.200e-01,-9.000e-02,1168.0,,,439.57,171.23,-110.32,10.30,2,q1_q17_dr25_tce,5579.00,75.00,-75.00,4.389,0.105,-0.105,1.0290,0.1520,-0.1140,295.502690,43.232792,14.736
7337,8838950,K02421.02,,CANDIDATE,CANDIDATE,0.8860,0,0,0,0,4.023218420,4.1510000e-05,-4.1510000e-05,135.4162900,7.550000e-03,-7.550000e-03,0.3960,0.0510,-0.3960,2.16200,0.25400,-0.25400,8.1200e+01,9.700e+00,-9.700e+00,0.48,2.000e-02,-3.000e-02,747.0,,,73.50,18.14,-17.19,9.80,2,q1_q17_dr25_tce,4671.00,139.00,-153.00,4.721,0.048,-0.028,0.5280,0.0280,-0.0340,298.419310,45.071442,14.363
7338,6964929,K02756.02,,CANDIDATE,CANDIDATE,,0,0,0,0,5.069932450,7.7500000e-05,-7.7500000e-05,135.8360000,1.110000e-02,-1.110000e-02,0.3584,0.0963,-0.3584,3.24100,0.37000,-0.37000,9.3600e+01,9.900e+00,-9.900e+00,0.92,3.300e-01,-9.000e-02,1053.0,,,291.11,310.53,-78.75,11.60,2,q1_q17_dr24_tce,5957.00,154.00,-187.00,4.506,0.039,-0.039,0.9370,0.3430,-0.0840,296.232820,42.472790,14.758
7339,2306740,K06265.01,,FALSE POSITIVE,FALSE POSITIVE,0.0000,0,1,0,0,10.306982793,8.6500000e-07,-8.6500000e-07,143.7331641,6.950000e-05,-6.950000e-05,0.5640,0.0030,-0.0040,11.42770,0.00381,-0.00381,3.4179e+05,1.030e+02,-1.030e+02,81.21,2.175e+01,-2.175e+01,960.0,,,200.80,158.38,-104.35,3691.90,1,q1_q17_dr25_tce,5912.00,160.00,-160.00,4.225,0.258,-0.172,1.2170,0.3260,-0.3260,292.269810,37.698200,13.545
7340,3556742,K06344.01,,FALSE POSITIVE,FALSE POSITIVE,0.0000,0,1,1,0,0.823014905,6.6700000e-07,-6.6700000e-07,132.1607870,6.700000e-04,-6.700000e-04,1.2470,0.3590,-0.1170,3.54260,0.04180,-0.04180,8.5050e+02,7.700e+00,-7.700e+00,22.17,1.650e+00,-6.800e-01,1482.0,,,1136.75,261.27,-134.32,130.50,1,q1_q17_dr25_tce,4975.00,79.00,-79.00,4.614,0.012,-0.051,0.7240,0.0540,-0.0220,294.472530,38.675510,14.221
7341,3656700,K06350.01,,FALSE POSITIVE,FALSE POSITIVE,0.0000,0,1,1,0,0.738527259,2.5800000e-07,-2.5800000e-07,132.0241420,3.200000e-04,-3.200000e-04,1.1710,1.1570,-0.0870,1.21740,0.01820,-0.01820,4.2290e+02,4.000e+00,-4.000e+00,49.08,7.980e+00,-1.481e+01,2978.0,,,18549.81,7898.45,-9983.55,104.10,1,q1_q17_dr25_tce,5869.00,79.00,-79.00,3.825,0.231,-0.099,2.3130,0.3760,-0.6980,294.258180,38.706928,12.997
7342,3764411,K06357.01,,FALSE POSITIVE,FALSE POSITIVE,,1,0,0,0,4.415893300,5.7390000e-05,-5.7390000e-05,132.9738000,1.020000e-02,-1.020000e-02,0.1672,0.3993,-0.1672,1.15500,0.41000,-0.41000,1.9110e+02,5.010e+01,-5.010e+01,1.42,3.900e-01,-1.300e-01,1138.0,,,395.82,323.08,-109.73,5.80,1,q1_q17_dr24_tce,5977.00,154.00,-206.00,4.473,0.041,-0.041,1.0220,0.2870,-0.0900,295.685940,38.889359,15.417
7343,3851193,K06367.01,,FALSE POSITIVE,FALSE POSITIVE,0.0010,0,1,0,0,1.341078755,8.3000000e-08,-8.3000000e-08,131.8392432,5.200000e-05,-5.200000e-05,0.3090,0.0050,-0.0080,3.86492,0.00475,-0.00475,1.1215e+05,7.740e+01,-7.740e+01,41.80,1.365e+01,-5.830e+00,1968.0,,,3533.56,3333.25,-1243.05,1829.30,1,q1_q17_dr25_tce,6368.00,160.00,-208.00,4.323,0.105,-0.195,1.2250,0.4000,-0.1710,291.709630,38.921360,13.682
7344,3972391,K06374.01,,FALSE POSITIVE,FALSE POSITIVE,,0,1,0,0,0.634131057,5.7960000e-06,-5.7960000e-06,131.7895100,8.150000e-03,-8.150000e-03,0.0891,0.3761,-0.0891,2.85100,0.24100,-0.24100,2.7100e+01,3.000e+00,-3.000e+00,0.58,2.300e-01,-8.000e-02,2488.0,,,9062.53,10254.02,-3119.30,11.70,1,q1_q17_dr24_tce,6428.00,163.00,-201.00,4.345,0.109,-0.109,1.1090,0.4310,-0.1520,295.888430,39.027901,12.939
7345,4069063,K06381.01,,FALSE POSITIVE,FALSE POSITIVE,,0,1,0,0,0.504296702,1.3600000e-07,-1.3600000e-07,131.9052850,1.870000e-04,-1.870000e-04,1.2942,0.1195,-0.2473,1.41450,0.03770,-0.03770,5.9954e+03,4.970e+01,-4.970e+01,50.41,1.669e+01,-1.045e+01,2694.0,,,12445.73,12088.67,-5492.41,231.80,1,q1_q17_dr24_tce,6140.00,166.00,-178.00,4.243,0.204,-0.204,1.1870,0.3930,-0.2460,294.558440,39.137650,13.318
7346,6307062,K03153.01,,FALSE POSITIVE,FALSE POSITIVE,0.0000,0,1,0,0,75.378956896,8.7420000e-06,-8.7420000e-06,167.1066034,9.160000e-05,-9.160000e-05,0.2730,0.0040,-0.0040,7.70352,0.00559,-0.00559,5.3918e+05,5.740e+02,-5.740e+02,58.76,1.036e+01,-4.800e+00,365.0,,,4.17,2.33,-1.02,1886.60,1,q1_q17_dr25_tce,5420.00,162.00,-146.00,4.596,0.030,-0.120,0.7710,0.1360,-0.0630,297.629120,41.641510,14.863
7347,4150611,K03156.01,,CANDIDATE,CANDIDATE,1.0000,0,0,0,0,0.761119678,3.6720000e-06,-3.6720000e-06,131.6898600,3.990000e-03,-3.990000e-03,1.1290,20.8000,-0.1790,1.43000,0.25900,-0.25900,1.1120e+03,1.540e+02,-1.540e+02,27.81,6.870e+00,-1.117e+01,2977.0,,,18660.94,13763.80,-12869.27,9.70,4,q1_q17_dr25_tce,6911.00,194.00,-242.00,4.038,0.406,-0.145,1.5010,0.3710,-0.6030,289.742490,39.267059,7.899
7348,10338624,K03222.01,,FALSE POSITIVE,FALSE POSITIVE,,1,0,0,0,0.607538435,3.9930000e-06,-3.9930000e-06,131.7098900,4.240000e-03,-4.240000e-03,0.9849,0.0000,-0.6835,5.54900,0.30800,-0.30800,3.4900e+01,1.800e+00,-1.800e+00,1.34,9.100e-01,-2.500e-01,3219.0,,,25377.69,53505.20,-10965.57,30.40,2,q1_q17_dr24_tce,7076.00,188.00,-259.00,4.147,0.115,-0.377,1.6910,1.1380,-0.3180,291.497220,47.463509,12.156
7349,6364215,K02404.02,,FALSE POSITIVE,FALSE POSITIVE,0.0000,1,0,1,1,5.243852800,1.3900000e-04,-1.3900000e-04,132.6659000,2.710000e-02,-2.710000e-02,0.5830,0.3840,-0.3780,10.53900,0.56600,-0.56600,1.3580e+02,8.800e+00,-8.800e+00,1.11,3.300e-01,-1.300e-01,1016.0,,,251.99,227.17,-83.48,17.80,1,q1_q17_dr25_tce,5815.00,175.00,-210.00,4.500,0.052,-0.195,0.9180,0.2750,-0.1100,291.877990,41.769581,15.656
7350,5706592,K06618.01,,CANDIDATE,CANDIDATE,,0,0,0,0,8.604085800,1.7640000e-04,-1.7640000e-04,138.1630000,1.540000e-02,-1.540000e-02,0.4146,0.0848,-0.4145,3.01000,1.10000,-1.10000,8.7600e+01,4.020e+01,-4.020e+01,0.94,3.000e-01,-9.000e-02,947.0,,,189.96,175.18,-52.48,6.40,1,q1_q17_dr24_tce,6250.00,164.00,-196.00,4.472,0.048,-0.048,0.9860,0.3120,-0.0920,292.170290,40.907162,15.173
7351,5716244,K06619.01,,CANDIDATE,CANDIDATE,0.6720,0,1,0,0,1.330333096,2.8200000e-07,-2.8200000e-07,132.7855550,1.760000e-04,-1.760000e-04,0.6920,0.0040,-0.0020,5.04500,0.01500,-0.01500,6.1867e+04,1.270e+02,-1.270e+02,24.30,6.620e+00,-2.360e+00,1634.0,,,1691.25,1366.66,-495.34,700.50,1,q1_q17_dr25_tce,5984.00,167.00,-209.00,4.521,0.048,-0.192,0.9060,0.2470,-0.0880,294.960270,40.986980,15.423
7352,5731312,K06621.01,,FALSE POSITIVE,FALSE POSITIVE,0.0000,0,1,0,0,7.946367138,4.7800000e-07,-4.7800000e-07,135.0947711,4.390000e-05,-4.390000e-05,0.6360,0.0190,-0.0170,2.58667,0.00240,-0.00240,2.7809e+05,1.240e+02,-1.240e+02,36.01,2.580e+00,-2.580e+00,629.0,,,36.92,10.77,-8.73,1228.90,1,q1_q17_dr25_tce,4789.00,143.00,-143.00,4.678,0.052,-0.032,0.5730,0.0410,-0.0410,298.251830,40.903530,13.811
7353,5736461,K06623.01,,FALSE POSITIVE,FALSE POSITIVE,0.0000,1,0,0,0,7.346159047,5.6600000e-07,-5.6600000e-07,136.8912771,6.360000e-05,-6.360000e-05,0.9450,0.0300,-0.0280,6.59740,0.00336,-0.00336,1.2181e+05,4.600e+01,-4.600e+01,44.48,1.136e+01,-3.790e+00,835.0,,,114.57,88.79,-29.72,2541.20,1,q1_q17_dr25_tce,5616.00,169.00,-169.00,4.574,0.042,-0.168,0.8100,0.2070,-0.0690,299.271700,40.972389,15.630
7354,5771589,K06625.01,,FALSE POSITIVE,FALSE POSITIVE,0.0000,0,1,0,0,10.738427243,6.7840000e-06,-6.7840000e-06,139.8939620,4.810000e-04,-4.810000e-04,0.0360,0.2630,-0.0360,2.35440,0.01680,-0.01680,1.6842e+03,1.660e+01,-1.660e+01,6.96,1.390e+00,-2.070e+00,1137.0,,,394.40,238.47,-221.07,112.80,1,q1_q17_dr25_tce,6180.00,173.00,-173.00,4.007,0.292,-0.117,1.6860,0.3350,-0.5030,284.585510,41.009579,11.809
7355,8364232,K07882.01,,CANDIDATE,CANDIDATE,0.5290,0,0,0,0,65.415183000,1.2680000e-03,-1.2680000e-03,140.2325000,1.640000e-02,-1.640000e-02,0.3770,0.0820,-0.3770,4.22400,0.56100,-0.56100,4.1710e+02,5.670e+01,-5.670e+01,1.31,8.000e-02,-1.200e-01,295.0,,,1.79,0.49,-0.47,8.90,1,q1_q17_dr25_tce,4348.00,130.00,-130.00,4.620,0.049,-0.021,0.6460,0.0410,-0.0560,291.312810,44.381920,15.559
7356,6670742,K06753.01,,CANDIDATE,CANDIDATE,,0,0,0,0,72.281980000,1.1880000e-03,-1.1880000e-03,156.7530000,1.630000e-02,-1.630000e-02,0.2405,0.2332,-0.2405,2.47800,0.74800,-0.74800,1.2650e+03,3.760e+02,-3.760e+02,13.11,1.980e+00,-4.570e+00,984.0,,,221.28,106.93,-141.89,5.40,3,q1_q17_dr24_tce,7694.00,221.00,-315.00,3.631,0.274,-0.274,3.6270,0.5470,-1.2650,284.332610,42.127090,9.277
7357,6672229,K06754.01,,FALSE POSITIVE,FALSE POSITIVE,0.0000,0,1,0,0,23.832382513,2.0080000e-06,-2.0080000e-06,143.2182023,6.810000e-05,-6.810000e-05,0.6640,0.0080,-0.0080,7.06068,0.00358,-0.00358,2.7900e+05,1.200e+02,-1.200e+02,63.78,1.882e+01,-7.520e+00,623.0,,,35.58,30.78,-11.36,2389.20,1,q1_q17_dr25_tce,5722.00,154.00,-188.00,4.454,0.067,-0.202,1.0000,0.2950,-0.1180,284.941070,42.113159,15.581
7358,6676725,K06755.01,,FALSE POSITIVE,FALSE POSITIVE,0.0000,0,1,1,0,1.428766771,,,132.1908553,,,0.3540,,,3.97530,,,9.2200e+01,,,1.01,3.000e-01,-1.100e-01,1737.0,,,2157.42,1901.51,-665.43,3.60,1,q1_q17_dr25_tce,6197.00,172.00,-216.00,4.449,0.050,-0.200,1.0350,0.3090,-0.1110,286.926910,42.108849,14.701
7359,6695622,K06756.01,,FALSE POSITIVE,FALSE POSITIVE,,0,0,1,0,14.556742700,1.0120000e-04,-1.0120000e-04,135.6994000,5.600000e-03,-5.600000e-03,0.4308,0.0832,-0.4308,1.42100,0.41200,-0.41200,1.8510e+02,4.900e+01,-4.900e+01,1.38,5.100e-01,-1.300e-01,783.0,,,89.02,94.78,-24.63,8.90,1,q1_q17_dr24_tce,6153.00,154.00,-196.00,4.471,0.046,-0.046,0.9930,0.3650,-0.0920,293.042480,42.112320,14.927
7360,6695889,K06757.01,,FALSE POSITIVE,FALSE POSITIVE,0.0010,0,1,0,0,1.106560721,1.3200000e-07,-1.3200000e-07,132.3745985,9.890000e-05,-9.890000e-05,0.5310,0.1870,-0.0600,2.64151,0.00370,-0.00370,2.5368e+05,4.680e+02,-4.680e+02,47.63,1.397e+01,-4.370e+00,1782.0,,,2382.70,2068.44,-677.61,643.60,1,q1_q17_dr25_tce,6205.00,174.00,-217.00,4.534,0.048,-0.204,0.8730,0.2560,-0.0800,293.107420,42.122589,15.415
7361,6697976,K06759.01,,CANDIDATE,CANDIDATE,,0,0,0,0,371.709657090,,,163.4814151,,,,,,4.65000,,,,,,,,,,,,,,,,1,q1_q17_dr24_tce,,,,,,,,,,293.663300,42.113079,14.936
7362,7541746,K06886.01,,FALSE POSITIVE,FALSE POSITIVE,0.0000,1,0,0,0,4.174707200,,,134.6040000,,,,,,11.13000,,,,,,,,,,,,1914.16,3045.94,-1004.18,,1,q1_q17_dr25_tce,,,,,,,,,,295.635310,43.115688,12.472
7363,7584778,K06887.01,,FALSE POSITIVE,FALSE POSITIVE,0.0000,0,0,0,1,0.622303871,6.9350000e-06,-6.9350000e-06,132.0916000,1.150000e-02,-1.150000e-02,0.3380,0.1300,-0.3380,1.84000,0.28000,-0.28000,8.0900e+01,9.400e+00,-9.400e+00,0.77,1.700e-01,-1.100e-01,2032.0,,,4050.15,2595.68,-1434.70,9.90,1,q1_q17_dr25_tce,5672.00,170.00,-153.00,4.447,0.140,-0.155,0.8530,0.1770,-0.1290,282.315120,43.266312,14.519
7364,7588436,K06888.01,,FALSE POSITIVE,FALSE POSITIVE,,1,0,0,0,23.392406300,3.8390000e-04,-3.8390000e-04,139.7612000,1.530000e-02,-1.530000e-02,0.3153,0.1412,-0.3153,3.41600,0.44300,-0.44300,6.2300e+01,9.400e+00,-9.400e+00,0.84,3.700e-01,-9.000e-02,701.0,,,57.23,73.47,-16.87,8.10,1,q1_q17_dr24_tce,6221.00,150.00,-183.00,4.400,0.074,-0.074,1.0500,0.4630,-0.1140,284.171720,43.200809,12.845
7365,7592922,K06890.01,,CANDIDATE,CANDIDATE,0.9520,0,0,0,0,2.158889110,1.5620000e-05,-1.5620000e-05,131.9775200,6.300000e-03,-6.300000e-03,0.2240,0.2500,-0.2240,1.79100,0.20500,-0.20500,1.0240e+02,1.240e+01,-1.240e+01,0.72,1.000e-01,-7.000e-02,1130.0,,,384.49,175.63,-95.37,9.90,1,q1_q17_dr25_tce,5269.00,142.00,-142.00,4.627,0.036,-0.084,0.7130,0.1030,-0.0600,286.330690,43.267929,15.377
7366,7602351,K06892.01,,CANDIDATE,CANDIDATE,0.7860,0,0,0,0,17.580602600,5.3890000e-04,-5.3890000e-04,148.6715000,2.760000e-02,-2.760000e-02,0.8790,0.1050,-0.6140,4.17000,0.60900,-0.60900,1.3880e+02,2.230e+01,-2.230e+01,1.87,2.900e-01,-3.500e-01,816.0,,,104.96,42.51,-39.51,8.40,1,q1_q17_dr25_tce,5839.00,79.00,-79.00,4.199,0.169,-0.104,1.3580,0.2090,-0.2560,290.120880,43.243610,14.989
7367,7605600,K06893.01,,FALSE POSITIVE,FALSE POSITIVE,0.0000,0,1,0,0,3.326193904,4.1200000e-07,-4.1200000e-07,133.3297740,1.040000e-04,-1.040000e-04,0.0010,0.1460,-0.0010,2.08375,0.00683,-0.00683,1.7847e+05,3.470e+02,-3.470e+02,14.72,1.260e+00,-1.440e+00,521.0,,,17.41,4.25,-3.97,502.00,1,q1_q17_dr25_tce,3520.00,47.00,-47.00,4.906,0.035,-0.032,0.3490,0.0300,-0.0340,291.150670,43.285301,14.888
7368,8312222,K07017.01,,FALSE POSITIVE,FALSE POSITIVE,0.0000,0,1,0,0,12.823275455,7.7300000e-07,-7.7300000e-07,136.1765764,4.890000e-05,-4.890000e-05,0.9300,0.0370,-0.0270,5.32062,0.00229,-0.00229,1.2199e+05,3.710e+01,-3.710e+01,44.29,1.276e+01,-3.970e+00,743.0,,,72.00,62.44,-19.82,2541.70,1,q1_q17_dr25_tce,5973.00,179.00,-197.00,4.562,0.036,-0.204,0.8260,0.2380,-0.0740,296.117400,44.232841,15.626
7369,8314801,K07018.01,,FALSE POSITIVE,FALSE POSITIVE,0.0000,0,1,0,0,37.183276326,5.6980000e-06,-5.6980000e-06,158.6457580,1.230000e-04,-1.230000e-04,0.0030,0.0030,-0.0030,14.09960,0.00541,-0.00541,2.2120e+05,9.910e+01,-9.910e+01,55.00,1.634e+01,-1.474e+01,594.0,,,29.41,26.25,-15.28,2648.40,1,q1_q17_dr25_tce,5657.00,169.00,-152.00,4.230,0.294,-0.196,1.1680,0.3470,-0.3130,296.873200,44.241341,13.840
7370,8316503,K07019.01,,FALSE POSITIVE,FALSE POSITIVE,0.0000,0,1,0,0,5.065329723,1.2900000e-07,-1.2900000e-07,134.9819163,2.100000e-05,-2.100000e-05,0.7250,0.0120,-0.0070,4.90392,0.00071,-0.00071,1.5561e+05,2.400e+01,-2.400e+01,60.35,1.694e+01,-1.234e+01,1315.0,,,705.60,580.75,-314.53,5497.00,1,q1_q17_dr25_tce,6350.00,170.00,-207.00,4.233,0.185,-0.185,1.2860,0.3610,-0.2630,297.297820,44.281658,13.955
7371,8345358,K07021.01,,FALSE POSITIVE,FALSE POSITIVE,0.0000,0,1,0,0,9.380632783,1.0660000e-06,-1.0660000e-06,132.5586444,9.250000e-05,-9.250000e-05,1.0840,0.0610,-0.0710,4.29500,0.00467,-0.00467,6.5833e+04,5.700e+01,-5.700e+01,46.72,1.331e+01,-4.450e+00,846.0,,,120.99,98.43,-34.36,1053.10,1,q1_q17_dr25_tce,5926.00,141.00,-195.00,4.519,0.048,-0.192,0.9130,0.2600,-0.0870,282.116390,44.373489,15.435
7372,8362974,K07023.01,,CANDIDATE,CANDIDATE,1.0000,0,0,0,0,2.717723230,3.9650000e-05,-3.9650000e-05,133.9451000,1.370000e-02,-1.370000e-02,0.1970,0.2660,-0.1970,3.22000,0.72600,-0.72600,7.0300e+01,1.040e+01,-1.040e+01,0.72,3.000e-02,-7.000e-02,1123.0,,,375.05,66.46,-80.72,9.30,1,q1_q17_dr25_tce,5135.00,84.00,-77.00,4.464,0.090,-0.036,0.8740,0.0440,-0.0760,290.859710,44.350922,14.520
7373,9278021,K07152.01,,FALSE POSITIVE,FALSE POSITIVE,0.0000,0,1,0,0,3.359470825,4.5600000e-07,-4.5600000e-07,133.9523720,1.110000e-04,-1.110000e-04,1.2810,0.1870,-0.0920,2.14715,0.00460,-0.00460,2.7078e+03,3.900e+00,-3.900e+00,129.93,2.273e+01,-5.306e+01,2421.0,,,8125.70,4341.07,-5635.01,504.10,1,q1_q17_dr25_tce,6587.00,176.00,-215.00,3.531,0.360,-0.112,3.5140,0.6150,-1.4350,290.650090,45.782429,12.983
7374,9284741,K07153.01,,FALSE POSITIVE,FALSE POSITIVE,0.0000,0,1,0,0,20.729255112,1.4600000e-06,-1.4600000e-06,134.5503400,5.690000e-05,-5.690000e-05,0.5750,0.0030,-0.0070,7.53677,0.00294,-0.00294,3.4197e+05,1.050e+02,-1.050e+02,53.87,8.060e+00,-6.580e+00,567.0,,,24.47,11.93,-7.57,2957.70,1,q1_q17_dr25_tce,5256.00,158.00,-142.00,4.502,0.100,-0.137,0.8020,0.1200,-0.0980,293.425420,45.760849,14.807
7375,9291368,K07155.01,,FALSE POSITIVE,FALSE POSITIVE,0.0000,0,1,0,0,3.796448299,9.9940000e-06,-9.9940000e-06,131.3703700,3.700000e-03,-3.700000e-03,0.2490,0.0050,-0.0040,11.59170,0.01030,-0.01030,5.2288e+05,6.330e+02,-6.330e+02,232.39,2.044e+01,-1.090e+02,2577.0,,,10412.56,3508.68,-7931.36,1487.20,1,q1_q17_dr25_tce,8117.00,251.00,-334.00,3.748,0.442,-0.078,3.0700,0.2700,-1.4400,295.826170,45.787640,14.005
7376,9301564,K07157.01,,CANDIDATE,CANDIDATE,0.5500,0,0,0,0,23.983052300,9.7880000e-04,-9.7880000e-04,136.7741000,3.130000e-02,-3.130000e-02,0.0960,0.3480,-0.0960,8.77000,1.70000,-1.70000,8.3200e+01,7.500e+00,-7.500e+00,1.17,3.300e-01,-3.600e-01,718.0,,,62.83,52.92,-35.89,11.30,2,q1_q17_dr25_tce,5696.00,169.00,-152.00,4.178,0.312,-0.168,1.2920,0.3620,-0.3990,298.805570,45.759998,13.863
7377,9328852,K07159.01,,FALSE POSITIVE,FALSE POSITIVE,0.0000,1,0,0,0,0.645851770,4.6000000e-08,-4.6000000e-08,131.8891360,5.890000e-05,-5.890000e-05,1.1380,0.1610,-0.1690,1.97644,0.00624,-0.00624,3.0850e+05,1.700e+02,-1.700e+02,51.10,3.200e+00,-6.070e+00,1234.0,,,543.24,142.93,-178.13,808.30,2,q1_q17_dr25_tce,4399.00,125.00,-156.00,4.788,0.075,-0.030,0.4630,0.0290,-0.0550,284.997130,45.886688,15.330
7378,10089123,K07283.01,,CANDIDATE,CANDIDATE,,0,0,0,0,134.413808000,4.7970000e-03,-4.7970000e-03,227.9768000,2.700000e-02,-2.700000e-02,0.1857,0.2759,-0.1857,13.90700,0.85400,-0.85400,2.0610e+02,2.000e+01,-2.000e+01,1.69,8.600e-01,-2.300e-01,391.0,,,5.51,8.34,-2.07,12.50,1,q1_q17_dr24_tce,6013.00,162.00,-252.00,4.370,0.083,-0.083,1.1870,0.5970,-0.1660,296.898280,47.081059,14.262
7379,10091257,K07284.01,,FALSE POSITIVE,FALSE POSITIVE,0.0000,0,1,0,0,1.701923710,4.2200000e-07,-4.2200000e-07,131.9554980,1.940000e-04,-1.940000e-04,0.9060,0.4010,-0.0460,3.02710,0.01210,-0.01210,4.9833e+04,1.680e+02,-1.680e+02,40.15,6.650e+00,-6.650e+00,1704.0,,,1993.63,863.01,-678.50,351.10,1,q1_q17_dr25_tce,5826.00,78.00,-78.00,4.273,0.125,-0.112,1.2620,0.2090,-0.2090,297.509860,47.054489,12.533
7380,10095512,K07286.01,,FALSE POSITIVE,FALSE POSITIVE,0.0000,0,1,0,0,3.008602107,6.0400000e-07,-6.0400000e-07,132.9230230,1.530000e-04,-1.530000e-04,0.9480,0.0210,-0.0200,4.34296,0.00886,-0.00886,1.2027e+05,2.840e+02,-2.840e+02,56.15,1.636e+01,-8.810e+00,1343.0,,,768.47,657.38,-284.91,502.00,1,q1_q17_dr25_tce,6033.00,163.00,-181.00,4.398,0.108,-0.201,1.0260,0.2990,-0.1610,298.716550,47.014519,13.053
7381,10129482,K07288.01,,FALSE POSITIVE,FALSE POSITIVE,0.0000,0,1,0,0,0.846291334,4.3000000e-08,-4.3000000e-08,132.1935855,4.230000e-05,-4.230000e-05,0.7790,0.0470,-0.0300,1.79962,0.00338,-0.00338,1.9019e+05,0.000e+00,0.000e+00,30.80,1.820e+00,-1.990e+00,1243.0,,,562.86,147.63,-126.97,1049.30,1,q1_q17_dr25_tce,4627.00,139.00,-139.00,4.721,0.048,-0.028,0.5260,0.0310,-0.0340,286.840360,47.173309,15.994
7382,10155080,K07289.01,,FALSE POSITIVE,FALSE POSITIVE,0.0000,0,1,0,0,1.930451347,3.5200000e-07,-3.5200000e-07,131.7707480,1.400000e-04,-1.400000e-04,1.1210,0.1020,-0.0800,3.87956,0.00810,-0.00810,5.3075e+04,9.610e+01,-9.610e+01,58.77,1.992e+01,-6.640e+00,1623.0,,,1637.68,1684.78,-557.25,602.30,1,q1_q17_dr25_tce,6154.00,193.00,-265.00,4.399,0.070,-0.210,1.1680,0.3960,-0.1320,296.698580,47.137741,13.017
7383,8555967,K07894.01,,CANDIDATE,CANDIDATE,0.8370,0,0,0,0,347.976110000,1.2680000e-02,-1.2680000e-02,169.4330000,3.050000e-02,-3.050000e-02,0.0570,0.3830,-0.0570,16.77000,1.10000,-1.10000,3.4130e+02,3.490e+01,-3.490e+01,1.62,4.900e-01,-1.500e-01,253.0,,,0.97,0.87,-0.27,11.90,1,q1_q17_dr25_tce,5995.00,163.00,-181.00,4.536,0.038,-0.200,0.8780,0.2660,-0.0830,290.303100,44.678089,14.648
7384,11198723,K07417.01,,FALSE POSITIVE,FALSE POSITIVE,0.0000,0,1,0,0,6.840305932,4.2400000e-07,-4.2400000e-07,137.5713643,5.100000e-05,-5.100000e-05,1.0940,0.0840,-0.1300,4.32742,0.00366,-0.00366,1.2493e+05,5.060e+01,-5.060e+01,62.08,1.812e+01,-6.020e+00,945.0,,,188.58,161.49,-54.10,2025.70,1,q1_q17_dr25_tce,5970.00,161.00,-197.00,4.521,0.050,-0.200,0.9080,0.2650,-0.0880,295.700440,48.834229,15.445
7385,11199725,K07418.01,,FALSE POSITIVE,FALSE POSITIVE,0.3370,0,0,1,0,1.032967155,7.7730000e-06,-7.7730000e-06,131.9228400,5.700000e-03,-5.700000e-03,0.0250,0.4280,-0.0250,1.17000,0.25600,-0.25600,1.2730e+02,2.160e+01,-2.160e+01,21.22,1.240e+00,-7.060e+00,5990.0,,,304226.71,78019.45,-207674.66,8.30,1,q1_q17_dr25_tce,5283.00,153.00,-429.00,2.352,0.032,-0.025,18.9590,1.1130,-6.3070,296.074920,48.859100,12.698
7386,11200773,K07419.01,,FALSE POSITIVE,FALSE POSITIVE,0.0000,0,1,0,0,2.489550708,4.9000000e-07,-4.9000000e-07,132.0441380,1.650000e-04,-1.650000e-04,1.1850,0.1990,-0.1050,2.84685,0.00873,-0.00873,2.9839e+04,6.950e+01,-6.950e+01,36.91,9.300e+00,-3.110e+00,1281.0,,,636.43,473.53,-158.38,443.60,1,q1_q17_dr25_tce,6018.00,163.00,-163.00,4.569,0.044,-0.176,0.7940,0.2000,-0.0670,296.477360,48.853710,13.669
7387,11232745,K07421.01,,FALSE POSITIVE,FALSE POSITIVE,0.0000,0,1,0,0,4.817121820,6.6700000e-07,-6.6700000e-07,133.1027600,1.110000e-04,-1.110000e-04,1.2330,0.0090,-0.1410,2.45699,0.00482,-0.00482,3.5756e+04,7.020e+01,-7.020e+01,43.45,8.680e+00,-3.720e+00,922.0,,,170.42,105.47,-44.11,445.30,1,q1_q17_dr25_tce,5419.00,161.00,-161.00,4.581,0.032,-0.128,0.7950,0.1590,-0.0680,285.470640,48.927292,15.973
7388,3547760,K04535.02,,CANDIDATE,CANDIDATE,,0,0,0,0,5.789019360,7.8960000e-05,-7.8960000e-05,136.9845000,1.140000e-02,-1.140000e-02,0.1847,0.2588,-0.1846,3.10200,0.32200,-0.32200,1.1030e+02,1.500e+01,-1.500e+01,0.78,1.700e-01,-8.000e-02,849.0,,,122.75,87.99,-33.37,7.80,2,q1_q17_dr24_tce,5289.00,173.00,-142.00,4.546,0.066,-0.066,0.7480,0.1710,-0.0740,292.252840,38.608990,14.791
7389,5476671,K04598.02,,FALSE POSITIVE,FALSE POSITIVE,0.0000,1,0,1,0,0.824181335,1.4920000e-06,-1.4920000e-06,131.6890600,1.540000e-03,-1.540000e-03,1.1740,1.6120,-0.1600,2.48640,0.09380,-0.09380,2.2470e+02,6.900e+00,-6.900e+00,18.20,5.130e+00,-1.710e+00,1912.0,,,3155.32,2608.45,-860.33,40.20,1,q1_q17_dr25_tce,5977.00,160.00,-178.00,4.514,0.065,-0.195,0.8830,0.2490,-0.0830,298.755280,40.665218,14.638
7390,11290515,K04716.02,,CANDIDATE,CANDIDATE,,0,0,0,0,12.267083060,,,141.2841427,,,,,,2.70000,,,,,,,,,,,,,,,,2,q1_q17_dr24_tce,,,,,,,,,,288.344880,49.021938,12.322
7391,4919550,K04766.02,,FALSE POSITIVE,FALSE POSITIVE,,0,0,1,0,2.452618410,2.1750000e-05,-2.1750000e-05,133.6087900,7.660000e-03,-7.660000e-03,0.3595,0.1057,-0.3595,1.90000,0.22600,-0.22600,8.5500e+01,1.230e+01,-1.230e+01,0.69,1.500e-01,-6.000e-02,1108.0,,,355.92,232.09,-88.94,8.80,2,q1_q17_dr24_tce,5216.00,165.00,-137.00,4.564,0.046,-0.046,0.7510,0.1560,-0.0650,290.467560,40.056438,15.223
7392,6767227,K04871.02,,CANDIDATE,CANDIDATE,,0,0,0,0,5.522479000,6.6320000e-05,-6.6320000e-05,133.1184000,1.110000e-02,-1.110000e-02,0.6606,0.0203,-0.4984,2.66600,0.27800,-0.27800,3.3100e+01,4.700e+00,-4.700e+00,0.76,3.500e-01,-1.300e-01,1288.0,,,650.66,871.96,-251.27,8.60,2,q1_q17_dr24_tce,6532.00,159.00,-201.00,4.271,0.135,-0.135,1.2470,0.5710,-0.2070,288.529020,42.276260,13.050
7393,8094120,K04881.02,,FALSE POSITIVE,FALSE POSITIVE,0.0000,0,0,0,1,0.706423768,2.0630000e-06,-2.0630000e-06,132.1522800,2.750000e-03,-2.750000e-03,0.7100,0.2660,-0.4710,1.05970,0.08840,-0.08840,4.6100e+01,3.600e+00,-3.600e+00,1.16,3.400e-01,-3.700e-01,2845.0,,,15425.08,13143.69,-9187.64,15.90,1,q1_q17_dr25_tce,6514.00,181.00,-227.00,4.090,0.258,-0.172,1.5850,0.4570,-0.5030,290.550870,43.994362,12.892
7394,3854496,K06368.01,,CANDIDATE,CANDIDATE,1.0000,0,0,0,0,9.458805400,1.6450000e-04,-1.6450000e-04,136.8156000,1.490000e-02,-1.490000e-02,0.3650,0.0940,-0.3650,3.66000,0.38900,-0.38900,2.7000e+02,3.600e+01,-3.600e+01,1.78,4.900e-01,-2.100e-01,943.0,,,187.04,153.75,-62.88,8.60,1,q1_q17_dr25_tce,6247.00,174.00,-239.00,4.433,0.060,-0.180,1.0660,0.2960,-0.1270,292.564210,38.931129,15.812
7395,3858757,K06369.01,,FALSE POSITIVE,FALSE POSITIVE,,0,0,0,1,25.953449400,8.0780000e-04,-8.0780000e-04,154.8716000,2.800000e-02,-2.800000e-02,0.6188,0.0017,-0.5092,6.00100,0.61000,-0.61000,5.2890e+02,6.350e+01,-6.350e+01,2.06,7.400e-01,-1.500e-01,554.0,,,22.30,24.59,-5.39,10.50,1,q1_q17_dr24_tce,5591.00,181.00,-168.00,4.559,0.024,-0.024,0.8600,0.3100,-0.0640,293.660060,38.964008,15.790
7396,3858884,K06371.01,,FALSE POSITIVE,FALSE POSITIVE,0.0000,1,0,0,0,25.951937210,1.1020000e-05,-1.1020000e-05,154.8812530,3.360000e-04,-3.360000e-04,0.5100,0.0100,-0.0110,15.98970,0.02170,-0.02170,3.9917e+05,4.640e+02,-4.640e+02,123.34,3.053e+01,-4.580e+01,904.0,,,157.59,116.98,-103.78,915.30,1,q1_q17_dr25_tce,6569.00,188.00,-236.00,4.008,0.357,-0.153,1.7290,0.4280,-0.6420,293.695430,38.982792,9.277
7397,3938073,K06373.01,,FALSE POSITIVE,FALSE POSITIVE,0.0000,0,1,0,0,31.024310431,1.5590000e-06,-1.5590000e-06,158.8651537,3.940000e-05,-3.940000e-05,1.0090,0.0170,-0.0180,7.63621,0.00212,-0.00212,9.6480e+04,2.230e+01,-2.230e+01,93.29,1.880e+01,-2.824e+01,783.0,,,88.89,54.05,-50.19,4403.80,1,q1_q17_dr25_tce,6011.00,164.00,-164.00,3.998,0.273,-0.117,1.7410,0.3510,-0.5270,286.154210,39.065708,12.512
7398,3972432,K06375.01,,CANDIDATE,CANDIDATE,0.9990,0,0,0,0,2.908051470,5.2320000e-05,-5.2320000e-05,134.3193000,1.440000e-02,-1.440000e-02,0.7710,0.0590,-0.5270,2.81200,0.59100,-0.59100,1.0310e+02,1.600e+01,-1.600e+01,0.97,2.800e-01,-8.000e-02,1220.0,,,523.63,446.86,-130.85,8.30,1,q1_q17_dr25_tce,5889.00,142.00,-177.00,4.543,0.037,-0.213,0.8690,0.2590,-0.0690,295.896510,39.076359,14.557
7399,5025217,K06496.01,,FALSE POSITIVE,FALSE POSITIVE,0.0000,1,0,0,0,1.787529210,3.8360000e-05,-3.8360000e-05,132.4646000,2.290000e-02,-2.290000e-02,0.0640,0.4640,-0.0640,5.31500,0.18900,-0.18900,6.2900e+01,4.200e+00,-4.200e+00,5.86,1.530e+00,-2.850e+00,3868.0,,,52997.01,40149.91,-40621.66,16.00,1,q1_q17_dr25_tce,6286.00,157.00,-188.00,3.056,0.435,-0.145,7.3420,1.9230,-3.5720,295.437710,40.120998,11.800
7400,5025234,K06497.01,,FALSE POSITIVE,FALSE POSITIVE,,1,0,0,0,1.775553330,4.2890000e-05,-4.2890000e-05,131.9200000,2.380000e-02,-2.380000e-02,0.9299,0.0253,-0.6658,14.41000,1.10000,-1.10000,8.3500e+01,6.900e+00,-6.900e+00,1.26,7.000e-01,-1.400e-01,1786.0,,,2402.56,3994.21,-732.83,14.10,2,q1_q17_dr24_tce,6594.00,158.00,-219.00,4.390,0.060,-0.060,1.1380,0.6330,-0.1230,295.439360,40.147449,13.335
7401,5031804,K06500.01,,FALSE POSITIVE,FALSE POSITIVE,,1,0,0,0,1.373478670,1.1980000e-05,-1.1980000e-05,132.2210500,6.890000e-03,-6.890000e-03,0.9848,0.0059,-0.0074,12.62000,1.80000,-1.80000,2.8990e+02,3.130e+01,-3.130e+01,4.25,1.850e+00,-1.260e+00,2505.0,,,9313.26,12127.45,-5327.20,27.20,2,q1_q17_dr24_tce,6877.00,191.00,-250.00,4.028,0.248,-0.248,1.7530,0.7650,-0.5180,296.833710,40.161240,12.821
7402,5031882,K06501.01,,FALSE POSITIVE,FALSE POSITIVE,0.0000,1,0,0,0,1.009602350,1.8980000e-05,-1.8980000e-05,131.6797000,1.460000e-02,-1.460000e-02,0.9920,0.0220,-0.7570,7.84700,0.29300,-0.29300,3.1900e+01,3.200e+00,-3.200e+00,1.94,4.900e-01,-1.140e+00,2885.0,,,16358.66,12882.59,-13919.15,12.50,1,q1_q17_dr25_tce,6028.00,200.00,-181.00,3.724,0.664,-0.166,2.4120,0.6090,-1.4220,296.852200,40.166519,13.572
7403,5036516,K06502.01,,FALSE POSITIVE,FALSE POSITIVE,0.0000,0,1,0,1,1.060996585,3.6950000e-06,-3.6950000e-06,132.5345700,4.150000e-03,-4.150000e-03,1.1410,0.0800,-0.0710,2.64940,0.01030,-0.01030,4.1142e+04,1.250e+02,-1.250e+02,64.99,1.779e+01,-2.175e+01,1968.0,,,3542.31,3084.77,-2154.77,339.50,1,q1_q17_dr25_tce,5433.00,197.00,-164.00,4.154,0.331,-0.178,1.3480,0.3690,-0.4510,297.875640,40.107460,14.340
7404,5036530,K06503.01,,FALSE POSITIVE,FALSE POSITIVE,0.0000,1,0,0,0,2.735152701,,,133.6322499,,,0.9550,,,0.10460,,,2.8330e+02,,,3.27,5.500e-01,-4.600e-01,1679.0,,,1875.08,805.70,-561.31,4.70,1,q1_q17_dr25_tce,6333.00,69.00,-88.00,4.198,0.110,-0.110,1.5230,0.2590,-0.2120,297.877410,40.120781,13.911
7405,5781192,K06626.01,,FALSE POSITIVE,FALSE POSITIVE,0.0000,0,1,0,0,9.459993213,4.4800000e-07,-4.4800000e-07,138.3433458,3.860000e-05,-3.860000e-05,0.7430,0.0110,-0.0270,5.30120,0.00195,-0.00195,2.3760e+05,3.850e+01,-3.850e+01,51.89,1.177e+01,-4.690e+00,766.0,,,81.31,54.69,-20.96,3164.40,1,q1_q17_dr25_tce,5569.00,149.00,-149.00,4.566,0.038,-0.152,0.8290,0.1880,-0.0750,288.697420,41.059231,12.989
7406,5802470,K06628.01,,FALSE POSITIVE,FALSE POSITIVE,0.0000,0,1,0,0,3.791874430,3.2600000e-07,-3.2600000e-07,134.1343680,7.070000e-05,-7.070000e-05,0.7980,0.0110,-0.1170,3.55210,0.00473,-0.00473,2.3074e+05,1.430e+02,-1.430e+02,47.49,9.590e+00,-3.220e+00,1004.0,,,240.31,150.25,-53.02,1111.90,1,q1_q17_dr25_tce,5622.00,168.00,-151.00,4.619,0.032,-0.128,0.7230,0.1460,-0.0490,295.156280,41.052559,13.764
7407,5807579,K06629.01,,FALSE POSITIVE,FALSE POSITIVE,0.0000,0,1,0,0,17.844323157,5.9700000e-07,-5.9700000e-07,133.6947708,2.760000e-05,-2.760000e-05,0.7570,0.0090,-0.0060,5.07999,0.00068,-0.00068,2.2236e+05,6.150e+01,-6.150e+01,90.67,2.412e+01,-2.949e+01,874.0,,,138.25,112.80,-83.71,4456.60,1,q1_q17_dr25_tce,5993.00,190.00,-211.00,4.114,0.299,-0.161,1.4850,0.3950,-0.4830,296.349300,41.072968,13.745
7408,5860347,K06631.01,,CANDIDATE,CANDIDATE,0.8310,0,0,0,0,2.562712320,2.5040000e-05,-2.5040000e-05,131.6966500,8.280000e-03,-8.280000e-03,0.3460,0.1200,-0.3460,2.16300,0.44400,-0.44400,2.9400e+01,5.200e+00,-5.200e+00,0.48,5.000e-02,-4.000e-02,1171.0,,,443.49,117.75,-96.78,8.20,1,q1_q17_dr25_tce,5190.00,85.00,-77.00,4.446,0.088,-0.064,0.8990,0.0800,-0.0800,285.952180,41.144390,13.273
7409,5894825,K06633.01,,FALSE POSITIVE,FALSE POSITIVE,0.0000,1,0,0,0,1.362939430,2.5340000e-05,-2.5340000e-05,132.7485000,1.550000e-02,-1.550000e-02,1.1300,0.0480,-0.1420,10.32000,1.50000,-1.50000,5.4400e+01,4.700e+00,-4.700e+00,31.28,8.730e+00,-1.068e+01,2630.0,,,11346.02,9373.55,-7198.57,15.80,1,q1_q17_dr25_tce,6831.00,190.00,-286.00,3.971,0.293,-0.158,2.1060,0.5880,-0.7190,296.828060,41.192028,13.658
7410,8374394,K07883.01,,FALSE POSITIVE,FALSE POSITIVE,0.2290,1,0,0,0,185.103836000,4.7910000e-03,-4.7910000e-03,296.7426000,1.330000e-02,-1.330000e-02,0.0190,0.4500,-0.0190,4.19000,0.47800,-0.47800,5.8140e+02,6.510e+01,-6.510e+01,14.63,1.700e+00,-1.700e+00,670.0,,,47.72,17.11,-13.60,10.90,1,q1_q17_dr25_tce,4992.00,109.00,-109.00,2.921,0.033,-0.027,6.2260,0.7240,-0.7240,294.965240,44.360481,13.623
7411,6706287,K06761.01,,FALSE POSITIVE,FALSE POSITIVE,0.0000,0,1,0,0,1.267693801,1.7500000e-07,-1.7500000e-07,132.1203970,1.120000e-04,-1.120000e-04,0.5890,0.0180,-0.0250,3.57993,0.00624,-0.00624,3.3364e+05,3.910e+02,-3.910e+02,64.84,1.754e+01,-1.167e+01,1606.0,,,1572.85,1341.59,-642.72,713.80,1,q1_q17_dr25_tce,5446.00,191.00,-172.00,4.388,0.162,-0.198,0.9610,0.2600,-0.1730,295.677060,42.111355,13.620
7412,6715997,K06762.01,,CANDIDATE,CANDIDATE,,0,0,0,0,15.081860000,3.2590000e-04,-3.2590000e-04,141.7289000,1.920000e-02,-1.920000e-02,0.7171,0.2547,-0.4897,4.00400,0.62100,-0.62100,8.1600e+01,1.750e+01,-1.750e+01,0.98,3.500e-01,-1.500e-01,758.0,,,78.11,83.47,-27.42,7.10,1,q1_q17_dr24_tce,5794.00,163.00,-156.00,4.377,0.126,-0.126,1.0120,0.3650,-0.1510,297.835450,42.110390,14.450
7413,6768616,K06765.01,,CANDIDATE,CANDIDATE,0.9550,0,0,0,0,13.056090000,1.7890000e-04,-1.7890000e-04,140.7128000,1.040000e-02,-1.040000e-02,0.0970,0.3560,-0.0970,3.49800,0.33900,-0.33900,1.7080e+02,1.790e+01,-1.790e+01,1.30,3.900e-01,-1.600e-01,814.0,,,103.85,92.83,-34.74,10.80,1,q1_q17_dr25_tce,6078.00,181.00,-200.00,4.434,0.084,-0.210,0.9940,0.2960,-0.1270,289.044340,42.280022,15.154
7414,6774408,K06766.01,,FALSE POSITIVE,FALSE POSITIVE,,0,1,0,0,0.854509410,1.7470000e-05,-1.7470000e-05,132.2059000,1.510000e-02,-1.510000e-02,0.4204,0.0281,-0.4202,3.72300,0.72300,-0.72300,1.3700e+01,2.100e+00,-2.100e+00,0.35,1.300e-01,-4.000e-02,1928.0,,,3269.09,3748.30,-953.19,9.00,1,q1_q17_dr24_tce,5922.00,156.00,-150.00,4.454,0.080,-0.080,0.9210,0.3600,-0.1050,290.873410,42.277828,12.812
7415,6781047,K06768.01,,FALSE POSITIVE,FALSE POSITIVE,0.0000,1,0,0,0,7.043576200,,,136.2789000,,,,,,15.76000,,,,,,,,,,,,567.89,895.12,-321.58,,1,q1_q17_dr25_tce,,,,,,,,,,292.939640,42.244156,12.484
7416,8440062,K07886.01,,FALSE POSITIVE,FALSE POSITIVE,0.3150,1,0,0,0,366.719230000,2.0950000e-02,-2.0950000e-02,185.6459000,3.550000e-02,-3.550000e-02,0.5920,0.3870,-0.3810,9.80000,1.10000,-1.10000,2.4640e+02,2.940e+01,-2.940e+01,3.35,7.400e-01,-1.100e+00,383.0,,,5.09,3.34,-3.04,9.80,1,q1_q17_dr25_tce,6295.00,173.00,-173.00,3.907,0.285,-0.114,2.0490,0.4490,-0.6730,295.198390,44.419601,13.302
7417,7622072,K06894.01,,FALSE POSITIVE,FALSE POSITIVE,0.0000,0,1,1,0,6.373454978,3.0400000e-06,-3.0400000e-06,136.8998320,3.980000e-04,-3.980000e-04,1.2840,0.1610,-0.1040,3.93770,0.01980,-0.01980,6.0846e+03,2.820e+01,-2.820e+01,51.60,1.436e+01,-1.597e+01,1169.0,,,441.10,369.32,-252.32,258.10,1,q1_q17_dr25_tce,5953.00,177.00,-159.00,4.161,0.344,-0.185,1.2540,0.3490,-0.3880,295.922700,43.285881,13.583
7418,7631194,K06896.01,,FALSE POSITIVE,FALSE POSITIVE,0.0000,1,0,1,0,0.811390968,2.4230000e-06,-2.4230000e-06,131.8759000,2.310000e-03,-2.310000e-03,0.3450,0.1250,-0.3450,1.01140,0.08470,-0.08470,1.3990e+02,9.100e+00,-9.100e+00,14.74,9.900e-01,-3.940e+00,5043.0,,,153237.23,26432.64,-80502.32,19.20,1,q1_q17_dr25_tce,4994.00,37.00,-150.00,2.682,0.033,-0.027,12.4870,0.8360,-3.3430,298.050320,43.233170,11.817
7419,7662209,K06897.01,,FALSE POSITIVE,FALSE POSITIVE,,1,0,0,0,14.649459900,2.5390000e-04,-2.5390000e-04,132.1027000,1.280000e-02,-1.280000e-02,0.1750,0.3078,-0.1748,2.88300,0.39600,-0.39600,2.2100e+02,3.450e+01,-3.450e+01,1.00,1.400e-01,-9.000e-02,574.0,,,25.65,12.04,-6.72,7.40,1,q1_q17_dr24_tce,5017.00,151.00,-134.00,4.585,0.062,-0.062,0.6880,0.0980,-0.0640,282.792420,43.374859,15.376
7420,7670485,K06900.01,,FALSE POSITIVE,FALSE POSITIVE,0.0000,1,0,0,0,8.467706136,1.0580000e-06,-1.0580000e-06,139.4123020,1.030000e-04,-1.030000e-04,1.0540,0.0160,-0.0160,4.05376,0.00499,-0.00499,7.7324e+04,7.540e+01,-7.540e+01,43.98,1.294e+01,-4.330e+00,844.0,,,120.02,101.76,-32.73,976.00,1,q1_q17_dr25_tce,5873.00,146.00,-161.00,4.554,0.036,-0.204,0.8430,0.2480,-0.0830,287.129430,43.344131,14.408
7421,7670617,K06901.01,,FALSE POSITIVE,FALSE POSITIVE,0.0000,0,1,0,0,24.703619950,1.1720000e-05,-1.1720000e-05,136.1342900,3.480000e-04,-3.480000e-04,0.2060,0.0310,-0.0320,6.97190,0.02380,-0.02380,2.1754e+05,1.156e+03,-1.156e+03,30.13,3.890e+00,-2.090e+00,464.0,,,10.99,4.79,-2.46,268.70,1,q1_q17_dr25_tce,5030.00,151.00,-136.00,4.665,0.028,-0.077,0.6500,0.0840,-0.0450,287.184480,43.367088,15.517
7422,8367298,K07025.01,,FALSE POSITIVE,FALSE POSITIVE,0.0000,1,0,0,0,5.134868900,1.8150000e-04,-1.8150000e-04,134.2360000,2.860000e-02,-2.860000e-02,1.1370,0.0780,-0.0970,48.69000,4.20000,-4.20000,1.1580e+02,4.800e+00,-4.800e+00,16.17,5.090e+00,-3.140e+00,1040.0,,,276.25,261.35,-115.34,36.10,1,q1_q17_dr25_tce,5515.00,166.00,-149.00,4.357,0.175,-0.214,1.0010,0.3150,-0.1940,292.493100,44.333439,14.490
7423,8374499,K07026.01,,FALSE POSITIVE,FALSE POSITIVE,0.0000,0,1,0,0,5.251918489,1.1900000e-07,-1.1900000e-07,136.7409800,1.860000e-05,-1.860000e-05,0.3170,0.0060,-0.0010,5.59653,0.00000,0.00000,2.9648e+05,3.340e+01,-3.340e+01,51.51,1.542e+01,-5.150e+00,1060.0,,,299.43,262.62,-87.22,6979.70,1,q1_q17_dr25_tce,6099.00,164.00,-200.00,4.511,0.050,-0.200,0.9190,0.2750,-0.0920,295.000550,44.321018,14.912
7424,8378922,K07028.01,,FALSE POSITIVE,FALSE POSITIVE,0.0000,0,1,0,0,43.263305017,5.1850000e-06,-5.1850000e-06,150.3780757,9.750000e-05,-9.750000e-05,0.5550,0.0060,-0.0040,10.09150,0.00540,-0.00540,3.5909e+05,1.730e+02,-1.730e+02,62.75,1.656e+01,-1.102e+01,505.0,,,15.38,12.27,-6.13,2415.60,1,q1_q17_dr25_tce,5623.00,169.00,-169.00,4.400,0.167,-0.204,0.9170,0.2420,-0.1610,296.371700,44.383541,14.977
7425,8379547,K07029.01,,FALSE POSITIVE,FALSE POSITIVE,0.0000,0,1,0,0,6.042029838,4.4020000e-06,-4.4020000e-06,132.2053670,6.060000e-04,-6.060000e-04,0.6890,0.0330,-0.0250,8.06660,0.04260,-0.04260,1.3286e+05,6.930e+02,-6.930e+02,23.94,2.080e+00,-1.670e+00,729.0,,,66.70,22.96,-16.20,312.50,1,q1_q17_dr25_tce,5030.00,165.00,-165.00,4.670,0.055,-0.055,0.5870,0.0510,-0.0410,296.557560,44.310230,13.373
7426,8382339,K07031.01,,FALSE POSITIVE,FALSE POSITIVE,0.0000,0,0,1,0,5.405976080,2.8970000e-05,-2.8970000e-05,131.6105200,3.150000e-03,-3.150000e-03,0.0130,0.4460,-0.0130,2.79000,0.13300,-0.13300,4.6100e+02,2.340e+01,-2.340e+01,31.78,1.360e+00,-7.670e+00,2818.0,,,14885.10,2447.80,-7139.29,23.50,1,q1_q17_dr25_tce,4840.00,84.00,-120.00,2.560,0.030,-0.030,15.3550,0.6540,-3.7080,297.293060,44.355251,12.504
7427,9328864,K07160.01,,FALSE POSITIVE,FALSE POSITIVE,0.0000,0,1,1,1,0.645850521,2.1910000e-06,-2.1910000e-06,131.8891100,3.200000e-03,-3.200000e-03,0.4760,0.4530,-0.2730,1.20820,0.09310,-0.09310,5.4900e+01,4.000e+00,-4.000e+00,0.69,1.500e-01,-1.100e-01,1941.0,,,3366.81,2330.27,-1190.35,16.80,1,q1_q17_dr25_tce,5381.00,159.00,-143.00,4.426,0.144,-0.192,0.9110,0.2070,-0.1380,285.003540,45.887951,14.107
7428,9334490,K07161.01,,FALSE POSITIVE,FALSE POSITIVE,0.0000,0,1,1,0,18.844971130,3.4570000e-05,-3.4570000e-05,149.9475900,1.470000e-03,-1.470000e-03,0.8950,0.0080,-0.0070,4.94420,0.08650,-0.08650,4.1434e+03,6.630e+01,-6.630e+01,5.35,5.700e-01,-5.100e-01,552.0,,,21.89,8.64,-6.02,79.80,1,q1_q17_dr25_tce,5220.00,173.00,-157.00,4.578,0.084,-0.056,0.6950,0.0740,-0.0660,288.271210,45.876610,15.695
7429,9344623,K07163.01,,FALSE POSITIVE,FALSE POSITIVE,0.0000,0,1,0,0,14.759477667,1.0700000e-06,-1.0700000e-06,139.7828128,5.850000e-05,-5.850000e-05,0.5600,0.0030,-0.0030,9.77460,0.00312,-0.00312,3.5747e+05,9.720e+01,-9.720e+01,76.06,2.333e+01,-9.370e+00,862.0,,,130.69,114.92,-41.85,3813.50,1,q1_q17_dr25_tce,6522.00,158.00,-198.00,4.407,0.065,-0.208,1.1050,0.3390,-0.1360,292.740200,45.801510,13.822
7430,9357275,K07165.01,,FALSE POSITIVE,FALSE POSITIVE,0.0000,0,1,0,0,1.588298157,1.8100000e-07,-1.8100000e-07,132.1833032,9.030000e-05,-9.030000e-05,0.8550,0.0160,-0.0130,4.37027,0.00538,-0.00538,1.6503e+05,1.460e+02,-1.460e+02,120.00,3.020e+01,-3.020e+01,2773.0,,,13941.82,10787.08,-7268.88,1071.60,1,q1_q17_dr25_tce,7742.00,244.00,-298.00,4.024,0.187,-0.153,2.0940,0.5270,-0.5270,297.202450,45.849861,12.186
7431,9394920,K07168.01,,FALSE POSITIVE,FALSE POSITIVE,0.0000,1,0,0,0,1.383858220,,,132.7620000,,,,,,1.00000,,,,,,,,,,,,234049.39,56956.46,-156186.97,,1,q1_q17_dr25_tce,,,,,,,,,,287.334170,45.924709,14.367
7432,8524110,K07891.01,,FALSE POSITIVE,FALSE POSITIVE,0.0000,0,0,1,1,0.797089750,1.1020000e-05,-1.1020000e-05,131.8481000,1.170000e-02,-1.170000e-02,0.5300,0.0300,-0.4680,3.30100,0.40100,-0.40100,1.9300e+01,2.500e+00,-2.500e+00,0.54,1.600e-01,-1.300e-01,2262.0,,,6174.20,5209.90,-2980.47,9.80,1,q1_q17_dr25_tce,6056.00,163.00,-181.00,4.271,0.185,-0.185,1.1960,0.3440,-0.2820,300.558230,44.570061,13.391
7433,10163067,K07291.01,,CANDIDATE,CANDIDATE,0.9830,0,0,0,0,25.913667400,5.8820000e-04,-5.8820000e-04,131.8232000,1.950000e-02,-1.950000e-02,0.9820,0.0020,-0.6820,10.49800,0.30600,-0.30600,1.0970e+02,7.600e+00,-7.600e+00,3.37,6.000e-01,-1.210e+00,966.0,,,205.72,117.18,-130.12,16.10,1,q1_q17_dr25_tce,6167.00,189.00,-170.00,3.804,0.293,-0.098,2.3460,0.4210,-0.8420,298.900600,47.107769,12.556
7434,10164018,K07292.01,,FALSE POSITIVE,FALSE POSITIVE,0.0010,0,0,1,0,8.541241100,1.2670000e-04,-1.2670000e-04,131.6163000,1.270000e-02,-1.270000e-02,0.7930,0.1740,-0.5750,3.65400,0.38500,-0.38500,2.9880e+02,3.490e+01,-3.490e+01,1.40,2.900e-01,-1.000e-01,767.0,,,81.55,52.01,-18.88,10.70,1,q1_q17_dr25_tce,5602.00,168.00,-168.00,4.614,0.032,-0.136,0.7320,0.1510,-0.0500,299.167390,47.185692,15.661
7435,10214328,K07296.01,,FALSE POSITIVE,FALSE POSITIVE,0.0000,1,0,0,0,659.290700000,1.1970000e-02,-1.1970000e-02,254.3300000,1.710000e-02,-1.710000e-02,0.9820,0.3020,-0.0420,22.10600,0.89500,-0.89500,3.3810e+02,1.730e+01,-1.730e+01,4.66,3.100e-01,-3.200e-01,322.0,,,2.53,0.50,-0.43,27.00,1,q1_q17_dr25_tce,6917.00,83.00,-83.00,4.050,0.018,-0.018,1.8370,0.1240,-0.1240,294.377080,47.289928,10.629
7436,10215422,K07297.01,,FALSE POSITIVE,FALSE POSITIVE,0.0000,0,1,0,0,24.847087207,7.5100000e-07,-7.5100000e-07,154.1275658,2.460000e-05,-2.460000e-05,0.5200,0.0050,-0.0010,7.28274,0.00088,-0.00088,3.1767e+05,6.290e+01,-6.290e+01,52.38,1.430e+01,-4.780e+00,569.0,,,24.75,20.36,-6.43,6707.70,1,q1_q17_dr25_tce,5644.00,169.00,-152.00,4.550,0.035,-0.196,0.8540,0.2330,-0.0780,294.759860,47.201931,14.608
7437,10257903,K07298.01,,FALSE POSITIVE,FALSE POSITIVE,,1,0,0,0,0.855747310,,,131.8240876,,,,,,2.01000,,,,,,,,,,,,,,,,1,q1_q17_dr24_tce,,,,,,,,,,284.084200,47.373589,15.482
7438,10258558,K07299.01,,FALSE POSITIVE,FALSE POSITIVE,0.0000,0,1,0,0,20.867855659,1.1740000e-06,-1.1740000e-06,136.4038679,4.620000e-05,-4.620000e-05,1.0450,0.0240,-0.0370,5.73122,0.00230,-0.00230,8.2601e+04,2.110e+01,-2.110e+01,53.53,1.480e+01,-9.120e+00,716.0,,,62.09,50.50,-24.28,2768.60,1,q1_q17_dr25_tce,6095.00,165.00,-184.00,4.378,0.144,-0.192,1.0160,0.2810,-0.1730,284.454530,47.311951,14.492
7439,11240948,K07425.01,,FALSE POSITIVE,FALSE POSITIVE,0.1360,0,1,0,0,3.401949837,5.4420000e-06,-5.4420000e-06,134.6247000,1.380000e-03,-1.380000e-03,0.9580,0.0030,-0.0030,16.57970,0.08990,-0.08990,2.4770e+03,1.290e+01,-1.290e+01,14.32,2.960e+00,-4.440e+00,2076.0,,,4391.35,2730.29,-2565.99,304.00,1,q1_q17_dr25_tce,7094.00,193.00,-236.00,3.905,0.277,-0.092,2.1700,0.4490,-0.6730,290.106780,48.903389,12.471
7440,11241560,K07426.01,,CANDIDATE,CANDIDATE,1.0000,0,0,0,0,6.961973040,7.9330000e-05,-7.9330000e-05,135.5502100,8.900000e-03,-8.900000e-03,0.1030,0.3550,-0.1030,2.80600,0.26400,-0.26400,1.5130e+02,2.040e+01,-2.040e+01,0.97,1.000e-01,-1.000e-01,778.0,,,86.68,30.80,-25.51,8.80,1,q1_q17_dr25_tce,5008.00,151.00,-151.00,4.506,0.093,-0.085,0.8140,0.0790,-0.0870,290.436770,48.983452,15.352
7441,11250867,K07428.01,,FALSE POSITIVE,FALSE POSITIVE,0.0000,0,1,0,0,2.252822538,1.3400000e-07,-1.3400000e-07,131.6331462,4.860000e-05,-4.860000e-05,0.6210,0.0440,-0.0120,3.41062,0.00162,-0.00162,2.6985e+05,9.220e+01,-9.220e+01,57.60,1.502e+01,-8.120e+00,1462.0,,,1078.82,827.50,-373.23,1575.90,1,q1_q17_dr25_tce,6116.00,164.00,-182.00,4.431,0.105,-0.180,0.9510,0.2480,-0.1340,294.974150,48.944580,13.387
7442,11251058,K07429.01,,FALSE POSITIVE,FALSE POSITIVE,0.0000,0,0,0,1,2.252848170,2.7550000e-05,-2.7550000e-05,131.6206000,1.150000e-02,-1.150000e-02,1.0430,5.9760,-0.0430,3.06900,0.55700,-0.55700,6.0000e+01,8.500e+00,-8.500e+00,8.61,1.430e+00,-1.070e+00,1940.0,,,3351.24,1396.92,-919.63,8.80,1,q1_q17_dr25_tce,6850.00,71.00,-92.00,4.196,0.080,-0.120,1.5300,0.2540,-0.1910,295.057010,48.976349,13.178
7443,11285625,K07431.01,,FALSE POSITIVE,FALSE POSITIVE,0.0000,0,1,0,0,5.395255730,6.8130000e-06,-6.8130000e-06,131.5425530,1.000000e-03,-1.000000e-03,1.0000,0.2070,-0.1380,7.83770,0.05680,-0.05680,1.0424e+05,6.890e+02,-6.890e+02,152.74,2.773e+01,-6.466e+01,1992.0,,,3721.55,2077.25,-2647.35,175.70,1,q1_q17_dr25_tce,7216.00,201.00,-251.00,3.768,0.392,-0.098,2.8040,0.5090,-1.1870,285.216190,49.089470,10.143
7444,11286311,K07432.01,,CANDIDATE,CANDIDATE,0.6350,0,0,0,0,13.153840900,5.2670000e-04,-5.2670000e-04,143.3100000,3.070000e-02,-3.070000e-02,0.3900,0.0600,-0.3900,11.56000,1.10000,-1.10000,1.0460e+02,1.200e+01,-1.200e+01,1.03,3.100e-01,-1.800e-01,750.0,,,74.80,67.02,-29.60,10.60,1,q1_q17_dr25_tce,5443.00,164.00,-164.00,4.360,0.175,-0.214,1.0080,0.3000,-0.1750,285.636810,49.009109,15.007
7445,4732015,K05076.02,,FALSE POSITIVE,FALSE POSITIVE,,1,0,0,0,0.939740093,1.0510000e-06,-1.0510000e-06,131.7401000,1.050000e-03,-1.050000e-03,0.5488,0.3038,-0.2178,3.68200,0.41300,-0.41300,1.0650e+02,1.340e+01,-1.340e+01,34.87,9.240e+00,-1.358e+01,7200.0,,,635197.09,498644.54,-424497.64,14.30,2,q1_q17_dr24_tce,4297.00,119.00,-123.00,1.663,0.308,-0.308,33.4740,8.8710,-13.0420,286.825200,39.802509,10.147
7446,8043638,K00460.02,,CANDIDATE,CANDIDATE,,0,0,0,0,36.048479800,9.4480000e-04,-9.4480000e-04,150.0591000,2.150000e-02,-2.150000e-02,0.2940,0.1641,-0.2939,5.76300,0.83400,-0.83400,1.2760e+02,2.010e+01,-2.010e+01,1.24,4.300e-01,-2.100e-01,566.0,,,24.28,25.58,-9.10,8.50,2,q1_q17_dr24_tce,5602.00,164.00,-152.00,4.330,0.147,-0.147,1.1000,0.3880,-0.1810,296.636840,43.802792,14.743
7447,9214712,K06064.02,,FALSE POSITIVE,FALSE POSITIVE,0.0000,1,1,0,0,265.299451000,1.0950000e-03,-1.0950000e-03,326.2637500,2.880000e-03,-2.880000e-03,0.8800,0.0460,-0.3460,4.56300,0.30400,-0.30400,4.9460e+03,1.770e+02,-1.770e+02,7.10,1.850e+00,-6.200e-01,270.0,,,1.25,0.93,-0.33,34.30,2,q1_q17_dr25_tce,5873.00,139.00,-174.00,4.547,0.033,-0.187,0.8630,0.2250,-0.0750,290.389620,45.681438,15.518
7448,9214715,K06065.02,,FALSE POSITIVE,FALSE POSITIVE,0.0000,1,1,1,1,265.310499000,3.5270000e-03,-3.5270000e-03,326.2451100,6.130000e-03,-6.130000e-03,0.9130,0.0520,-0.6330,4.01300,0.24300,-0.24300,1.5300e+03,1.470e+02,-1.470e+02,4.69,1.470e+00,-4.900e-01,296.0,,,1.81,1.66,-0.56,11.60,2,q1_q17_dr25_tce,6108.00,165.00,-220.00,4.471,0.052,-0.208,0.9970,0.3120,-0.1040,290.391240,45.681610,15.279
7449,1293379,K06253.01,,CANDIDATE,CANDIDATE,,0,0,0,0,27.556452000,2.9280000e-03,-2.9280000e-03,132.1916000,7.860000e-02,-7.860000e-02,0.1438,0.2960,-0.1437,8.23000,1.80000,-1.80000,2.8920e+02,5.540e+01,-5.540e+01,1.40,5.400e-01,-1.000e-01,531.0,,,18.86,22.40,-4.48,6.70,1,q1_q17_dr24_tce,5509.00,184.00,-162.00,4.565,0.024,-0.024,0.8360,0.3220,-0.0610,291.113980,36.994061,15.979
7450,4042088,K06378.01,,FALSE POSITIVE,FALSE POSITIVE,,1,0,0,0,3.225986840,,,134.7245837,,,,,,1.67000,,,,,,,,,,,,,,,,1,q1_q17_dr24_tce,,,,,,,,,,286.889500,39.107368,13.430
7451,4055092,K06379.01,,FALSE POSITIVE,FALSE POSITIVE,0.0000,0,1,0,0,76.453158130,7.9820000e-05,-7.9820000e-05,133.9863080,8.420000e-04,-8.420000e-04,1.2600,0.5760,-0.1860,5.18220,0.04320,-0.04320,9.6622e+03,7.580e+01,-7.580e+01,22.89,1.100e+00,-1.490e+00,291.0,,,1.70,0.40,-0.40,151.80,1,q1_q17_dr25_tce,4831.00,144.00,-158.00,4.713,0.049,-0.025,0.5400,0.0260,-0.0350,290.980130,39.186489,15.312
7452,4067549,K06380.01,,FALSE POSITIVE,FALSE POSITIVE,0.0000,0,1,1,0,7.698431197,1.2050000e-06,-1.2050000e-06,137.8680330,1.290000e-04,-1.290000e-04,1.1490,0.0400,-0.0410,5.43677,0.00677,-0.00677,4.2549e+04,5.030e+01,-5.030e+01,42.72,1.214e+01,-4.050e+00,878.0,,,140.16,116.84,-38.39,942.60,1,q1_q17_dr25_tce,5774.00,155.00,-172.00,4.508,0.062,-0.188,0.8760,0.2490,-0.0830,294.199710,39.172379,15.451
7453,4069213,K06382.01,,FALSE POSITIVE,FALSE POSITIVE,0.0000,0,1,0,0,5.194256813,4.1600000e-07,-4.1600000e-07,134.5723735,6.510000e-05,-6.510000e-05,0.3780,0.0150,-0.0040,7.25775,0.00373,-0.00373,3.8851e+04,1.990e+01,-1.990e+01,41.77,5.670e+00,-1.053e+01,1546.0,,,1349.96,497.38,-630.47,2390.40,1,q1_q17_dr25_tce,6100.00,91.00,-73.00,3.895,0.196,-0.084,2.0860,0.2830,-0.5260,294.595700,39.193748,12.739
7454,4076061,K06384.01,,CANDIDATE,CANDIDATE,,0,0,0,0,566.281760000,3.4690000e-02,-3.4690000e-02,440.2605000,3.260000e-02,-3.260000e-02,0.2065,0.2442,-0.2065,20.39000,1.50000,-1.50000,1.2000e+03,1.520e+02,-1.520e+02,2.79,1.070e+00,-2.200e-01,203.0,,,0.40,0.48,-0.10,8.90,1,q1_q17_dr24_tce,5829.00,193.00,-175.00,4.575,0.031,-0.031,0.8020,0.3090,-0.0610,296.074070,39.158192,15.992
7455,4076952,K06385.01,,FALSE POSITIVE,FALSE POSITIVE,0.0000,0,1,0,0,9.761172507,9.2300000e-07,-9.2300000e-07,133.7034265,7.860000e-05,-7.860000e-05,0.3430,0.0030,0.0000,11.40070,0.00522,-0.00522,2.0587e+05,8.100e+01,-8.100e+01,95.58,2.268e+01,-4.214e+01,1325.0,,,729.48,517.66,-534.72,3150.90,1,q1_q17_dr25_tce,6468.00,181.00,-250.00,3.893,0.428,-0.114,2.0480,0.4860,-0.9030,296.244840,39.185139,13.773
7456,5036530,K06503.02,,FALSE POSITIVE,FALSE POSITIVE,,1,0,0,0,1.365138390,,,132.0907941,,,,,,1.86000,,,,,,,,,,,,,,,,2,q1_q17_dr24_tce,,,,,,,,,,297.877410,40.120781,13.911
7457,5036538,K06504.01,,FALSE POSITIVE,FALSE POSITIVE,0.0000,0,1,0,0,1.061008464,8.3000000e-08,-8.3000000e-08,132.5213941,6.560000e-05,-6.560000e-05,0.4770,0.0150,-0.0100,2.80290,0.00210,-0.00210,4.0877e+05,2.200e+02,-2.200e+02,32.58,2.800e+00,-5.170e+00,1002.0,,,238.59,73.69,-92.34,997.70,1,q1_q17_dr25_tce,4239.00,112.00,-150.00,4.793,0.091,-0.039,0.4540,0.0390,-0.0720,297.877990,40.107960,13.349
7458,5038469,K06505.01,,FALSE POSITIVE,FALSE POSITIVE,,1,0,0,0,1.368401670,,,131.5320332,,,,,,4.58000,,,,,,,,,,,,,,,,1,q1_q17_dr24_tce,,,,,,,,,,298.223110,40.172298,12.103
7459,5039687,K06506.01,,FALSE POSITIVE,FALSE POSITIVE,,1,0,0,0,5.895706900,2.5800000e-04,-2.5800000e-04,136.3002000,3.920000e-02,-3.920000e-02,1.3087,0.0152,-0.0924,56.84000,5.20000,-5.20000,1.2970e+02,9.300e+00,-9.300e+00,32.41,1.332e+01,-2.850e+00,1002.0,,,238.37,287.32,-63.30,24.10,1,q1_q17_dr24_tce,5956.00,154.00,-183.00,4.504,0.040,-0.040,0.9340,0.3840,-0.0820,298.459500,40.161560,14.087
7460,5042785,K06507.01,,FALSE POSITIVE,FALSE POSITIVE,0.0000,1,0,0,0,1.674737790,,,132.7799000,,,,,,5.67000,,,,,,,,,,,,16598.34,14831.23,-10024.09,,1,q1_q17_dr25_tce,,,,,,,,,,299.095460,40.198170,11.480
7461,5080346,K06509.01,,FALSE POSITIVE,FALSE POSITIVE,0.0000,1,0,0,0,2.311694250,5.5390000e-05,-5.5390000e-05,132.3203000,1.490000e-02,-1.490000e-02,0.6280,0.2450,-0.4290,8.68900,0.46300,-0.46300,3.8400e+01,2.800e+00,-2.800e+00,1.76,5.400e-01,-6.700e-01,3178.0,,,24113.62,22695.98,-16154.91,16.00,1,q1_q17_dr25_tce,9451.00,302.00,-378.00,3.970,0.247,-0.180,2.6790,0.8260,-1.0090,284.853970,40.208569,13.234
7462,5080652,K06510.01,,FALSE POSITIVE,FALSE POSITIVE,0.0000,0,1,0,0,2.072177815,3.9400000e-07,-3.9400000e-07,133.0957270,1.580000e-04,-1.580000e-04,0.6410,0.0150,-0.0120,4.54864,0.00921,-0.00921,2.9372e+05,5.870e+02,-5.870e+02,46.55,7.650e+00,-3.570e+00,1204.0,,,495.23,259.05,-116.19,590.70,1,q1_q17_dr25_tce,5519.00,163.00,-147.00,4.621,0.035,-0.105,0.7180,0.1180,-0.0550,285.020420,40.298500,15.080
7463,5894972,K06634.01,,FALSE POSITIVE,FALSE POSITIVE,0.0000,1,0,0,0,3.343285340,4.3750000e-05,-4.3750000e-05,134.8451000,1.120000e-02,-1.120000e-02,1.2100,0.0110,-0.1230,27.29000,4.60000,-4.60000,1.6680e+02,7.000e+00,-7.000e+00,64.00,1.045e+01,-2.266e+01,2094.0,,,4535.97,2293.97,-2861.36,79.50,2,q1_q17_dr25_tce,6541.00,177.00,-197.00,3.773,0.293,-0.098,2.6520,0.4330,-0.9390,296.862580,41.147419,13.276
7464,5951140,K06635.01,,CANDIDATE,CANDIDATE,,0,0,0,0,0.527401210,1.0160000e-05,-1.0160000e-05,131.6718000,1.460000e-02,-1.460000e-02,0.4309,0.2537,-0.3909,4.80700,0.77600,-0.77600,1.3160e+03,4.330e+02,-4.330e+02,1.49,1.900e-01,-1.800e-01,1027.0,,,263.23,87.78,-71.82,31.10,1,q1_q17_dr24_tce,3582.00,52.00,-52.00,4.847,0.060,-0.060,0.4100,0.0500,-0.0500,288.888490,41.246738,14.353
7465,5952309,K06636.01,,FALSE POSITIVE,FALSE POSITIVE,0.0000,0,1,1,1,0.905678252,4.6960000e-06,-4.6960000e-06,132.1964700,4.590000e-03,-4.590000e-03,0.3570,0.0980,-0.3570,1.24900,0.14900,-0.14900,7.0400e+01,8.100e+00,-8.100e+00,0.78,2.300e-01,-8.000e-02,1901.0,,,3074.42,2708.48,-898.25,11.10,1,q1_q17_dr25_tce,6075.00,164.00,-201.00,4.501,0.052,-0.208,0.9090,0.2730,-0.0910,289.263000,41.266380,14.920
7466,5962514,K06639.01,,FALSE POSITIVE,FALSE POSITIVE,0.0000,0,1,0,0,0.790046373,4.9360000e-06,-4.9360000e-06,132.1225000,7.710000e-03,-7.710000e-03,0.6500,1.1760,-0.0560,4.99390,0.07940,-0.07940,1.4930e+05,1.306e+03,-1.306e+03,56.93,2.130e+01,-7.080e+00,2541.0,,,9873.85,10934.21,-3490.55,174.50,1,q1_q17_dr25_tce,6785.00,189.00,-283.00,4.321,0.058,-0.232,1.3420,0.5020,-0.1670,292.539860,41.211590,14.838
7467,5962716,K06640.01,,FALSE POSITIVE,FALSE POSITIVE,0.0000,0,1,0,0,1.804591904,1.2100000e-07,-1.2100000e-07,132.3963298,5.490000e-05,-5.490000e-05,0.8790,0.0310,-0.0210,3.85009,0.00217,-0.00217,1.3730e+05,4.990e+01,-4.990e+01,80.87,1.532e+01,-1.377e+01,1923.0,,,3221.97,1558.37,-1116.34,1666.60,1,q1_q17_dr25_tce,6271.00,75.00,-81.00,4.178,0.143,-0.117,1.5150,0.2870,-0.2580,292.608310,41.225201,13.877
7468,5977804,K06643.01,,FALSE POSITIVE,FALSE POSITIVE,,0,0,1,0,3.319766830,5.3960000e-05,-5.3960000e-05,131.7956000,1.350000e-02,-1.350000e-02,0.7130,0.2567,-0.4743,4.52300,0.83000,-0.83000,4.8000e+01,1.000e+01,-1.000e+01,0.70,2.600e-01,-9.000e-02,1276.0,,,626.66,699.01,-198.75,8.50,1,q1_q17_dr24_tce,6100.00,175.00,-181.00,4.438,0.090,-0.090,0.9400,0.3520,-0.1150,296.535710,41.239010,14.644
7469,6792124,K06770.01,,FALSE POSITIVE,FALSE POSITIVE,0.0000,0,1,0,1,0.528808170,1.9060000e-06,-1.9060000e-06,131.6784400,3.780000e-03,-3.780000e-03,0.4320,0.2490,-0.2940,2.28650,0.09100,-0.09100,5.7700e+01,1.900e+00,-1.900e+00,1.84,3.400e-01,-6.400e-01,3558.0,,,37880.12,21611.18,-23436.66,38.80,1,q1_q17_dr25_tce,6224.00,171.00,-171.00,3.815,0.304,-0.095,2.3680,0.4430,-0.8220,295.784820,42.285679,13.274
7470,6804648,K06771.01,,FALSE POSITIVE,FALSE POSITIVE,0.0000,0,1,1,0,0.700606479,3.6420000e-06,-3.6420000e-06,131.5976700,4.510000e-03,-4.510000e-03,0.3700,0.1300,-0.3700,0.99300,0.28500,-0.28500,2.3500e+01,4.100e+00,-4.100e+00,1.22,2.200e-01,-4.500e-01,3312.0,,,28551.69,16084.64,-18382.91,9.00,1,q1_q17_dr25_tce,6280.00,172.00,-172.00,3.795,0.304,-0.095,2.4490,0.4520,-0.9040,298.482570,42.240379,12.609
7471,6841577,K06773.01,,FALSE POSITIVE,FALSE POSITIVE,0.0000,0,1,0,0,15.537533780,9.1000000e-07,-9.1000000e-07,140.2734399,4.720000e-05,-4.720000e-05,0.4250,0.0040,-0.0030,5.82620,0.00229,-0.00229,2.0901e+05,1.060e+02,-1.060e+02,40.90,9.950e+00,-5.370e+00,694.0,,,54.73,39.35,-17.71,2807.80,1,q1_q17_dr25_tce,5704.00,154.00,-154.00,4.476,0.104,-0.169,0.8680,0.2110,-0.1140,283.775850,42.359322,14.875
7472,6852488,K06775.01,,FALSE POSITIVE,FALSE POSITIVE,0.0000,0,1,0,0,2.172042913,8.7900000e-07,-8.7900000e-07,131.7646410,3.370000e-04,-3.370000e-04,0.8810,0.0170,-0.0200,8.03310,0.02400,-0.02400,1.5438e+05,3.200e+02,-3.200e+02,100.79,1.908e+01,-1.590e+01,2169.0,,,5231.88,2467.49,-1694.32,583.60,1,q1_q17_dr25_tce,7128.00,71.00,-85.00,4.105,0.115,-0.126,1.7750,0.3360,-0.2800,288.473140,42.380070,13.908
7473,6853172,K06776.01,,CANDIDATE,CANDIDATE,0.9790,0,0,0,0,28.655498000,1.0630000e-03,-1.0630000e-03,157.1618000,3.310000e-02,-3.310000e-02,0.0790,0.3670,-0.0790,8.58000,1.20000,-1.20000,1.7360e+02,2.200e+01,-2.200e+01,1.45,4.400e-01,-1.700e-01,658.0,,,44.37,39.87,-15.08,10.10,1,q1_q17_dr25_tce,6268.00,174.00,-239.00,4.429,0.052,-0.208,1.1000,0.3350,-0.1340,288.730290,42.334011,15.426
7474,7671594,K06902.01,,FALSE POSITIVE,FALSE POSITIVE,,0,1,0,0,0.705174384,9.4000000e-08,-9.4000000e-08,131.6948660,1.090000e-04,-1.090000e-04,13.5485,1.0680,-3.5340,1.11196,0.00744,-0.00744,3.7523e+05,1.728e+03,-1.728e+03,366.76,7.336e+01,-7.335e+01,751.0,,,75.23,39.71,-29.89,222.80,1,q1_q17_dr24_tce,3354.00,50.00,-50.00,5.031,0.060,-0.060,0.2500,0.0500,-0.0500,287.635860,43.370770,15.815
7475,7677005,K06903.01,,FALSE POSITIVE,FALSE POSITIVE,0.0000,0,1,0,0,38.058140058,2.5340000e-06,-2.5340000e-06,142.4101791,5.640000e-05,-5.640000e-05,0.6300,0.0040,-0.0050,8.82403,0.00292,-0.00292,3.0887e+05,8.640e+01,-8.640e+01,94.10,2.189e+01,-1.459e+01,736.0,,,69.39,46.43,-26.57,3602.00,1,q1_q17_dr25_tce,6894.00,164.00,-247.00,4.250,0.092,-0.138,1.4190,0.3300,-0.2200,289.915740,43.390789,12.178
7476,7687365,K06904.01,,CANDIDATE,CANDIDATE,,0,0,0,0,26.155676700,3.3360000e-04,-3.3360000e-04,154.3522300,9.110000e-03,-9.110000e-03,0.1660,0.3354,-0.1657,1.54200,0.35700,-0.35700,2.9500e+02,7.630e+01,-7.630e+01,1.28,2.800e-01,-1.000e-01,501.0,,,14.92,10.18,-3.66,7.00,1,q1_q17_dr24_tce,5204.00,171.00,-139.00,4.573,0.037,-0.037,0.7600,0.1640,-0.0630,293.417850,43.342850,15.425
7477,7700500,K06907.01,,CANDIDATE,CANDIDATE,0.9090,0,0,0,0,4.606877170,8.5060000e-05,-8.5060000e-05,133.8738000,1.620000e-02,-1.620000e-02,0.3410,0.1090,-0.3410,2.29500,0.36100,-0.36100,2.5870e+02,4.370e+01,-4.370e+01,1.14,1.200e-01,-1.200e-01,865.0,,,132.78,57.50,-39.27,7.50,1,q1_q17_dr25_tce,5110.00,194.00,-176.00,4.582,0.061,-0.055,0.7110,0.0790,-0.0710,297.240390,43.397678,15.930
7478,7707736,K06909.01,,FALSE POSITIVE,FALSE POSITIVE,0.0000,1,0,0,1,0.758355704,5.5400000e-07,-5.5400000e-07,131.8639720,6.010000e-04,-6.010000e-04,0.8460,0.0060,-0.0040,4.41350,0.05400,-0.05400,9.5683e+03,7.610e+01,-7.610e+01,8.78,2.040e+00,-6.900e-01,1765.0,,,2292.94,1627.29,-545.55,153.30,2,q1_q17_dr25_tce,5629.00,169.00,-152.00,4.586,0.036,-0.144,0.7830,0.1820,-0.0610,298.897640,43.394459,15.617
7479,7733540,K06910.01,,FALSE POSITIVE,FALSE POSITIVE,,1,0,0,0,0.772586080,,,131.7134714,,,,,,2.70000,,,,,,,,,,,,,,,,1,q1_q17_dr24_tce,,,,,,,,,,283.013820,43.483109,15.214
7480,8411947,K07034.01,,FALSE POSITIVE,FALSE POSITIVE,0.0000,0,1,0,0,0.898837525,1.9900000e-07,-1.9900000e-07,132.1340500,1.910000e-04,-1.910000e-04,0.4960,0.0350,-0.0300,3.53420,0.01240,-0.01240,3.9978e+05,9.960e+02,-9.960e+02,57.14,8.570e+00,-6.230e+00,1615.0,,,1609.86,833.10,-501.74,445.60,1,q1_q17_dr25_tce,5284.00,185.00,-185.00,4.518,0.081,-0.099,0.8070,0.1210,-0.0880,282.887360,44.439110,15.300
7481,8414159,K07035.01,,FALSE POSITIVE,FALSE POSITIVE,0.0000,0,1,0,0,11.931131598,3.5700000e-07,-3.5700000e-07,142.8536843,2.450000e-05,-2.450000e-05,1.0370,0.0170,-0.0230,5.56983,0.00136,-0.00136,3.0051e+05,3.620e+01,-3.620e+01,93.46,2.602e+01,-1.111e+01,831.0,,,112.47,92.09,-35.19,5606.70,1,q1_q17_dr25_tce,6089.00,165.00,-183.00,4.449,0.084,-0.196,0.9590,0.2670,-0.1140,284.123690,44.440350,14.378
7482,8414216,K07036.01,,FALSE POSITIVE,FALSE POSITIVE,0.0000,0,0,0,1,11.931379920,9.6720000e-05,-9.6720000e-05,142.8236600,7.540000e-03,-7.540000e-03,0.4120,0.0450,-0.4120,3.63900,0.17900,-0.17900,1.2210e+02,9.700e+00,-9.700e+00,0.56,3.000e-02,-3.000e-02,415.0,,,7.00,1.07,-1.09,14.70,1,q1_q17_dr25_tce,3787.00,51.00,-51.00,4.742,0.032,-0.017,0.5050,0.0230,-0.0280,284.157990,44.459110,14.003
7483,8415863,K07037.01,,FALSE POSITIVE,FALSE POSITIVE,0.0000,0,1,0,0,27.533803402,5.5900000e-07,-5.5900000e-07,147.2410009,1.670000e-05,-1.670000e-05,0.9080,0.0230,-0.0060,3.96227,0.00291,-0.00291,4.8153e+04,5.000e+00,-5.000e+00,50.02,1.230e+01,-1.847e+01,777.0,,,85.95,65.69,-56.38,5446.90,1,q1_q17_dr25_tce,5925.00,193.00,-211.00,4.052,0.350,-0.150,1.6110,0.3960,-0.5950,285.051480,44.485138,12.921
7484,8429450,K07039.01,,FALSE POSITIVE,FALSE POSITIVE,0.0000,0,1,0,0,1.352576807,1.5600000e-07,-1.5600000e-07,132.0374311,9.520000e-05,-9.520000e-05,0.6160,0.0140,-0.0140,5.49531,0.00583,-0.00583,3.1748e+05,2.550e+02,-2.550e+02,161.02,3.259e+01,-7.603e+01,2866.0,,,15932.27,10104.48,-12184.18,1365.10,1,q1_q17_dr25_tce,6881.00,214.00,-285.00,3.831,0.456,-0.114,2.4060,0.4870,-1.1360,291.315950,44.462849,13.106
7485,8442795,K07040.01,,CANDIDATE,CANDIDATE,,0,0,0,0,502.206420000,4.7420000e-02,-4.7420000e-02,162.9131000,7.550000e-02,-7.550000e-02,0.9802,0.0245,-0.7023,9.39000,1.60000,-1.60000,4.4790e+02,8.520e+01,-8.520e+01,2.18,7.600e-01,-1.100e-01,212.0,,,0.48,0.49,-0.10,7.10,1,q1_q17_dr24_tce,6018.00,182.00,-164.00,4.615,0.024,-0.024,0.7330,0.2550,-0.0380,296.057280,44.461079,14.948
7486,9397900,K07169.01,,CANDIDATE,CANDIDATE,0.7290,0,0,0,0,10.511377900,4.0060000e-04,-4.0060000e-04,140.9553000,3.700000e-02,-3.700000e-02,0.1980,0.2520,-0.1980,4.74000,0.86200,-0.86200,2.9900e+01,3.800e+00,-3.800e+00,0.72,2.300e-01,-1.200e-01,1052.0,,,289.46,263.92,-117.48,8.80,1,q1_q17_dr25_tce,6575.00,181.00,-250.00,4.278,0.124,-0.201,1.3050,0.4040,-0.2180,289.041960,45.977081,12.931
7487,9411943,K07170.01,,FALSE POSITIVE,FALSE POSITIVE,0.0000,0,1,1,0,1.922009494,6.2500000e-07,-6.2500000e-07,132.1612850,2.680000e-04,-2.680000e-04,1.3120,0.3620,-0.1810,3.10100,0.01410,-0.01410,6.5478e+03,2.660e+01,-2.660e+01,48.61,1.382e+01,-1.006e+01,1596.0,,,1534.66,1279.75,-679.43,284.40,1,q1_q17_dr25_tce,5880.00,158.00,-175.00,4.296,0.225,-0.184,1.0870,0.3090,-0.2250,294.941770,45.929562,14.738
7488,9412462,K07171.01,,FALSE POSITIVE,FALSE POSITIVE,0.0000,0,1,0,0,10.186578749,5.0900000e-07,-5.0900000e-07,132.5289587,4.120000e-05,-4.120000e-05,0.6770,0.0050,-0.0120,10.63040,0.00441,-0.00441,3.4067e+05,7.450e+01,-7.450e+01,67.45,1.679e+01,-9.060e+00,793.0,,,93.53,70.58,-30.65,5867.80,1,q1_q17_dr25_tce,5557.00,166.00,-149.00,4.448,0.108,-0.175,0.9160,0.2280,-0.1230,295.120390,45.968552,14.846
7489,9451096,K07173.01,,FALSE POSITIVE,FALSE POSITIVE,0.0000,0,1,0,0,1.250390814,6.2000000e-08,-6.2000000e-08,131.7337519,4.070000e-05,-4.070000e-05,0.7300,0.0090,-0.0080,3.71840,0.00136,-0.00136,2.3117e+05,4.160e+01,-4.160e+01,101.37,2.628e+01,-3.938e+01,2367.0,,,7420.89,5904.33,-5051.36,2046.80,1,q1_q17_dr25_tce,6297.00,199.00,-244.00,4.006,0.385,-0.137,1.6630,0.4310,-0.6460,284.807100,46.098003,12.640
7490,9466042,K07175.01,,FALSE POSITIVE,FALSE POSITIVE,0.0000,1,0,0,0,9.274268500,,,133.5990000,,,,,,13.39000,,,,,,,,,,,,134.36,151.08,-39.00,,1,q1_q17_dr25_tce,,,,,,,,,,292.311400,46.073318,12.997
7491,9468296,K07176.01,,FALSE POSITIVE,FALSE POSITIVE,0.0000,0,1,0,0,5.748815953,7.8350000e-06,-7.8350000e-06,132.2802100,1.120000e-03,-1.120000e-03,1.1720,6.8490,-0.4420,1.92160,0.05970,-0.05970,1.1657e+04,3.270e+02,-3.270e+02,26.94,2.540e+00,-2.830e+00,799.0,,,96.29,33.71,-27.26,43.30,1,q1_q17_dr25_tce,4961.00,151.00,-136.00,4.545,0.078,-0.058,0.7530,0.0710,-0.0790,293.219760,46.053730,15.311
7492,10264202,K07300.01,,FALSE POSITIVE,FALSE POSITIVE,0.0000,0,1,0,0,0.517573708,4.7000000e-08,-4.7000000e-08,131.5161551,7.480000e-05,-7.480000e-05,1.0210,0.0560,-0.0530,2.23102,0.00487,-0.00487,8.7205e+04,1.480e+02,-1.480e+02,37.02,6.190e+00,-2.480e+00,1863.0,,,2827.01,1504.83,-647.74,740.20,1,q1_q17_dr25_tce,5427.00,162.00,-162.00,4.633,0.032,-0.104,0.7000,0.1170,-0.0470,287.423650,47.373341,15.777
7493,10264293,K07301.01,,CANDIDATE,CANDIDATE,0.3970,0,0,0,0,20.952560400,2.6780000e-04,-2.6780000e-04,146.3809000,1.150000e-02,-1.150000e-02,0.7400,0.2200,-0.5240,3.98600,0.35600,-0.35600,2.3290e+02,2.820e+01,-2.820e+01,1.19,1.100e-01,-9.000e-02,495.0,,,14.20,4.94,-3.37,9.80,1,q1_q17_dr25_tce,4885.00,146.00,-131.00,4.610,0.028,-0.056,0.7200,0.0680,-0.0560,287.479860,47.360161,15.645
7494,10268809,K07302.01,,FALSE POSITIVE,FALSE POSITIVE,0.0000,0,1,0,0,24.709326860,1.3030000e-05,-1.3030000e-05,138.9965520,3.700000e-04,-3.700000e-04,0.9280,0.1120,-0.0340,5.06980,0.02950,-0.02950,2.9265e+04,1.440e+02,-1.440e+02,25.10,8.090e+00,-3.240e+00,662.0,,,45.33,43.81,-14.85,284.70,1,q1_q17_dr25_tce,6065.00,180.00,-180.00,4.427,0.072,-0.217,1.0230,0.3300,-0.1320,289.680570,47.317810,13.737
7495,10275887,K07304.01,,FALSE POSITIVE,FALSE POSITIVE,0.0000,0,1,0,0,9.726748645,1.1300000e-06,-1.1300000e-06,139.4774644,9.890000e-05,-9.890000e-05,1.8830,0.0180,-0.0240,19.40930,0.01110,-0.01110,3.9341e+05,1.140e+02,-1.140e+02,277.38,7.971e+01,-1.061e+02,997.0,,,233.38,207.21,-154.66,4414.30,1,q1_q17_dr25_tce,5618.00,186.00,-169.00,4.107,0.378,-0.162,1.4060,0.4040,-0.5380,292.592220,47.392277,13.040
7496,10290021,K07305.01,,CANDIDATE,CANDIDATE,,0,0,0,0,3.729209720,9.0680000e-05,-9.0680000e-05,131.9326000,2.100000e-02,-2.100000e-02,0.5232,0.0133,-0.4559,5.01200,0.57200,-0.57200,1.4400e+01,1.900e+00,-1.900e+00,0.80,3.000e-02,-2.000e-02,1713.0,,,2035.92,199.72,-204.19,9.60,1,q1_q17_dr24_tce,6215.00,56.00,-56.00,3.955,0.014,-0.014,2.0500,0.0600,-0.0700,297.471620,47.399940,9.976
7497,10294608,K07308.01,,FALSE POSITIVE,FALSE POSITIVE,0.0000,0,1,0,0,1.854491777,2.2600000e-07,-2.2600000e-07,132.4915806,9.520000e-05,-9.520000e-05,0.2850,0.0070,-0.0030,5.14771,0.00653,-0.00653,3.8343e+05,5.570e+02,-5.570e+02,63.08,1.746e+01,-9.430e+00,1511.0,,,1232.64,976.35,-443.67,1070.60,1,q1_q17_dr25_tce,5843.00,140.00,-176.00,4.413,0.105,-0.180,0.9900,0.2740,-0.1480,298.736330,47.377430,13.344
7498,11287726,K07433.01,,FALSE POSITIVE,FALSE POSITIVE,0.0000,0,1,0,0,4.737713268,1.8280000e-06,-1.8280000e-06,132.3252530,3.070000e-04,-3.070000e-04,0.8000,0.1930,-0.0660,6.38400,0.02090,-0.02090,1.0526e+05,3.140e+02,-3.140e+02,29.25,4.800e+00,-2.230e+00,882.0,,,143.54,75.22,-33.73,476.70,1,q1_q17_dr25_tce,5335.00,159.00,-143.00,4.624,0.032,-0.097,0.7190,0.1180,-0.0550,286.521940,49.069149,14.176
7499,11288492,K07434.01,,CANDIDATE,CANDIDATE,0.9860,0,0,0,0,5.704593000,4.4390000e-05,-4.4390000e-05,134.4010200,6.660000e-03,-6.660000e-03,0.2850,0.1820,-0.2850,1.14900,0.23100,-0.23100,1.2990e+02,2.270e+01,-2.270e+01,0.95,2.000e-01,-8.000e-02,900.0,,,154.92,98.02,-39.91,8.50,1,q1_q17_dr25_tce,5523.00,149.00,-166.00,4.566,0.034,-0.145,0.8320,0.1760,-0.0700,287.048430,49.028610,14.572
7500,11295085,K07436.01,,FALSE POSITIVE,FALSE POSITIVE,0.0000,1,0,0,0,2.497774540,,,133.7602628,,,0.7780,,,5.24100,,,7.8700e+01,,,2.14,4.500e-01,-5.500e-01,2264.0,,,6214.34,3782.73,-3248.77,51.10,2,q1_q17_dr25_tce,7117.00,170.00,-255.00,3.964,0.208,-0.128,2.2110,0.4640,-0.5680,290.858520,49.052189,12.321
7501,11296724,K07437.01,,CANDIDATE,CANDIDATE,0.6680,0,0,0,0,1.999724400,1.9790000e-05,-1.9790000e-05,131.9304500,9.060000e-03,-9.060000e-03,0.3700,0.0960,-0.3700,1.97600,0.32200,-0.32200,8.5100e+01,1.650e+01,-1.650e+01,0.84,2.000e-01,-9.000e-02,1385.0,,,870.41,608.84,-251.28,8.90,1,q1_q17_dr25_tce,5838.00,146.00,-175.00,4.529,0.042,-0.178,0.8970,0.2160,-0.0930,291.720180,49.084541,15.512
7502,11356602,K07439.01,,FALSE POSITIVE,FALSE POSITIVE,0.0000,1,0,0,0,323.257500000,1.6510000e-02,-1.6510000e-02,191.3655000,2.720000e-02,-2.720000e-02,0.0340,0.3990,-0.0340,17.26000,1.20000,-1.20000,2.8680e+02,1.420e+01,-1.420e+01,2.01,3.100e-01,-2.800e-01,293.0,,,1.73,0.71,-0.52,20.00,1,q1_q17_dr25_tce,5866.00,79.00,-79.00,4.301,0.132,-0.108,1.1980,0.1850,-0.1680,294.823910,49.158642,13.011
7503,1433531,K06254.01,,FALSE POSITIVE,FALSE POSITIVE,,1,0,0,0,567.713290000,2.8320000e-02,-2.8320000e-02,436.4746000,4.200000e-02,-4.200000e-02,0.4247,0.0307,-0.4246,12.85000,1.50000,-1.50000,2.5940e+02,4.070e+01,-4.070e+01,3.28,1.120e+00,-1.320e+00,325.0,,,2.64,2.67,-1.82,6.60,1,q1_q17_dr24_tce,6248.00,176.00,-205.00,3.924,0.351,-0.351,1.9960,0.6820,-0.8040,291.665470,37.076118,13.240
7504,1717528,K06255.01,,FALSE POSITIVE,FALSE POSITIVE,,0,0,1,0,9.313920710,6.9180000e-05,-6.9180000e-05,135.7783000,6.050000e-03,-6.050000e-03,0.1287,0.3959,-0.1286,0.97100,0.24000,-0.24000,1.6370e+02,4.040e+01,-4.040e+01,1.25,5.300e-01,-1.100e-01,884.0,,,144.19,176.89,-39.76,6.60,1,q1_q17_dr24_tce,6032.00,153.00,-194.00,4.485,0.044,-0.044,0.9730,0.4080,-0.0890,290.576570,37.290539,14.574
7505,2013883,K06258.01,,FALSE POSITIVE,FALSE POSITIVE,0.0000,0,0,1,0,0.764597756,3.6990000e-06,-3.6990000e-06,131.6955200,4.230000e-03,-4.230000e-03,0.3450,0.1280,-0.3450,1.11900,0.14900,-0.14900,1.6600e+01,1.700e+00,-1.700e+00,0.72,1.200e-01,-1.600e-01,2708.0,,,12721.72,5872.32,-5342.80,12.00,1,q1_q17_dr25_tce,6218.00,80.00,-80.00,4.066,0.174,-0.116,1.7260,0.3080,-0.3770,291.283200,37.419601,11.215
7506,2161949,K06259.01,,CANDIDATE,CANDIDATE,0.8130,0,0,0,0,4.781139420,6.0370000e-05,-6.0370000e-05,131.7043000,1.110000e-02,-1.110000e-02,0.1180,0.3450,-0.1180,2.73300,0.29700,-0.29700,1.0580e+02,1.280e+01,-1.280e+01,1.14,3.100e-01,-2.200e-01,1130.0,,,386.46,316.02,-156.84,9.60,1,q1_q17_dr25_tce,5683.00,154.00,-154.00,4.326,0.170,-0.187,1.1150,0.3100,-0.2070,291.812900,37.555870,14.595
7507,2161949,K06259.02,,CANDIDATE,CANDIDATE,0.9670,0,0,0,0,7.188640640,7.7580000e-05,-7.7580000e-05,133.1456600,9.610000e-03,-9.610000e-03,0.4240,0.0290,-0.4240,2.36400,0.33400,-0.33400,1.3350e+02,1.750e+01,-1.750e+01,1.30,3.600e-01,-2.400e-01,987.0,,,223.87,183.07,-90.85,9.30,2,q1_q17_dr25_tce,5683.00,154.00,-154.00,4.326,0.170,-0.187,1.1150,0.3100,-0.2070,291.812900,37.555870,14.595
7508,2167444,K06261.01,,FALSE POSITIVE,FALSE POSITIVE,0.0000,1,0,0,0,2.435740460,2.5980000e-05,-2.5980000e-05,133.4740400,9.310000e-03,-9.310000e-03,0.9970,0.4090,-0.0500,22.25000,6.20000,-6.20000,6.2230e+03,4.220e+02,-4.220e+02,24.62,7.790e+00,-5.180e+00,2102.0,,,4614.94,4444.25,-2288.69,74.60,1,q1_q17_dr25_tce,7239.00,230.00,-374.00,4.129,0.128,-0.192,1.7810,0.5630,-0.3750,292.999910,37.580139,14.141
7509,4078693,K06386.01,,FALSE POSITIVE,FALSE POSITIVE,0.0000,0,1,0,0,2.756536015,1.3430000e-06,-1.3430000e-06,133.0256520,4.030000e-04,-4.030000e-04,1.2390,6.2300,-0.1470,1.59080,0.02290,-0.02290,3.5908e+03,3.850e+01,-3.850e+01,57.46,1.284e+01,-2.386e+01,1580.0,,,1472.73,1006.97,-1020.86,100.10,1,q1_q17_dr25_tce,5496.00,164.00,-147.00,4.020,0.420,-0.140,1.6690,0.3730,-0.6930,296.577910,39.111519,13.485
7510,4142768,K06387.01,,FALSE POSITIVE,FALSE POSITIVE,0.0000,1,0,0,0,13.995853650,1.7100000e-05,-1.7100000e-05,131.6592400,1.030000e-03,-1.030000e-03,2.0950,6.2220,-0.2600,5.03080,0.05130,-0.05130,1.9681e+04,1.960e+02,-1.960e+02,368.42,1.435e+02,-2.666e+02,1202.0,,,493.55,604.30,-461.00,118.10,1,q1_q17_dr25_tce,5638.00,203.00,-203.00,3.597,0.944,-0.236,2.7030,1.0530,-1.9560,287.262850,39.260021,12.120
7511,4149684,K06388.01,,FALSE POSITIVE,FALSE POSITIVE,0.0000,0,1,0,0,4.320850062,3.3200000e-07,-3.3200000e-07,132.4183917,6.500000e-05,-6.500000e-05,1.0870,0.0060,-0.0700,4.26661,0.00274,-0.00274,7.5927e+04,3.200e+01,-3.200e+01,59.16,1.912e+01,-8.190e+00,1221.0,,,524.62,515.80,-192.13,1691.50,1,q1_q17_dr25_tce,6098.00,193.00,-236.00,4.384,0.090,-0.210,1.0830,0.3500,-0.1500,289.502290,39.211605,13.928
7512,4171955,K06392.01,,FALSE POSITIVE,FALSE POSITIVE,,1,0,0,0,383.612480000,2.7320000e-02,-2.7320000e-02,254.3616000,3.240000e-02,-3.240000e-02,0.4658,0.4952,-0.2620,12.26300,0.92600,-0.92600,6.1930e+02,8.800e+01,-8.800e+01,2.30,7.900e-01,-1.900e-01,248.0,,,0.90,0.90,-0.22,10.20,1,q1_q17_dr24_tce,6011.00,154.00,-169.00,4.522,0.034,-0.034,0.9020,0.3140,-0.0730,294.928830,39.201401,14.481
7513,4174507,K06393.01,,FALSE POSITIVE,FALSE POSITIVE,0.0000,0,1,0,0,1.945914237,5.6400000e-07,-5.6400000e-07,133.0420810,2.390000e-04,-2.390000e-04,1.2730,0.1930,-0.1340,2.87120,0.01250,-0.01250,9.8805e+03,3.780e+01,-3.780e+01,35.94,8.320e+00,-4.150e+00,1417.0,,,955.56,675.04,-293.98,299.20,1,q1_q17_dr25_tce,5967.00,179.00,-179.00,4.516,0.075,-0.162,0.8300,0.1920,-0.0960,295.473850,39.213829,15.439
7514,5083138,K06511.01,,CANDIDATE,CANDIDATE,,0,0,0,0,27.122801000,1.0090000e-03,-1.0090000e-03,141.9673000,3.250000e-02,-3.250000e-02,0.3462,0.1180,-0.3462,5.25500,0.94400,-0.94400,2.3470e+02,3.740e+01,-3.740e+01,1.46,5.700e-01,-1.300e-01,594.0,,,29.38,33.94,-7.78,8.10,1,q1_q17_dr24_tce,5878.00,157.00,-189.00,4.512,0.034,-0.034,0.9450,0.3710,-0.0800,286.215390,40.203411,15.747
7515,5087223,K06513.01,,CANDIDATE,CANDIDATE,,0,0,0,0,5.622411110,3.8760000e-05,-3.8760000e-05,132.7470200,5.210000e-03,-5.210000e-03,0.4026,0.0574,-0.4025,1.18500,0.15800,-0.15800,4.6410e+02,6.590e+01,-6.590e+01,1.17,1.100e-01,-1.100e-01,561.0,,,23.43,6.60,-5.95,8.50,1,q1_q17_dr24_tce,3894.00,70.00,-95.00,4.710,0.060,-0.060,0.5410,0.0500,-0.0500,287.974550,40.255230,15.627
7516,5091075,K06514.01,,FALSE POSITIVE,FALSE POSITIVE,,1,0,0,0,1.256257380,2.2930000e-05,-2.2930000e-05,131.7577000,1.600000e-02,-1.600000e-02,0.8208,0.0202,-0.5803,9.72600,0.54600,-0.54600,1.5200e+01,1.600e+00,-1.600e+00,1.32,2.800e-01,-5.700e-01,3507.0,,,35745.58,23536.57,-26126.36,50.10,1,q1_q17_dr24_tce,7450.00,235.00,-304.00,3.680,0.380,-0.380,3.0630,0.6440,-1.3360,289.312350,40.288189,11.857
7517,5092799,K06516.01,,CANDIDATE,CANDIDATE,,0,0,0,0,11.290155900,6.1360000e-04,-6.1360000e-04,135.3964000,5.260000e-02,-5.260000e-02,0.6285,0.3256,-0.4156,10.47500,0.92400,-0.92400,1.6380e+02,2.290e+01,-2.290e+01,0.88,1.200e-01,-8.000e-02,617.0,,,34.17,17.51,-9.46,8.60,1,q1_q17_dr24_tce,5025.00,187.00,-168.00,4.609,0.061,-0.061,0.6570,0.0940,-0.0590,289.844020,40.262741,15.929
7518,5092799,K06516.02,,CANDIDATE,CANDIDATE,,0,0,0,0,28.247533030,,,136.0869137,,,,,,13.20000,,,,,,,,,,,,,,,,2,q1_q17_dr24_tce,,,,,,,,,,289.844020,40.262741,15.929
7519,5094301,K06517.01,,FALSE POSITIVE,FALSE POSITIVE,,0,1,0,0,0.995195590,1.5010000e-05,-1.5010000e-05,132.4712000,1.220000e-02,-1.220000e-02,0.0372,0.4223,-0.0371,2.29300,0.53200,-0.53200,1.3700e+01,2.900e+00,-2.900e+00,0.29,1.200e-01,-3.000e-02,1624.0,,,1642.44,2171.70,-465.38,7.40,1,q1_q17_dr24_tce,5506.00,176.00,-140.00,4.512,0.085,-0.085,0.7820,0.3370,-0.0850,290.269100,40.202160,10.291
7520,5983348,K06644.01,,FALSE POSITIVE,FALSE POSITIVE,0.0000,0,1,0,0,25.150788449,3.8780000e-06,-3.8780000e-06,150.3455570,1.220000e-04,-1.220000e-04,1.0250,0.0860,-0.0200,7.72717,0.00830,-0.00830,3.7583e+04,3.320e+01,-3.320e+01,39.12,1.137e+01,-7.570e+00,686.0,,,52.23,46.29,-22.78,1504.90,1,q1_q17_dr25_tce,6015.00,190.00,-211.00,4.329,0.175,-0.193,1.1010,0.3200,-0.2130,297.733640,41.250912,15.048
7521,5990753,K06645.01,,FALSE POSITIVE,FALSE POSITIVE,0.0000,0,1,0,0,7.216360910,1.7210000e-05,-1.7210000e-05,133.8892400,1.990000e-03,-1.990000e-03,0.0170,0.8800,-0.0170,2.21800,0.40100,-0.40100,3.8470e+02,2.130e+01,-2.130e+01,18.03,9.600e-01,-4.070e+00,2146.0,,,5009.17,720.23,-2367.61,37.20,1,q1_q17_dr25_tce,5029.00,39.00,-159.00,2.909,0.035,-0.039,9.4760,0.5030,-2.1380,299.305510,41.263519,10.916
7522,6019971,K06646.01,,CANDIDATE,CANDIDATE,1.0000,0,0,0,0,7.135663300,5.4570000e-05,-5.4570000e-05,135.0964600,6.660000e-03,-6.660000e-03,0.7350,0.2370,-0.5240,1.78900,0.20200,-0.20200,2.5550e+02,3.260e+01,-3.260e+01,1.38,1.000e-01,-1.400e-01,751.0,,,75.39,22.57,-21.14,9.80,1,q1_q17_dr25_tce,4926.00,148.00,-148.00,4.522,0.084,-0.045,0.7930,0.0590,-0.0780,282.588010,41.347092,15.125
7523,6035335,K06648.01,,CANDIDATE,CANDIDATE,,0,0,0,0,1.044408447,8.4770000e-06,-8.4770000e-06,132.3111600,7.170000e-03,-7.170000e-03,0.1512,0.3045,-0.1511,3.63300,0.26800,-0.26800,4.6200e+01,3.600e+00,-3.600e+00,1.17,8.200e-01,-1.900e-01,2745.0,,,13421.48,30144.16,-5459.30,15.10,4,q1_q17_dr24_tce,7274.00,219.00,-303.00,4.161,0.096,-0.096,1.6980,1.1850,-0.2740,289.517910,41.343632,11.865
7524,6042116,K06650.01,,FALSE POSITIVE,FALSE POSITIVE,0.0000,1,0,0,0,5.407157086,3.1800000e-07,-3.1800000e-07,136.5956575,4.730000e-05,-4.730000e-05,1.0620,0.0200,-0.0250,5.89190,0.00212,-0.00212,7.4653e+04,2.010e+01,-2.010e+01,125.96,2.273e+01,-5.298e+01,1984.0,,,3667.86,2115.00,-2630.44,2882.00,1,q1_q17_dr25_tce,7617.00,239.00,-319.00,3.856,0.392,-0.098,2.4390,0.4400,-1.0260,291.718110,41.389969,11.300
7525,6864569,K06780.01,,FALSE POSITIVE,FALSE POSITIVE,0.0000,1,0,0,0,2.325185422,2.0390000e-06,-2.0390000e-06,133.2652180,8.380000e-04,-8.380000e-04,1.2470,0.1640,-0.1240,7.28710,0.06810,-0.06810,2.6850e+02,1.600e+00,-1.600e+00,81.88,1.849e+01,-2.774e+01,3738.0,,,46102.70,31234.11,-29534.09,256.30,2,q1_q17_dr25_tce,11076.00,309.00,-530.00,3.989,0.253,-0.156,2.8960,0.6540,-0.9810,292.267150,42.321289,10.052
7526,6864706,K06781.01,,CANDIDATE,CANDIDATE,,0,0,0,0,14.590924900,2.2850000e-04,-2.2850000e-04,142.7200000,1.310000e-02,-1.310000e-02,0.3084,0.1822,-0.3084,1.59100,0.41900,-0.41900,1.4690e+02,3.200e+01,-3.200e+01,0.93,4.300e-01,-1.000e-01,622.0,,,35.34,50.41,-10.05,6.30,1,q1_q17_dr24_tce,5214.00,163.00,-139.00,4.527,0.076,-0.076,0.7660,0.3560,-0.0820,292.305660,42.302479,14.953
7527,6864859,K06782.01,,FALSE POSITIVE,FALSE POSITIVE,0.0000,0,1,0,0,40.877841988,2.1420000e-06,-2.1420000e-06,158.3207395,4.530000e-05,-4.530000e-05,0.7100,0.0050,-0.0050,9.88456,0.00221,-0.00221,2.5609e+05,4.710e+01,-4.710e+01,164.06,3.719e+01,-6.911e+01,915.0,,,166.06,113.21,-118.57,5260.30,1,q1_q17_dr25_tce,6807.00,192.00,-264.00,3.848,0.350,-0.150,2.5900,0.5870,-1.0910,292.350250,42.393429,11.663
7528,6877673,K06784.01,,FALSE POSITIVE,FALSE POSITIVE,0.0000,0,1,0,0,36.758927250,3.9600000e-06,-3.9600000e-06,156.0924573,8.590000e-05,-8.590000e-05,0.2980,0.0020,-0.0010,15.57230,0.00564,-0.00564,2.6173e+05,8.280e+01,-8.280e+01,51.31,1.540e+01,-6.610e+00,575.0,,,25.82,22.74,-8.46,4263.60,1,q1_q17_dr25_tce,6085.00,164.00,-182.00,4.438,0.084,-0.196,0.9790,0.2940,-0.1260,295.765840,42.391331,13.676
7529,6877871,K06785.01,,FALSE POSITIVE,FALSE POSITIVE,,1,0,0,0,0.536869783,2.6940000e-06,-2.6940000e-06,131.8455700,3.850000e-03,-3.850000e-03,0.5604,0.0023,-0.5037,4.16400,0.19200,-0.19200,2.2170e+02,1.040e+01,-1.040e+01,1.81,8.800e-01,-2.200e-01,2645.0,,,11576.28,16891.91,-3951.37,27.80,2,q1_q17_dr24_tce,6495.00,165.00,-252.00,4.379,0.067,-0.067,1.1680,0.5740,-0.1420,295.807250,42.372341,14.801
7530,7741048,K06911.01,,FALSE POSITIVE,FALSE POSITIVE,0.0010,0,0,1,0,0.843400322,2.8870000e-06,-2.8870000e-06,131.5703900,3.000000e-03,-3.000000e-03,0.4890,0.0040,-0.4820,1.76060,0.08030,-0.08030,4.3700e+01,2.100e+00,-2.100e+00,0.65,2.100e-01,-6.000e-02,1941.0,,,3371.24,3246.15,-887.08,23.80,1,q1_q17_dr25_tce,5982.00,162.00,-180.00,4.493,0.040,-0.229,0.9600,0.3150,-0.0840,287.026860,43.405682,13.018
7531,7751562,K06912.01,,FALSE POSITIVE,FALSE POSITIVE,0.0000,0,1,0,0,17.042155208,1.7360000e-06,-1.7360000e-06,142.4257555,8.300000e-05,-8.300000e-05,0.4550,0.0070,-0.0080,7.80412,0.00517,-0.00517,5.5165e+04,3.130e+01,-3.130e+01,24.93,7.570e+00,-3.030e+00,760.0,,,78.98,70.71,-26.12,2046.20,1,q1_q17_dr25_tce,6197.00,172.00,-216.00,4.449,0.052,-0.195,1.0350,0.3140,-0.1260,291.284610,43.405289,15.252
7532,7755741,K06913.01,,FALSE POSITIVE,FALSE POSITIVE,,1,0,0,0,0.874236216,8.6760000e-06,-8.6760000e-06,131.7986000,7.590000e-03,-7.590000e-03,0.2375,0.2186,-0.2374,2.35200,0.28400,-0.28400,5.8400e+01,7.000e+00,-7.000e+00,3.46,4.800e-01,-1.210e+00,6177.0,,,344046.45,145931.07,-222348.38,11.10,1,q1_q17_dr24_tce,10894.00,261.00,-461.00,3.667,0.303,-0.303,4.3780,0.6050,-1.5390,292.787020,43.416039,13.752
7533,7769072,K06914.01,,FALSE POSITIVE,FALSE POSITIVE,0.0000,0,1,0,0,0.608862990,5.8000000e-08,-5.8000000e-08,132.0506751,7.940000e-05,-7.940000e-05,1.2940,0.1780,-0.1600,1.27896,0.00536,-0.00536,2.0195e+03,0.000e+00,0.000e+00,158.50,5.854e+01,-5.854e+01,3651.0,,,42225.89,45132.61,-27041.54,457.80,1,q1_q17_dr25_tce,5022.00,125.00,-125.00,3.311,0.360,-0.270,4.1670,1.5390,-1.5390,296.839690,43.408051,13.886
7534,7777365,K06916.01,,FALSE POSITIVE,FALSE POSITIVE,0.0000,0,0,1,1,0.885121870,1.6030000e-05,-1.6030000e-05,131.8821000,1.750000e-02,-1.750000e-02,0.7660,0.2080,-0.5150,3.34900,0.34600,-0.34600,1.3600e+02,1.710e+01,-1.710e+01,1.05,1.900e-01,-1.200e-01,1659.0,,,1797.86,1088.40,-552.27,9.90,1,q1_q17_dr25_tce,5392.00,185.00,-185.00,4.521,0.067,-0.114,0.8190,0.1510,-0.0880,298.834930,43.419510,15.871
7535,8453191,K07043.01,,FALSE POSITIVE,FALSE POSITIVE,0.0000,0,1,0,0,5.776764285,3.2600000e-07,-3.2600000e-07,131.5421677,4.650000e-05,-4.650000e-05,0.8800,0.0050,-0.0070,6.99715,0.00173,-0.00173,1.5390e+05,4.340e+01,-4.340e+01,117.51,2.552e+01,-3.828e+01,1542.0,,,1336.82,900.76,-800.99,3033.40,1,q1_q17_dr25_tce,6263.00,194.00,-194.00,3.875,0.300,-0.100,2.0720,0.4500,-0.6750,298.797520,44.417992,13.356
7536,8453324,K07044.01,,FALSE POSITIVE,FALSE POSITIVE,0.0000,0,1,0,0,1.262273170,1.0700000e-07,-1.0700000e-07,132.0407385,6.880000e-05,-6.880000e-05,1.2470,0.0860,-0.0800,3.30141,0.00328,-0.00328,7.3425e+03,4.200e+00,-4.200e+00,369.20,1.013e+02,-1.392e+02,3790.0,,,48665.04,33215.31,-31526.86,1159.90,1,q1_q17_dr25_tce,4927.00,44.00,-118.00,2.882,0.234,-0.126,9.3560,2.5660,-3.5280,298.828610,44.489140,11.516
7537,8479386,K07046.01,,FALSE POSITIVE,FALSE POSITIVE,0.0000,0,1,0,0,5.860377067,4.8700000e-07,-4.8700000e-07,134.8440004,6.690000e-05,-6.690000e-05,0.5260,0.0040,-0.0050,10.46340,0.00338,-0.00338,3.6162e+05,1.320e+02,-1.320e+02,78.14,2.078e+01,-1.512e+01,1191.0,,,475.44,372.65,-201.80,3044.10,1,q1_q17_dr25_tce,6267.00,170.00,-189.00,4.284,0.198,-0.180,1.1580,0.3080,-0.2240,284.278530,44.594028,13.955
7538,8509346,K07049.01,,FALSE POSITIVE,FALSE POSITIVE,0.0000,0,1,0,0,6.099032889,3.0500000e-07,-3.0500000e-07,135.5223947,4.070000e-05,-4.070000e-05,0.8910,0.0150,-0.0130,4.82208,0.00217,-0.00217,5.5374e+04,2.540e+01,-2.540e+01,36.68,1.002e+01,-6.690e+00,1183.0,,,462.81,371.79,-192.10,2884.00,1,q1_q17_dr25_tce,6356.00,171.00,-209.00,4.297,0.175,-0.175,1.1410,0.3120,-0.2080,296.714080,44.577209,13.745
7539,8517433,K07050.01,,FALSE POSITIVE,FALSE POSITIVE,0.0010,1,0,0,0,0.652956712,1.4530000e-06,-1.4530000e-06,131.5236100,2.010000e-03,-2.010000e-03,0.2600,0.2370,-0.2600,0.62700,0.12900,-0.12900,5.0000e+01,5.000e+00,-5.000e+00,0.76,1.300e-01,-5.000e-02,2146.0,,,4984.96,2031.15,-902.27,12.70,1,q1_q17_dr25_tce,5812.00,70.00,-87.00,4.419,0.059,-0.119,1.0550,0.1670,-0.0710,298.782680,44.574650,13.506
7540,9474222,K07177.01,,FALSE POSITIVE,FALSE POSITIVE,0.0000,0,1,0,0,13.691790011,2.5700000e-07,-2.5700000e-07,133.7914664,1.570000e-05,-1.570000e-05,0.2690,0.0190,-0.0130,5.64674,0.00118,-0.00118,9.7564e+04,1.260e+01,-1.260e+01,49.20,9.080e+00,-9.090e+00,994.0,,,230.66,108.77,-84.51,8326.30,1,q1_q17_dr25_tce,6295.00,75.00,-75.00,4.158,0.149,-0.135,1.5540,0.2870,-0.2870,295.374020,46.042740,13.275
7541,9474969,K07178.01,,FALSE POSITIVE,FALSE POSITIVE,0.0000,1,0,0,0,21.570508432,9.5500000e-07,-9.5500000e-07,151.7931354,3.640000e-05,-3.640000e-05,0.3880,0.0010,-0.0010,13.86040,0.00213,-0.00213,1.3418e+05,1.860e+01,-1.860e+01,63.68,1.264e+01,-1.901e+01,923.0,,,171.91,103.55,-96.29,8616.10,1,q1_q17_dr25_tce,6322.00,175.00,-175.00,4.003,0.273,-0.117,1.6920,0.3360,-0.5050,295.628910,46.051350,12.462
7542,9480398,K07179.01,,CANDIDATE,CANDIDATE,,0,0,0,0,407.146560000,5.8960000e-02,-5.8960000e-02,509.2570000,7.430000e-02,-7.430000e-02,0.7466,0.0484,-0.5277,23.26000,3.70000,-3.70000,8.2300e+01,1.220e+01,-1.220e+01,1.18,4.900e-01,-2.200e-01,272.0,,,1.29,1.66,-0.54,8.20,1,q1_q17_dr24_tce,5845.00,181.00,-197.00,4.282,0.162,-0.162,1.1980,0.5030,-0.2200,297.374270,46.054806,13.310
7543,9513168,K07182.01,,CANDIDATE,CANDIDATE,0.9860,0,0,0,0,6.853888000,3.9330000e-04,-3.9330000e-04,136.5231000,7.320000e-02,-7.320000e-02,0.4690,0.5010,-0.2630,2.56100,0.31300,-0.31300,6.5380e+02,9.600e+01,-9.600e+01,1.74,6.000e-02,-1.400e-01,613.0,,,33.32,7.50,-9.22,8.20,1,q1_q17_dr25_tce,4199.00,146.00,-161.00,4.609,0.046,-0.018,0.6840,0.0230,-0.0550,284.957610,46.143810,16.538
7544,9520700,K07183.01,,FALSE POSITIVE,FALSE POSITIVE,0.0000,1,0,0,0,2.136834989,3.5200000e-07,-3.5200000e-07,133.6179750,1.360000e-04,-1.360000e-04,0.5590,0.0100,-0.0080,4.34882,0.00752,-0.00752,3.4618e+05,6.050e+02,-6.050e+02,66.59,1.844e+01,-9.900e+00,1415.0,,,948.25,772.89,-332.51,644.70,1,q1_q17_dr25_tce,5753.00,156.00,-156.00,4.420,0.101,-0.188,0.9890,0.2740,-0.1470,289.338170,46.152828,14.902
7545,12116489,K00547.02,,CANDIDATE,CANDIDATE,,0,0,0,0,7.346724850,8.2640000e-05,-8.2640000e-05,134.5155000,1.080000e-02,-1.080000e-02,0.2525,0.1849,-0.2525,2.13600,0.29300,-0.29300,1.4300e+02,1.850e+01,-1.850e+01,0.97,2.800e-01,-6.000e-02,784.0,,,89.33,82.58,-19.03,10.10,2,q1_q17_dr24_tce,5271.00,185.00,-148.00,4.578,0.019,-0.019,0.8210,0.2420,-0.0500,294.570400,50.673019,14.773
7546,10296163,K07309.01,,FALSE POSITIVE,FALSE POSITIVE,0.0000,0,1,0,0,9.296746368,4.2200000e-07,-4.2200000e-07,135.6856399,3.600000e-05,-3.600000e-05,1.6230,0.0570,-0.0450,6.88069,0.00330,-0.00330,2.1384e+05,5.910e+01,-5.910e+01,400.40,6.497e+01,-1.626e+02,1552.0,,,1370.16,666.11,-942.81,4407.80,1,q1_q17_dr25_tce,6461.00,156.00,-196.00,3.670,0.330,-0.088,2.8840,0.4680,-1.1710,299.166930,47.356098,13.211
7547,10330495,K07310.01,,FALSE POSITIVE,FALSE POSITIVE,0.0000,0,1,0,0,18.060078203,3.2120000e-06,-3.2120000e-06,138.6111050,1.470000e-04,-1.470000e-04,0.3280,0.0110,-0.0010,11.57590,0.01080,-0.01080,5.8975e+04,4.000e+01,-4.000e+01,20.71,3.650e+00,-2.740e+00,618.0,,,34.40,19.79,-11.45,1797.60,1,q1_q17_dr25_tce,5330.00,175.00,-159.00,4.464,0.117,-0.130,0.8550,0.1510,-0.1130,287.875090,47.445759,14.724
7548,10340228,K07312.01,,FALSE POSITIVE,FALSE POSITIVE,0.0000,0,0,1,1,0.933713130,2.7600000e-05,-2.7600000e-05,131.5534000,2.640000e-02,-2.640000e-02,0.1330,0.3380,-0.1330,2.97100,0.53800,-0.53800,6.6000e+01,8.500e+00,-8.500e+00,0.69,1.600e-01,-5.000e-02,1642.0,,,1724.34,1214.47,-425.02,8.90,1,q1_q17_dr25_tce,5436.00,164.00,-164.00,4.548,0.030,-0.170,0.8690,0.2000,-0.0670,292.119720,47.485619,15.788
7549,10342097,K07314.01,,FALSE POSITIVE,FALSE POSITIVE,0.0000,0,0,1,1,0.933735579,5.6860000e-06,-5.6860000e-06,131.5350900,4.860000e-03,-4.860000e-03,0.5650,0.7680,-0.3850,3.89200,0.66000,-0.66000,3.5140e+02,2.260e+01,-2.260e+01,10.28,4.710e+00,-3.850e+00,3696.0,,,43890.28,59102.11,-28239.14,27.10,1,q1_q17_dr25_tce,5016.00,125.00,-113.00,3.013,0.396,-0.264,5.3440,2.4490,-2.0040,292.852360,47.498039,13.505
7550,10345862,K07315.01,,FALSE POSITIVE,FALSE POSITIVE,0.0000,0,1,0,0,58.288190560,1.2600000e-05,-1.2600000e-05,135.8764200,1.640000e-04,-1.640000e-04,0.4990,0.0010,-0.0010,21.60140,0.01100,-0.01100,1.5616e+05,7.220e+01,-7.220e+01,42.57,1.166e+01,-7.790e+00,462.0,,,10.79,8.92,-4.42,2927.40,1,q1_q17_dr25_tce,5463.00,164.00,-164.00,4.353,0.162,-0.198,1.0440,0.2860,-0.1910,294.254180,47.437790,14.231
7551,11359305,K07441.01,,FALSE POSITIVE,FALSE POSITIVE,0.0000,0,1,0,0,28.487107336,5.0440000e-06,-5.0440000e-06,132.8724850,1.400000e-04,-1.400000e-04,1.1750,0.0320,-0.0330,3.77887,0.00709,-0.00709,3.7663e+04,6.030e+01,-6.030e+01,116.84,2.161e+01,-4.012e+01,963.0,,,202.98,110.67,-124.62,658.20,1,q1_q17_dr25_tce,6351.00,154.00,-173.00,3.814,0.285,-0.095,2.3850,0.4410,-0.8190,295.984280,49.130249,13.363
7552,11391181,K07442.01,,FALSE POSITIVE,FALSE POSITIVE,0.0000,0,1,0,0,8.617339070,6.6000000e-07,-6.6000000e-07,139.0692516,6.030000e-05,-6.030000e-05,0.8250,0.0320,-0.0440,4.05563,0.00333,-0.00333,1.8586e+05,7.570e+01,-7.570e+01,51.79,9.890e+00,-6.070e+00,796.0,,,94.74,58.03,-29.30,1542.60,1,q1_q17_dr25_tce,5387.00,176.00,-160.00,4.482,0.088,-0.132,0.8700,0.1660,-0.1020,284.994540,49.228161,15.257
7553,11455795,K07446.01,,CANDIDATE,CANDIDATE,0.3680,0,0,0,0,1.057335679,1.2300000e-07,-1.2300000e-07,131.7920070,9.610000e-05,-9.610000e-05,0.2620,0.2740,-0.1130,1.57950,0.01520,-0.01520,4.7337e+04,1.200e+02,-1.200e+02,14.59,1.150e+00,-1.280e+00,1276.0,,,623.51,184.18,-164.28,476.00,1,q1_q17_dr25_tce,4664.00,126.00,-140.00,4.594,0.054,-0.027,0.6830,0.0540,-0.0600,292.184170,49.310040,15.414
7554,11457191,K07447.01,,FALSE POSITIVE,FALSE POSITIVE,0.0000,0,1,0,0,1.149198426,8.9400000e-07,-8.9400000e-07,131.8173740,6.460000e-04,-6.460000e-04,1.1670,0.6260,-0.2030,4.16030,0.03810,-0.03810,3.7721e+04,2.730e+02,-2.730e+02,42.03,1.101e+01,-4.700e+00,1690.0,,,1922.43,1484.56,-564.14,164.20,1,q1_q17_dr25_tce,5858.00,159.00,-159.00,4.486,0.091,-0.169,0.8670,0.2270,-0.0970,292.925630,49.347340,14.554
7555,11462556,K07448.01,,FALSE POSITIVE,FALSE POSITIVE,,1,0,0,0,2.500127750,4.0110000e-05,-4.0110000e-05,131.5829000,1.810000e-02,-1.810000e-02,0.9917,0.0068,-0.3783,28.20000,5.20000,-5.20000,4.9900e+01,8.600e+00,-8.600e+00,1.66,8.600e-01,-4.100e-01,1977.0,,,3611.69,5553.07,-1819.47,17.60,2,q1_q17_dr24_tce,6923.00,166.00,-227.00,4.120,0.172,-0.172,1.6640,0.8640,-0.4110,295.384770,49.333672,11.270
7556,2283362,K06262.01,,CANDIDATE,CANDIDATE,,0,0,0,0,0.673141323,2.1410000e-06,-2.1410000e-06,131.6875100,2.600000e-03,-2.600000e-03,0.1065,0.3486,-0.1064,0.92100,0.11200,-0.11200,2.2950e+02,2.510e+01,-2.510e+01,1.29,4.400e-01,-9.000e-02,1834.0,,,2675.15,2685.11,-594.10,10.50,1,q1_q17_dr24_tce,5461.00,156.00,-143.00,4.552,0.025,-0.025,0.8580,0.2900,-0.0600,286.110750,37.611851,15.771
7557,2301068,K06263.01,,CANDIDATE,CANDIDATE,0.9940,0,0,0,0,8.609653520,7.0200000e-05,-7.0200000e-05,134.3882900,6.530000e-03,-6.530000e-03,0.2130,0.2450,-0.2130,2.21800,0.22500,-0.22500,6.3200e+01,7.900e+00,-7.900e+00,3.33,6.100e-01,-2.470e+00,1550.0,,,1365.41,838.61,-1285.19,9.90,1,q1_q17_dr25_tce,5418.00,191.00,-171.00,3.447,0.884,-0.156,4.2330,0.7850,-3.1390,291.027190,37.613911,12.765
7558,2305372,K06264.01,,FALSE POSITIVE,FALSE POSITIVE,0.0000,0,1,0,0,1.404691820,8.3000000e-08,-8.3000000e-08,131.5520840,4.930000e-05,-4.930000e-05,0.5970,0.0060,-0.0070,6.26327,0.00622,-0.00622,7.0244e+05,3.690e+02,-3.690e+02,217.25,4.035e+01,-4.932e+01,2263.0,,,6187.57,2938.30,-2693.03,2651.10,1,q1_q17_dr25_tce,6230.00,75.00,-87.00,4.043,0.180,-0.120,1.8630,0.3460,-0.4230,291.990330,37.672749,13.821
7559,2308957,K06266.01,,FALSE POSITIVE,FALSE POSITIVE,0.0000,1,0,0,0,1.109841858,1.1700000e-07,-1.1700000e-07,132.1655985,8.810000e-05,-8.810000e-05,0.1200,0.0150,-0.0010,8.11952,0.00928,-0.00928,3.0071e+05,2.220e+02,-2.220e+02,177.78,3.693e+01,-6.461e+01,2944.0,,,17830.70,9607.62,-10987.17,2082.60,1,q1_q17_dr25_tce,5788.00,78.00,-78.00,3.607,0.277,-0.111,3.2110,0.6670,-1.1670,292.751830,37.603539,14.520
7560,2422820,K06267.01,,CANDIDATE,CANDIDATE,1.0000,0,0,0,0,13.891115200,2.0160000e-04,-2.0160000e-04,137.3481000,1.050000e-02,-1.050000e-02,0.1680,0.2840,-0.1680,5.06200,0.37200,-0.37200,2.0490e+02,2.380e+01,-2.380e+01,1.12,1.800e-01,-1.400e-01,674.0,,,48.80,25.50,-15.91,10.30,1,q1_q17_dr25_tce,5472.00,179.00,-163.00,4.499,0.115,-0.115,0.7900,0.1240,-0.1010,286.134580,37.799881,15.365
7561,2437452,K06268.01,,FALSE POSITIVE,FALSE POSITIVE,0.0000,0,1,0,0,7.234965722,1.8120000e-06,-1.8120000e-06,134.5823070,2.070000e-04,-2.070000e-04,0.5480,0.0050,-0.0030,7.02450,0.01330,-0.01330,1.6485e+05,3.690e+02,-3.690e+02,34.03,8.790e+00,-2.940e+00,843.0,,,119.12,95.50,-32.16,671.30,1,q1_q17_dr25_tce,5653.00,186.00,-186.00,4.573,0.040,-0.160,0.7980,0.2060,-0.0690,290.226170,37.759640,16.981
7562,4180396,K06394.01,,FALSE POSITIVE,FALSE POSITIVE,0.0000,1,0,0,0,3.684337918,7.4680000e-06,-7.4680000e-06,132.6112100,1.650000e-03,-1.650000e-03,1.0450,3.8730,-0.0460,2.19310,0.08300,-0.08300,7.6700e+01,2.900e+00,-2.900e+00,12.52,5.030e+00,-3.360e+00,2481.0,,,8964.20,10731.72,-4961.53,31.40,1,q1_q17_dr25_tce,9609.00,272.00,-428.00,4.149,0.152,-0.228,2.1080,0.8470,-0.5650,296.546690,39.226372,10.483
7563,4245897,K06395.01,,FALSE POSITIVE,FALSE POSITIVE,0.0000,0,1,0,0,11.257061600,2.2890000e-05,-2.2890000e-05,140.8157600,1.980000e-03,-1.980000e-03,0.0000,0.0130,0.0000,29.05900,0.10700,-0.10700,6.9024e+05,2.899e+03,-2.899e+03,162.84,4.533e+01,-5.541e+01,1272.0,,,619.07,525.79,-396.95,655.20,1,q1_q17_dr25_tce,6915.00,217.00,-326.00,4.012,0.286,-0.154,1.8750,0.5220,-0.6380,286.390900,39.334389,12.538
7564,4252226,K06396.01,,FALSE POSITIVE,FALSE POSITIVE,0.0000,0,1,0,0,21.858963291,1.3490000e-06,-1.3490000e-06,151.2628164,5.050000e-05,-5.050000e-05,0.9690,0.0250,-0.0410,6.32492,0.00277,-0.00277,1.1711e+05,3.230e+01,-3.230e+01,114.63,2.264e+01,-5.292e+01,925.0,,,172.73,106.15,-128.97,2951.20,1,q1_q17_dr25_tce,5923.00,178.00,-196.00,3.904,0.456,-0.114,2.0600,0.4070,-0.9510,288.726930,39.337742,13.916
7565,4281895,K06400.01,,FALSE POSITIVE,FALSE POSITIVE,0.0000,0,1,0,0,9.543584955,2.8800000e-07,-2.8800000e-07,137.7738831,2.500000e-05,-2.500000e-05,0.9850,0.1110,-0.0100,3.72007,0.00177,-0.00177,6.8184e+04,7.000e-01,-7.000e-01,77.97,2.346e+01,-4.696e+01,1141.0,,,401.55,371.79,-343.86,3442.20,1,q1_q17_dr25_tce,5537.00,182.00,-132.00,3.837,0.704,-0.176,1.7850,0.5370,-1.0750,296.051790,39.394970,12.256
7566,4282390,K06401.01,,CANDIDATE,CANDIDATE,0.9980,0,0,0,0,1.961343110,1.1260000e-05,-1.1260000e-05,132.3056300,4.880000e-03,-4.880000e-03,1.1590,0.2630,-0.1110,11.85600,0.35900,-0.35900,2.0780e+02,4.500e+00,-4.500e+00,41.53,7.990e+00,-9.770e+00,2167.0,,,5197.02,2550.73,-2310.66,59.50,1,q1_q17_dr25_tce,6221.00,74.00,-80.00,3.935,0.180,-0.120,2.1980,0.4230,-0.5170,296.146550,39.396938,13.749
7567,5095269,K06518.01,,FALSE POSITIVE,FALSE POSITIVE,0.0000,0,1,0,0,18.611957253,8.6200000e-07,-8.6200000e-07,133.8661994,3.760000e-05,-3.760000e-05,0.9520,0.0220,-0.0300,4.24721,0.00121,-0.00121,1.2483e+05,2.500e+01,-2.500e+01,65.50,1.926e+01,-1.036e+01,829.0,,,111.83,94.82,-41.63,2671.70,1,q1_q17_dr25_tce,6492.00,162.00,-194.00,4.320,0.105,-0.195,1.1700,0.3440,-0.1850,290.551940,40.235020,13.528
7568,5097278,K06519.01,,FALSE POSITIVE,FALSE POSITIVE,,1,0,0,0,0.732406620,6.8290000e-05,-6.8290000e-05,131.5735000,6.160000e-02,-6.160000e-02,0.8618,0.1380,-0.6011,4.33000,1.20000,-1.20000,3.2900e+02,2.640e+01,-2.640e+01,3.65,2.410e+00,-6.200e-01,3191.0,,,24515.44,51936.38,-10374.89,15.30,3,q1_q17_dr24_tce,7392.00,229.00,-324.00,4.135,0.100,-0.100,1.7720,1.1720,-0.3000,291.196200,40.261959,11.396
7569,5112198,K06522.01,,FALSE POSITIVE,FALSE POSITIVE,0.0000,1,0,0,0,3.215590540,4.2150000e-05,-4.2150000e-05,133.5375000,1.150000e-02,-1.150000e-02,1.1530,0.0270,-0.1150,16.26100,0.38700,-0.38700,2.0240e+02,7.700e+00,-7.700e+00,18.80,5.900e+00,-2.100e+00,1366.0,,,822.20,755.26,-254.93,87.10,1,q1_q17_dr25_tce,6300.00,169.00,-207.00,4.414,0.084,-0.210,1.0360,0.3250,-0.1160,295.256650,40.257511,14.128
7570,5113809,K06523.01,,FALSE POSITIVE,FALSE POSITIVE,0.0000,1,0,0,0,1.547426532,,,132.8859128,,,0.9470,,,16.13460,,,5.3290e+02,,,3.62,1.080e+00,-5.800e-01,1973.0,,,3587.69,3058.33,-1377.09,210.10,1,q1_q17_dr25_tce,6612.00,158.00,-218.00,4.303,0.101,-0.188,1.2640,0.3770,-0.2030,295.556030,40.233089,13.755
7571,5115178,K06524.01,,FALSE POSITIVE,FALSE POSITIVE,0.0000,0,1,0,0,12.851722103,1.3160000e-06,-1.3160000e-06,132.8395131,8.140000e-05,-8.140000e-05,1.1500,0.0560,-0.0520,5.71731,0.00460,-0.00460,4.2519e+04,3.230e+01,-3.230e+01,47.26,1.378e+01,-5.910e+00,781.0,,,88.01,75.36,-29.17,1537.80,1,q1_q17_dr25_tce,5838.00,158.00,-194.00,4.438,0.098,-0.196,0.9670,0.2820,-0.1210,295.844850,40.280869,15.205
7572,5115379,K06525.01,,FALSE POSITIVE,FALSE POSITIVE,,1,0,1,0,4.205579700,1.2570000e-04,-1.2570000e-04,132.1233000,2.450000e-02,-2.450000e-02,0.9883,0.0066,-0.0052,19.40000,20.20000,-20.20000,1.0050e+02,4.000e+00,-4.000e+00,1.80,1.000e+00,-3.300e-01,1345.0,,,773.19,1301.61,-319.95,71.70,1,q1_q17_dr24_tce,6190.00,158.00,-196.00,4.261,0.156,-0.156,1.2590,0.7020,-0.2310,295.884370,40.277660,13.394
7573,6045093,K06653.01,,CANDIDATE,CANDIDATE,,0,0,0,0,28.268216700,4.5560000e-04,-4.5560000e-04,135.5505000,1.350000e-02,-1.350000e-02,0.5643,0.0139,-0.4888,1.35500,0.55100,-0.55100,1.9700e+02,5.210e+01,-5.210e+01,1.22,4.700e-01,-9.000e-02,526.0,,,18.12,21.38,-4.12,6.00,1,q1_q17_dr24_tce,5496.00,168.00,-152.00,4.564,0.024,-0.024,0.8380,0.3270,-0.0590,292.645940,41.353039,14.927
7574,6046311,K06654.01,,FALSE POSITIVE,FALSE POSITIVE,0.0000,1,0,0,0,0.957476003,1.6310000e-06,-1.6310000e-06,131.9126300,1.440000e-03,-1.440000e-03,0.3270,0.1380,-0.3270,0.66240,0.06650,-0.06650,4.5070e+02,3.320e+01,-3.320e+01,2.47,7.200e-01,-3.900e-01,2138.0,,,4953.98,4229.46,-1872.03,20.20,2,q1_q17_dr25_tce,6312.00,169.00,-207.00,4.338,0.124,-0.186,1.1220,0.3270,-0.1760,293.021330,41.355999,13.483
7575,6048255,K06656.01,,FALSE POSITIVE,FALSE POSITIVE,0.0000,1,0,0,0,0.576272480,,,132.0811000,,,,,,1.75000,,,,,,,,,,,,31519.61,55406.99,-15480.71,,1,q1_q17_dr25_tce,,,,,,,,,,293.606480,41.306278,13.865
7576,6057750,K06657.01,,FALSE POSITIVE,FALSE POSITIVE,0.1840,1,0,0,0,1.603705800,2.5910000e-05,-2.5910000e-05,131.9529000,1.840000e-02,-1.840000e-02,0.7290,0.2280,-0.4830,9.06700,0.78400,-0.78400,3.2800e+01,2.000e+00,-2.000e+00,1.54,3.700e-01,-3.300e-01,2492.0,,,9138.09,5555.35,-3791.05,22.40,1,q1_q17_dr25_tce,6400.00,76.00,-76.00,3.877,0.165,-0.135,2.5120,0.5990,-0.5440,296.104000,41.369270,13.700
7577,6063448,K06659.01,,FALSE POSITIVE,FALSE POSITIVE,0.0000,0,1,0,0,76.018113750,5.0730000e-05,-5.0730000e-05,139.9432960,5.290000e-04,-5.290000e-04,0.7880,0.0150,-0.0120,13.48490,0.03850,-0.03850,8.0671e+04,2.140e+02,-2.140e+02,63.58,1.603e+01,-2.205e+01,652.0,,,42.65,32.09,-27.11,604.30,1,q1_q17_dr25_tce,6703.00,189.00,-260.00,4.018,0.299,-0.161,1.8920,0.4770,-0.6560,297.407320,41.329769,13.755
7578,6066107,K06660.01,,FALSE POSITIVE,FALSE POSITIVE,,1,0,0,0,0.828839440,,,132.0134430,,,,,,1.83000,,,,,,,,,,,,,,,,1,q1_q17_dr24_tce,,,,,,,,,,298.064540,41.308311,11.597
7579,8391983,K07884.01,,CANDIDATE,CANDIDATE,0.1180,0,0,0,0,0.709650420,3.5450000e-05,-3.5450000e-05,131.9769500,5.670000e-03,-5.670000e-03,0.1450,0.3230,-0.1450,1.31800,0.20500,-0.20500,2.2340e+02,3.100e+01,-3.100e+01,1.49,4.000e-01,-2.700e-01,2036.0,,,4086.46,3316.23,-1646.68,9.40,1,q1_q17_dr25_tce,5618.00,169.00,-169.00,4.373,0.153,-0.187,1.0020,0.2690,-0.1790,299.772280,44.363022,15.444
7580,6890618,K06787.01,,FALSE POSITIVE,FALSE POSITIVE,0.0000,0,0,1,0,1.574063832,1.8390000e-06,-1.8390000e-06,133.0551400,1.040000e-03,-1.040000e-03,1.2370,0.4080,-0.1420,5.63570,0.05080,-0.05080,1.1181e+03,9.500e+00,-9.500e+00,28.63,7.380e+00,-4.290e+00,1619.0,,,1622.84,1232.03,-583.69,145.30,1,q1_q17_dr25_tce,5951.00,160.00,-178.00,4.411,0.120,-0.180,0.9620,0.2480,-0.1440,298.621640,42.394230,14.636
7581,6925263,K06788.01,,FALSE POSITIVE,FALSE POSITIVE,,1,0,0,0,2.519899350,3.3080000e-05,-3.3080000e-05,133.7109000,7.520000e-03,-7.520000e-03,0.4448,0.0313,-0.4448,1.55000,0.45800,-0.45800,1.4720e+02,3.500e+01,-3.500e+01,1.04,4.400e-01,-9.000e-02,1217.0,,,519.13,660.61,-122.30,7.70,1,q1_q17_dr24_tce,5646.00,167.00,-143.00,4.549,0.031,-0.031,0.8410,0.3550,-0.0670,282.808410,42.486778,15.604
7582,6927629,K06789.01,,FALSE POSITIVE,FALSE POSITIVE,0.0000,0,1,0,0,3.867613816,3.4200000e-07,-3.4200000e-07,135.3438766,7.130000e-05,-7.130000e-05,0.5530,0.0060,-0.0080,5.36467,0.00351,-0.00351,3.4091e+05,2.520e+02,-2.520e+02,69.23,1.972e+01,-1.218e+01,1203.0,,,494.75,413.88,-197.21,1379.10,1,q1_q17_dr25_tce,5780.00,156.00,-173.00,4.364,0.149,-0.182,1.0460,0.2980,-0.1840,283.905430,42.441891,15.244
7583,6936977,K06791.01,,FALSE POSITIVE,FALSE POSITIVE,0.0000,0,1,0,0,36.473115046,1.4890000e-06,-1.4890000e-06,159.7666622,3.180000e-05,-3.180000e-05,1.0030,0.0180,-0.1730,2.91005,0.00408,-0.00408,1.6193e+05,2.120e+01,-2.120e+01,53.10,1.019e+01,-4.720e+00,467.0,,,11.24,6.71,-2.87,1899.10,1,q1_q17_dr25_tce,5452.00,162.00,-146.00,4.594,0.032,-0.128,0.7660,0.1470,-0.0680,287.951510,42.413189,14.359
7584,6939670,K06792.01,,FALSE POSITIVE,FALSE POSITIVE,0.0000,0,1,0,0,4.238855579,1.7370000e-06,-1.7370000e-06,135.2014640,3.360000e-04,-3.360000e-04,1.0310,0.3180,-0.0400,5.22350,0.01950,-0.01950,6.8002e+04,2.130e+02,-2.130e+02,38.01,6.810e+00,-5.580e+00,1044.0,,,280.82,157.80,-99.48,374.80,1,q1_q17_dr25_tce,5655.00,167.00,-167.00,4.482,0.135,-0.135,0.8040,0.1440,-0.1180,288.964940,42.469391,14.858
7585,7811211,K06918.01,,CANDIDATE,CANDIDATE,,0,0,0,0,0.902403563,2.3100000e-07,-2.3100000e-07,131.8272730,2.050000e-04,-2.050000e-04,0.8925,0.0064,-0.0096,1.71290,0.02700,-0.02700,4.7595e+03,3.690e+01,-3.690e+01,6.17,2.590e+00,-4.100e-01,1688.0,,,1919.35,2407.97,-410.85,220.30,1,q1_q17_dr24_tce,5776.00,161.00,-148.00,4.599,0.029,-0.029,0.7550,0.3180,-0.0500,287.570620,43.531738,14.596
7586,7812893,K06919.01,,FALSE POSITIVE,FALSE POSITIVE,0.4090,1,0,0,0,8.799872200,1.0380000e-04,-1.0380000e-04,136.3774400,9.810000e-03,-9.810000e-03,0.3440,0.1500,-0.3440,1.15300,0.38200,-0.38200,2.7030e+02,5.390e+01,-5.390e+01,1.09,5.000e-02,-9.000e-02,577.0,,,26.18,5.79,-6.99,7.40,1,q1_q17_dr25_tce,4298.00,129.00,-142.00,4.603,0.053,-0.018,0.6750,0.0280,-0.0570,288.372130,43.591221,15.860
7587,7816935,K06921.01,,CANDIDATE,CANDIDATE,0.9540,0,0,0,0,6.877780290,9.0340000e-05,-9.0340000e-05,133.0417600,8.930000e-03,-8.930000e-03,0.0800,0.3650,-0.0790,3.19900,0.26200,-0.26200,1.2400e+02,1.460e+01,-1.460e+01,1.19,4.000e-01,-1.400e-01,1052.0,,,289.51,290.38,-91.78,10.10,1,q1_q17_dr25_tce,6274.00,174.00,-218.00,4.434,0.056,-0.224,1.0620,0.3610,-0.1200,290.007840,43.502129,15.099
7588,7838639,K06922.01,,FALSE POSITIVE,FALSE POSITIVE,0.0000,0,1,0,0,2.113197701,2.0400000e-07,-2.0400000e-07,132.3310213,8.070000e-05,-8.070000e-05,0.9090,0.1170,-0.0120,3.46341,0.00578,-0.00578,5.7316e+04,7.200e+01,-7.200e+01,50.13,1.429e+01,-1.429e+01,1825.0,,,2624.42,2257.94,-1452.08,1048.10,1,q1_q17_dr25_tce,6215.00,188.00,-206.00,4.138,0.258,-0.172,1.4630,0.4170,-0.4170,296.914430,43.519451,13.774
7589,7847927,K06924.01,,FALSE POSITIVE,FALSE POSITIVE,0.0000,0,1,0,0,70.376269870,1.9860000e-05,-1.9860000e-05,151.2284450,2.000000e-04,-2.000000e-04,0.9440,0.0450,-0.0360,6.42050,0.01080,-0.01080,1.1605e+05,1.830e+02,-1.830e+02,40.43,8.080e+00,-3.220e+00,373.0,,,4.59,2.84,-1.10,759.70,1,q1_q17_dr25_tce,5458.00,163.00,-147.00,4.603,0.032,-0.128,0.7550,0.1510,-0.0600,299.133030,43.527111,15.108
7590,8526387,K07051.01,,FALSE POSITIVE,FALSE POSITIVE,0.0890,0,0,1,0,0.772803664,5.1810000e-06,-5.1810000e-06,131.7035400,5.920000e-03,-5.920000e-03,0.1990,0.2770,-0.1990,1.36800,0.17800,-0.17800,2.9020e+02,3.500e+01,-3.500e+01,1.11,8.000e-02,-1.000e-01,1365.0,,,826.03,263.24,-232.76,8.50,2,q1_q17_dr25_tce,4535.00,159.00,-159.00,4.607,0.052,-0.028,0.6680,0.0480,-0.0600,301.354580,44.524948,15.856
7591,8543278,K07052.01,,FALSE POSITIVE,FALSE POSITIVE,0.0000,0,1,0,0,7.549299761,6.2900000e-07,-6.2900000e-07,135.0113297,6.750000e-05,-6.750000e-05,0.8990,0.1500,-0.0070,2.46338,0.00361,-0.00361,4.4576e+04,4.540e+01,-4.540e+01,18.80,2.430e+00,-1.210e+00,690.0,,,53.74,22.43,-12.07,907.20,1,q1_q17_dr25_tce,5085.00,136.00,-151.00,4.679,0.028,-0.077,0.6340,0.0820,-0.0410,283.948640,44.669498,14.608
7592,8552540,K07054.01,,FALSE POSITIVE,FALSE POSITIVE,0.0000,1,0,0,0,0.530967171,8.2000000e-08,-8.2000000e-08,131.7253850,1.280000e-04,-1.280000e-04,0.8400,0.0640,-0.0600,3.81020,0.02310,-0.02310,3.7839e+05,8.080e+02,-8.080e+02,92.29,2.682e+01,-1.146e+01,2312.0,,,6728.14,5635.99,-2109.21,671.90,1,q1_q17_dr25_tce,5951.00,148.00,-163.00,4.439,0.084,-0.196,0.9910,0.2880,-0.1230,288.890410,44.617020,10.292
7593,8553788,K07055.01,,FALSE POSITIVE,FALSE POSITIVE,0.0000,0,1,0,0,1.606163631,1.3500000e-07,-1.3500000e-07,131.6342249,6.950000e-05,-6.950000e-05,0.9010,0.0110,-0.0120,4.92516,0.00362,-0.00362,1.4460e+05,7.530e+01,-7.530e+01,130.46,1.291e+01,-2.402e+01,2943.0,,,17727.93,4362.54,-6475.33,1662.00,1,q1_q17_dr25_tce,8027.00,63.00,-95.00,3.997,0.126,-0.073,2.3140,0.2290,-0.4260,289.428800,44.641411,12.691
7594,8559863,K07058.01,,FALSE POSITIVE,FALSE POSITIVE,0.0000,0,1,0,0,22.470494368,2.1160000e-06,-2.1160000e-06,143.2848310,7.840000e-05,-7.840000e-05,0.8600,0.0070,-0.0010,7.39097,0.00570,-0.00570,4.5979e+04,2.970e+01,-2.970e+01,19.12,2.800e+00,-1.290e+00,518.0,,,17.04,8.15,-3.75,2393.20,1,q1_q17_dr25_tce,5315.00,159.00,-143.00,4.636,0.030,-0.090,0.6970,0.1020,-0.0470,291.730900,44.622631,12.723
7595,9529856,K07185.01,,FALSE POSITIVE,FALSE POSITIVE,0.0000,0,1,0,0,37.482223878,4.3090000e-06,-4.3090000e-06,155.8400132,9.560000e-05,-9.560000e-05,1.2000,0.0370,-0.0200,4.81451,0.00428,-0.00428,2.8977e+04,2.420e+01,-2.420e+01,114.14,1.829e+01,-4.268e+01,902.0,,,156.47,80.94,-101.59,1262.30,1,q1_q17_dr25_tce,6422.00,195.00,-176.00,3.780,0.320,-0.080,2.4150,0.3870,-0.9030,293.262450,46.150620,13.460
7596,9540450,K07187.01,,FALSE POSITIVE,FALSE POSITIVE,0.0000,0,1,0,0,1.077358008,1.8900000e-07,-1.8900000e-07,131.6005510,1.380000e-04,-1.380000e-04,0.6190,0.0140,-0.0100,3.67130,0.00920,-0.00920,3.1105e+05,6.530e+02,-6.530e+02,70.64,2.244e+01,-1.208e+01,1925.0,,,3242.53,3570.72,-1500.50,537.40,1,q1_q17_dr25_tce,6100.00,298.00,-364.00,4.397,0.112,-0.208,1.0640,0.3380,-0.1820,297.093290,46.132381,14.146
7597,9541567,K07190.01,,FALSE POSITIVE,FALSE POSITIVE,0.0000,1,0,0,0,1.122845010,,,131.6719080,,,,,,0.95000,,,,,,,,,,,,42791.46,62588.41,-21938.48,,2,q1_q17_dr25_tce,,,,,,,,,,297.404240,46.119991,11.872
7598,9569866,K07191.01,,FALSE POSITIVE,FALSE POSITIVE,0.0000,0,1,0,0,1.480324075,1.1600000e-07,-1.1600000e-07,131.7556963,6.420000e-05,-6.420000e-05,0.3880,0.0160,-0.0040,3.20209,0.00283,-0.00283,4.0001e+05,3.840e+02,-3.840e+02,47.81,5.340e+00,-4.800e+00,1313.0,,,701.93,273.65,-192.40,1095.90,1,q1_q17_dr25_tce,5260.00,157.00,-141.00,4.560,0.082,-0.060,0.7170,0.0800,-0.0720,282.227110,46.246159,13.983
7599,9579192,K07192.01,,FALSE POSITIVE,FALSE POSITIVE,0.0000,0,1,0,0,12.083537810,7.2200000e-07,-7.2200000e-07,139.6155998,4.980000e-05,-4.980000e-05,0.7490,0.0010,-0.0010,7.90317,0.00254,-0.00254,4.3087e+04,1.600e+01,-1.600e+01,50.33,1.032e+01,-1.548e+01,1310.0,,,696.82,415.47,-401.04,3799.50,1,q1_q17_dr25_tce,6770.00,162.00,-203.00,3.890,0.266,-0.114,2.2140,0.4540,-0.6810,287.631870,46.298710,12.344
7600,8540376,K07892.01,,CANDIDATE,CANDIDATE,0.9940,0,0,0,0,10.692115000,3.3130000e-03,-3.3130000e-03,141.1160000,4.330000e-01,-4.330000e-01,0.7340,0.2210,-0.5070,4.65700,0.44000,-0.44000,4.0840e+02,5.120e+01,-5.120e+01,2.71,8.200e-01,-4.500e-01,1008.0,,,244.47,214.97,-98.88,9.40,1,q1_q17_dr25_tce,6474.00,159.00,-250.00,4.311,0.108,-0.201,1.2420,0.3800,-0.2050,282.377530,44.694592,14.294
7601,10363300,K07318.01,,FALSE POSITIVE,FALSE POSITIVE,0.0000,0,1,0,0,0.934926138,7.6000000e-08,-7.6000000e-08,132.1779461,6.360000e-05,-6.360000e-05,0.9050,0.0220,-0.0080,3.19250,0.00315,-0.00315,1.3194e+05,6.710e+01,-6.710e+01,58.67,1.801e+01,-7.730e+00,1957.0,,,3455.76,3198.24,-1209.55,1149.30,1,q1_q17_dr25_tce,5962.00,181.00,-217.00,4.423,0.067,-0.216,1.0780,0.3310,-0.1420,299.634490,47.477249,14.681
7602,10388451,K07319.01,,CANDIDATE,CANDIDATE,,0,0,0,0,17.167767500,2.7080000e-04,-2.7080000e-04,142.9943000,1.180000e-02,-1.180000e-02,0.4828,0.0044,-0.4828,2.97500,0.40500,-0.40500,3.3510e+02,4.800e+01,-4.800e+01,0.97,1.000e-01,-9.000e-02,370.0,,,4.43,1.17,-0.99,7.40,1,q1_q17_dr24_tce,3761.00,50.00,-50.00,4.724,0.060,-0.060,0.5260,0.0500,-0.0500,283.847560,47.515659,15.929
7603,10396708,K07320.01,,CANDIDATE,CANDIDATE,1.0000,0,0,0,0,8.502077490,9.3300000e-05,-9.3300000e-05,132.3612100,9.400000e-03,-9.400000e-03,0.0730,0.3800,-0.0720,3.05700,0.26900,-0.26900,1.1730e+02,1.280e+01,-1.280e+01,0.75,7.000e-02,-7.000e-02,679.0,,,50.14,16.48,-13.42,10.50,1,q1_q17_dr25_tce,4889.00,146.00,-131.00,4.570,0.066,-0.044,0.7150,0.0620,-0.0690,288.297150,47.560040,14.755
7604,10407464,K07323.01,,FALSE POSITIVE,FALSE POSITIVE,0.0000,0,0,0,1,0.933737110,1.2780000e-05,-1.2780000e-05,131.5293000,1.210000e-02,-1.210000e-02,0.1210,0.3600,-0.1210,3.15100,0.34400,-0.34400,1.2900e+01,1.400e+00,-1.400e+00,0.37,7.000e-02,-5.000e-02,2077.0,,,4422.99,2413.54,-1499.26,11.20,1,q1_q17_dr25_tce,6300.00,152.00,-190.00,4.391,0.096,-0.132,1.0250,0.1900,-0.1390,292.945010,47.528469,12.720
7605,10417704,K07324.01,,FALSE POSITIVE,FALSE POSITIVE,0.0000,1,0,0,0,3.008254800,,,132.6897600,,,,,,2.38000,,,,,,,,,,,,6114.15,13711.87,-2311.24,,1,q1_q17_dr25_tce,,,,,,,,,,296.653290,47.515259,13.907
7606,10422852,K07326.01,,FALSE POSITIVE,FALSE POSITIVE,0.0000,0,1,0,0,1.398890216,1.1120000e-06,-1.1120000e-06,132.1655800,6.190000e-04,-6.190000e-04,1.1230,0.0190,-0.0920,4.96410,0.05640,-0.05640,6.6012e+04,4.370e+02,-4.370e+02,57.48,1.679e+01,-9.030e+00,1784.0,,,2389.78,2123.51,-937.14,204.00,1,q1_q17_dr25_tce,6134.00,192.00,-235.00,4.378,0.124,-0.186,1.0510,0.3070,-0.1650,298.076450,47.512798,14.855
7607,11495989,K07449.01,,CANDIDATE,CANDIDATE,,0,0,0,0,1.322475635,5.5080000e-06,-5.5080000e-06,132.6677700,3.220000e-03,-3.220000e-03,1.1980,0.4449,-0.1320,5.30700,0.16000,-0.16000,9.9730e+02,2.720e+01,-2.720e+01,14.03,9.200e-01,-1.000e+00,1097.0,,,342.59,92.77,-79.07,53.90,1,q1_q17_dr24_tce,4668.00,133.00,-132.00,4.700,0.053,-0.053,0.5480,0.0360,-0.0390,285.376710,49.461712,14.335
7608,11499757,K07450.01,,FALSE POSITIVE,FALSE POSITIVE,0.0000,1,0,0,0,12.314402323,7.9700000e-07,-7.9700000e-07,134.2520931,5.120000e-05,-5.120000e-05,0.5060,0.0050,-0.0040,5.89030,0.00249,-0.00249,3.9390e+05,1.160e+02,-1.160e+02,75.21,2.209e+01,-7.900e+00,864.0,,,131.33,113.96,-40.02,2540.60,1,q1_q17_dr25_tce,6247.00,174.00,-217.00,4.433,0.065,-0.195,1.0660,0.3130,-0.1120,287.726200,49.435261,14.760
7609,11502172,K07452.01,,FALSE POSITIVE,FALSE POSITIVE,0.0000,0,1,0,0,25.431861399,5.0950000e-06,-5.0950000e-06,135.6191940,1.630000e-04,-1.630000e-04,1.1260,0.0370,-0.0130,5.23771,0.00831,-0.00831,4.6565e+04,6.860e+01,-6.860e+01,43.42,1.090e+01,-5.890e+00,601.0,,,30.92,22.92,-10.20,785.00,1,q1_q17_dr25_tce,5754.00,155.00,-155.00,4.458,0.108,-0.175,0.9000,0.2260,-0.1220,289.078190,49.480019,14.164
7610,11506235,K07454.01,,FALSE POSITIVE,FALSE POSITIVE,0.0000,0,1,0,0,20.413052415,1.5940000e-06,-1.5940000e-06,140.0167643,6.460000e-05,-6.460000e-05,0.7770,0.0150,-0.0010,4.46210,0.00394,-0.00394,9.2672e+04,8.320e+01,-8.320e+01,35.03,1.080e+01,-3.600e+00,668.0,,,47.14,42.49,-13.89,1620.80,1,q1_q17_dr25_tce,5941.00,158.00,-193.00,4.487,0.054,-0.216,0.9630,0.2970,-0.0990,291.300690,49.495689,14.874
7611,11560382,K07456.01,,FALSE POSITIVE,FALSE POSITIVE,0.0000,0,0,1,1,0.527679032,2.4630000e-06,-2.4630000e-06,131.8111900,4.230000e-03,-4.230000e-03,0.2840,0.1940,-0.2840,1.39500,0.11700,-0.11700,8.4100e+01,6.900e+00,-6.900e+00,0.79,2.300e-01,-7.000e-02,2115.0,,,4714.94,3888.36,-1285.29,14.80,1,q1_q17_dr25_tce,5799.00,155.00,-172.00,4.548,0.035,-0.196,0.8600,0.2420,-0.0810,292.538640,49.538761,15.356
7612,2438062,K06271.01,,FALSE POSITIVE,FALSE POSITIVE,0.0000,0,1,1,1,2.442957270,1.4700000e-05,-1.4700000e-05,132.0029200,7.750000e-03,-7.750000e-03,1.2420,6.4180,-0.1220,4.06560,0.05790,-0.05790,1.5298e+04,2.030e+02,-2.030e+02,44.35,0.000e+00,0.000e+00,1352.0,,,788.17,0.00,0.00,85.50,1,q1_q17_dr25_tce,5780.00,,,4.438,,,1.0000,,,290.277070,37.791946,16.389
7613,2438517,K06272.01,,FALSE POSITIVE,FALSE POSITIVE,0.0000,0,0,1,1,3.315876880,3.1270000e-05,-3.1270000e-05,131.5064800,9.700000e-03,-9.700000e-03,0.6880,0.2850,-0.4780,3.15200,0.30400,-0.30400,1.8560e+02,2.350e+01,-2.350e+01,1.27,2.600e-01,-1.700e-01,1097.0,,,342.77,231.95,-116.74,11.40,1,q1_q17_dr25_tce,5385.00,185.00,-185.00,4.476,0.092,-0.138,0.8750,0.1840,-0.1130,290.329130,37.763889,15.539
7614,2442084,K06273.01,,FALSE POSITIVE,FALSE POSITIVE,0.0000,0,1,0,0,49.788613011,6.9440000e-06,-6.9440000e-06,175.1927140,1.140000e-04,-1.140000e-04,0.7530,0.0330,-0.0440,7.41807,0.00716,-0.00716,2.1922e+05,1.650e+02,-1.650e+02,32.57,1.620e+00,-2.100e+00,271.0,,,1.28,0.27,-0.25,1566.80,1,q1_q17_dr25_tce,3892.00,86.00,-86.00,4.708,0.036,-0.021,0.5420,0.0270,-0.0350,291.160100,37.761101,15.591
7615,2449245,K06274.01,,CANDIDATE,CANDIDATE,0.9970,0,0,0,0,18.177292700,4.9010000e-04,-4.9010000e-04,145.8085000,2.000000e-02,-2.000000e-02,0.0390,0.4300,-0.0390,4.70300,0.75800,-0.75800,2.1310e+02,3.200e+01,-3.200e+01,1.50,4.700e-01,-1.600e-01,737.0,,,69.62,64.86,-21.95,7.90,1,q1_q17_dr25_tce,6158.00,171.00,-236.00,4.455,0.052,-0.208,1.0260,0.3240,-0.1080,292.730260,37.787182,15.324
7616,2450716,K06275.01,,FALSE POSITIVE,FALSE POSITIVE,,0,1,1,0,1.386079730,6.0200000e-05,-6.0200000e-05,131.5931000,3.270000e-02,-3.270000e-02,0.0198,0.4519,-0.0198,8.70000,1.70000,-1.70000,6.4600e+01,1.800e+01,-1.800e+01,0.60,1.500e-01,-5.000e-02,1356.0,,,798.80,605.98,-197.00,2.80,1,q1_q17_dr24_tce,5261.00,172.00,-138.00,4.562,0.042,-0.042,0.7680,0.1870,-0.0650,293.070980,37.710899,14.132
7617,2568971,K06278.01,,FALSE POSITIVE,FALSE POSITIVE,0.0000,1,0,1,0,5.088582739,,,134.0551280,,,1.1950,,,7.60660,,,4.4890e+02,,,46.02,1.216e+01,-1.217e+01,1786.0,,,2400.30,1940.48,-1305.50,40.30,1,q1_q17_dr25_tce,7514.00,235.00,-314.00,4.052,0.193,-0.158,1.9550,0.5170,-0.5170,290.108830,37.845211,13.180
7618,4284147,K06402.01,,FALSE POSITIVE,FALSE POSITIVE,0.0290,1,0,0,0,1.161102200,,,132.2174000,,,,,,2.48000,,,,,,,,,,,,5175.96,7857.39,-2256.22,,1,q1_q17_dr25_tce,,,,,,,,,,296.485840,39.312611,15.742
7619,4357985,K06406.01,,FALSE POSITIVE,FALSE POSITIVE,0.0000,0,1,0,1,8.652985990,7.3390000e-05,-7.3390000e-05,136.6713200,6.080000e-03,-6.080000e-03,0.5290,0.0510,-0.4300,1.54900,0.25700,-0.25700,3.1380e+02,4.050e+01,-4.050e+01,1.36,1.700e-01,-1.500e-01,734.0,,,68.48,28.36,-20.50,12.40,1,q1_q17_dr25_tce,5210.00,155.00,-155.00,4.538,0.088,-0.064,0.7490,0.0910,-0.0830,289.600370,39.431709,15.415
7620,4367544,K06407.01,,FALSE POSITIVE,FALSE POSITIVE,0.0000,0,1,0,0,1.195634470,2.7410000e-05,-2.7410000e-05,131.5506000,2.730000e-02,-2.730000e-02,0.8610,0.0100,-0.0080,5.39340,0.08960,-0.08960,8.2450e+03,1.060e+02,-1.060e+02,14.94,4.140e+00,-5.040e+00,1988.0,,,3686.75,3164.40,-2256.17,105.80,1,q1_q17_dr25_tce,5583.00,186.00,-169.00,4.115,0.357,-0.153,1.4130,0.3910,-0.4770,292.283940,39.457100,14.327
7621,4372410,K06408.01,,FALSE POSITIVE,FALSE POSITIVE,0.0000,1,0,1,0,0.550537628,,,131.6623478,,,0.5160,,,1.21600,,,7.2000e+01,,,1.93,2.400e-01,-3.200e-01,4181.0,,,71798.87,22204.03,-23772.94,4.90,1,q1_q17_dr25_tce,8098.00,72.00,-81.00,4.013,0.126,-0.084,2.1990,0.2730,-0.3640,293.526820,39.404831,11.456
7622,4372620,K06409.01,,CANDIDATE,CANDIDATE,,0,0,0,0,19.931060200,3.9930000e-04,-3.9930000e-04,145.7465000,1.670000e-02,-1.670000e-02,0.0766,0.3760,-0.0765,8.48000,0.43100,-0.43100,9.7900e+01,8.500e+00,-8.500e+00,2.42,1.090e+00,-1.300e+00,960.0,,,201.01,275.50,-162.64,14.20,1,q1_q17_dr24_tce,5500.00,173.00,-154.00,3.775,0.517,-0.517,2.4910,1.1140,-1.3390,293.578700,39.447979,13.370
7623,4372961,K06410.01,,FALSE POSITIVE,FALSE POSITIVE,0.0000,1,0,0,0,2.534707970,1.4370000e-05,-1.4370000e-05,132.8811700,4.490000e-03,-4.490000e-03,1.1870,0.0150,-0.1660,20.14300,0.41300,-0.41300,3.2820e+02,4.500e+00,-4.500e+00,50.25,8.690e+00,-1.304e+01,2117.0,,,4744.68,2101.83,-2265.45,99.50,1,q1_q17_dr25_tce,6440.00,77.00,-77.00,3.874,0.210,-0.090,2.2540,0.3900,-0.5850,293.661010,39.411629,13.920
7624,5119143,K06527.01,,FALSE POSITIVE,FALSE POSITIVE,,1,0,0,0,0.530799654,4.0630000e-06,-4.0630000e-06,131.6872700,5.720000e-03,-5.720000e-03,0.0126,0.4654,-0.0125,3.48700,0.23900,-0.23900,3.1850e+02,3.050e+01,-3.050e+01,2.92,1.550e+00,-8.500e-01,3102.0,,,21896.26,37253.50,-13201.25,12.50,1,q1_q17_dr24_tce,6534.00,235.00,-374.00,4.128,0.213,-0.213,1.6220,0.8620,-0.4720,296.684510,40.290588,12.328
7625,5125048,K06528.01,,FALSE POSITIVE,FALSE POSITIVE,0.0000,1,0,0,0,0.568187690,,,132.0664300,,,,,,2.00000,,,,,,,,,,,,17741.94,26912.56,-7416.59,,1,q1_q17_dr25_tce,,,,,,,,,,298.020260,40.265659,11.941
7626,5126627,K06529.01,,FALSE POSITIVE,FALSE POSITIVE,0.0000,1,0,0,0,1.009477900,,,131.6463000,,,,,,3.72000,,,,,,,,,,,,2573.87,0.00,0.00,,1,q1_q17_dr25_tce,,,,,,,,,,298.395810,40.259480,13.965
7627,5130890,K06530.01,,FALSE POSITIVE,FALSE POSITIVE,,1,0,0,0,0.910577950,,,131.5209695,,,,,,2.73000,,,,,,,,,,,,,,,,1,q1_q17_dr24_tce,,,,,,,,,,299.246830,40.298660,11.965
7628,5164794,K06531.01,,FALSE POSITIVE,FALSE POSITIVE,0.0000,1,0,1,0,1.042941900,5.6520000e-04,-5.6520000e-04,131.9660000,2.650000e-01,-2.650000e-01,0.9220,0.0170,-0.6350,7.22000,2.40000,-2.40000,4.1200e+02,1.120e+02,-1.120e+02,2.49,0.000e+00,0.000e+00,1795.0,,,2448.03,0.00,0.00,40.90,1,q1_q17_dr25_tce,5780.00,,,4.438,,,1.0000,,,283.483580,40.324066,11.510
7629,5171707,K06532.01,,CANDIDATE,CANDIDATE,1.0000,0,0,0,0,0.813998812,2.2820000e-06,-2.2820000e-06,132.1244000,2.270000e-03,-2.270000e-03,0.0450,0.4060,-0.0450,0.67500,0.10100,-0.10100,1.8340e+02,1.840e+01,-1.840e+01,1.36,3.800e-01,-2.000e-01,1933.0,,,3285.52,2749.57,-1149.97,13.70,1,q1_q17_dr25_tce,5705.00,156.00,-173.00,4.424,0.101,-0.188,0.9890,0.2810,-0.1410,286.748570,40.365440,15.567
7630,5172274,K06533.01,,FALSE POSITIVE,FALSE POSITIVE,0.0000,1,0,0,0,6.126509130,3.9390000e-03,-3.9390000e-03,133.2391000,2.370000e-01,-2.370000e-01,0.9190,0.9770,-0.9190,15.43000,2.30000,-2.30000,2.4340e+03,1.374e+04,-1.374e+04,9.08,3.310e+00,-1.100e+00,1370.0,,,832.67,873.49,-290.43,3.10,1,q1_q17_dr25_tce,6881.00,167.00,-287.00,4.252,0.058,-0.058,1.5340,0.5590,-0.1860,286.978090,40.302078,12.625
7631,6068947,K06661.01,,FALSE POSITIVE,FALSE POSITIVE,,0,1,0,0,0.573036404,4.2000000e-08,-4.2000000e-08,120.5159138,6.370000e-05,-6.370000e-05,0.9279,0.0100,-0.0047,1.31760,0.01180,-0.01180,4.1745e+03,1.290e+01,-1.290e+01,9.97,4.070e+00,-1.790e+00,2376.0,,,7539.67,9042.60,-2999.78,419.60,1,q1_q17_dr24_tce,5745.00,151.00,-160.00,4.290,0.155,-0.155,1.1960,0.4880,-0.2140,298.742980,41.386292,13.302
7632,6103049,K06662.01,,FALSE POSITIVE,FALSE POSITIVE,0.0000,0,1,0,0,0.643171495,6.8000000e-08,-6.8000000e-08,131.8893076,8.930000e-05,-8.930000e-05,1.2140,0.1010,-0.0760,2.31285,0.00571,-0.00571,4.1160e+04,7.930e+01,-7.930e+01,54.03,1.525e+01,-9.390e+00,2193.0,,,5486.36,4537.78,-2167.26,641.40,1,q1_q17_dr25_tce,5899.00,158.00,-175.00,4.387,0.149,-0.182,0.9890,0.2790,-0.1720,283.768220,41.441120,15.147
7633,6111011,K06664.01,,FALSE POSITIVE,FALSE POSITIVE,0.2120,0,0,1,0,14.763914500,2.6550000e-04,-2.6550000e-04,133.5320000,1.660000e-02,-1.660000e-02,0.0160,0.4580,-0.0160,3.14000,0.58100,-0.58100,1.6250e+02,3.160e+01,-3.160e+01,0.93,1.700e-01,-8.000e-02,632.0,,,37.74,22.22,-9.13,7.70,1,q1_q17_dr25_tce,5541.00,166.00,-149.00,4.613,0.040,-0.112,0.7330,0.1380,-0.0590,287.467380,41.471630,15.559
7634,6128141,K06665.01,,FALSE POSITIVE,FALSE POSITIVE,0.0000,0,1,0,0,1.872620976,5.6800000e-07,-5.6800000e-07,132.7277010,2.500000e-04,-2.500000e-04,1.2420,1.9050,-0.0930,1.76260,0.01320,-0.01320,1.5306e+03,8.700e+00,-8.700e+00,31.43,9.330e+00,-4.010e+00,1550.0,,,1362.23,1184.90,-454.83,181.90,1,q1_q17_dr25_tce,6031.00,162.00,-198.00,4.427,0.084,-0.196,1.0040,0.2980,-0.1280,293.252870,41.426319,14.337
7635,6146838,K06668.01,,FALSE POSITIVE,FALSE POSITIVE,0.0000,0,1,0,0,27.467217305,1.6390000e-06,-1.6390000e-06,143.6727101,4.400000e-05,-4.400000e-05,1.0760,0.0350,-0.0430,4.17961,0.00118,-0.00118,7.1766e+04,2.050e+01,-2.050e+01,38.87,5.140e+00,-4.240e+00,527.0,,,18.22,8.05,-5.26,1986.10,1,q1_q17_dr25_tce,5503.00,165.00,-148.00,4.536,0.105,-0.095,0.7420,0.0980,-0.0810,297.915990,41.485641,13.182
7636,6950275,K06796.01,,FALSE POSITIVE,FALSE POSITIVE,0.0000,0,1,1,1,40.879068000,9.0490000e-04,-9.0490000e-04,163.4056000,1.850000e-02,-1.850000e-02,0.9880,0.0140,-0.6980,6.56200,0.44000,-0.44000,4.9920e+02,3.970e+01,-3.970e+01,3.35,1.050e+00,-3.500e-01,533.0,,,19.12,18.24,-6.01,12.20,1,q1_q17_dr25_tce,6072.00,190.00,-232.00,4.510,0.054,-0.216,0.9230,0.2900,-0.0970,292.346710,42.402939,15.823
7637,6953219,K06797.01,,FALSE POSITIVE,FALSE POSITIVE,,0,0,1,1,0.566802325,1.0240000e-06,-1.0240000e-06,131.7962600,1.550000e-03,-1.550000e-03,0.3857,0.0353,-0.3857,1.84200,0.05970,-0.05970,2.8840e+02,7.400e+00,-7.400e+00,1.40,1.680e+00,-1.500e-01,1889.0,,,3012.00,13638.38,-877.79,70.30,1,q1_q17_dr24_tce,5233.00,178.00,-146.00,4.489,0.085,-0.085,0.8240,0.9880,-0.0900,293.249020,42.446621,14.905
7638,6956176,K06798.01,,CANDIDATE,CANDIDATE,0.9960,0,0,0,0,2.641852680,5.3580000e-05,-5.3580000e-05,131.9331000,1.860000e-02,-1.860000e-02,0.1990,0.2610,-0.1990,1.76000,0.92100,-0.92100,1.4980e+02,1.930e+01,-1.930e+01,3.56,2.120e+00,-1.410e+00,2104.0,,,4636.69,8543.09,-3084.92,7.90,1,q1_q17_dr25_tce,5195.00,144.00,-104.00,3.409,0.310,-0.310,2.9350,1.7500,-1.1670,294.077390,42.402241,13.533
7639,6965293,K06800.01,,FALSE POSITIVE,FALSE POSITIVE,0.0000,0,1,0,0,5.077746556,7.9700000e-07,-7.9700000e-07,134.6353900,1.300000e-04,-1.300000e-04,1.2110,0.1940,-0.0940,3.17180,0.00653,-0.00653,1.8837e+04,2.990e+01,-2.990e+01,54.93,1.158e+01,-1.158e+01,1274.0,,,622.32,392.27,-279.18,616.90,1,q1_q17_dr25_tce,6174.00,166.00,-185.00,4.235,0.186,-0.140,1.2710,0.2680,-0.2680,296.316410,42.433510,12.847
7640,7025851,K06803.01,,FALSE POSITIVE,FALSE POSITIVE,0.0000,0,1,0,0,2.340534383,2.5140000e-06,-2.5140000e-06,132.7471800,1.330000e-03,-1.330000e-03,0.7100,0.0580,-0.0430,4.43017,0.00681,-0.00681,2.4136e+05,2.940e+02,-2.940e+02,69.55,2.246e+01,-9.610e+00,1581.0,,,1476.77,1447.13,-538.42,881.50,1,q1_q17_dr25_tce,6300.00,197.00,-241.00,4.349,0.105,-0.210,1.1360,0.3670,-0.1570,289.359590,42.530239,14.390
7641,7871395,K06927.01,,FALSE POSITIVE,FALSE POSITIVE,,1,0,0,0,501.076474470,,,143.2445125,,,,,,3.21000,,,,,,,,,,,,,,,,1,q1_q17_dr24_tce,,,,,,,,,,282.833340,43.600689,14.795
7642,7885518,K06928.01,,FALSE POSITIVE,FALSE POSITIVE,0.0000,0,0,1,0,1.729332550,1.6580000e-05,-1.6580000e-05,132.5413000,8.510000e-03,-8.510000e-03,0.5860,0.0230,-0.4800,3.63100,0.28500,-0.28500,2.9700e+01,2.200e+00,-2.200e+00,0.69,1.400e-01,-1.600e-01,1745.0,,,2196.53,1345.76,-1003.20,17.10,1,q1_q17_dr25_tce,5921.00,160.00,-142.00,4.220,0.210,-0.140,1.2110,0.2470,-0.2740,289.957400,43.657429,13.070
7643,7885570,K06929.01,,FALSE POSITIVE,FALSE POSITIVE,0.0000,0,1,0,0,1.729338354,9.2000000e-07,-9.2000000e-07,132.5369760,4.370000e-04,-4.370000e-04,0.8870,0.0240,-0.0390,6.85240,0.03240,-0.03240,1.4016e+05,4.460e+02,-4.460e+02,139.36,2.478e+01,-4.602e+01,2230.0,,,5838.68,2753.39,-3357.10,379.70,1,q1_q17_dr25_tce,5587.00,83.00,-75.00,3.754,0.224,-0.096,2.5530,0.4540,-0.8430,289.973720,43.653809,11.679
7644,7902204,K06931.01,,CANDIDATE,CANDIDATE,0.9720,0,0,0,0,2.540311210,2.1980000e-05,-2.1980000e-05,133.7784900,7.190000e-03,-7.190000e-03,0.2950,0.1540,-0.2950,1.83000,0.23900,-0.23900,1.7330e+02,2.070e+01,-2.070e+01,1.20,3.400e-01,-9.000e-02,1268.0,,,611.31,511.08,-151.85,10.10,1,q1_q17_dr25_tce,5778.00,162.00,-182.00,4.531,0.036,-0.204,0.9110,0.2570,-0.0690,295.502290,43.609871,15.921
7645,7919653,K06932.01,,FALSE POSITIVE,FALSE POSITIVE,0.0000,0,1,0,0,2.105238039,3.0400000e-07,-3.0400000e-07,132.6754630,1.200000e-04,-1.200000e-04,0.8300,0.0370,-0.0140,5.23595,0.00939,-0.00939,9.4675e+04,1.340e+02,-1.340e+02,75.10,1.765e+01,-3.275e+01,1966.0,,,3523.25,2543.24,-2534.49,1071.90,1,q1_q17_dr25_tce,5947.00,183.00,-183.00,3.943,0.440,-0.110,1.8850,0.4430,-0.8220,299.937350,43.627129,13.796
7646,7938468,K06933.01,,FALSE POSITIVE,FALSE POSITIVE,0.0000,0,1,0,0,7.226944171,1.3710000e-06,-1.3710000e-06,136.1630080,1.560000e-04,-1.560000e-04,1.2330,0.0090,-0.0140,23.01240,0.01850,-0.01850,6.8218e+05,2.580e+02,-2.580e+02,237.79,6.907e+01,-5.647e+01,1179.0,,,457.25,399.69,-224.66,3076.60,1,q1_q17_dr25_tce,6270.00,188.00,-206.00,4.199,0.209,-0.171,1.3600,0.3950,-0.3230,281.943360,43.728588,13.270
7647,8560861,K07059.01,,FALSE POSITIVE,FALSE POSITIVE,0.0000,0,1,0,1,31.973311701,8.2350000e-06,-8.2350000e-06,133.8672250,2.130000e-04,-2.130000e-04,1.3500,0.0600,-0.1120,13.21050,0.01870,-0.01870,7.5054e+04,6.200e+01,-6.200e+01,272.44,5.564e+01,-1.298e+02,1289.0,,,652.01,402.39,-501.26,1554.10,1,q1_q17_dr25_tce,7854.00,217.00,-326.00,3.669,0.432,-0.108,3.4620,0.7070,-1.6500,292.139400,44.672741,8.500
7648,8565900,K07060.01,,FALSE POSITIVE,FALSE POSITIVE,0.0000,1,0,0,0,1.641258440,,,131.9294000,,,,,,4.51000,,,,,,,,,,,,698.68,615.06,-183.30,,1,q1_q17_dr25_tce,,,,,,,,,,294.105260,44.615269,14.970
7649,8566113,K07061.01,,CANDIDATE,CANDIDATE,,0,0,0,0,1.371587993,6.9640000e-06,-6.9640000e-06,131.8050600,3.680000e-03,-3.680000e-03,0.9829,0.0091,-0.0087,12.90100,0.77800,-0.77800,4.5610e+02,4.990e+01,-4.990e+01,4.91,2.800e+00,-1.090e+00,2413.0,,,8016.36,14023.82,-3885.33,43.30,2,q1_q17_dr24_tce,7045.00,194.00,-278.00,4.154,0.148,-0.148,1.6040,0.9150,-0.3560,294.201450,44.639839,13.104
7650,8574270,K07063.01,,FALSE POSITIVE,FALSE POSITIVE,0.0000,0,1,0,0,15.120212531,1.7490000e-06,-1.7490000e-06,139.6966549,9.600000e-05,-9.600000e-05,1.1990,0.0490,-0.0280,3.50007,0.00415,-0.00415,2.4616e+04,2.350e+01,-2.350e+01,33.11,3.700e+00,-3.340e+00,605.0,,,31.61,12.36,-8.69,928.20,1,q1_q17_dr25_tce,5232.00,157.00,-141.00,4.554,0.083,-0.060,0.7250,0.0810,-0.0730,296.821110,44.675980,15.166
7651,8590527,K07065.01,,FALSE POSITIVE,FALSE POSITIVE,0.2280,0,1,0,0,0.739769962,6.1000000e-08,-6.1000000e-08,131.9671179,6.920000e-05,-6.920000e-05,1.2120,0.0760,-0.0310,1.95901,0.00197,-0.00197,2.0729e+04,1.220e+01,-1.220e+01,82.29,1.938e+01,-3.324e+01,3013.0,,,19590.61,13287.22,-13428.04,726.20,1,q1_q17_dr25_tce,6465.00,155.00,-194.00,3.947,0.420,-0.140,1.8470,0.4350,-0.7460,301.048220,44.603031,11.634
7652,8608490,K07067.01,,FALSE POSITIVE,FALSE POSITIVE,0.0000,0,1,0,0,0.541405029,8.1000000e-08,-8.1000000e-08,131.9335230,1.240000e-04,-1.240000e-04,0.6410,0.1080,-0.0720,2.74810,0.00949,-0.00949,3.2766e+05,8.290e+02,-8.290e+02,125.64,7.797e+01,-7.798e+01,2679.0,,,12266.51,24414.87,-10703.93,541.20,1,q1_q17_dr25_tce,5096.00,168.00,-153.00,3.889,0.735,-0.368,1.7820,1.1060,-1.1060,284.167180,44.779369,14.771
7653,9581498,K07194.01,,FALSE POSITIVE,FALSE POSITIVE,,1,0,0,0,10.548848420,,,140.3874343,,,,,,1.17000,,,,,,,,,,,,,,,,1,q1_q17_dr24_tce,,,,,,,,,,288.920410,46.221142,14.184
7654,9588862,K07195.01,,CANDIDATE,CANDIDATE,,0,0,0,0,5.897739740,6.6920000e-05,-6.6920000e-05,133.4242300,8.060000e-03,-8.060000e-03,0.1566,0.3011,-0.1566,2.24300,0.26200,-0.26200,7.7900e+01,1.240e+01,-1.240e+01,1.00,5.200e-01,-1.100e-01,1150.0,,,414.11,647.92,-130.24,8.10,1,q1_q17_dr24_tce,6300.00,160.00,-211.00,4.371,0.079,-0.079,1.1260,0.5890,-0.1280,292.155430,46.204529,14.742
7655,9596064,K07197.01,,CANDIDATE,CANDIDATE,1.0000,0,0,0,0,1.741450410,4.4800000e-05,-4.4800000e-05,132.0107000,3.100000e-02,-3.100000e-02,0.3300,0.1190,-0.3300,1.71200,0.18000,-0.18000,3.7060e+02,3.990e+01,-3.990e+01,1.46,2.200e-01,-1.200e-01,1234.0,,,547.50,278.89,-151.41,10.90,1,q1_q17_dr25_tce,5238.00,184.00,-184.00,4.598,0.032,-0.097,0.7640,0.1120,-0.0660,294.950620,46.242149,16.269
7656,9596187,K07198.01,,CANDIDATE,CANDIDATE,0.6690,0,1,0,0,0.953299962,1.8200000e-07,-1.8200000e-07,131.6993090,1.520000e-04,-1.520000e-04,1.2670,0.5230,-0.1700,1.69478,0.00704,-0.00704,2.2366e+03,5.500e+00,-5.500e+00,35.67,1.046e+01,-5.210e+00,2011.0,,,3850.25,3321.48,-1398.58,298.00,1,q1_q17_dr25_tce,6183.00,169.00,-206.00,4.407,0.090,-0.195,1.0200,0.2990,-0.1490,294.991210,46.223572,14.538
7657,9596892,K07199.01,,CANDIDATE,CANDIDATE,,0,0,0,0,20.294411800,1.2730000e-04,-1.2730000e-04,148.0855400,4.810000e-03,-4.810000e-03,8.7053,43.8100,-7.7900,0.35700,0.31600,-0.31600,4.5390e+02,9.710e+01,-9.710e+01,774.73,2.878e+02,-6.583e+01,648.0,,,41.69,46.05,-11.24,5.60,1,q1_q17_dr24_tce,5865.00,167.00,-197.00,4.518,0.034,-0.034,0.9180,0.3410,-0.0780,295.255650,46.216400,15.919
7658,9597095,K07200.01,,FALSE POSITIVE,FALSE POSITIVE,0.0000,0,1,0,0,2.745640575,2.7200000e-07,-2.7200000e-07,131.7077950,8.290000e-05,-8.290000e-05,1.1170,0.0900,-0.0610,3.04508,0.00404,-0.00404,4.5265e+04,3.620e+01,-3.620e+01,47.22,0.000e+00,0.000e+00,1300.0,,,673.90,0.00,0.00,918.00,1,q1_q17_dr25_tce,5780.00,,,4.438,,,1.0000,,,295.328550,46.268375,15.945
7659,10450504,K07327.01,,CANDIDATE,CANDIDATE,0.9630,0,0,0,0,17.990827300,9.7940000e-05,-9.7940000e-05,141.9253900,5.280000e-03,-5.280000e-03,0.1290,0.3340,-0.1290,1.43600,0.15600,-0.15600,6.6000e+02,7.310e+01,-7.310e+01,1.88,1.500e-01,-1.900e-01,541.0,,,20.29,6.15,-5.60,10.90,1,q1_q17_dr25_tce,4918.00,148.00,-133.00,4.546,0.072,-0.039,0.7520,0.0570,-0.0760,282.157870,47.686531,15.864
7660,10454401,K07328.01,,FALSE POSITIVE,FALSE POSITIVE,0.0000,0,1,0,0,12.180721266,7.9500000e-07,-7.9500000e-07,139.3460044,5.400000e-05,-5.400000e-05,0.4790,0.0070,-0.0040,4.15602,0.00206,-0.00206,4.1495e+05,1.280e+02,-1.280e+02,63.25,1.542e+01,-5.160e+00,742.0,,,71.88,51.88,-17.58,1809.80,1,q1_q17_dr25_tce,5750.00,156.00,-156.00,4.538,0.040,-0.160,0.8820,0.2150,-0.0720,284.317170,47.678638,15.386
7661,10462826,K07329.01,,FALSE POSITIVE,FALSE POSITIVE,0.0000,0,1,0,0,50.467024395,8.6150000e-06,-8.6150000e-06,132.0094840,1.430000e-04,-1.430000e-04,0.9730,0.1230,-0.0330,8.96181,0.00846,-0.00846,1.0314e+05,7.790e+01,-7.790e+01,52.88,1.782e+01,-5.950e+00,523.0,,,17.63,17.83,-5.64,1435.10,1,q1_q17_dr25_tce,6137.00,184.00,-220.00,4.448,0.070,-0.210,1.0120,0.3410,-0.1140,288.674770,47.636028,14.884
7662,10464199,K07330.01,,CANDIDATE,CANDIDATE,,0,0,0,0,198.113090000,1.1870000e-02,-1.1870000e-02,175.3243000,5.420000e-02,-5.420000e-02,0.1542,0.2998,-0.1542,15.59000,1.90000,-1.90000,5.3300e+01,8.500e+00,-8.500e+00,1.09,5.900e-01,-2.900e-01,399.0,,,5.96,10.03,-3.20,8.30,1,q1_q17_dr24_tce,6163.00,182.00,-228.00,4.144,0.226,-0.226,1.4860,0.8100,-0.3960,289.320470,47.632446,11.909
7663,10468514,K07331.01,,CANDIDATE,CANDIDATE,0.7010,0,0,0,0,0.849860540,1.8550000e-05,-1.8550000e-05,132.0547000,3.150000e-02,-3.150000e-02,1.2600,4.6330,-0.1820,1.38750,0.02250,-0.02250,6.5715e+03,6.990e+01,-6.990e+01,67.45,4.125e+01,-3.377e+01,2260.0,,,6185.90,11187.41,-4761.44,100.10,1,q1_q17_dr25_tce,5164.00,102.00,-102.00,3.949,0.604,-0.325,1.6760,1.0250,-0.8390,291.109740,47.615490,14.319
7664,11560447,K07458.01,,FALSE POSITIVE,FALSE POSITIVE,0.0000,0,1,0,0,0.527678272,4.8000000e-08,-4.8000000e-08,131.8133693,7.540000e-05,-7.540000e-05,0.3850,0.0110,-0.0120,2.33166,0.00835,-0.00835,2.4774e+05,5.510e+02,-5.510e+02,75.31,1.169e+01,-2.915e+01,2551.0,,,9989.53,4246.70,-6436.24,706.10,1,q1_q17_dr25_tce,5321.00,88.00,-72.00,4.069,0.384,-0.096,1.4750,0.2290,-0.5710,292.575960,49.525700,10.834
7665,11601357,K07459.01,,FALSE POSITIVE,FALSE POSITIVE,0.4020,1,0,0,0,3.550270510,4.5540000e-05,-4.5540000e-05,133.7711000,1.090000e-02,-1.090000e-02,0.0220,0.4430,-0.0220,1.87900,0.25200,-0.25200,2.1270e+02,3.440e+01,-3.440e+01,1.15,2.400e-01,-1.000e-01,1036.0,,,272.61,178.31,-76.75,7.60,1,q1_q17_dr25_tce,5497.00,182.00,-199.00,4.581,0.036,-0.135,0.8000,0.1640,-0.0700,286.309020,49.623871,15.810
7666,11615481,K07461.01,,FALSE POSITIVE,FALSE POSITIVE,0.0000,0,1,0,0,65.431719400,1.5890000e-04,-1.5890000e-04,144.1713430,3.330000e-04,-3.330000e-04,0.8850,0.0400,-0.0310,12.23840,0.01350,-0.01350,1.5341e+05,1.580e+02,-1.580e+02,59.22,1.948e+01,-6.940e+00,490.0,,,13.58,13.18,-4.52,1146.60,1,q1_q17_dr25_tce,6201.00,172.00,-237.00,4.431,0.072,-0.217,1.0400,0.3420,-0.1220,294.254180,49.695839,15.540
7667,11616200,K07462.01,,FALSE POSITIVE,FALSE POSITIVE,0.0000,0,1,0,0,1.718649321,2.3000000e-07,-2.3000000e-07,132.2109200,1.100000e-04,-1.100000e-04,0.4210,0.0110,-0.0160,3.94095,0.00693,-0.00693,1.9057e+05,3.040e+02,-3.040e+02,39.08,1.171e+01,-3.110e+00,1499.0,,,1194.16,1050.48,-299.44,833.40,1,q1_q17_dr25_tce,6071.00,165.00,-183.00,4.541,0.037,-0.213,0.8650,0.2590,-0.0690,294.572880,49.668442,13.510
7668,11616663,K07464.01,,FALSE POSITIVE,FALSE POSITIVE,0.0000,1,0,1,1,7.293580100,2.9960000e-04,-2.9960000e-04,136.2546000,3.720000e-02,-3.720000e-02,1.1570,0.1610,-0.1460,40.02000,2.20000,-2.20000,1.2450e+02,6.000e+00,-6.000e+00,17.41,4.320e+00,-1.540e+00,925.0,,,173.44,126.88,-45.73,26.60,1,q1_q17_dr25_tce,5900.00,158.00,-176.00,4.509,0.044,-0.176,0.9510,0.2360,-0.0840,294.776490,49.656010,14.973
7669,2570505,K06279.01,,FALSE POSITIVE,FALSE POSITIVE,0.0000,0,0,1,1,1.891293380,3.5390000e-05,-3.5390000e-05,132.6698000,1.820000e-02,-1.820000e-02,0.3730,0.0870,-0.3730,5.67700,0.38500,-0.38500,3.3800e+01,2.700e+00,-2.700e+00,0.42,4.000e-02,-4.000e-02,1152.0,,,416.87,139.84,-113.37,15.10,1,q1_q17_dr25_tce,4986.00,151.00,-136.00,4.558,0.066,-0.044,0.7330,0.0650,-0.0720,290.289550,37.888168,13.558
7670,2570767,K06280.01,,FALSE POSITIVE,FALSE POSITIVE,0.0000,0,0,1,1,1.891244530,1.9320000e-05,-1.9320000e-05,132.6958000,1.220000e-02,-1.220000e-02,0.7340,0.2410,-0.4890,5.08000,0.34900,-0.34900,3.1000e+01,2.000e+00,-2.000e+00,1.19,3.700e-01,-1.300e-01,2200.0,,,5537.41,5263.16,-1568.29,19.40,1,q1_q17_dr25_tce,5850.00,175.00,-158.00,3.720,0.095,-0.176,1.9770,0.6260,-0.2090,290.330020,37.891029,12.760
7671,2571075,K06281.01,,FALSE POSITIVE,FALSE POSITIVE,,1,0,0,1,1.891342010,3.6550000e-05,-3.6550000e-05,132.6744000,2.080000e-02,-2.080000e-02,0.2376,0.2307,-0.2375,4.67400,0.51400,-0.51400,1.2890e+02,1.450e+01,-1.450e+01,0.92,3.500e-01,-7.000e-02,1325.0,,,729.42,824.88,-175.06,8.90,1,q1_q17_dr24_tce,5658.00,163.00,-151.00,4.567,0.031,-0.031,0.8150,0.3090,-0.0650,290.387390,37.820290,15.799
7672,2576692,K06282.01,,FALSE POSITIVE,FALSE POSITIVE,0.0000,0,1,0,0,87.878261910,1.6540000e-05,-1.6540000e-05,194.1051060,1.400000e-04,-1.400000e-04,0.5850,0.0070,-0.0080,12.81380,0.00856,-0.00856,3.3906e+05,2.040e+02,-2.040e+02,110.85,2.343e+01,-3.510e+01,530.0,,,18.65,11.57,-10.70,1974.60,1,q1_q17_dr25_tce,5784.00,145.00,-131.00,3.985,0.308,-0.110,1.6420,0.3470,-0.5200,291.643010,37.814259,12.744
7673,2693092,K06285.01,,FALSE POSITIVE,FALSE POSITIVE,0.0000,0,1,0,0,39.841522897,2.0980000e-06,-2.0980000e-06,168.1412318,4.290000e-05,-4.290000e-05,0.9020,0.0070,-0.0080,8.79024,0.00212,-0.00212,1.4368e+05,3.140e+01,-3.140e+01,116.52,2.145e+01,-3.985e+01,765.0,,,80.93,45.28,-49.93,4421.60,1,q1_q17_dr25_tce,6078.00,164.00,-183.00,3.946,0.277,-0.111,2.0700,0.3810,-0.7080,285.904850,37.928089,12.003
7674,4375101,K06411.01,,FALSE POSITIVE,FALSE POSITIVE,0.0000,0,1,0,0,61.259649560,2.3390000e-05,-2.3390000e-05,140.6986490,2.810000e-04,-2.810000e-04,0.7410,0.0290,-0.0240,12.17770,0.01750,-0.01750,2.3326e+05,3.150e+02,-3.150e+02,54.72,1.595e+01,-5.290e+00,447.0,,,9.45,8.07,-2.71,880.30,1,q1_q17_dr25_tce,5912.00,159.00,-195.00,4.532,0.036,-0.204,0.8890,0.2590,-0.0860,294.153290,39.464279,15.518
7675,4380283,K06412.01,,FALSE POSITIVE,FALSE POSITIVE,0.0000,0,1,0,0,0.872359598,8.5000000e-08,-8.5000000e-08,132.0311474,8.120000e-05,-8.120000e-05,0.6860,0.0220,-0.0200,3.74512,0.00457,-0.00457,2.6705e+05,2.040e+02,-2.040e+02,67.08,1.997e+01,-9.990e+00,2112.0,,,4703.58,4144.16,-1749.84,1063.20,1,q1_q17_dr25_tce,6240.00,175.00,-219.00,4.391,0.090,-0.195,1.0480,0.3120,-0.1560,295.319000,39.480049,14.742
7676,4384793,K06413.01,,FALSE POSITIVE,FALSE POSITIVE,,1,0,0,0,374.318792000,6.9910000e-03,-6.9910000e-03,431.5127000,2.960000e-02,-2.960000e-02,0.8507,2.1880,-0.8498,5.96000,1.50000,-1.50000,1.5414e+06,3.886e+05,-3.886e+05,243.21,1.042e+02,-1.820e+01,241.0,,,0.79,1.05,-0.19,10.30,1,q1_q17_dr24_tce,5997.00,192.00,-188.00,4.572,0.030,-0.030,0.8150,0.3490,-0.0610,296.202270,39.405190,15.369
7677,4446411,K06415.01,,FALSE POSITIVE,FALSE POSITIVE,0.0000,1,0,0,0,0.629276550,7.6200000e-07,-7.6200000e-07,132.0153210,9.680000e-04,-9.680000e-04,0.9800,0.0330,-0.6810,0.96980,0.06300,-0.06300,8.3950e+02,3.750e+01,-3.750e+01,4.64,1.280e+00,-7.500e-01,2102.0,,,4624.30,4177.73,-1858.39,30.90,1,q1_q17_dr25_tce,5628.00,225.00,-225.00,4.388,0.153,-0.187,0.9760,0.2690,-0.1570,285.410000,39.528370,14.027
7678,4454219,K06416.01,,FALSE POSITIVE,FALSE POSITIVE,0.0000,0,1,0,0,1.225781340,4.5910000e-05,-4.5910000e-05,131.6062000,5.400000e-02,-5.400000e-02,0.9850,6.8360,-0.1770,2.23500,0.03740,-0.03740,9.9376e+04,1.318e+03,-1.318e+03,53.32,0.000e+00,0.000e+00,1701.0,,,1973.12,0.00,0.00,86.80,1,q1_q17_dr25_tce,5780.00,,,4.438,,,1.0000,,,288.563140,39.541649,17.431
7679,4456622,K06417.01,,FALSE POSITIVE,FALSE POSITIVE,0.0000,0,1,0,0,0.751408792,2.0800000e-07,-2.0800000e-07,131.9482660,2.290000e-04,-2.290000e-04,1.2420,0.7560,-0.1360,2.29740,0.01280,-0.01280,1.7481e+04,6.700e+01,-6.700e+01,41.48,1.102e+01,-5.520e+00,1926.0,,,3241.36,2604.11,-1083.95,267.30,1,q1_q17_dr25_tce,5697.00,171.00,-171.00,4.460,0.108,-0.175,0.9030,0.2400,-0.1200,289.324340,39.582581,15.596
7680,5174920,K06535.01,,FALSE POSITIVE,FALSE POSITIVE,0.0000,1,0,0,0,0.950487062,3.8790000e-06,-3.8790000e-06,131.7346800,3.460000e-03,-3.460000e-03,0.9070,0.0570,-0.6230,2.92830,0.08360,-0.08360,1.1500e+01,8.000e-01,-8.000e-01,1.35,3.500e-01,-6.500e-01,4231.0,,,75637.15,58144.42,-58746.40,15.40,2,q1_q17_dr25_tce,8107.00,224.00,-365.00,3.698,0.448,-0.140,3.3850,0.8780,-1.6310,288.053160,40.369499,11.633
7681,5193386,K06537.01,,FALSE POSITIVE,FALSE POSITIVE,0.0000,1,0,0,1,21.378311020,1.4410000e-05,-1.4410000e-05,157.8049330,5.350000e-04,-5.350000e-04,0.2570,0.0170,-0.0130,21.71740,0.04400,-0.04400,8.0571e+04,1.130e+02,-1.130e+02,97.23,2.537e+01,-1.368e+01,1062.0,,,300.32,203.38,-87.62,852.20,2,q1_q17_dr25_tce,4905.00,66.00,-51.00,3.300,0.135,-0.165,3.4840,0.9090,-0.4900,293.660130,40.364208,13.998
7682,5193439,K06538.01,,CANDIDATE,CANDIDATE,0.2850,0,0,0,0,129.847318000,5.3480000e-03,-5.3480000e-03,240.6812000,2.430000e-02,-2.430000e-02,0.0040,0.4300,-0.0040,13.05700,0.82200,-0.82200,1.9840e+02,2.080e+01,-2.080e+01,1.45,4.800e-01,-1.600e-01,385.0,,,5.22,5.12,-1.78,11.10,1,q1_q17_dr25_tce,6133.00,193.00,-257.00,4.427,0.072,-0.217,1.0320,0.3340,-0.1190,293.676820,40.334068,14.520
7683,5199978,K06540.01,,FALSE POSITIVE,FALSE POSITIVE,0.0000,0,1,1,0,0.550509602,1.4890000e-06,-1.4890000e-06,131.8673100,2.370000e-03,-2.370000e-03,0.3860,0.0740,-0.3860,1.18360,0.06930,-0.06930,1.2350e+02,6.400e+00,-6.400e+00,5.02,6.300e-01,-3.600e-01,3938.0,,,56796.99,20458.22,-11059.60,24.00,1,q1_q17_dr25_tce,4891.00,88.00,-78.00,3.169,0.030,-0.030,4.5290,0.5680,-0.3320,295.313020,40.352341,13.355
7684,5211470,K06541.01,,FALSE POSITIVE,FALSE POSITIVE,0.0000,0,1,0,0,2.404293523,6.9600000e-07,-6.9600000e-07,132.7559430,2.390000e-04,-2.390000e-04,1.3640,0.0180,-0.1900,4.46490,0.01160,-0.01160,8.1509e+03,2.040e+01,-2.040e+01,888.70,2.058e+02,-3.821e+02,4178.0,,,71976.93,48484.91,-50837.11,471.20,1,q1_q17_dr25_tce,4697.00,117.00,-117.00,2.204,0.331,-0.178,17.0320,3.9440,-7.3240,297.708470,40.307590,13.094
7685,5215508,K06542.01,,CANDIDATE,CANDIDATE,,0,0,0,0,0.886744300,,,131.8996390,,,,,,3.16000,,,,,,,,,,,,,,,,1,q1_q17_dr24_tce,,,,,,,,,,298.499940,40.333672,11.270
7686,6147573,K06669.01,,FALSE POSITIVE,FALSE POSITIVE,0.0000,0,1,0,0,25.836831272,1.6370000e-06,-1.6370000e-06,137.3641956,4.990000e-05,-4.990000e-05,0.8990,0.0210,-0.0220,6.32201,0.00260,-0.00260,1.4504e+05,3.980e+01,-3.980e+01,50.72,1.341e+01,-5.760e+00,587.0,,,28.08,21.80,-8.28,3016.90,1,q1_q17_dr25_tce,5691.00,152.00,-152.00,4.477,0.078,-0.182,0.8970,0.2370,-0.1020,298.078830,41.484268,13.347
7687,6152521,K06670.01,,FALSE POSITIVE,FALSE POSITIVE,0.0000,1,0,0,0,0.948952310,1.0260000e-05,-1.0260000e-05,131.8577200,8.210000e-03,-8.210000e-03,0.7380,0.2350,-0.4920,3.95200,0.36400,-0.36400,5.7700e+01,4.200e+00,-4.200e+00,2.51,3.800e-01,-8.800e-01,3464.0,,,33931.93,16873.18,-21535.31,18.10,1,q1_q17_dr25_tce,6661.00,209.00,-232.00,3.666,0.304,-0.076,3.0670,0.4610,-1.0770,299.121610,41.424450,12.669
7688,6185717,K06671.01,,FALSE POSITIVE,FALSE POSITIVE,0.0000,0,1,0,0,11.702203927,4.2200000e-07,-4.2200000e-07,139.4312652,2.980000e-05,-2.980000e-05,0.9670,0.1180,-0.0310,2.75173,0.00298,-0.00298,2.8999e+04,7.000e+00,-7.000e+00,57.95,1.165e+01,-1.997e+01,1240.0,,,560.24,350.36,-342.07,2184.70,1,q1_q17_dr25_tce,6148.00,186.00,-149.00,3.793,0.308,-0.132,2.1330,0.4290,-0.7350,284.461270,41.561790,13.393
7689,6205460,K06673.01,,FALSE POSITIVE,FALSE POSITIVE,0.0000,0,1,0,0,3.722775537,1.7410000e-06,-1.7410000e-06,136.5154720,4.050000e-04,-4.050000e-04,0.6260,0.0030,-0.0040,14.33090,0.03080,-0.03080,1.0759e+05,1.880e+02,-1.880e+02,90.36,3.842e+01,-5.759e+01,1731.0,,,2125.53,3213.70,-1892.63,864.90,1,q1_q17_dr25_tce,5425.00,296.00,-242.00,3.678,0.817,-0.272,2.5920,1.1020,-1.6520,291.980260,41.559422,12.746
7690,6220470,K06677.01,,FALSE POSITIVE,FALSE POSITIVE,0.0000,0,1,0,0,8.144135648,3.3900000e-07,-3.3900000e-07,136.5054788,3.410000e-05,-3.410000e-05,0.2220,0.0110,-0.0010,8.88876,0.00145,-0.00145,8.7881e+04,1.760e+01,-1.760e+01,56.52,1.640e+01,-1.092e+01,1491.0,,,1169.67,999.76,-535.82,6113.70,1,q1_q17_dr25_tce,7605.00,209.00,-340.00,4.123,0.120,-0.180,1.8620,0.5400,-0.3600,296.158870,41.516541,13.960
7691,7031132,K06804.01,,FALSE POSITIVE,FALSE POSITIVE,0.0000,1,0,0,1,0.566795196,7.7360000e-06,-7.7360000e-06,131.8092500,9.410000e-03,-9.410000e-03,0.2270,0.2650,-0.2270,2.18000,1.00000,-1.00000,1.4800e+01,1.500e+00,-1.500e+00,0.35,5.000e-02,-2.000e-02,2066.0,,,4277.24,1617.66,-605.80,13.10,1,q1_q17_dr25_tce,5680.00,76.00,-85.00,4.516,0.023,-0.120,0.9080,0.1300,-0.0410,290.987670,42.531670,12.818
7692,7031732,K06805.01,,FALSE POSITIVE,FALSE POSITIVE,0.0000,0,1,1,1,0.566798827,3.8560000e-06,-3.8560000e-06,131.8194600,5.510000e-03,-5.510000e-03,0.2500,0.2310,-0.2500,3.66200,0.18300,-0.18300,3.4900e+01,2.300e+00,-2.300e+00,0.52,1.300e-01,-7.000e-02,2045.0,,,4154.80,3162.13,-1412.99,21.90,1,q1_q17_dr25_tce,5548.00,182.00,-182.00,4.473,0.087,-0.163,0.8890,0.2170,-0.1170,291.188630,42.590710,13.656
7693,7031767,K06806.01,,FALSE POSITIVE,FALSE POSITIVE,0.0000,1,0,1,1,0.566780120,1.1000000e-05,-1.1000000e-05,131.8499000,1.950000e-02,-1.950000e-02,0.4920,0.0040,-0.4920,3.25700,0.36500,-0.36500,2.7600e+01,2.800e+00,-2.800e+00,0.49,1.400e-01,-5.000e-02,2073.0,,,4352.10,3627.08,-1150.27,13.50,1,q1_q17_dr25_tce,5674.00,152.00,-152.00,4.506,0.048,-0.192,0.9110,0.2590,-0.0860,291.203430,42.526718,14.311
7694,7031992,K06808.01,,FALSE POSITIVE,FALSE POSITIVE,0.0000,1,0,1,1,0.566792930,3.2190000e-06,-3.2190000e-06,131.8310300,5.630000e-03,-5.630000e-03,0.1800,0.3110,-0.1800,3.81400,0.18500,-0.18500,1.0110e+02,6.800e+00,-6.800e+00,0.86,2.400e-01,-8.000e-02,2064.0,,,4264.42,3548.32,-1168.74,22.10,1,q1_q17_dr25_tce,5812.00,156.00,-191.00,4.551,0.035,-0.184,0.8530,0.2420,-0.0760,291.276060,42.593521,15.787
7695,7032174,K06810.01,,FALSE POSITIVE,FALSE POSITIVE,,0,0,0,1,0.566799218,5.2860000e-06,-5.2860000e-06,131.8155300,9.360000e-03,-9.360000e-03,0.6858,0.0614,-0.4925,4.22700,0.25400,-0.25400,1.8200e+01,1.300e+00,-1.300e+00,0.79,4.200e-01,-3.200e-01,3153.0,,,23364.03,37229.71,-15959.07,19.20,1,q1_q17_dr24_tce,6108.00,175.00,-158.00,3.893,0.420,-0.420,1.7530,0.9150,-0.7130,291.336700,42.534420,11.983
7696,7939761,K06934.01,,CANDIDATE,CANDIDATE,1.0000,0,0,0,0,22.254889700,6.8530000e-04,-6.8530000e-04,142.2563000,2.850000e-02,-2.850000e-02,0.2390,0.2280,-0.2390,13.45400,0.91700,-0.91700,8.3800e+01,8.400e+00,-8.400e+00,2.16,7.400e-01,-1.380e+00,899.0,,,154.40,164.63,-136.21,11.80,1,q1_q17_dr25_tce,5349.00,185.00,-148.00,3.760,0.727,-0.242,2.3880,0.8190,-1.5210,282.672580,43.788311,14.156
7697,7943535,K06935.01,,FALSE POSITIVE,FALSE POSITIVE,0.0000,0,1,0,0,4.719336335,6.4000000e-07,-6.4000000e-07,133.5148320,1.110000e-04,-1.110000e-04,1.2690,0.0940,-0.0710,2.83787,0.00498,-0.00498,1.2367e+04,1.640e+01,-1.640e+01,91.91,1.867e+01,-2.795e+01,1722.0,,,2078.32,1265.64,-1197.85,632.40,1,q1_q17_dr25_tce,6792.00,182.00,-223.00,3.971,0.252,-0.126,2.0580,0.4180,-0.6260,284.562710,43.774261,12.672
7698,7950775,K06937.01,,FALSE POSITIVE,FALSE POSITIVE,0.0000,0,1,0,0,8.966610607,5.2600000e-07,-5.2600000e-07,138.5745618,4.890000e-05,-4.890000e-05,1.1010,0.0300,-0.0130,4.01883,0.00152,-0.00152,5.9618e+04,1.810e+01,-1.810e+01,56.94,1.263e+01,-6.790e+00,1038.0,,,274.04,173.13,-85.80,2049.10,1,q1_q17_dr25_tce,6480.00,146.00,-194.00,4.351,0.092,-0.138,1.1320,0.2510,-0.1350,288.324070,43.763329,13.478
7699,7960547,K06940.01,,FALSE POSITIVE,FALSE POSITIVE,0.0000,0,1,0,0,6.767341062,2.6400000e-07,-2.6400000e-07,135.2655184,3.270000e-05,-3.270000e-05,0.7240,0.0080,-0.0090,4.49213,0.00083,-0.00083,2.4495e+05,1.280e+02,-1.280e+02,52.84,1.366e+01,-5.460e+00,933.0,,,178.98,136.20,-49.88,3356.80,1,q1_q17_dr25_tce,5926.00,159.00,-159.00,4.513,0.072,-0.168,0.8430,0.2180,-0.0870,291.992030,43.766800,14.143
7700,7967100,K06941.01,,CANDIDATE,CANDIDATE,0.7910,0,1,0,0,1.927300010,2.7220000e-06,-2.7220000e-06,132.3606700,1.160000e-03,-1.160000e-03,1.2850,0.0460,-0.0450,18.81200,0.27100,-0.27100,6.1771e+03,2.610e+01,-2.610e+01,45.99,1.401e+01,-7.540e+00,1614.0,,,1605.97,1466.59,-623.20,351.10,1,q1_q17_dr25_tce,6057.00,180.00,-198.00,4.352,0.112,-0.208,1.1100,0.3380,-0.1820,294.279210,43.719849,13.943
7701,8610483,K07068.01,,FALSE POSITIVE,FALSE POSITIVE,0.0000,0,1,0,0,48.799368810,1.0460000e-05,-1.0460000e-05,160.1962990,1.700000e-04,-1.700000e-04,0.6220,0.0390,-0.0220,8.80873,0.00957,-0.00957,3.2455e+05,3.210e+02,-3.210e+02,67.36,2.186e+01,-7.270e+00,525.0,,,17.90,17.08,-5.45,1151.60,1,q1_q17_dr25_tce,6170.00,168.00,-205.00,4.472,0.052,-0.208,0.9920,0.3220,-0.1070,285.283970,44.769150,15.050
7702,8613446,K07069.01,,CANDIDATE,CANDIDATE,1.0000,0,0,0,0,1.014859810,7.0690000e-05,-7.0690000e-05,131.6159000,1.010000e-02,-1.010000e-02,0.1850,0.2630,-0.1850,1.65000,0.23800,-0.23800,2.4300e+02,3.500e+01,-3.500e+01,1.61,5.600e-01,-1.900e-01,1928.0,,,3274.72,3380.65,-1087.03,8.40,1,q1_q17_dr25_tce,6158.00,171.00,-236.00,4.453,0.056,-0.224,1.0240,0.3580,-0.1190,286.915990,44.704529,15.572
7703,8621026,K07071.01,,FALSE POSITIVE,FALSE POSITIVE,0.0000,0,1,0,0,4.059428737,1.1500000e-07,-1.1500000e-07,133.1885651,2.310000e-05,-2.310000e-05,0.2160,0.0130,-0.0040,5.26926,0.00278,-0.00278,2.4522e+05,4.550e+01,-4.550e+01,67.38,2.128e+01,-1.145e+01,1455.0,,,1059.83,990.46,-436.31,5461.00,1,q1_q17_dr25_tce,6610.00,186.00,-256.00,4.281,0.108,-0.201,1.3300,0.4200,-0.2260,290.428380,44.787331,13.374
7704,8624860,K07072.01,,CANDIDATE,CANDIDATE,0.8720,0,0,0,0,15.390261300,2.6280000e-04,-2.6280000e-04,140.8602000,1.130000e-02,-1.130000e-02,0.2310,0.2240,-0.2310,3.43100,0.39500,-0.39500,7.6800e+01,9.500e+00,-9.500e+00,4.39,5.500e-01,-1.660e+00,1459.0,,,1069.24,352.78,-687.63,9.40,1,q1_q17_dr25_tce,5649.00,67.00,-109.00,3.282,0.255,-0.085,4.9940,0.6310,-1.8920,291.795750,44.746181,13.808
7705,8686442,K07074.01,,CANDIDATE,CANDIDATE,,0,0,0,0,26.855236500,4.8300000e-04,-4.8300000e-04,146.6880000,1.370000e-02,-1.370000e-02,0.8250,0.2064,-0.5623,2.18500,0.52400,-0.52400,1.9420e+02,5.050e+01,-5.050e+01,1.49,6.000e-01,-1.300e-01,618.0,,,34.48,39.95,-9.41,6.70,1,q1_q17_dr24_tce,6045.00,150.00,-190.00,4.494,0.043,-0.043,0.9550,0.3810,-0.0870,290.754940,44.851589,14.958
7706,9597854,K07201.01,,FALSE POSITIVE,FALSE POSITIVE,0.1280,0,0,1,0,1.287097944,8.6960000e-06,-8.6960000e-06,132.3795700,6.000000e-03,-6.000000e-03,0.3820,0.0830,-0.3820,1.94000,0.16600,-0.16600,1.0610e+02,1.030e+01,-1.030e+01,0.89,2.300e-01,-1.100e-01,1631.0,,,1678.58,1284.13,-542.22,12.30,1,q1_q17_dr25_tce,5906.00,177.00,-177.00,4.494,0.087,-0.175,0.8520,0.2150,-0.1070,295.593690,46.269711,15.506
7707,9602431,K07202.01,,FALSE POSITIVE,FALSE POSITIVE,0.0000,0,0,1,1,3.556561700,8.5110000e-05,-8.5110000e-05,133.5220000,1.850000e-02,-1.850000e-02,0.2620,0.2040,-0.2620,6.69100,0.54000,-0.54000,6.8000e+01,8.300e+00,-8.300e+00,0.52,4.000e-02,-5.000e-02,883.0,,,143.89,47.29,-37.60,10.00,1,q1_q17_dr25_tce,4964.00,148.00,-148.00,4.628,0.065,-0.035,0.6330,0.0550,-0.0550,297.099150,46.243511,15.191
7708,9602538,K07203.01,,FALSE POSITIVE,FALSE POSITIVE,0.0000,0,0,0,1,3.556465110,9.7420000e-05,-9.7420000e-05,133.5549000,2.500000e-02,-2.500000e-02,0.3440,0.1140,-0.3440,4.72000,1.20000,-1.20000,4.6100e+01,8.400e+00,-8.400e+00,0.56,1.000e-01,-8.000e-02,1076.0,,,317.00,188.92,-106.41,7.80,1,q1_q17_dr25_tce,5475.00,179.00,-162.00,4.479,0.121,-0.148,0.8180,0.1510,-0.1100,297.127080,46.282082,14.609
7709,9635520,K07205.01,,CANDIDATE,CANDIDATE,0.7790,0,0,0,0,2.351826800,7.6840000e-04,-7.6840000e-04,134.3520000,4.700000e-01,-4.700000e-01,1.2300,4.1980,-0.1120,5.79700,0.29100,-0.29100,5.7660e+02,2.800e+01,-2.800e+01,39.82,8.720e+00,-1.309e+01,1535.0,,,1313.37,798.56,-758.75,24.50,1,q1_q17_dr25_tce,5445.00,109.00,-87.00,4.140,0.322,-0.138,1.4260,0.3120,-0.4690,284.699680,46.375092,14.106
7710,9635529,K07206.01,,FALSE POSITIVE,FALSE POSITIVE,0.0000,0,1,0,0,2.351955250,2.1200000e-07,-2.1200000e-07,131.9168815,7.410000e-05,-7.410000e-05,0.5110,0.0030,-0.0010,5.98883,0.00419,-0.00419,2.1283e+05,2.110e+02,-2.110e+02,59.62,1.863e+01,-7.990e+00,1678.0,,,1876.00,1658.66,-617.91,1819.10,1,q1_q17_dr25_tce,6550.00,148.00,-181.00,4.324,0.084,-0.196,1.2250,0.3830,-0.1640,284.704530,46.378799,12.230
7711,9639106,K07208.01,,CANDIDATE,CANDIDATE,,0,0,0,0,3.579443670,4.3370000e-05,-4.3370000e-05,133.4619800,7.560000e-03,-7.560000e-03,0.3976,0.0398,-0.3976,1.86900,0.33500,-0.33500,1.1720e+02,1.960e+01,-1.960e+01,0.87,2.900e-01,-7.000e-02,1018.0,,,253.89,265.12,-63.15,8.50,1,q1_q17_dr24_tce,5341.00,182.00,-143.00,4.546,0.041,-0.041,0.8010,0.2700,-0.0680,286.858120,46.311729,15.560
7712,10490960,K07335.01,,FALSE POSITIVE,FALSE POSITIVE,0.0000,1,0,0,0,5.682410334,4.3000000e-07,-4.3000000e-07,133.6376552,5.990000e-05,-5.990000e-05,0.7610,0.0070,-0.0050,5.33373,0.00286,-0.00286,2.2042e+05,8.960e+01,-8.960e+01,72.90,1.993e+01,-1.451e+01,1141.0,,,401.43,322.14,-173.27,2041.60,1,q1_q17_dr25_tce,5897.00,158.00,-176.00,4.278,0.185,-0.185,1.1960,0.3270,-0.2380,298.758540,47.695580,14.300
7713,10491031,K07336.01,,FALSE POSITIVE,FALSE POSITIVE,0.0000,0,1,0,0,2.199069234,6.7000000e-08,-6.7000000e-08,133.0633498,2.370000e-05,-2.370000e-05,0.7620,0.0040,-0.0090,6.30646,0.00076,-0.00076,2.2525e+05,1.250e+01,-1.250e+01,118.99,3.357e+01,-4.104e+01,2104.0,,,4632.97,3850.96,-2928.92,5915.40,1,q1_q17_dr25_tce,6613.00,181.00,-250.00,4.014,0.293,-0.158,1.9250,0.5430,-0.6640,298.777160,47.655403,13.245
7714,10535807,K07337.01,,FALSE POSITIVE,FALSE POSITIVE,0.0000,0,1,0,0,1.481655821,2.8800000e-07,-2.8800000e-07,132.6994290,1.620000e-04,-1.620000e-04,1.1030,0.0360,-0.0350,3.49130,0.00927,-0.00927,5.9134e+04,1.190e+02,-1.190e+02,59.19,1.599e+01,-1.064e+01,1935.0,,,3314.58,2586.83,-1359.81,554.40,1,q1_q17_dr25_tce,6478.00,162.00,-210.00,4.307,0.139,-0.186,1.1740,0.3170,-0.2110,292.151670,47.719501,13.873
7715,10535858,K07338.01,,FALSE POSITIVE,FALSE POSITIVE,0.0000,1,0,1,1,0.933709680,1.2780000e-05,-1.2780000e-05,131.5714000,1.090000e-02,-1.090000e-02,0.8480,0.0070,-0.5980,3.35600,0.59700,-0.59700,6.2200e+01,7.200e+00,-7.200e+00,0.38,3.000e-02,-3.000e-02,865.0,,,131.85,26.13,-25.43,9.20,1,q1_q17_dr25_tce,3615.00,43.00,-50.00,4.839,0.030,-0.033,0.4200,0.0290,-0.0320,292.166900,47.755638,15.431
7716,10547685,K07340.01,,FALSE POSITIVE,FALSE POSITIVE,0.0000,0,1,1,0,1.388509353,2.5900000e-07,-2.5900000e-07,131.7862980,1.470000e-04,-1.470000e-04,1.1450,0.1460,-0.0480,2.84811,0.00782,-0.00782,3.7638e+04,8.020e+01,-8.020e+01,52.43,8.080e+00,-7.280e+00,1836.0,,,2679.88,1075.70,-801.83,454.60,1,q1_q17_dr25_tce,6075.00,78.00,-85.00,4.315,0.132,-0.108,1.1300,0.1740,-0.1570,296.572450,47.752708,12.309
7717,11619964,K07466.01,,FALSE POSITIVE,FALSE POSITIVE,0.0000,0,1,0,0,10.368552685,4.0800000e-07,-4.0800000e-07,132.7184390,3.260000e-05,-3.260000e-05,0.9780,0.0100,-0.1080,4.37878,0.00126,-0.00126,1.5323e+05,2.270e+01,-2.270e+01,61.14,1.671e+01,-9.000e+00,845.0,,,120.48,96.81,-42.88,3170.10,1,q1_q17_dr25_tce,5855.00,158.00,-175.00,4.418,0.124,-0.186,0.9440,0.2580,-0.1390,296.096800,49.643829,14.545
7718,11650543,K07467.01,,CANDIDATE,CANDIDATE,,0,0,0,0,7.205580840,9.0290000e-05,-9.0290000e-05,138.3055000,1.070000e-02,-1.070000e-02,0.5196,0.0129,-0.4491,2.99700,0.28800,-0.28800,5.8000e+01,7.600e+00,-7.600e+00,1.33,5.600e-01,-4.600e-01,1253.0,,,582.45,753.90,-363.36,8.70,1,q1_q17_dr24_tce,6002.00,188.00,-210.00,4.025,0.308,-0.308,1.6930,0.7180,-0.5780,284.950260,49.747147,13.553
7719,11651105,K07468.01,,FALSE POSITIVE,FALSE POSITIVE,0.0000,1,0,0,0,13.860264600,3.9790000e-04,-3.9790000e-04,139.4033000,2.320000e-02,-2.320000e-02,1.2040,0.1370,-0.1250,74.26000,1.50000,-1.50000,4.8110e+02,8.200e+00,-8.200e+00,19.71,4.290e+00,-1.830e+00,690.0,,,53.56,34.67,-14.04,72.30,1,q1_q17_dr25_tce,5667.00,152.00,-152.00,4.535,0.074,-0.137,0.7960,0.1730,-0.0740,285.332890,49.734112,14.756
7720,11671646,K07470.01,,CANDIDATE,CANDIDATE,,0,0,0,0,392.501150000,3.3430000e-02,-3.3430000e-02,498.8298000,5.110000e-02,-5.110000e-02,0.1835,0.2835,-0.1834,9.88000,1.10000,-1.10000,3.9120e+02,5.770e+01,-5.770e+01,1.90,2.010e+00,-3.100e-01,225.0,,,0.60,2.36,-0.23,8.90,1,q1_q17_dr24_tce,5128.00,193.00,-167.00,4.388,0.143,-0.143,0.9880,1.0470,-0.1580,296.534790,49.785851,13.870
7721,11704044,K07472.01,,FALSE POSITIVE,FALSE POSITIVE,0.0000,0,1,0,0,6.882686062,3.3500000e-07,-3.3500000e-07,134.0523020,3.860000e-05,-3.860000e-05,0.3990,0.0040,0.0000,5.47323,0.00114,-0.00114,3.7366e+05,2.480e+02,-2.480e+02,60.49,1.780e+01,-5.930e+00,921.0,,,169.85,150.38,-50.59,2842.20,1,q1_q17_dr25_tce,5704.00,171.00,-206.00,4.483,0.052,-0.195,0.9480,0.2790,-0.0930,286.910370,49.815781,15.749
7722,11706658,K07473.01,,FALSE POSITIVE,FALSE POSITIVE,0.0540,0,1,0,0,1.407937865,5.5200000e-07,-5.5200000e-07,132.2692100,3.270000e-04,-3.270000e-04,0.7590,1.7920,-0.0340,1.58500,0.01920,-0.01920,5.0793e+04,4.610e+02,-4.610e+02,19.09,9.300e-01,-1.620e+00,1179.0,,,457.02,109.12,-118.65,137.30,1,q1_q17_dr25_tce,4627.00,140.00,-140.00,4.564,0.060,-0.024,0.7410,0.0360,-0.0630,288.512080,49.864231,14.614
7723,2708445,K06288.01,,FALSE POSITIVE,FALSE POSITIVE,0.0000,0,0,1,1,1.891177230,2.9480000e-05,-2.9480000e-05,132.7285000,1.520000e-02,-1.520000e-02,1.2070,1.3230,-0.1720,6.98600,0.56300,-0.56300,1.7620e+02,1.240e+01,-1.240e+01,164.49,3.762e+01,-4.170e+00,3536.0,,,36995.02,25409.54,-4640.33,17.40,1,q1_q17_dr25_tce,5086.00,143.00,-104.00,2.660,0.030,-0.030,6.8600,1.5690,-0.1740,290.356840,37.938759,15.003
7724,2708614,K06289.01,,FALSE POSITIVE,FALSE POSITIVE,0.0000,0,1,0,0,52.884577000,1.7440000e-03,-1.7440000e-03,147.0105800,3.730000e-03,-3.730000e-03,1.2720,6.6570,-0.0900,7.89200,0.12600,-0.12600,1.1969e+04,1.880e+02,-1.880e+02,48.13,1.487e+01,-5.940e+00,555.0,,,22.44,19.82,-7.54,72.60,1,q1_q17_dr25_tce,6483.00,155.00,-233.00,4.420,0.067,-0.202,1.0780,0.3330,-0.1330,290.401580,37.942009,15.694
7725,2711114,K06290.01,,FALSE POSITIVE,FALSE POSITIVE,0.0000,0,1,0,0,1.429439352,3.7200000e-07,-3.7200000e-07,132.7465900,2.190000e-04,-2.190000e-04,1.2980,0.3940,-0.1690,2.42400,0.01120,-0.01120,3.3671e+03,1.340e+01,-1.340e+01,54.36,1.515e+01,-1.102e+01,2079.0,,,4417.56,3476.71,-1930.79,292.00,1,q1_q17_dr25_tce,6491.00,146.00,-194.00,4.223,0.153,-0.187,1.3710,0.3820,-0.2780,291.014220,37.969711,12.335
7726,2720354,K06292.01,,FALSE POSITIVE,FALSE POSITIVE,0.0070,0,1,0,0,2.821328194,3.3900000e-07,-3.3900000e-07,131.6800970,9.890000e-05,-9.890000e-05,0.5370,0.0090,-0.0070,5.02692,0.00603,-0.00603,6.4776e+04,6.570e+01,-6.570e+01,40.00,6.080e+00,-7.440e+00,1807.0,,,2520.03,974.86,-929.25,1227.30,1,q1_q17_dr25_tce,6701.00,74.00,-81.00,4.121,0.168,-0.098,1.5060,0.2290,-0.2800,293.036100,37.954739,13.116
7727,2852560,K06294.01,,FALSE POSITIVE,FALSE POSITIVE,0.0000,1,0,0,0,11.961308501,8.2800000e-07,-8.2800000e-07,131.9131819,5.730000e-05,-5.730000e-05,0.6160,0.0080,-0.0060,4.64140,0.00238,-0.00238,3.1068e+05,1.100e+02,-1.100e+02,51.58,9.860e+00,-4.200e+00,696.0,,,55.37,32.01,-14.02,1907.80,1,q1_q17_dr25_tce,5564.00,150.00,-167.00,4.587,0.040,-0.120,0.7850,0.1500,-0.0640,291.466030,38.005039,15.308
7728,4484356,K06420.01,,FALSE POSITIVE,FALSE POSITIVE,0.0000,0,1,0,0,0.572079631,6.5000000e-08,-6.5000000e-08,132.0189884,9.490000e-05,-9.490000e-05,0.7930,0.2690,-0.0610,2.27811,0.00639,-0.00639,1.2779e+05,1.490e+02,-1.490e+02,29.45,2.580e+00,-2.350e+00,1716.0,,,2036.56,674.98,-509.93,578.20,1,q1_q17_dr25_tce,5233.00,157.00,-157.00,4.625,0.066,-0.048,0.6390,0.0560,-0.0510,296.459720,39.573738,14.235
7729,4489844,K06421.01,,FALSE POSITIVE,FALSE POSITIVE,0.0000,0,0,1,0,0.822314545,,,131.7125281,,,0.4470,,,3.33740,,,3.2700e+01,,,0.54,1.500e-01,-9.000e-02,1922.0,,,3227.02,2560.06,-1216.51,3.80,1,q1_q17_dr25_tce,5709.00,154.00,-154.00,4.409,0.144,-0.176,0.9380,0.2530,-0.1560,297.550540,39.565659,13.230
7730,4540632,K06422.01,,FALSE POSITIVE,FALSE POSITIVE,0.0000,0,1,0,0,31.005392846,2.1870000e-06,-2.1870000e-06,150.8616525,5.850000e-05,-5.850000e-05,0.3050,0.0110,-0.0060,3.07300,0.00230,-0.00230,5.6031e+05,2.380e+02,-2.380e+02,141.82,8.165e+01,-8.975e+01,682.0,,,51.25,91.99,-45.14,1236.10,1,q1_q17_dr25_tce,5023.00,151.00,-151.00,3.900,0.700,-0.300,1.7840,1.0270,-1.1290,284.044340,39.661469,14.991
7731,4567118,K06425.01,,CANDIDATE,CANDIDATE,,0,0,0,0,521.108260000,4.2240000e-02,-4.2240000e-02,189.5977000,5.770000e-02,-5.770000e-02,0.3485,0.0982,-0.3485,18.36000,3.30000,-3.30000,2.4470e+02,3.710e+01,-3.710e+01,1.50,5.700e-01,-1.900e-01,231.0,,,0.68,0.76,-0.22,8.70,1,q1_q17_dr24_tce,5942.00,165.00,-161.00,4.432,0.093,-0.093,0.9470,0.3610,-0.1190,293.239290,39.691681,14.163
7732,4569590,K06426.01,,FALSE POSITIVE,FALSE POSITIVE,0.0000,1,0,0,0,41.370163800,3.3420000e-04,-3.3420000e-04,166.1673000,1.020000e-02,-1.020000e-02,0.6530,0.0620,-0.1450,29.25400,0.67800,-0.67800,6.9071e+03,9.690e+01,-9.690e+01,59.95,3.397e+01,-2.266e+01,1133.0,,,389.15,685.20,-251.62,91.30,1,q1_q17_dr25_tce,4764.00,142.00,-107.00,2.777,0.402,-0.329,6.8830,3.9010,-2.6010,293.862340,39.690128,12.799
7733,4575824,K06428.01,,FALSE POSITIVE,FALSE POSITIVE,,0,1,0,0,631.632000000,2.7510000e-02,-2.7510000e-02,239.8779000,4.100000e-02,-4.100000e-02,0.4544,0.0051,-0.4542,16.13000,1.30000,-1.30000,2.9510e+02,3.970e+01,-3.970e+01,1.56,6.400e-01,-1.500e-01,201.0,,,0.38,0.48,-0.09,8.60,1,q1_q17_dr24_tce,5689.00,156.00,-144.00,4.493,0.054,-0.054,0.8940,0.3690,-0.0840,295.343660,39.609322,14.358
7734,5216727,K06543.01,,FALSE POSITIVE,FALSE POSITIVE,0.0000,0,1,1,0,0.756511623,7.5000000e-08,-7.5000000e-08,131.9298652,8.240000e-05,-8.240000e-05,1.2160,0.0350,-0.1270,2.81832,0.00487,-0.00487,4.1596e+04,6.060e+01,-6.060e+01,77.40,2.223e+01,-1.819e+01,2549.0,,,9947.96,8374.75,-4853.10,845.00,1,q1_q17_dr25_tce,6343.00,170.00,-208.00,4.199,0.204,-0.185,1.4170,0.4070,-0.3330,298.712490,40.341228,13.448
7735,5218014,K06544.01,,FALSE POSITIVE,FALSE POSITIVE,0.0000,0,1,0,0,10.845286549,3.5960000e-06,-3.5960000e-06,138.3343430,2.710000e-04,-2.710000e-04,1.3070,0.0340,-0.1170,4.38760,0.01380,-0.01380,7.4738e+03,2.170e+01,-2.170e+01,319.52,8.039e+01,-1.206e+02,1682.0,,,1893.11,1197.77,-1234.69,416.10,1,q1_q17_dr25_tce,5096.00,53.00,-136.00,3.094,0.224,-0.096,7.0230,1.7670,-2.6510,298.997890,40.314751,12.923
7736,5255552,K06545.01,,FALSE POSITIVE,FALSE POSITIVE,0.0000,0,1,0,0,32.455412690,3.6120000e-05,-3.6120000e-05,137.6078940,9.400000e-04,-9.400000e-04,0.7260,0.5750,-0.0860,7.37360,0.06880,-0.06880,1.3639e+05,9.310e+02,-9.310e+02,23.48,1.080e+00,-1.390e+00,392.0,,,5.55,1.28,-1.19,180.90,1,q1_q17_dr25_tce,4869.00,144.00,-144.00,4.710,0.049,-0.025,0.5430,0.0250,-0.0320,284.693080,40.498619,15.208
7737,5266937,K06547.01,,FALSE POSITIVE,FALSE POSITIVE,0.0000,0,1,0,0,5.917085496,2.5180000e-06,-2.5180000e-06,132.9003270,3.520000e-04,-3.520000e-04,0.0950,0.0120,-0.0140,23.75450,0.03070,-0.03070,5.6329e+05,6.180e+02,-6.180e+02,75.86,2.067e+01,-1.207e+01,1005.0,,,241.42,193.24,-88.30,1331.50,1,q1_q17_dr25_tce,5661.00,152.00,-152.00,4.383,0.149,-0.182,0.9870,0.2690,-0.1570,289.349670,40.497189,14.352
7738,5271803,K06549.01,,FALSE POSITIVE,FALSE POSITIVE,,0,1,0,0,0.540246300,1.0180000e-04,-1.0180000e-04,131.5521000,4.030000e-02,-4.030000e-02,0.9411,0.0136,-0.6371,13.93000,4.90000,-4.90000,1.1480e+03,4.210e+02,-4.210e+02,6.20,4.920e+00,-9.100e-01,3249.0,,,26335.17,69464.72,-10507.27,1.60,1,q1_q17_dr24_tce,7296.00,226.00,-341.00,4.249,0.073,-0.073,1.4980,1.1900,-0.2200,290.799190,40.411560,13.681
7739,6228703,K06678.01,,FALSE POSITIVE,FALSE POSITIVE,0.0000,0,1,0,0,4.200206781,5.7400000e-07,-5.7400000e-07,134.6578000,1.120000e-04,-1.120000e-04,1.0700,0.0660,-0.0370,5.21948,0.00535,-0.00535,8.2364e+04,9.550e+01,-9.550e+01,105.07,3.256e+01,-2.962e+01,1737.0,,,2150.58,2025.88,-1215.99,943.70,1,q1_q17_dr25_tce,6873.00,216.00,-288.00,4.051,0.195,-0.195,1.9230,0.5960,-0.5420,298.063110,41.510712,12.843
7740,6231401,K06679.01,,FALSE POSITIVE,FALSE POSITIVE,0.0000,0,1,0,0,6.091954982,4.3400000e-07,-4.3400000e-07,137.5877592,5.820000e-05,-5.820000e-05,0.9530,0.0660,-0.0050,3.60482,0.00365,-0.00365,3.6700e+04,3.280e+01,-3.280e+01,26.96,6.710e+00,-4.130e+00,1036.0,,,272.70,205.86,-99.65,1508.70,1,q1_q17_dr25_tce,6063.00,182.00,-182.00,4.424,0.135,-0.165,0.9130,0.2270,-0.1400,298.621770,41.567429,14.847
7741,6279823,K06681.01,,FALSE POSITIVE,FALSE POSITIVE,,1,0,0,0,485.524090000,2.6460000e-02,-2.6460000e-02,307.5674000,3.380000e-02,-3.380000e-02,71.3346,29.6100,-8.7660,11.04000,2.00000,-2.00000,4.1470e+03,6.400e+02,-6.400e+02,6149.09,1.537e+03,-4.228e+02,191.0,,,0.31,0.26,-0.07,10.80,1,q1_q17_dr24_tce,5227.00,204.00,-168.00,4.584,0.023,-0.023,0.8000,0.2000,-0.0550,290.074340,41.668598,14.425
7742,6283224,K06682.01,,FALSE POSITIVE,FALSE POSITIVE,0.0000,1,0,0,0,0.766473430,1.0200000e-07,-1.0200000e-07,132.0348040,1.040000e-04,-1.040000e-04,0.7660,0.0400,-0.0290,2.46345,0.00514,-0.00514,1.9990e+05,2.400e+02,-2.400e+02,42.33,6.500e+00,-3.520e+00,1628.0,,,1654.36,873.76,-448.84,545.00,1,q1_q17_dr25_tce,5297.00,186.00,-186.00,4.594,0.052,-0.078,0.7220,0.1110,-0.0600,291.191500,41.667210,15.572
7743,6285396,K06684.01,,FALSE POSITIVE,FALSE POSITIVE,0.0000,1,0,1,1,5.243663900,2.9880000e-04,-2.9880000e-04,132.6741000,5.800000e-02,-5.800000e-02,0.6600,0.3350,-0.4180,10.53000,1.70000,-1.70000,9.3500e+01,1.310e+01,-1.310e+01,0.88,2.600e-01,-8.000e-02,1059.0,,,296.41,267.16,-84.95,10.40,1,q1_q17_dr25_tce,6212.00,196.00,-218.00,4.537,0.050,-0.200,0.8620,0.2550,-0.0800,291.922850,41.624439,15.789
7744,7032968,K06812.01,,FALSE POSITIVE,FALSE POSITIVE,,0,0,0,1,0.566787020,6.6070000e-06,-6.6070000e-06,131.8490000,1.020000e-02,-1.020000e-02,0.0063,0.4743,-0.0061,3.07400,0.26800,-0.26800,7.5000e+00,9.000e-01,-9.000e-01,0.27,1.000e-01,-4.000e-02,2356.0,,,7279.54,7188.53,-2588.52,11.20,1,q1_q17_dr24_tce,6045.00,150.00,-156.00,4.375,0.132,-0.132,0.9990,0.3420,-0.1540,291.586240,42.509930,11.786
7745,7033713,K06813.01,,FALSE POSITIVE,FALSE POSITIVE,0.0000,0,0,1,1,2.196428640,5.7410000e-05,-5.7410000e-05,133.4945000,2.460000e-02,-2.460000e-02,0.0040,0.4730,-0.0040,4.93300,0.60600,-0.60600,9.9500e+01,1.000e+01,-1.000e+01,0.79,1.400e-01,-7.000e-02,1193.0,,,477.24,280.24,-127.54,11.80,1,q1_q17_dr25_tce,5376.00,185.00,-185.00,4.576,0.030,-0.120,0.8060,0.1430,-0.0660,291.835940,42.564838,15.811
7746,7033748,K06814.01,,FALSE POSITIVE,FALSE POSITIVE,0.0000,0,1,0,0,2.196355120,2.8700000e-07,-2.8700000e-07,133.5150280,1.070000e-04,-1.070000e-04,0.7020,0.0160,-0.0210,9.65516,0.00725,-0.00725,2.6655e+05,1.520e+02,-1.520e+02,82.04,1.946e+01,-2.159e+01,1793.0,,,2448.43,1721.41,-1272.22,2132.00,1,q1_q17_dr25_tce,6438.00,174.00,-194.00,4.182,0.286,-0.154,1.2730,0.3020,-0.3350,291.843660,42.558521,13.685
7747,7049486,K06815.01,,FALSE POSITIVE,FALSE POSITIVE,0.0000,0,1,0,0,26.718417546,2.8640000e-06,-2.8640000e-06,138.0518033,9.290000e-05,-9.290000e-05,1.0690,0.0130,-0.0150,8.14155,0.00447,-0.00447,7.2976e+04,3.850e+01,-3.850e+01,66.69,1.971e+01,-2.168e+01,727.0,,,65.88,59.97,-39.63,2173.10,1,q1_q17_dr25_tce,5957.00,196.00,-196.00,4.168,0.300,-0.175,1.2860,0.3800,-0.4180,296.124940,42.522102,13.144
7748,7050754,K06816.01,,FALSE POSITIVE,FALSE POSITIVE,,0,1,0,0,0.615787196,3.6540000e-06,-3.6540000e-06,131.7140500,4.500000e-03,-4.500000e-03,0.7452,0.1762,-0.4987,3.06700,0.15600,-0.15600,1.1060e+02,6.200e+00,-6.200e+00,3.50,1.190e+00,-2.010e+00,3886.0,,,53910.99,57117.66,-45507.57,23.90,1,q1_q17_dr24_tce,6315.00,223.00,-238.00,3.603,0.572,-0.572,3.0750,1.0420,-1.7640,296.414830,42.587559,13.921
7749,7090801,K06817.01,,FALSE POSITIVE,FALSE POSITIVE,,1,0,0,0,548.084410000,7.3830000e-02,-7.3830000e-02,367.3828000,7.200000e-02,-7.200000e-02,0.1531,0.3087,-0.1527,17.66000,3.80000,-3.80000,5.6000e+02,1.040e+02,-1.040e+02,2.35,0.000e+00,0.000e+00,222.0,,,0.58,0.00,0.00,7.40,1,q1_q17_dr24_tce,5780.00,,,4.438,,,1.0000,,,280.965880,42.623707,9.233
7750,7970629,K06942.01,,FALSE POSITIVE,FALSE POSITIVE,0.0000,0,1,0,0,1.025534511,2.8000000e-08,-2.8000000e-08,132.4990072,2.250000e-05,-2.250000e-05,0.8830,0.0940,-0.0040,3.52048,0.00188,-0.00188,1.1095e+05,0.000e+00,0.000e+00,43.68,1.297e+01,-4.330e+00,1896.0,,,3066.26,2671.67,-890.11,3769.00,1,q1_q17_dr25_tce,6267.00,169.00,-207.00,4.487,0.065,-0.208,0.9190,0.2730,-0.0910,295.402650,43.774761,14.541
7751,7970760,K06943.01,,FALSE POSITIVE,FALSE POSITIVE,0.0000,0,1,0,0,7.649412910,1.5600000e-07,-1.5600000e-07,132.1070518,1.680000e-05,-1.680000e-05,0.2310,0.0090,-0.0030,6.56935,0.00101,-0.00101,2.3625e+05,2.220e+01,-2.220e+01,53.40,1.678e+01,-6.000e+00,1050.0,,,287.83,259.94,-88.70,9054.70,1,q1_q17_dr25_tce,6387.00,157.00,-204.00,4.398,0.084,-0.196,1.0760,0.3380,-0.1210,295.444340,43.718182,13.398
7752,7971389,K06944.01,,FALSE POSITIVE,FALSE POSITIVE,0.0000,0,1,0,0,13.174807933,7.1100000e-07,-7.1100000e-07,136.4631739,4.390000e-05,-4.390000e-05,1.0650,0.0300,-0.0160,3.37392,0.00124,-0.00124,7.1071e+04,1.390e+01,-1.390e+01,51.06,1.516e+01,-6.500e+00,811.0,,,102.20,88.92,-34.15,1812.60,1,q1_q17_dr25_tce,6067.00,163.00,-200.00,4.433,0.084,-0.196,0.9970,0.2960,-0.1270,295.634740,43.750172,14.098
7753,7976136,K06945.01,,FALSE POSITIVE,FALSE POSITIVE,0.0000,0,1,1,0,0.655094658,2.3890000e-06,-2.3890000e-06,131.7827800,2.990000e-03,-2.990000e-03,1.2200,0.0490,-0.1500,6.15900,0.68500,-0.68500,3.7200e+02,1.540e+02,-1.540e+02,26.41,7.460e+00,-2.970e+00,2173.0,,,5290.98,4424.94,-1675.26,59.50,1,q1_q17_dr25_tce,6063.00,169.00,-211.00,4.476,0.048,-0.192,1.0120,0.2860,-0.1140,297.013820,43.724930,15.543
7754,7976435,K06946.01,,FALSE POSITIVE,FALSE POSITIVE,0.0000,1,0,0,0,3.332871870,,,133.4408645,,,,,,7.13000,,,,,,,,,,,,,,,,1,q1_q17_dr25_tce,,,,,,,,,,297.095920,43.789322,12.614
7755,7985167,K06947.01,,FALSE POSITIVE,FALSE POSITIVE,0.0000,0,1,0,0,0.692239369,1.2900000e-07,-1.2900000e-07,131.5846110,1.540000e-04,-1.540000e-04,1.0740,0.0870,-0.0320,2.91121,0.00864,-0.00864,6.2962e+04,1.370e+02,-1.370e+02,67.05,1.782e+01,-2.178e+01,2594.0,,,10725.15,8399.87,-6396.05,469.20,1,q1_q17_dr25_tce,6163.00,167.00,-185.00,4.137,0.312,-0.168,1.3580,0.3610,-0.4410,299.200070,43.795940,12.958
7756,8700506,K07077.01,,FALSE POSITIVE,FALSE POSITIVE,0.0000,0,1,0,0,43.797829003,7.1100000e-06,-7.1100000e-06,172.6019200,1.300000e-04,-1.300000e-04,0.4890,0.0060,-0.0070,7.70289,0.00748,-0.00748,4.1502e+05,3.410e+02,-3.410e+02,93.43,2.257e+01,-1.041e+01,668.0,,,47.15,32.86,-15.76,1375.10,1,q1_q17_dr25_tce,6860.00,167.00,-286.00,4.326,0.066,-0.154,1.2920,0.3120,-0.1440,295.930790,44.838520,13.478
7757,8711548,K07079.01,,FALSE POSITIVE,FALSE POSITIVE,0.0000,0,1,0,0,18.778162159,1.1300000e-06,-1.1300000e-06,149.6776416,4.840000e-05,-4.840000e-05,0.3570,0.0040,-0.0030,8.10180,0.00250,-0.00250,4.8841e+05,1.740e+02,-1.740e+02,127.57,3.752e+01,-3.380e+01,1002.0,,,238.50,207.28,-129.86,3788.70,1,q1_q17_dr25_tce,6794.00,189.00,-284.00,4.102,0.214,-0.175,1.7100,0.5030,-0.4530,298.872220,44.874432,13.944
7758,8713828,K07080.01,,FALSE POSITIVE,FALSE POSITIVE,,1,0,0,0,1.254517920,,,131.7413568,,,,,,2.64000,,,,,,,,,,,,,,,,2,q1_q17_dr24_tce,,,,,,,,,,299.507540,44.801235,12.525
7759,8719897,K07081.01,,FALSE POSITIVE,FALSE POSITIVE,0.0000,0,1,0,0,1.575710265,1.5200000e-07,-1.5200000e-07,131.6927410,7.980000e-05,-7.980000e-05,0.8300,0.0050,-0.0070,6.83787,0.00463,-0.00463,1.7395e+05,9.540e+01,-9.540e+01,246.75,3.644e+01,-6.771e+01,2630.0,,,11307.30,4213.53,-5765.39,1975.10,1,q1_q17_dr25_tce,5017.00,52.00,-89.00,3.350,0.168,-0.112,4.2930,0.6340,-1.1780,301.308650,44.806961,12.392
7760,8739209,K07084.01,,FALSE POSITIVE,FALSE POSITIVE,0.0000,1,0,0,0,3.697295900,1.7480000e-04,-1.7480000e-04,131.7530000,3.430000e-02,-3.430000e-02,0.9950,0.0280,-0.7050,21.33500,0.00000,0.00000,1.9700e+01,6.000e-01,-6.000e-01,1.07,3.200e-01,-3.200e-01,1571.0,,,1438.97,1266.31,-831.78,23.60,1,q1_q17_dr25_tce,6313.00,177.00,-243.00,4.120,0.240,-0.180,1.5940,0.4740,-0.4740,285.042360,44.910477,11.956
7761,8746310,K07085.01,,FALSE POSITIVE,FALSE POSITIVE,0.0000,0,1,0,0,6.855624762,4.4700000e-07,-4.4700000e-07,136.0224296,5.300000e-05,-5.300000e-05,0.8770,0.0960,-0.0130,3.02199,0.00250,-0.00250,7.0873e+04,5.320e+01,-5.320e+01,33.93,9.690e+00,-3.460e+00,987.0,,,224.32,192.96,-64.16,1397.70,1,q1_q17_dr25_tce,6109.00,183.00,-183.00,4.476,0.067,-0.202,0.9310,0.2660,-0.0950,288.885990,44.959969,14.767
7762,9640921,K07210.01,,FALSE POSITIVE,FALSE POSITIVE,0.0000,0,1,0,0,80.706064100,6.1500000e-05,-6.1500000e-05,139.4368350,6.280000e-04,-6.280000e-04,0.9560,0.0450,-0.0280,6.88990,0.05120,-0.05120,1.1852e+04,6.200e+01,-6.200e+01,15.47,4.750e+00,-1.580e+00,428.0,,,7.96,7.14,-2.34,268.10,1,q1_q17_dr25_tce,6053.00,162.00,-198.00,4.494,0.052,-0.208,0.9490,0.2910,-0.0970,287.963750,46.306911,15.395
7763,9640921,K07210.02,,FALSE POSITIVE,FALSE POSITIVE,0.0000,0,0,1,1,2.178145130,1.3210000e-05,-1.3210000e-05,132.0297900,5.840000e-03,-5.840000e-03,0.7800,0.1750,-0.5370,2.32100,0.17800,-0.17800,1.3600e+02,1.190e+01,-1.190e+01,1.22,3.700e-01,-1.300e-01,1428.0,,,981.63,881.06,-288.97,13.80,3,q1_q17_dr25_tce,6053.00,162.00,-198.00,4.494,0.052,-0.208,0.9490,0.2910,-0.0970,287.963750,46.306911,15.395
7764,9641031,K07211.01,,FALSE POSITIVE,FALSE POSITIVE,0.0000,0,1,0,0,1.089077111,3.9200000e-07,-3.9200000e-07,132.0242450,2.890000e-04,-2.890000e-04,0.6300,0.0540,-0.0380,3.88340,0.01930,-0.01930,3.0407e+05,1.705e+03,-1.705e+03,77.59,2.177e+01,-1.584e+01,2045.0,,,4147.85,3417.50,-1820.43,476.60,1,q1_q17_dr25_tce,6126.00,165.00,-183.00,4.285,0.180,-0.180,1.1760,0.3300,-0.2400,288.020320,46.324139,9.177
7765,9641103,K07212.01,,FALSE POSITIVE,FALSE POSITIVE,0.0000,0,0,0,1,1.089057762,8.6190000e-06,-8.6190000e-06,132.0385900,8.350000e-03,-8.350000e-03,0.1850,0.2910,-0.1840,1.63700,0.25000,-0.25000,3.7400e+01,5.200e+00,-5.200e+00,0.44,5.000e-02,-4.000e-02,1404.0,,,917.78,354.84,-236.14,9.20,1,q1_q17_dr25_tce,5096.00,153.00,-138.00,4.582,0.050,-0.061,0.7370,0.0810,-0.0660,288.067110,46.379551,14.122
7766,9651602,K07215.01,,CANDIDATE,CANDIDATE,0.9710,0,0,0,0,3.907350460,6.1300000e-05,-6.1300000e-05,133.7385000,1.300000e-02,-1.300000e-02,0.0880,0.3750,-0.0880,2.89600,0.40800,-0.40800,1.0930e+02,1.410e+01,-1.410e+01,0.83,1.600e-01,-6.000e-02,1007.0,,,243.14,138.15,-60.96,10.00,1,q1_q17_dr25_tce,5497.00,147.00,-164.00,4.577,0.032,-0.136,0.8090,0.1520,-0.0650,292.829650,46.365768,15.283
7767,10556578,K07343.01,,FALSE POSITIVE,FALSE POSITIVE,0.0000,0,1,0,0,0.626431697,2.2400000e-07,-2.2400000e-07,131.8992960,2.840000e-04,-2.840000e-04,1.1450,2.5120,-0.2250,2.01710,0.02090,-0.02090,3.7224e+04,2.660e+02,-2.660e+02,34.05,3.630e+00,-3.640e+00,1709.0,,,2003.98,792.55,-571.42,174.00,2,q1_q17_dr25_tce,5134.00,170.00,-139.00,4.560,0.084,-0.056,0.7210,0.0770,-0.0770,299.095280,47.706791,15.594
7768,10583181,K07344.01,,FALSE POSITIVE,FALSE POSITIVE,0.0000,0,1,0,0,2.696354974,1.5100000e-07,-1.5100000e-07,132.9926416,4.660000e-05,-4.660000e-05,0.3240,0.0070,-0.0030,5.39585,0.00199,-0.00199,2.4599e+05,1.130e+02,-1.130e+02,80.71,2.188e+01,-2.428e+01,1815.0,,,2560.78,1962.53,-1441.09,2717.00,1,q1_q17_dr25_tce,6472.00,146.00,-178.00,4.080,0.293,-0.158,1.5790,0.4280,-0.4750,283.766510,47.818989,11.009
7769,10592163,K07346.01,,FALSE POSITIVE,FALSE POSITIVE,0.0000,0,1,0,0,14.762889172,1.6100000e-06,-1.6100000e-06,133.7747853,8.930000e-05,-8.930000e-05,1.0460,0.0110,-0.0160,6.52705,0.00443,-0.00443,7.9330e+04,4.840e+01,-4.840e+01,53.72,1.511e+01,-1.006e+01,759.0,,,78.43,64.64,-31.94,1779.10,1,q1_q17_dr25_tce,5691.00,152.00,-152.00,4.354,0.162,-0.180,1.0310,0.2900,-0.1930,288.553620,47.867298,15.095
7770,10601538,K07348.01,,FALSE POSITIVE,FALSE POSITIVE,0.0000,0,0,1,1,1.463775066,5.3000000e-06,-5.3000000e-06,132.8063600,3.380000e-03,-3.380000e-03,0.7190,0.2300,-0.5130,0.95300,0.13500,-0.13500,4.5100e+01,4.900e+00,-4.900e+00,1.20,2.400e-01,-3.000e-01,2308.0,,,6722.29,4102.75,-3440.04,12.70,1,q1_q17_dr25_tce,6781.00,182.00,-243.00,4.125,0.180,-0.135,1.6510,0.3360,-0.4100,292.476040,47.839420,13.169
7771,8557246,K07895.01,,FALSE POSITIVE,FALSE POSITIVE,0.0410,1,0,0,0,246.871310000,1.9330000e-02,-1.9330000e-02,220.3739000,8.380000e-02,-8.380000e-02,0.3270,0.1380,-0.3270,10.69000,2.40000,-2.40000,4.3360e+02,7.280e+01,-7.280e+01,2.02,6.800e-01,-2.200e-01,302.0,,,1.97,2.05,-0.67,6.90,2,q1_q17_dr25_tce,6168.00,219.00,-263.00,4.488,0.054,-0.216,0.9600,0.3200,-0.1070,290.778200,44.618660,15.884
7772,11709022,K07474.01,,FALSE POSITIVE,FALSE POSITIVE,0.0000,1,0,0,0,0.719572890,,,131.9803800,,,,,,1.79000,,,,,,,,,,,,145.63,128.69,-61.53,,1,q1_q17_dr25_tce,,,,,,,,,,289.737610,49.858589,12.902
7773,11724091,K07475.01,,FALSE POSITIVE,FALSE POSITIVE,0.0000,0,1,0,0,1.559090282,1.6400000e-07,-1.6400000e-07,131.7719964,8.650000e-05,-8.650000e-05,0.3750,0.0080,-0.0010,4.95211,0.00612,-0.00612,2.2698e+05,2.260e+02,-2.260e+02,129.87,2.687e+01,-4.994e+01,2905.0,,,16893.61,10976.10,-11623.88,1315.50,1,q1_q17_dr25_tce,7279.00,230.00,-345.00,3.856,0.330,-0.132,2.6240,0.5430,-1.0090,296.977050,49.841808,13.575
7774,11768970,K07478.01,,FALSE POSITIVE,FALSE POSITIVE,0.0000,0,1,0,0,15.541358818,1.5010000e-06,-1.5010000e-06,141.9557755,7.720000e-05,-7.720000e-05,1.2500,0.0680,-0.0520,2.44433,0.00267,-0.00267,1.0308e+04,7.400e+00,-7.400e+00,149.19,2.757e+01,-3.030e+01,1174.0,,,448.22,211.09,-180.20,773.40,1,q1_q17_dr25_tce,5092.00,60.00,-76.00,3.420,0.143,-0.117,3.5400,0.6540,-0.7190,294.740910,49.928791,12.658
7775,11775530,K07480.01,,FALSE POSITIVE,FALSE POSITIVE,,1,0,1,0,12.817701200,2.3110000e-04,-2.3110000e-04,143.6091000,1.670000e-02,-1.670000e-02,0.0006,0.4701,-0.0006,3.46500,0.42500,-0.42500,7.5600e+01,1.090e+01,-1.090e+01,1.21,5.500e-01,-3.000e-01,999.0,,,235.16,314.23,-118.57,8.00,1,q1_q17_dr24_tce,6290.00,170.00,-202.00,4.151,0.234,-0.234,1.3850,0.6220,-0.3440,297.528720,49.990059,13.505
7776,11811454,K07481.01,,FALSE POSITIVE,FALSE POSITIVE,0.0000,0,1,0,0,2.274628199,1.4300000e-07,-1.4300000e-07,132.0170362,5.210000e-05,-5.210000e-05,0.9860,0.0170,-0.0150,4.52648,0.00225,-0.00225,1.0397e+05,3.310e+01,-3.310e+01,104.26,2.468e+01,-4.584e+01,2092.0,,,4536.51,3222.97,-3303.99,2047.90,1,q1_q17_dr25_tce,6389.00,181.00,-227.00,3.914,0.435,-0.145,1.9470,0.4610,-0.8560,290.397250,50.065090,11.152
7777,8560280,K07896.01,,FALSE POSITIVE,FALSE POSITIVE,0.0000,0,0,1,1,85.338393000,1.5470000e-03,-1.5470000e-03,215.5640000,1.100000e-02,-1.100000e-02,0.0040,0.7140,-0.0040,8.50000,1.20000,-1.20000,6.3300e+02,3.950e+01,-3.950e+01,11.40,1.310e+00,-8.000e-01,741.0,,,71.36,21.94,-12.60,27.90,1,q1_q17_dr25_tce,4850.00,63.00,-58.00,3.134,0.030,-0.030,4.6960,0.5370,-0.3310,291.900420,44.686241,12.881
7778,2860594,K06296.01,,FALSE POSITIVE,FALSE POSITIVE,0.0000,0,1,0,0,5.499941793,2.2040000e-06,-2.2040000e-06,132.8167640,3.340000e-04,-3.340000e-04,0.5310,0.0070,-0.0050,11.30960,0.02800,-0.02800,4.7751e+04,7.170e+01,-7.170e+01,59.94,9.920e+00,-1.486e+01,1878.0,,,2942.15,1224.38,-1355.56,814.10,1,q1_q17_dr25_tce,7079.00,74.00,-84.00,3.827,0.196,-0.098,2.6340,0.4360,-0.6530,293.164950,38.069130,13.370
7779,2860788,K06297.01,,FALSE POSITIVE,FALSE POSITIVE,0.0000,0,1,0,0,2.629870555,4.8600000e-07,-4.8600000e-07,132.0677170,1.560000e-04,-1.560000e-04,0.7050,0.0060,-0.0030,6.60600,0.01000,-0.01000,1.0131e+05,1.660e+02,-1.660e+02,34.05,9.190e+00,-6.130e+00,1291.0,,,659.45,522.55,-261.58,1026.00,1,q1_q17_dr25_tce,5566.00,149.00,-149.00,4.382,0.175,-0.193,0.9670,0.2610,-0.1740,293.207340,38.009029,14.043
7780,2970670,K06299.01,,CANDIDATE,CANDIDATE,0.8940,0,0,0,0,0.947554749,4.0340000e-06,-4.0340000e-06,131.8795500,3.590000e-03,-3.590000e-03,0.0580,0.3990,-0.0580,1.09700,0.11000,-0.11000,6.5400e+01,6.700e+00,-6.700e+00,0.67,8.000e-02,-2.000e-02,1633.0,,,1680.03,543.90,-197.91,12.40,1,q1_q17_dr25_tce,5508.00,74.00,-82.00,4.569,0.011,-0.105,0.8400,0.1010,-0.0270,286.071140,38.167610,13.853
7781,2973509,K06300.01,,FALSE POSITIVE,FALSE POSITIVE,0.0000,1,0,0,0,6.627611990,2.6900000e-07,-2.6900000e-07,132.5466377,3.320000e-05,-3.320000e-05,0.7530,0.0080,-0.0150,6.15281,0.00132,-0.00132,2.2714e+05,2.920e+01,-2.920e+01,82.03,2.517e+01,-1.680e+01,1204.0,,,496.41,439.42,-218.43,4355.50,1,q1_q17_dr25_tce,6316.00,158.00,-189.00,4.231,0.180,-0.180,1.3330,0.4090,-0.2730,287.025700,38.171021,13.558
7782,2998124,K06302.01,,FALSE POSITIVE,FALSE POSITIVE,0.0000,0,1,0,0,28.597880332,2.0030000e-06,-2.0030000e-06,152.9842901,5.870000e-05,-5.870000e-05,0.3560,0.0080,-0.0050,7.71925,0.00282,-0.00282,8.5952e+04,4.050e+01,-4.050e+01,74.25,1.398e+01,-2.596e+01,1014.0,,,250.21,143.12,-156.59,2526.20,1,q1_q17_dr25_tce,6590.00,179.00,-199.00,3.787,0.312,-0.078,2.4740,0.4660,-0.8650,293.266360,38.126080,13.119
7783,4578594,K06429.01,,FALSE POSITIVE,FALSE POSITIVE,0.0000,0,1,0,0,252.163862300,2.3600000e-04,-2.3600000e-04,191.4707780,8.480000e-04,-8.480000e-04,1.1490,0.0980,-0.1790,23.92000,0.05640,-0.05640,1.0379e+05,1.520e+02,-1.520e+02,50.74,8.990e+00,-4.150e+00,242.0,,,0.81,0.47,-0.22,864.50,1,q1_q17_dr25_tce,5432.00,187.00,-187.00,4.608,0.037,-0.112,0.7450,0.1320,-0.0610,295.923610,39.609070,15.793
7784,4587448,K06430.01,,FALSE POSITIVE,FALSE POSITIVE,0.0000,1,0,0,0,2.234160130,,,131.7973000,,,,,,2.12000,,,,,,,,,,,,2156.64,4706.59,-836.53,,1,q1_q17_dr25_tce,,,,,,,,,,297.657440,39.655231,13.411
7785,4665989,K06433.01,,FALSE POSITIVE,FALSE POSITIVE,0.0000,0,1,0,0,1.124033822,2.1600000e-07,-2.1600000e-07,131.6287800,1.580000e-04,-1.580000e-04,0.7190,0.0480,-0.0380,5.57280,0.01140,-0.01140,2.4756e+05,3.800e+02,-3.800e+02,98.04,3.287e+01,-1.518e+01,2547.0,,,9953.28,9865.54,-3965.08,792.90,1,q1_q17_dr25_tce,7141.00,200.00,-300.00,4.208,0.105,-0.210,1.5630,0.5240,-0.2420,294.763980,39.752838,13.016
7786,4671584,K06434.01,,FALSE POSITIVE,FALSE POSITIVE,0.0000,0,1,1,0,2.796661168,1.1360000e-06,-1.1360000e-06,134.0323310,3.350000e-04,-3.350000e-04,1.2760,0.2320,-0.1450,3.37810,0.01740,-0.01740,2.3638e+03,1.100e+01,-1.100e+01,47.68,1.226e+01,-1.500e+01,1661.0,,,1797.72,1404.17,-1060.02,251.40,1,q1_q17_dr25_tce,6331.00,192.00,-211.00,4.146,0.306,-0.165,1.3260,0.3410,-0.4170,295.998110,39.742748,13.742
7787,4681152,K06436.01,,FALSE POSITIVE,FALSE POSITIVE,0.0010,0,1,0,0,1.835922420,2.3700000e-07,-2.3700000e-07,132.0778130,1.060000e-04,-1.060000e-04,1.1890,0.0240,-0.0190,5.99420,0.00542,-0.00542,3.0746e+04,2.450e+01,-2.450e+01,46.30,1.446e+01,-5.170e+00,1501.0,,,1195.13,1131.33,-375.84,1378.90,1,q1_q17_dr25_tce,5930.00,184.00,-205.00,4.472,0.067,-0.216,0.9760,0.3050,-0.1090,297.851900,39.783886,13.134
7788,8297017,K07879.01,,FALSE POSITIVE,FALSE POSITIVE,0.2060,1,0,0,0,128.208643000,1.9800000e-03,-1.9800000e-03,230.1943000,1.080000e-02,-1.080000e-02,0.8110,0.1630,-0.5660,2.74500,0.50900,-0.50900,2.1220e+02,3.070e+01,-3.070e+01,6.15,6.500e-01,-2.440e+00,792.0,,,93.05,35.71,-64.05,8.90,2,q1_q17_dr25_tce,7128.00,224.00,-274.00,3.520,0.352,-0.088,3.8110,0.4030,-1.5100,290.800570,44.270512,11.036
7789,5282656,K06551.01,,FALSE POSITIVE,FALSE POSITIVE,0.1930,0,0,1,0,1.516372183,9.6220000e-06,-9.6220000e-06,131.8338700,5.130000e-03,-5.130000e-03,0.5960,0.3820,-0.3890,1.23900,0.18500,-0.18500,9.3800e+01,1.410e+01,-1.410e+01,1.06,3.500e-01,-1.200e-01,1686.0,,,1911.54,1839.71,-614.10,8.80,1,q1_q17_dr25_tce,6142.00,171.00,-236.00,4.456,0.056,-0.224,1.0460,0.3410,-0.1140,293.988370,40.458981,15.160
7790,5284133,K06552.01,,FALSE POSITIVE,FALSE POSITIVE,0.0000,0,1,0,0,8.784575777,2.2900000e-07,-2.2900000e-07,134.6752148,2.110000e-05,-2.110000e-05,0.5000,0.0660,-0.0530,5.30220,0.00190,-0.00190,2.6298e+05,0.000e+00,0.000e+00,104.57,2.481e+01,-2.032e+01,1555.0,,,1380.83,977.32,-635.93,4761.50,1,q1_q17_dr25_tce,8144.00,226.00,-368.00,4.139,0.108,-0.162,1.9140,0.4540,-0.3720,294.382230,40.452190,12.444
7791,5285607,K06553.01,,FALSE POSITIVE,FALSE POSITIVE,0.0000,0,1,0,0,1.949700508,1.0500000e-07,-1.0500000e-07,132.4267375,4.420000e-05,-4.420000e-05,1.1530,0.0470,-0.0290,4.35014,0.00170,-0.00170,3.8119e+04,1.000e+01,-1.000e+01,56.11,2.027e+01,-6.770e+00,1716.0,,,2048.37,2099.34,-645.35,2271.00,1,q1_q17_dr25_tce,6469.00,145.00,-193.00,4.385,0.056,-0.238,1.1930,0.4310,-0.1440,294.772190,40.459629,11.419
7792,5294739,K06556.01,,FALSE POSITIVE,FALSE POSITIVE,0.0000,0,1,0,0,3.735993484,1.0560000e-06,-1.0560000e-06,135.0624930,2.350000e-04,-2.350000e-04,0.9930,0.0170,-0.0190,17.48770,0.03220,-0.03220,6.1799e+05,5.180e+02,-5.180e+02,571.07,1.628e+02,-4.069e+02,2063.0,,,4283.18,4276.57,-3999.94,1587.70,1,q1_q17_dr25_tce,5467.00,267.00,-297.00,3.432,0.808,-0.202,4.0550,1.1560,-2.8890,296.837190,40.473099,13.930
7793,5300878,K06559.01,,FALSE POSITIVE,FALSE POSITIVE,0.0000,0,1,0,0,0.639721284,4.6000000e-08,-4.6000000e-08,131.8546732,5.820000e-05,-5.820000e-05,0.4040,0.0150,-0.0060,2.69771,0.00203,-0.00203,4.6592e+05,4.040e+02,-4.040e+02,46.59,4.470e+00,-4.030e+00,1505.0,,,1220.53,429.85,-318.79,1012.90,1,q1_q17_dr25_tce,4794.00,144.00,-144.00,4.633,0.060,-0.035,0.6250,0.0600,-0.0540,298.081880,40.478142,14.767
7794,6292732,K06686.01,,FALSE POSITIVE,FALSE POSITIVE,0.0000,0,1,0,1,1.253388260,1.9160000e-05,-1.9160000e-05,132.6307000,1.540000e-02,-1.540000e-02,0.4690,0.4750,-0.2520,3.82800,0.56700,-0.56700,4.4700e+01,3.700e+00,-3.700e+00,0.64,8.000e-02,-2.000e-02,1651.0,,,1750.61,586.89,-221.78,14.80,1,q1_q17_dr25_tce,5869.00,70.00,-87.00,4.513,0.018,-0.096,0.9420,0.1210,-0.0350,294.185240,41.632351,13.907
7795,6307000,K06687.01,,CANDIDATE,CANDIDATE,0.9730,0,0,0,0,1.002591901,4.9850000e-06,-4.9850000e-06,131.6584900,3.740000e-03,-3.740000e-03,0.3120,0.1470,-0.3120,1.24700,0.15600,-0.15600,1.4320e+02,1.680e+01,-1.680e+01,0.87,8.000e-02,-8.000e-02,1391.0,,,884.21,298.22,-248.45,11.10,1,q1_q17_dr25_tce,4893.00,161.00,-161.00,4.574,0.050,-0.045,0.7390,0.0620,-0.0690,297.613070,41.672829,15.790
7796,6345758,K06689.01,,CANDIDATE,CANDIDATE,0.9960,0,0,0,0,3.371166820,5.6460000e-05,-5.6460000e-05,132.0176000,1.420000e-02,-1.420000e-02,0.3180,0.1550,-0.3180,4.70800,0.38400,-0.38400,7.1400e+01,9.100e+00,-9.100e+00,0.98,2.600e-01,-2.100e-01,1291.0,,,656.30,511.24,-294.93,9.80,1,q1_q17_dr25_tce,5653.00,154.00,-154.00,4.288,0.204,-0.185,1.1630,0.3070,-0.2510,284.576420,41.705971,15.030
7797,6364126,K06690.01,,FALSE POSITIVE,FALSE POSITIVE,0.0000,0,1,1,1,5.243466400,3.5170000e-04,-3.5170000e-04,132.7707000,6.700000e-02,-6.700000e-02,1.0160,1.3670,-0.2490,18.47000,2.00000,-2.00000,1.1940e+02,1.060e+01,-1.060e+01,2.83,3.200e-01,-2.300e-01,831.0,,,113.05,47.73,-30.44,10.70,1,q1_q17_dr25_tce,5047.00,176.00,-176.00,4.574,0.039,-0.066,0.7660,0.0870,-0.0630,291.847230,41.725220,14.901
7798,6364200,K06692.01,,FALSE POSITIVE,FALSE POSITIVE,0.0000,0,0,0,1,5.244151700,2.6480000e-04,-2.6480000e-04,132.6668000,4.930000e-02,-4.930000e-02,0.5570,0.0120,-0.4780,9.69000,1.00000,-1.00000,9.0100e+01,9.900e+00,-9.900e+00,0.91,2.400e-01,-9.000e-02,1056.0,,,293.68,234.87,-83.28,10.50,1,q1_q17_dr25_tce,6060.00,181.00,-199.00,4.509,0.046,-0.184,0.9250,0.2450,-0.0880,291.871340,41.788971,15.862
7799,6364247,K06693.01,,FALSE POSITIVE,FALSE POSITIVE,0.0000,0,0,1,1,5.244333200,1.7820000e-04,-1.7820000e-04,132.6164000,2.890000e-02,-2.890000e-02,0.7750,0.1800,-0.5580,11.26800,0.62900,-0.62900,2.9900e+01,2.600e+00,-2.600e+00,0.58,1.800e-01,-6.000e-02,1054.0,,,291.25,262.76,-83.56,13.50,1,q1_q17_dr25_tce,5952.00,160.00,-177.00,4.489,0.052,-0.208,0.9710,0.2990,-0.1000,291.889220,41.777969,13.636
7800,7105574,K06820.01,,FALSE POSITIVE,FALSE POSITIVE,0.0000,0,1,0,0,20.726069913,3.1910000e-06,-3.1910000e-06,143.2013910,1.290000e-04,-1.290000e-04,0.9890,0.0590,-0.0830,6.47393,0.00793,-0.00793,1.1886e+05,1.110e+02,-1.110e+02,51.90,1.514e+01,-5.060e+00,657.0,,,43.93,37.58,-11.86,1216.80,1,q1_q17_dr25_tce,6011.00,162.00,-162.00,4.522,0.036,-0.204,0.9020,0.2630,-0.0880,287.746150,42.648628,14.069
7801,7115200,K06821.01,,FALSE POSITIVE,FALSE POSITIVE,0.0000,1,0,0,1,0.566801447,5.4360000e-06,-5.4360000e-06,131.7997700,8.410000e-03,-8.410000e-03,0.6150,0.3440,-0.3920,2.35200,0.24600,-0.24600,1.6200e+01,1.500e+00,-1.500e+00,0.57,9.000e-02,-1.100e-01,2633.0,,,11321.32,4647.10,-4305.62,13.80,1,q1_q17_dr25_tce,5966.00,80.00,-80.00,4.184,0.176,-0.108,1.3490,0.2110,-0.2580,290.968690,42.619678,12.766
7802,7115332,K06822.01,,FALSE POSITIVE,FALSE POSITIVE,0.0000,1,0,0,1,0.566794934,5.4260000e-06,-5.4260000e-06,131.8456900,7.760000e-03,-7.760000e-03,0.9740,0.0030,-0.6790,4.39900,0.26900,-0.26900,6.8900e+01,4.900e+00,-4.900e+00,1.15,3.500e-01,-1.500e-01,2457.0,,,8648.94,7891.57,-3070.92,21.70,1,q1_q17_dr25_tce,6395.00,176.00,-242.00,4.436,0.065,-0.208,1.0490,0.3250,-0.1390,291.014740,42.653309,14.944
7803,7115463,K06823.01,,FALSE POSITIVE,FALSE POSITIVE,0.0000,1,0,1,1,0.566800287,2.8850000e-06,-2.8850000e-06,131.8159920,6.950000e-04,-6.950000e-04,0.6480,0.2830,-0.4300,3.48700,0.32700,-0.32700,7.3900e+01,4.400e+00,-4.400e+00,0.88,2.700e-01,-9.000e-02,2260.0,,,6188.18,5808.48,-1864.62,23.30,1,q1_q17_dr25_tce,6075.00,189.00,-210.00,4.486,0.052,-0.208,0.9690,0.3000,-0.1000,291.065000,42.636650,15.124
7804,7115597,K06824.01,,FALSE POSITIVE,FALSE POSITIVE,0.0000,1,0,0,1,0.566791946,4.0090000e-06,-4.0090000e-06,131.8145000,7.310000e-03,-7.310000e-03,0.9820,0.0070,-0.6980,2.77000,0.13100,-0.13100,1.2570e+02,1.160e+01,-1.160e+01,1.54,4.300e-01,-1.500e-01,2160.0,,,5129.25,4394.34,-1473.42,14.10,1,q1_q17_dr25_tce,5836.00,182.00,-203.00,4.500,0.037,-0.200,0.9700,0.2730,-0.0910,291.104680,42.645309,15.915
7805,7116226,K06827.01,,FALSE POSITIVE,FALSE POSITIVE,0.0000,1,0,0,1,0.566801325,3.5090000e-06,-3.5090000e-06,131.8249900,4.460000e-03,-4.460000e-03,0.7700,0.1690,-0.5160,4.17600,0.16600,-0.16600,9.2100e+01,5.300e+00,-5.300e+00,1.07,3.300e-01,-1.100e-01,2383.0,,,7585.82,6968.44,-2333.04,26.40,1,q1_q17_dr25_tce,6273.00,169.00,-225.00,4.454,0.054,-0.202,1.0210,0.3200,-0.1070,291.309630,42.616520,15.420
7806,8008128,K06950.01,,FALSE POSITIVE,FALSE POSITIVE,0.0000,0,1,0,0,14.854415674,7.8900000e-07,-7.8900000e-07,136.5597829,4.350000e-05,-4.350000e-05,0.5700,0.0060,0.0000,5.13753,0.00145,-0.00145,7.7410e+04,3.500e+01,-3.500e+01,29.77,1.019e+01,-3.410e+00,798.0,,,95.83,97.17,-29.77,2822.10,1,q1_q17_dr25_tce,6214.00,175.00,-197.00,4.444,0.070,-0.224,1.0220,0.3500,-0.1170,282.425780,43.884331,14.558
7807,8009500,K06951.01,,FALSE POSITIVE,FALSE POSITIVE,0.0000,0,1,0,0,38.476744090,1.4610000e-06,-1.4610000e-06,150.5742128,3.100000e-05,-3.100000e-05,0.4580,0.0050,0.0000,5.10744,0.00112,-0.00112,1.7317e+05,5.780e+01,-5.780e+01,33.80,4.360e+00,-3.940e+00,463.0,,,10.85,4.72,-3.26,3487.80,1,q1_q17_dr25_tce,5294.00,159.00,-143.00,4.507,0.095,-0.085,0.7900,0.1020,-0.0920,283.201170,43.888981,14.579
7808,8013289,K06952.01,,FALSE POSITIVE,FALSE POSITIVE,0.0000,1,0,0,0,10.643110689,,,140.1691798,,,1.1790,,,88.11180,,,3.1630e+02,,,31.72,7.940e+00,-1.092e+01,1038.0,,,274.67,214.51,-171.40,153.70,1,q1_q17_dr25_tce,5930.00,196.00,-196.00,4.084,0.364,-0.156,1.4730,0.3690,-0.5070,285.090760,43.801754,13.615
7809,8016692,K06954.01,,CANDIDATE,CANDIDATE,0.7210,0,0,0,0,6.613671000,1.1180000e-04,-1.1180000e-04,136.4964000,1.320000e-02,-1.320000e-02,0.0960,0.3550,-0.0960,4.21100,0.44900,-0.44900,3.2800e+01,3.800e+00,-3.800e+00,0.91,2.000e-01,-2.400e-01,1266.0,,,607.33,407.44,-314.26,10.20,1,q1_q17_dr25_tce,6056.00,183.00,-164.00,4.071,0.234,-0.126,1.5970,0.3480,-0.4250,286.945400,43.899139,13.109
7810,8027902,K06955.01,,FALSE POSITIVE,FALSE POSITIVE,0.0000,1,0,0,0,1.796218070,1.1970000e-05,-1.1970000e-05,131.5473200,5.360000e-03,-5.360000e-03,0.7200,0.3230,-0.2600,10.16000,1.20000,-1.20000,4.7000e+01,8.900e+00,-8.900e+00,1.54,3.200e-01,-4.000e-01,2480.0,,,8937.14,5658.92,-4712.32,42.00,1,q1_q17_dr25_tce,7117.00,197.00,-271.00,3.988,0.198,-0.132,2.0900,0.4390,-0.5370,291.477020,43.844120,12.895
7811,8042644,K06957.01,,CANDIDATE,CANDIDATE,0.9910,0,0,0,0,1.480628140,1.5560000e-05,-1.5560000e-05,131.5153500,7.640000e-03,-7.640000e-03,0.4790,0.4860,-0.2680,2.89800,0.20900,-0.20900,6.2500e+01,7.300e+00,-7.300e+00,0.76,2.500e-01,-8.000e-02,1653.0,,,1770.63,1707.50,-553.28,10.30,1,q1_q17_dr25_tce,6187.00,175.00,-219.00,4.499,0.054,-0.216,0.9370,0.3050,-0.1020,296.359560,43.866760,15.189
7812,8750094,K07086.01,,FALSE POSITIVE,FALSE POSITIVE,0.0000,1,0,1,0,1.126797930,1.2700000e-05,-1.2700000e-05,132.2757000,1.110000e-02,-1.110000e-02,1.2150,0.1830,-0.1180,12.07900,0.92300,-0.92300,2.2720e+02,1.330e+01,-1.330e+01,21.07,5.520e+00,-1.830e+00,1590.0,,,1514.63,1198.38,-409.76,21.10,1,q1_q17_dr25_tce,5662.00,169.00,-186.00,4.560,0.033,-0.176,0.8400,0.2200,-0.0730,290.502410,44.968170,14.618
7813,8758161,K07087.01,,FALSE POSITIVE,FALSE POSITIVE,0.0000,0,1,0,0,0.998217563,2.9000000e-08,-2.9000000e-08,131.8142317,2.370000e-05,-2.370000e-05,1.0030,0.0370,-0.0090,3.90851,0.00107,-0.00107,8.7567e+04,0.000e+00,0.000e+00,88.64,2.591e+01,-2.591e+01,2795.0,,,14421.97,12067.48,-8231.34,3979.10,1,q1_q17_dr25_tce,6980.00,168.00,-264.00,4.060,0.240,-0.160,1.7550,0.5130,-0.5130,293.620540,44.967281,12.457
7814,8767034,K07089.01,,FALSE POSITIVE,FALSE POSITIVE,0.0000,1,0,1,0,0.586408480,3.7660000e-06,-3.7660000e-06,131.5558300,5.630000e-03,-5.630000e-03,0.3520,0.0830,-0.3520,2.61600,0.19100,-0.19100,6.1300e+01,3.200e+00,-3.200e+00,0.48,4.000e-02,-4.000e-02,1444.0,,,1029.91,369.80,-225.78,23.60,1,q1_q17_dr25_tce,4556.00,136.00,-123.00,4.676,0.028,-0.052,0.6150,0.0610,-0.0410,296.670440,44.959839,14.280
7815,8773948,K07090.01,,FALSE POSITIVE,FALSE POSITIVE,0.0000,0,1,0,0,33.469474490,8.7370000e-06,-8.7370000e-06,154.0085130,2.080000e-04,-2.080000e-04,0.3150,0.0060,-0.0040,11.88740,0.01380,-0.01380,1.6461e+05,1.530e+02,-1.530e+02,127.38,3.633e+01,-8.471e+01,972.0,,,211.38,189.35,-190.52,1255.20,1,q1_q17_dr25_tce,5934.00,208.00,-187.00,3.581,0.807,-0.142,3.0750,0.8770,-2.0450,298.442440,44.910912,13.714
7816,8804358,K07092.01,,FALSE POSITIVE,FALSE POSITIVE,,1,0,0,0,62.519211000,3.7850000e-03,-3.7850000e-03,146.4454000,5.440000e-02,-5.440000e-02,0.0810,0.4609,-0.0808,2.52300,0.72500,-0.72500,2.7760e+02,9.360e+01,-9.360e+01,1.90,1.320e+00,-2.000e-01,520.0,,,17.29,37.23,-5.53,6.70,1,q1_q17_dr24_tce,6343.00,158.00,-256.00,4.411,0.052,-0.052,1.1370,0.7850,-0.1190,285.081450,45.023762,15.453
7817,8508493,K07890.01,,FALSE POSITIVE,FALSE POSITIVE,0.0010,1,0,1,0,349.855250000,1.3890000e-02,-1.3890000e-02,285.6453000,2.590000e-02,-2.590000e-02,0.4850,0.4820,-0.2760,5.42000,0.89500,-0.89500,8.4200e+02,1.560e+02,-1.560e+02,2.63,7.700e-01,-2.600e-01,251.0,,,0.94,0.81,-0.27,7.90,1,q1_q17_dr25_tce,5941.00,166.00,-187.00,4.533,0.034,-0.195,0.8850,0.2580,-0.0860,296.449460,44.583241,15.902
7818,9652632,K07217.01,,FALSE POSITIVE,FALSE POSITIVE,0.0000,0,1,0,0,2.488812012,1.3000000e-07,-1.3000000e-07,132.1282609,4.280000e-05,-4.280000e-05,0.9310,0.0240,-0.0230,5.94523,0.00208,-0.00208,1.3100e+05,2.910e+01,-2.910e+01,83.26,2.197e+01,-2.931e+01,1852.0,,,2776.19,2182.27,-1767.04,3290.50,1,q1_q17_dr25_tce,6499.00,184.00,-230.00,4.084,0.336,-0.168,1.4970,0.3950,-0.5270,293.247380,46.310413,11.576
7819,9655424,K07218.01,,FALSE POSITIVE,FALSE POSITIVE,0.0000,1,0,1,0,0.518118180,5.3240000e-05,-5.3240000e-05,131.6460000,2.280000e-01,-2.280000e-01,0.0210,0.6700,-0.0210,0.39690,0.07600,-0.07600,9.9000e+01,6.520e+01,-6.520e+01,1.09,3.400e-01,-1.100e-01,2360.0,,,7376.27,6756.76,-2271.61,7.80,1,q1_q17_dr25_tce,6240.00,169.00,-226.00,4.502,0.052,-0.208,0.9290,0.2900,-0.0970,294.350740,46.311771,14.890
7820,9658089,K07220.01,,CANDIDATE,CANDIDATE,0.9960,0,0,0,0,1.057080807,5.8440000e-06,-5.8440000e-06,131.6930400,4.670000e-03,-4.670000e-03,0.9660,0.0100,-0.6930,1.82000,0.13900,-0.13900,6.0600e+01,6.500e+00,-6.500e+00,0.97,3.200e-01,-1.000e-01,1805.0,,,2518.85,2452.48,-762.46,11.30,1,q1_q17_dr25_tce,6000.00,167.00,-209.00,4.487,0.054,-0.216,0.9460,0.3120,-0.0980,295.358250,46.343929,15.102
7821,9673173,K07222.01,,FALSE POSITIVE,FALSE POSITIVE,0.0000,0,1,0,0,21.294733865,1.7500000e-06,-1.7500000e-06,147.0967696,6.740000e-05,-6.740000e-05,0.9570,0.0300,-0.0350,7.60143,0.00381,-0.00381,1.2318e+05,4.620e+01,-4.620e+01,71.55,2.044e+01,-1.674e+01,771.0,,,83.71,71.98,-40.22,2674.60,1,q1_q17_dr25_tce,6039.00,181.00,-181.00,4.242,0.190,-0.190,1.2780,0.3650,-0.2990,300.014070,46.345268,13.731
7822,9693803,K07224.01,,CANDIDATE,CANDIDATE,,0,0,0,0,13.495949600,2.5980000e-04,-2.5980000e-04,142.1992000,2.000000e-02,-2.000000e-02,0.2136,0.2748,-0.2133,2.08500,0.35800,-0.35800,2.5360e+02,4.560e+01,-4.560e+01,1.62,7.300e-01,-1.500e-01,784.0,,,89.25,120.55,-26.11,7.30,1,q1_q17_dr24_tce,5962.00,174.00,-220.00,4.464,0.047,-0.047,1.0190,0.4560,-0.0950,283.116420,46.442699,15.669
7823,10619109,K07351.01,,FALSE POSITIVE,FALSE POSITIVE,0.0000,0,1,0,0,2.045166206,2.5400000e-07,-2.5400000e-07,132.3655682,9.820000e-05,-9.820000e-05,0.6610,0.0160,-0.0140,6.84312,0.00598,-0.00598,2.6364e+05,1.960e+02,-1.960e+02,131.41,3.237e+01,-4.856e+01,2422.0,,,8125.86,6410.62,-5472.79,1488.60,1,q1_q17_dr25_tce,7128.00,256.00,-342.00,3.950,0.322,-0.138,2.1350,0.5260,-0.7890,298.371280,47.813850,11.704
7824,10646620,K07352.01,,FALSE POSITIVE,FALSE POSITIVE,0.0000,1,0,0,0,2.413491230,4.6270000e-05,-4.6270000e-05,133.5687000,1.790000e-02,-1.790000e-02,0.7280,0.0570,-0.7270,11.29000,2.60000,-2.60000,5.7000e+01,5.400e+00,-5.400e+00,2.11,3.400e-01,-8.000e-01,2348.0,,,7197.15,3483.79,-4694.06,38.10,1,q1_q17_dr25_tce,6628.00,160.00,-180.00,3.783,0.312,-0.098,2.5950,0.4190,-0.9780,282.389340,47.967178,13.253
7825,10659624,K07354.01,,CANDIDATE,CANDIDATE,0.5820,0,0,0,0,43.267560400,8.2430000e-04,-8.2430000e-04,136.4574000,1.490000e-02,-1.490000e-02,0.8180,0.1450,-0.6120,8.33100,0.40000,-0.40000,6.9100e+01,8.000e+00,-8.000e+00,1.61,2.500e-01,-4.600e-01,664.0,,,45.99,18.53,-23.68,10.00,1,q1_q17_dr25_tce,5747.00,77.00,-77.00,4.018,0.262,-0.087,1.7290,0.2650,-0.4920,289.366460,47.923851,13.468
7826,10661913,K07355.01,,FALSE POSITIVE,FALSE POSITIVE,0.0000,0,1,1,1,1.231330630,9.4490000e-06,-9.4490000e-06,131.8249500,6.950000e-03,-6.950000e-03,0.0510,0.4160,-0.0510,3.70000,0.19800,-0.19800,7.8900e+01,5.200e+00,-5.200e+00,0.54,3.000e-02,-6.000e-02,1072.0,,,311.53,79.86,-85.45,17.60,1,q1_q17_dr25_tce,4237.00,113.00,-126.00,4.630,0.053,-0.021,0.6310,0.0400,-0.0600,290.345030,47.963589,14.875
7827,10662021,K07357.01,,FALSE POSITIVE,FALSE POSITIVE,0.0000,1,0,1,1,1.231405220,1.6590000e-05,-1.6590000e-05,131.7715000,1.350000e-02,-1.350000e-02,0.4120,0.0650,-0.4120,3.33800,0.43200,-0.43200,5.1300e+01,5.900e+00,-5.900e+00,0.81,2.300e-01,-1.600e-01,1756.0,,,2252.47,1930.02,-943.89,10.80,1,q1_q17_dr25_tce,5600.00,166.00,-166.00,4.320,0.162,-0.180,1.1180,0.3190,-0.2130,290.392790,47.997429,15.149
7828,11817750,K07482.01,,FALSE POSITIVE,FALSE POSITIVE,0.0000,0,1,0,0,9.762550001,1.6460000e-06,-1.6460000e-06,131.6719650,1.370000e-04,-1.370000e-04,1.0060,0.0800,-0.0490,4.87531,0.00934,-0.00934,4.1580e+04,6.420e+01,-6.420e+01,68.93,1.965e+01,-1.785e+01,1375.0,,,843.46,711.77,-447.58,827.00,1,q1_q17_dr25_tce,7199.00,201.00,-277.00,4.055,0.175,-0.175,1.9500,0.5560,-0.5050,293.826870,50.076530,12.250
7829,11825996,K07483.01,,CANDIDATE,CANDIDATE,,0,0,0,0,16.916338600,3.9140000e-04,-3.9140000e-04,132.8922000,1.960000e-02,-1.960000e-02,0.6327,0.0053,-0.5030,2.52100,0.60100,-0.60100,6.4200e+01,1.230e+01,-1.230e+01,0.68,3.100e-01,-7.000e-02,648.0,,,41.74,56.96,-11.25,6.30,1,q1_q17_dr24_tce,5628.00,169.00,-136.00,4.513,0.069,-0.069,0.8100,0.3640,-0.0830,297.347260,50.047440,13.132
7830,11855538,K07485.01,,FALSE POSITIVE,FALSE POSITIVE,0.0000,0,0,0,1,2.521265000,1.1080000e-03,-1.1080000e-03,132.8480000,3.850000e-01,-3.850000e-01,0.4630,0.0700,-0.4630,2.69000,8.10000,-8.10000,3.6500e+01,1.510e+01,-1.510e+01,1.16,2.700e-01,-3.900e-01,2049.0,,,4175.66,2896.70,-2514.70,5.90,1,q1_q17_dr25_tce,6306.00,189.00,-142.00,3.828,0.315,-0.135,1.8740,0.4250,-0.6370,286.709470,50.165909,12.227
7831,11858541,K07486.01,,FALSE POSITIVE,FALSE POSITIVE,0.0000,0,1,0,0,5.674353343,6.1000000e-07,-6.1000000e-07,135.7548264,8.770000e-05,-8.770000e-05,1.1670,0.0850,-0.0680,4.17722,0.00451,-0.00451,3.6484e+04,3.130e+01,-3.130e+01,51.63,1.692e+01,-1.128e+01,1053.0,,,290.75,278.64,-131.35,1098.30,1,q1_q17_dr25_tce,5594.00,149.00,-149.00,4.303,0.242,-0.220,1.0710,0.3510,-0.2340,288.636110,50.173260,14.215
7832,11873171,K07488.01,,FALSE POSITIVE,FALSE POSITIVE,0.0000,0,0,1,1,0.734426409,5.4100000e-06,-5.4100000e-06,131.9297200,5.590000e-03,-5.590000e-03,0.0390,0.4190,-0.0390,1.56900,0.19700,-0.19700,9.4100e+01,1.130e+01,-1.130e+01,0.98,2.800e-01,-1.100e-01,2223.0,,,5800.40,4682.70,-1903.13,10.40,1,q1_q17_dr25_tce,6406.00,155.00,-222.00,4.458,0.062,-0.188,1.0050,0.2830,-0.1210,296.196930,50.136120,15.588
7833,3102024,K06304.01,,FALSE POSITIVE,FALSE POSITIVE,0.0000,0,1,0,0,13.782522208,2.0720000e-06,-2.0720000e-06,139.4805670,1.240000e-04,-1.240000e-04,0.7180,0.0250,-0.0210,8.27762,0.00714,-0.00714,2.4894e+05,1.840e+02,-1.840e+02,41.84,4.010e+00,-4.010e+00,605.0,,,31.69,11.09,-8.73,1524.10,1,q1_q17_dr25_tce,5246.00,156.00,-156.00,4.604,0.072,-0.048,0.6680,0.0640,-0.0640,287.356080,38.212212,12.809
7834,3110937,K06305.01,,FALSE POSITIVE,FALSE POSITIVE,0.0000,0,0,1,1,1.891216560,4.5260000e-05,-4.5260000e-05,132.7016000,3.680000e-02,-3.680000e-02,0.4040,0.0640,-0.4040,5.14000,1.60000,-1.60000,6.6800e+01,8.000e+00,-8.000e+00,0.73,1.900e-01,-1.200e-01,1434.0,,,997.34,757.51,-385.63,10.70,1,q1_q17_dr25_tce,5741.00,173.00,-173.00,4.438,0.140,-0.171,0.8840,0.2210,-0.1480,290.026310,38.249458,15.203
7835,3120320,K06307.01,,FALSE POSITIVE,FALSE POSITIVE,0.0000,0,1,0,0,10.265613245,2.9200000e-07,-2.9200000e-07,136.4886955,2.360000e-05,-2.360000e-05,0.6670,0.0040,-0.0030,5.67553,0.00069,-0.00069,1.5046e+05,3.210e+01,-3.210e+01,61.45,1.062e+01,-1.166e+01,1000.0,,,236.60,106.77,-89.47,5640.00,1,q1_q17_dr25_tce,5865.00,79.00,-79.00,4.169,0.162,-0.108,1.4230,0.2460,-0.2700,292.291960,38.284489,10.885
7836,3228740,K06309.01,,FALSE POSITIVE,FALSE POSITIVE,0.0000,0,1,1,1,0.730956716,6.4520000e-06,-6.4520000e-06,132.2141200,9.030000e-03,-9.030000e-03,0.1290,0.3360,-0.1290,2.09700,0.22400,-0.22400,2.7800e+01,2.900e+00,-2.900e+00,0.57,1.800e-01,-9.000e-02,2192.0,,,5431.80,4959.62,-2003.13,11.20,1,q1_q17_dr25_tce,6028.00,162.00,-180.00,4.371,0.108,-0.201,1.0780,0.3360,-0.1680,289.742400,38.373169,13.707
7837,3230206,K06310.01,,FALSE POSITIVE,FALSE POSITIVE,0.0000,0,0,1,1,7.047150730,4.4570000e-05,-4.4570000e-05,132.7471000,5.340000e-03,-5.340000e-03,0.2720,0.1850,-0.2720,1.43400,0.18100,-0.18100,2.8250e+02,3.550e+01,-3.550e+01,1.54,4.500e-01,-1.500e-01,932.0,,,178.49,154.18,-50.62,9.80,1,q1_q17_dr25_tce,5941.00,166.00,-187.00,4.519,0.048,-0.204,0.9110,0.2660,-0.0890,290.107180,38.374409,15.583
7838,5026187,K06499.01,,FALSE POSITIVE,FALSE POSITIVE,0.1250,1,0,0,0,3.589666810,1.9140000e-05,-1.9140000e-05,134.5662100,4.280000e-03,-4.280000e-03,1.2090,0.1490,-0.1120,18.53400,0.29900,-0.29900,4.2130e+02,5.300e+00,-5.300e+00,95.86,9.470e+00,-3.783e+01,2410.0,,,7969.78,2745.47,-5354.43,102.30,1,q1_q17_dr25_tce,6564.00,179.00,-179.00,3.515,0.368,-0.092,3.8370,0.3790,-1.5140,295.639860,40.198250,13.391
7839,4729553,K06438.01,,FALSE POSITIVE,FALSE POSITIVE,0.0000,1,0,0,0,0.961292561,7.0000000e-08,-7.0000000e-08,121.4629897,6.140000e-05,-6.140000e-05,0.5790,0.0060,-0.0050,4.64294,0.00379,-0.00379,3.2553e+05,1.310e+02,-1.310e+02,92.55,2.795e+01,-2.030e+01,2344.0,,,7160.97,6242.58,-3297.78,1703.00,1,q1_q17_dr25_tce,6300.00,158.00,-189.00,4.188,0.195,-0.175,1.4040,0.4240,-0.3080,285.727540,39.841282,12.221
7840,4736208,K06439.01,,FALSE POSITIVE,FALSE POSITIVE,0.0000,0,1,0,0,63.681928880,2.4300000e-05,-2.4300000e-05,167.5477360,3.300000e-04,-3.300000e-04,0.5830,0.0100,-0.0090,12.60470,0.01710,-0.01710,3.4172e+05,4.220e+02,-4.220e+02,71.45,2.135e+01,-1.153e+01,486.0,,,13.15,11.82,-5.06,963.50,1,q1_q17_dr25_tce,5979.00,179.00,-197.00,4.386,0.108,-0.201,1.0540,0.3150,-0.1700,288.537410,39.834080,14.995
7841,4739194,K06442.01,,FALSE POSITIVE,FALSE POSITIVE,0.0000,0,1,0,0,1.246585716,7.2000000e-08,-7.2000000e-08,132.0206985,4.740000e-05,-4.740000e-05,0.4270,0.0080,-0.0070,4.62051,0.00224,-0.00224,4.0677e+05,1.730e+02,-1.730e+02,81.28,1.375e+01,-4.600e+00,1992.0,,,3709.26,1607.03,-563.32,2165.30,1,q1_q17_dr25_tce,6440.00,77.00,-77.00,4.369,0.035,-0.119,1.1830,0.2000,-0.0670,289.521480,39.862438,14.283
7842,4739565,K06443.01,,FALSE POSITIVE,FALSE POSITIVE,0.0000,0,1,0,1,0.898932836,6.1380000e-06,-6.1380000e-06,131.8161300,7.320000e-03,-7.320000e-03,0.5650,0.3910,-0.3470,2.43700,0.12200,-0.12200,6.1100e+01,3.300e+00,-3.300e+00,1.51,2.000e-01,-4.100e-01,2489.0,,,9056.70,3255.55,-4489.16,22.30,1,q1_q17_dr25_tce,5712.00,77.00,-77.00,3.959,0.210,-0.090,1.8720,0.2530,-0.5060,289.639680,39.899761,14.173
7843,4753988,K06445.01,,FALSE POSITIVE,FALSE POSITIVE,0.0000,0,1,0,0,7.304451735,3.9100000e-07,-3.9100000e-07,135.0252768,4.330000e-05,-4.330000e-05,1.0130,0.1090,-0.1040,4.09326,0.00347,-0.00347,1.4363e+05,4.080e+01,-4.080e+01,59.02,1.836e+01,-5.770e+00,931.0,,,177.19,167.69,-52.13,2096.80,1,q1_q17_dr25_tce,6024.00,190.00,-211.00,4.523,0.050,-0.212,0.9000,0.2800,-0.0880,293.843900,39.875420,14.989
7844,4757331,K06446.01,,FALSE POSITIVE,FALSE POSITIVE,0.0000,0,1,0,0,1.181046137,2.8300000e-07,-2.8300000e-07,132.1229220,1.960000e-04,-1.960000e-04,1.1650,0.0960,-0.1500,2.69230,0.01070,-0.01070,5.2609e+04,1.720e+02,-1.720e+02,37.78,4.040e+00,-4.040e+00,1389.0,,,878.27,333.06,-258.21,324.40,1,q1_q17_dr25_tce,5229.00,157.00,-157.00,4.580,0.078,-0.052,0.6920,0.0740,-0.0740,294.685420,39.831760,15.725
7845,5301955,K06560.01,,FALSE POSITIVE,FALSE POSITIVE,,1,0,0,0,0.683964520,,,131.7130275,,,,,,1.30000,,,,,,,,,,,,,,,,1,q1_q17_dr24_tce,,,,,,,,,,298.288970,40.468819,12.939
7846,5306862,K06561.01,,FALSE POSITIVE,FALSE POSITIVE,0.0000,0,1,0,0,2.025580416,2.7100000e-07,-2.7100000e-07,131.8641750,1.110000e-04,-1.110000e-04,0.4340,0.0260,-0.0150,4.48448,0.00768,-0.00768,4.4998e+04,5.600e+01,-5.600e+01,43.23,1.256e+01,-1.536e+01,2102.0,,,4618.62,3930.19,-2938.33,987.80,1,q1_q17_dr25_tce,6348.00,170.00,-208.00,3.996,0.306,-0.165,1.9900,0.5780,-0.7070,299.213900,40.458382,12.777
7847,5307574,K06562.01,,FALSE POSITIVE,FALSE POSITIVE,,0,0,1,0,58.643790000,2.9380000e-03,-2.9380000e-03,156.9092000,4.400000e-02,-4.400000e-02,0.2260,0.2499,-0.2256,24.44000,1.60000,-1.60000,1.8210e+02,1.660e+01,-1.660e+01,1.05,4.800e-01,-9.000e-02,437.0,,,8.59,12.06,-2.21,12.00,1,q1_q17_dr24_tce,5833.00,195.00,-156.00,4.537,0.066,-0.066,0.7750,0.3500,-0.0700,299.357030,40.497620,14.935
7848,5308778,K06563.01,,FALSE POSITIVE,FALSE POSITIVE,0.0000,1,0,0,0,20.282819160,6.7970000e-05,-6.7970000e-05,137.0517600,2.400000e-03,-2.400000e-03,0.7190,0.0150,-0.0180,36.04800,0.17500,-0.17500,2.7975e+03,1.040e+01,-1.040e+01,22.46,4.570e+00,-4.570e+00,1141.0,,,401.55,210.61,-159.68,306.70,1,q1_q17_dr25_tce,5043.00,65.00,-65.00,3.284,0.154,-0.126,3.9560,0.8050,-0.8050,299.577390,40.458481,11.777
7849,5310435,K06564.01,,FALSE POSITIVE,FALSE POSITIVE,0.0000,0,1,0,0,4.931365987,2.6370000e-06,-2.6370000e-06,133.1530130,4.480000e-04,-4.480000e-04,0.6860,0.0140,-0.0120,14.70880,0.02810,-0.02810,2.5595e+05,3.910e+02,-3.910e+02,139.59,2.856e+01,-6.662e+01,1755.0,,,2239.55,1446.54,-1717.93,772.70,1,q1_q17_dr25_tce,6562.00,210.00,-257.00,3.835,0.472,-0.118,2.2630,0.4630,-1.0800,299.887210,40.487339,13.254
7850,5347537,K06566.01,,FALSE POSITIVE,FALSE POSITIVE,0.0000,0,1,0,0,345.184672800,1.0400000e-04,-1.0400000e-04,228.8408450,2.010000e-04,-2.010000e-04,1.1790,0.2000,-0.1040,6.54680,0.01230,-0.01230,2.9989e+04,5.120e+01,-5.120e+01,44.91,1.244e+01,-6.710e+00,257.0,,,1.03,0.85,-0.38,687.50,1,q1_q17_dr25_tce,5712.00,169.00,-186.00,4.424,0.105,-0.180,0.9710,0.2690,-0.1450,286.711820,40.528542,14.023
7851,6364294,K06694.01,,FALSE POSITIVE,FALSE POSITIVE,0.0060,0,0,1,0,5.243661200,3.1660000e-04,-3.1660000e-04,132.7337000,5.980000e-02,-5.980000e-02,0.4360,0.0450,-0.4360,11.39000,1.20000,-1.20000,8.8300e+01,7.000e+00,-7.000e+00,1.10,3.400e-01,-1.400e-01,1249.0,,,574.76,519.69,-198.39,14.50,1,q1_q17_dr25_tce,6598.00,185.00,-231.00,4.387,0.065,-0.195,1.1450,0.3500,-0.1500,291.904210,41.779518,15.479
7852,6367439,K06695.01,,FALSE POSITIVE,FALSE POSITIVE,,0,1,0,1,3.778937400,1.7460000e-04,-1.7460000e-04,132.1163000,4.580000e-02,-4.580000e-02,0.6778,0.2191,-0.4516,10.76700,0.80000,-0.80000,5.6000e+01,4.300e+00,-4.300e+00,0.48,2.070e+00,-4.000e-02,860.0,,,129.06,4141.96,-30.37,15.10,1,q1_q17_dr24_tce,5017.00,194.00,-145.00,4.653,0.053,-0.053,0.6050,2.6210,-0.0440,292.927830,41.786160,13.548
7853,6368222,K06697.01,,CANDIDATE,CANDIDATE,,0,0,0,0,82.970621720,,,171.4282140,,,,,,8.22000,,,,,,,,,,,,,,,,3,q1_q17_dr24_tce,,,,,,,,,,293.162020,41.735229,13.678
7854,6372268,K06698.01,,FALSE POSITIVE,FALSE POSITIVE,0.0000,1,0,0,0,5.224224490,,,133.0119200,,,,,,4.56000,,,,,,,,,,,,29.83,10.15,-10.72,,1,q1_q17_dr25_tce,,,,,,,,,,294.356170,41.777206,11.446
7855,6384840,K06699.01,,FALSE POSITIVE,FALSE POSITIVE,0.0390,1,0,1,0,2.499040830,5.4520000e-05,-5.4520000e-05,133.3698000,1.310000e-02,-1.310000e-02,0.0100,0.4400,-0.0100,2.65100,0.39500,-0.39500,1.2820e+02,2.030e+01,-2.030e+01,1.04,2.700e-01,-1.400e-01,1258.0,,,592.18,485.78,-202.20,8.10,1,q1_q17_dr25_tce,5525.00,182.00,-182.00,4.458,0.091,-0.169,0.9300,0.2460,-0.1230,297.442440,41.789719,15.671
7856,6386784,K06700.01,,FALSE POSITIVE,FALSE POSITIVE,0.0000,0,0,0,1,1.995672420,1.8360000e-05,-1.8360000e-05,132.8732100,8.230000e-03,-8.230000e-03,0.5640,0.4050,-0.3450,3.58000,0.22200,-0.22200,1.8000e+01,1.500e+00,-1.500e+00,0.75,1.600e-01,-1.800e-01,2137.0,,,4939.44,3185.91,-2447.08,14.20,1,q1_q17_dr25_tce,6773.00,183.00,-224.00,4.063,0.210,-0.123,1.6900,0.3650,-0.4060,297.934390,41.792912,11.945
7857,6390236,K06701.01,,FALSE POSITIVE,FALSE POSITIVE,0.0000,1,0,0,0,0.898792790,1.2880000e-05,-1.2880000e-05,131.6716000,1.110000e-02,-1.110000e-02,0.2490,0.2240,-0.2490,1.03100,0.40100,-0.40100,2.6600e+01,4.200e+00,-4.200e+00,0.57,1.300e-01,-7.000e-02,2116.0,,,4765.10,2978.37,-1576.66,5.70,1,q1_q17_dr25_tce,6224.00,148.00,-203.00,4.373,0.084,-0.144,1.0960,0.2370,-0.1380,298.672330,41.776218,11.203
7858,7116236,K06828.01,,FALSE POSITIVE,FALSE POSITIVE,0.0000,0,1,1,1,0.566793818,5.7700000e-06,-5.7700000e-06,131.8298000,9.420000e-03,-9.420000e-03,0.9850,0.0060,-0.6860,4.92900,0.32700,-0.32700,1.0030e+02,6.500e+00,-6.500e+00,1.17,3.200e-01,-1.300e-01,2027.0,,,3972.65,3332.84,-1214.44,18.30,1,q1_q17_dr25_tce,5707.00,189.00,-189.00,4.538,0.055,-0.165,0.8280,0.2240,-0.0900,291.312440,42.618011,15.670
7859,7117513,K06829.01,,FALSE POSITIVE,FALSE POSITIVE,0.0000,0,0,0,1,0.566797474,5.9970000e-06,-5.9970000e-06,131.8117000,1.020000e-02,-1.020000e-02,0.5750,0.4090,-0.3550,2.70800,0.26700,-0.26700,9.8800e+01,1.060e+01,-1.060e+01,1.04,3.100e-01,-1.100e-01,2270.0,,,6276.39,5726.39,-1931.94,12.30,1,q1_q17_dr25_tce,6046.00,190.00,-232.00,4.478,0.050,-0.200,1.0070,0.3020,-0.1010,291.715700,42.687870,15.916
7860,7117541,K06830.01,,FALSE POSITIVE,FALSE POSITIVE,0.0000,0,1,1,0,1.585673651,1.9500000e-07,-1.9500000e-07,132.0130070,1.050000e-04,-1.050000e-04,1.1480,0.0490,-0.0400,3.20763,0.00461,-0.00461,4.4116e+04,5.530e+01,-5.530e+01,50.53,1.489e+01,-6.410e+00,1648.0,,,1740.78,1562.93,-606.83,717.50,1,q1_q17_dr25_tce,6117.00,193.00,-236.00,4.457,0.054,-0.202,1.0250,0.3020,-0.1300,291.723850,42.629822,15.634
7861,7118545,K06831.01,,FALSE POSITIVE,FALSE POSITIVE,0.0000,0,1,0,0,14.797219157,4.1100000e-07,-4.1100000e-07,144.6959608,2.270000e-05,-2.270000e-05,0.1570,0.0100,0.0000,7.61037,0.00059,-0.00059,2.5270e+05,3.640e+01,-3.640e+01,47.71,1.404e+01,-4.660e+00,787.0,,,90.80,78.38,-26.16,7795.30,1,q1_q17_dr25_tce,6343.00,171.00,-209.00,4.495,0.052,-0.208,0.9310,0.2740,-0.0910,292.028660,42.669552,14.185
7862,7132015,K06834.01,,FALSE POSITIVE,FALSE POSITIVE,0.0000,0,0,1,0,6.995104040,,,136.6223392,,,0.7700,,,1.75560,,,7.1800e+01,,,216.92,1.217e+01,-1.096e+02,7492.0,,,744614.96,125425.21,-580197.10,6.30,1,q1_q17_dr25_tce,3681.00,43.00,-94.00,0.250,0.136,-0.032,229.9080,12.9040,-116.1370,295.753510,42.671001,12.843
7863,7135549,K06835.01,,CANDIDATE,CANDIDATE,,0,0,0,0,22.500534410,,,150.2171942,,,,,,7.44000,,,,,,,,,,,,,,,,1,q1_q17_dr24_tce,,,,,,,,,,296.619200,42.674931,13.903
7864,8088354,K06959.01,,FALSE POSITIVE,FALSE POSITIVE,0.0000,0,1,0,0,2.897829967,1.9900000e-07,-1.9900000e-07,132.6047388,5.810000e-05,-5.810000e-05,0.7560,0.1700,-0.0020,3.17788,0.00310,-0.00310,1.6309e+05,8.790e+01,-8.790e+01,54.35,1.579e+01,-8.480e+00,1454.0,,,1054.79,934.22,-412.92,1305.80,1,q1_q17_dr25_tce,6318.00,199.00,-244.00,4.366,0.124,-0.186,1.0770,0.3130,-0.1680,288.329220,43.965279,13.648
7865,8091197,K06960.01,,CANDIDATE,CANDIDATE,0.9970,0,0,0,0,4.886983860,2.4360000e-05,-2.4360000e-05,132.8804000,4.210000e-03,-4.210000e-03,0.6610,0.2870,-0.4320,1.12700,0.16800,-0.16800,1.2540e+02,1.610e+01,-1.610e+01,1.20,4.100e-01,-1.300e-01,1133.0,,,389.31,399.27,-131.06,10.10,1,q1_q17_dr25_tce,6152.00,193.00,-257.00,4.464,0.058,-0.232,1.0090,0.3410,-0.1140,289.605220,43.952831,13.873
7866,8094140,K06961.01,,FALSE POSITIVE,FALSE POSITIVE,0.0000,0,1,0,0,0.706428634,3.3000000e-08,-3.3000000e-08,132.1461749,3.830000e-05,-3.830000e-05,0.3930,0.0810,-0.0230,1.75182,0.00279,-0.00279,3.7213e+05,1.720e+02,-1.720e+02,47.64,1.620e+00,-3.820e+00,1416.0,,,951.77,214.83,-252.78,1066.70,1,q1_q17_dr25_tce,4429.00,154.00,-154.00,4.569,0.060,-0.016,0.7360,0.0250,-0.0590,290.557160,43.987350,15.159
7867,8097825,K06963.01,,FALSE POSITIVE,FALSE POSITIVE,0.0000,0,1,0,0,1.468426480,4.5600000e-07,-4.5600000e-07,132.1654320,2.570000e-04,-2.570000e-04,0.6330,0.0100,-0.0060,6.66660,0.01920,-0.01920,1.5100e+05,4.390e+02,-4.390e+02,40.30,1.379e+01,-7.860e+00,1559.0,,,1402.93,1406.82,-587.73,622.80,1,q1_q17_dr25_tce,5539.00,149.00,-149.00,4.381,0.180,-0.240,0.9590,0.3280,-0.1870,291.881840,43.973171,13.283
7868,8098515,K06965.01,,FALSE POSITIVE,FALSE POSITIVE,0.0000,1,0,0,0,1.286597260,,,132.1114000,,,,,,3.53000,,,,,,,,,,,,6865.96,12883.24,-3251.08,,1,q1_q17_dr25_tce,,,,,,,,,,292.143310,43.922295,11.308
7869,8104436,K06967.01,,FALSE POSITIVE,FALSE POSITIVE,0.0000,0,1,1,1,2.535389624,8.5960000e-06,-8.5960000e-06,133.3865900,2.740000e-03,-2.740000e-03,1.1890,6.9280,-0.0950,2.90200,0.13100,-0.13100,4.1810e+02,1.820e+01,-1.820e+01,16.24,2.700e+00,-1.150e+00,1113.0,,,362.73,191.41,-81.79,27.30,1,q1_q17_dr25_tce,5488.00,163.00,-147.00,4.629,0.035,-0.105,0.7060,0.1170,-0.0500,294.201170,43.976761,15.561
7870,8815279,K07094.01,,CANDIDATE,CANDIDATE,,0,0,0,0,13.560926260,,,142.6425780,,,,,,2.53000,,,,,,,,,,,,,,,,1,q1_q17_dr24_tce,,,,,,,,,,290.456450,45.003231,15.561
7871,8822585,K07095.01,,FALSE POSITIVE,FALSE POSITIVE,0.0000,1,0,0,0,1.627538928,8.6690000e-06,-8.6690000e-06,131.9153100,4.220000e-03,-4.220000e-03,0.7690,0.0570,-0.5220,5.58300,0.14400,-0.14400,3.9000e+01,1.500e+00,-1.500e+00,1.42,3.000e-01,-4.000e-01,2520.0,,,9504.13,5716.28,-5249.63,29.90,1,q1_q17_dr25_tce,6854.00,163.00,-224.00,3.934,0.259,-0.111,2.0880,0.4330,-0.5950,293.305660,45.007969,12.760
7872,8841616,K07097.01,,FALSE POSITIVE,FALSE POSITIVE,0.0000,0,1,0,0,1.679585725,1.8700000e-07,-1.8700000e-07,131.5600829,9.250000e-05,-9.250000e-05,0.9700,0.0100,-0.0110,7.34648,0.00562,-0.00562,1.0179e+05,6.140e+01,-6.140e+01,28.99,2.570e+00,-2.560e+00,970.0,,,209.45,75.25,-60.60,1884.30,1,q1_q17_dr25_tce,4462.00,156.00,-171.00,4.700,0.045,-0.036,0.5540,0.0490,-0.0490,299.161680,45.051910,12.833
7873,8845221,K07098.01,,FALSE POSITIVE,FALSE POSITIVE,0.0000,0,1,0,0,5.403462480,1.6000000e-07,-1.6000000e-07,133.7451943,2.480000e-05,-2.480000e-05,0.5210,0.1740,-0.1770,7.64940,0.02390,-0.02390,2.6135e+05,0.000e+00,0.000e+00,108.46,2.592e+01,-4.805e+01,1559.0,,,1398.38,1022.56,-1020.19,2851.30,1,q1_q17_dr25_tce,6350.00,194.00,-214.00,3.921,0.413,-0.138,1.9840,0.4740,-0.8790,300.209930,45.003059,13.615
7874,8848115,K07101.01,,FALSE POSITIVE,FALSE POSITIVE,0.0000,0,1,1,1,0.824842930,3.6220000e-05,-3.6220000e-05,131.6424000,6.000000e-02,-6.000000e-02,0.0300,0.4500,-0.0300,1.38300,0.20100,-0.20100,6.1860e+02,8.080e+01,-8.080e+01,97.92,9.620e+00,-2.888e+01,8138.0,,,1040816.86,296458.14,-555449.71,10.00,1,q1_q17_dr25_tce,4148.00,66.00,-66.00,1.458,0.150,-0.087,41.4240,4.0710,-12.2140,300.998840,45.076019,12.721
7875,8868657,K07102.01,,FALSE POSITIVE,FALSE POSITIVE,0.0000,0,1,1,1,4.447354900,1.1250000e-04,-1.1250000e-04,133.8362000,2.190000e-02,-2.190000e-02,0.9800,0.5980,-0.0100,18.99000,1.40000,-1.40000,2.0360e+02,9.600e+00,-9.600e+00,1.52,3.200e-01,-1.200e-01,954.0,,,195.56,127.32,-45.96,25.90,1,q1_q17_dr25_tce,5531.00,167.00,-150.00,4.597,0.034,-0.136,0.7640,0.1610,-0.0580,284.401000,45.149391,15.989
7876,9726452,K07226.01,,CANDIDATE,CANDIDATE,,0,0,0,0,42.484522590,,,165.1372596,,,,,,4.16000,,,,,,,,,,,,,,,,1,q1_q17_dr24_tce,,,,,,,,,,297.722260,46.475830,14.824
7877,9762519,K07228.01,,FALSE POSITIVE,FALSE POSITIVE,0.0000,0,1,0,0,7.515145950,4.5500000e-07,-4.5500000e-07,138.0800379,5.030000e-05,-5.030000e-05,0.8400,0.1660,-0.0160,3.54486,0.00233,-0.00233,1.1746e+05,5.260e+01,-5.260e+01,35.80,5.710e+00,-4.290e+00,842.0,,,118.99,60.88,-36.23,1676.80,1,q1_q17_dr25_tce,5624.00,167.00,-150.00,4.516,0.105,-0.105,0.7770,0.1240,-0.0930,287.941380,46.582390,13.711
7878,9777062,K07229.01,,FALSE POSITIVE,FALSE POSITIVE,0.0000,0,1,0,0,19.230038188,5.2000000e-07,-5.2000000e-07,132.5814956,2.230000e-05,-2.230000e-05,0.6940,0.0030,-0.0040,7.04412,0.00061,-0.00061,2.6618e+05,2.150e+01,-2.150e+01,186.53,5.149e+01,-6.295e+01,1361.0,,,810.65,664.51,-518.71,7232.10,1,q1_q17_dr25_tce,7703.00,217.00,-372.00,3.844,0.267,-0.164,2.9160,0.8050,-0.9840,294.460780,46.589710,12.241
7879,9786821,K07230.01,,FALSE POSITIVE,FALSE POSITIVE,0.0000,0,1,0,0,21.120005744,2.9830000e-06,-2.9830000e-06,150.1283920,1.040000e-04,-1.040000e-04,0.9860,0.2600,-0.0220,2.05573,0.00640,-0.00640,1.3054e+04,2.780e+01,-2.780e+01,31.20,8.590e+00,-1.051e+01,880.0,,,141.75,119.89,-88.60,443.90,1,q1_q17_dr25_tce,6195.00,199.00,-243.00,4.069,0.306,-0.165,1.5980,0.4400,-0.5380,297.725740,46.548840,11.510
7880,9790965,K07231.02,,CANDIDATE,CANDIDATE,,0,0,0,0,4.747014790,3.7900000e-05,-3.7900000e-05,133.3330500,6.460000e-03,-6.460000e-03,64.5159,32.2000,-4.0110,2.46400,0.33400,-0.33400,3.6220e+03,4.530e+02,-4.530e+02,13333.50,5.171e+03,-4.789e+03,1640.0,,,1708.72,1945.16,-1100.79,10.10,2,q1_q17_dr24_tce,6531.00,173.00,-230.00,3.962,0.301,-0.301,1.9210,0.7450,-0.6900,298.911620,46.586578,13.388
7881,9811915,K07232.01,,CANDIDATE,CANDIDATE,0.9840,0,0,0,0,1.966828250,2.1480000e-05,-2.1480000e-05,132.6863200,8.710000e-03,-8.710000e-03,0.4150,0.0430,-0.4110,1.64500,0.25800,-0.25800,2.1430e+02,2.750e+01,-2.750e+01,1.18,2.400e-01,-1.000e-01,1283.0,,,638.54,405.44,-176.36,9.50,1,q1_q17_dr25_tce,5595.00,175.00,-195.00,4.581,0.042,-0.136,0.7960,0.1610,-0.0690,281.229370,46.681862,15.612
7882,10665749,K07359.01,,CANDIDATE,CANDIDATE,0.9650,0,0,0,0,4.237447181,9.0420000e-06,-9.0420000e-06,135.1767900,1.560000e-03,-1.560000e-03,0.1870,0.4960,-0.1870,0.37920,0.08200,-0.08200,3.5010e+02,3.440e+01,-3.440e+01,2.26,6.800e-01,-2.900e-01,1172.0,,,446.38,402.92,-150.26,11.10,1,q1_q17_dr25_tce,5993.00,180.00,-198.00,4.425,0.101,-0.203,0.9930,0.2980,-0.1280,291.902160,47.962070,15.504
7883,10670112,K07360.01,,CANDIDATE,CANDIDATE,,0,0,0,0,4.095358500,7.1790000e-05,-7.1790000e-05,135.7884000,1.690000e-02,-1.690000e-02,1.0194,0.0032,-0.0264,44.35000,2.10000,-2.10000,2.2680e+02,1.380e+01,-1.380e+01,7.76,3.620e+00,-2.150e+00,1680.0,,,1884.15,2594.63,-1035.86,60.20,1,q1_q17_dr24_tce,6839.00,172.00,-253.00,4.094,0.202,-0.202,1.7000,0.7940,-0.4700,293.669280,47.906689,13.543
7884,10685175,K07362.01,,FALSE POSITIVE,FALSE POSITIVE,0.0000,1,0,0,0,3.101977120,1.0020000e-05,-1.0020000e-05,133.7890200,2.900000e-03,-2.900000e-03,0.9840,0.0020,-0.0020,7.08300,0.14800,-0.14800,1.2460e+02,3.400e+00,-3.400e+00,2.64,1.240e+00,-2.200e-01,2246.0,,,6009.05,9902.90,-2779.89,63.30,1,q1_q17_dr25_tce,8709.00,462.00,-925.00,4.232,0.032,-0.288,1.7970,0.8400,-0.1480,298.571560,47.963951,12.075
7885,10686876,K07363.01,,FALSE POSITIVE,FALSE POSITIVE,0.0000,0,1,0,0,2.618414643,1.1300000e-07,-1.1300000e-07,134.0443670,3.430000e-05,-3.430000e-05,0.3560,0.0090,-0.0010,4.99923,0.00117,-0.00117,2.0086e+05,7.240e+01,-7.240e+01,109.33,1.875e+01,-3.478e+01,2582.0,,,10502.80,5580.46,-6323.36,3260.00,1,q1_q17_dr25_tce,8143.00,226.00,-311.00,3.960,0.259,-0.111,2.3610,0.4050,-0.7510,299.056730,47.909359,11.727
7886,10711913,K07365.01,,FALSE POSITIVE,FALSE POSITIVE,0.0000,0,1,0,0,19.407958161,1.4020000e-06,-1.4020000e-06,135.3915368,6.190000e-05,-6.190000e-05,0.9050,0.0250,-0.0270,6.09676,0.00297,-0.00297,1.4206e+05,5.020e+01,-5.020e+01,44.96,8.270e+00,-6.190e+00,633.0,,,37.92,21.87,-12.63,2506.60,1,q1_q17_dr25_tce,5702.00,170.00,-153.00,4.485,0.135,-0.135,0.7990,0.1470,-0.1100,282.601070,48.036690,15.521
7887,11906217,K07490.01,,FALSE POSITIVE,FALSE POSITIVE,0.0000,0,1,0,0,37.910213899,3.1950000e-06,-3.1950000e-06,162.4584190,6.630000e-05,-6.630000e-05,0.9630,0.0340,-0.0240,3.11152,0.00273,-0.00273,1.0347e+05,5.900e+01,-5.900e+01,29.45,2.050e+00,-2.260e+00,358.0,,,3.89,1.06,-0.96,1065.90,1,q1_q17_dr25_tce,4623.00,125.00,-139.00,4.686,0.054,-0.031,0.5600,0.0390,-0.0430,287.059270,50.214031,14.430
7888,11913052,K07491.01,,FALSE POSITIVE,FALSE POSITIVE,0.0000,0,0,1,1,3.747853070,2.8600000e-05,-2.8600000e-05,134.1746500,6.150000e-03,-6.150000e-03,0.2170,0.2360,-0.2170,3.44400,0.20300,-0.20300,1.4590e+02,1.000e+01,-1.000e+01,9.04,4.300e-01,-2.440e+00,2440.0,,,8389.62,1368.74,-4509.55,17.00,1,q1_q17_dr25_tce,4929.00,72.00,-172.00,3.001,0.033,-0.030,7.7000,0.3670,-2.0780,291.044980,50.282261,13.846
7889,11913071,K07492.01,,FALSE POSITIVE,FALSE POSITIVE,0.0000,0,1,0,0,3.747835042,9.5000000e-08,-9.5000000e-08,134.1877331,2.070000e-05,-2.070000e-05,0.5470,0.0020,0.0000,5.28519,0.00178,-0.00178,1.8892e+05,4.170e+01,-4.170e+01,141.70,4.253e+01,-6.380e+01,2697.0,,,12482.82,11052.68,-9324.95,6016.20,1,q1_q17_dr25_tce,8529.00,236.00,-371.00,3.769,0.420,-0.140,3.0650,0.9200,-1.3800,291.061400,50.255440,9.532
7890,11918482,K07493.01,,FALSE POSITIVE,FALSE POSITIVE,,0,1,0,0,0.947548480,3.8410000e-05,-3.8410000e-05,132.2664310,6.550000e-04,-6.550000e-04,11.1936,4.4980,-6.5350,1.73470,0.05970,-0.05970,1.1348e+04,3.090e+02,-3.090e+02,224.79,0.000e+00,0.000e+00,622.0,,,35.37,0.00,0.00,44.70,1,q1_q17_dr24_tce,3246.00,0.00,0.00,5.087,0.000,0.000,0.2000,0.0000,0.0000,294.019170,50.216606,13.497
7891,11922782,K07495.01,,FALSE POSITIVE,FALSE POSITIVE,0.0000,0,1,0,0,1.756466865,4.3800000e-07,-4.3800000e-07,132.0302990,2.070000e-04,-2.070000e-04,0.8240,0.0330,-0.0340,4.77810,0.01150,-0.01150,1.8822e+05,4.040e+02,-4.040e+02,87.40,1.384e+01,-2.076e+01,1831.0,,,2652.65,1122.78,-1182.51,541.90,1,q1_q17_dr25_tce,5726.00,85.00,-68.00,4.077,0.224,-0.096,1.4650,0.2320,-0.3480,296.007420,50.232609,10.460
7892,5897826,K00126.02,,CANDIDATE,CANDIDATE,0.9970,0,0,0,0,0.875197345,,,131.8135915,,,1.0040,,,0.05200,,,0.0000e+00,,,0.73,1.100e-01,-1.700e-01,2518.0,,,9497.39,4250.51,-4369.96,0.00,3,q1_q17_dr25_tce,5855.00,117.00,-117.00,3.999,0.196,-0.084,1.7960,0.2810,-0.4220,297.475860,41.114288,13.109
7893,3240158,K01106.03,,CANDIDATE,CANDIDATE,0.9490,0,0,0,0,13.229820300,2.7830000e-04,-2.7830000e-04,134.3757000,1.950000e-02,-1.950000e-02,0.4350,0.0460,-0.4140,3.56600,0.67900,-0.67900,1.5780e+02,1.500e+01,-1.500e+01,1.50,2.400e-01,-1.400e-01,856.0,,,126.84,51.02,-28.20,10.00,3,q1_q17_dr25_tce,6049.00,72.00,-91.00,4.353,0.076,-0.114,1.1760,0.1840,-0.1070,292.713100,38.358212,14.818
7894,2837111,K01110.02,,FALSE POSITIVE,FALSE POSITIVE,0.0470,1,0,0,0,3.718408840,7.6170000e-05,-7.6170000e-05,134.6575000,1.800000e-02,-1.800000e-02,0.1920,0.2660,-0.1920,3.61100,0.51600,-0.51600,7.7200e+01,9.600e+00,-9.600e+00,0.84,2.800e-01,-9.000e-02,1184.0,,,464.19,444.36,-141.70,9.60,2,q1_q17_dr25_tce,5982.00,160.00,-195.00,4.493,0.054,-0.216,0.9600,0.3140,-0.1050,287.444090,38.088428,14.794
7895,3241619,K06312.01,,FALSE POSITIVE,FALSE POSITIVE,0.0000,0,1,0,0,1.703347524,1.0800000e-07,-1.0800000e-07,132.4680448,5.270000e-05,-5.270000e-05,0.2230,0.0140,0.0000,3.30390,0.00222,-0.00222,5.0441e+05,3.800e+02,-3.800e+02,47.62,5.590e+00,-3.010e+00,1202.0,,,495.27,200.20,-105.52,1288.00,1,q1_q17_dr25_tce,5325.00,159.00,-143.00,4.657,0.039,-0.066,0.6480,0.0760,-0.0410,293.094940,38.361252,12.524
7896,3241662,K06313.01,,FALSE POSITIVE,FALSE POSITIVE,0.0000,0,0,1,1,1.703329150,1.3030000e-05,-1.3030000e-05,132.4729400,5.900000e-03,-5.900000e-03,0.3070,0.1440,-0.3070,1.66300,0.17500,-0.17500,9.8500e+01,1.330e+01,-1.330e+01,0.86,2.600e-01,-8.000e-02,1420.0,,,965.03,858.81,-263.93,8.90,1,q1_q17_dr25_tce,5749.00,153.00,-170.00,4.547,0.036,-0.204,0.8640,0.2630,-0.0820,293.105680,38.374340,15.191
7897,3245000,K06314.01,,FALSE POSITIVE,FALSE POSITIVE,0.0000,0,0,1,0,20.413812000,3.2210000e-04,-3.2210000e-04,148.5092000,1.330000e-02,-1.330000e-02,1.1580,6.8270,-0.0270,5.80600,0.74800,-0.74800,4.9640e+02,5.260e+01,-5.260e+01,16.50,4.010e+00,-1.340e+00,586.0,,,27.84,20.61,-7.04,11.60,1,q1_q17_dr25_tce,5514.00,166.00,-166.00,4.569,0.038,-0.161,0.8260,0.2010,-0.0670,293.900910,38.308689,15.380
7898,3248332,K06317.01,,FALSE POSITIVE,FALSE POSITIVE,0.0000,1,0,0,0,7.363572395,5.2120000e-06,-5.2120000e-06,138.7044200,5.820000e-04,-5.820000e-04,0.9220,0.0880,-0.0380,5.75450,0.03320,-0.03320,1.2970e+05,6.770e+02,-6.770e+02,82.22,2.699e+01,-1.657e+01,1287.0,,,649.25,611.60,-294.98,224.90,2,q1_q17_dr25_tce,6793.00,165.00,-259.00,4.208,0.124,-0.186,1.5080,0.4950,-0.3040,294.664670,38.333000,13.102
7899,3249334,K06318.01,,CANDIDATE,CANDIDATE,,0,0,0,0,5.902605860,5.0020000e-05,-5.0020000e-05,136.3550700,7.110000e-03,-7.110000e-03,0.1049,0.3559,-0.1048,1.83200,0.20100,-0.20100,3.3770e+02,4.460e+01,-4.460e+01,1.26,1.800e-01,-9.000e-02,759.0,,,78.58,35.35,-18.10,8.20,1,q1_q17_dr24_tce,4960.00,147.00,-137.00,4.627,0.027,-0.027,0.7070,0.0960,-0.0510,294.878880,38.397812,15.734
7900,3324069,K06320.01,,CANDIDATE,CANDIDATE,,0,0,0,0,22.802650000,2.5540000e-03,-2.5540000e-03,132.9476000,9.980000e-02,-9.980000e-02,0.1018,0.3329,-0.1015,19.34000,3.10000,-3.10000,5.3100e+01,6.800e+00,-6.800e+00,2.36,1.920e+00,-4.600e-01,1045.0,,,281.59,739.39,-115.18,11.80,1,q1_q17_dr24_tce,5011.00,125.00,-107.00,3.321,0.214,-0.214,3.3240,2.7010,-0.6560,285.640930,38.418732,13.124
7901,4758350,K06447.01,,FALSE POSITIVE,FALSE POSITIVE,0.0000,0,1,0,0,1.120997701,6.0020000e-06,-6.0020000e-06,131.4848600,5.060000e-03,-5.060000e-03,1.1140,0.0210,-0.1190,11.24300,0.77300,-0.77300,1.4560e+02,7.200e+00,-7.200e+00,66.58,4.740e+00,-2.687e+01,3992.0,,,60096.61,16554.14,-41379.69,58.10,1,q1_q17_dr25_tce,6720.00,180.00,-220.00,3.373,0.366,-0.065,4.8450,0.3450,-1.9550,294.931980,39.812420,12.964
7902,4758368,K06448.01,,FALSE POSITIVE,FALSE POSITIVE,0.0000,0,1,0,0,1.874967748,3.3100000e-07,-3.3100000e-07,132.7015530,1.440000e-04,-1.440000e-04,0.8170,0.0020,-0.0020,10.01590,0.01340,-0.01340,3.1526e+04,3.860e+01,-3.860e+01,378.99,4.455e+01,-1.336e+02,4440.0,,,91765.97,28432.06,-55761.64,1566.60,1,q1_q17_dr25_tce,4588.00,55.00,-75.00,2.232,0.176,-0.095,18.3280,2.1540,-6.4630,294.936370,39.852482,10.805
7903,4768756,K06451.01,,FALSE POSITIVE,FALSE POSITIVE,0.0000,0,0,1,1,2.404401120,3.0620000e-05,-3.0620000e-05,133.1975000,1.180000e-02,-1.180000e-02,0.6690,0.2710,-0.4500,5.49000,0.34800,-0.34800,2.7100e+01,1.900e+00,-1.900e+00,0.42,3.000e-02,-3.000e-02,1172.0,,,447.52,91.32,-82.53,16.70,1,q1_q17_dr25_tce,5433.00,75.00,-86.00,4.550,0.055,-0.055,0.7690,0.0520,-0.0520,297.117400,39.859112,12.632
7904,4769824,K06452.01,,FALSE POSITIVE,FALSE POSITIVE,0.0000,0,0,1,1,21.926779000,6.5720000e-04,-6.5720000e-04,135.5453000,3.340000e-02,-3.340000e-02,0.5420,0.4310,-0.3250,10.05000,1.30000,-1.30000,1.9860e+02,4.110e+01,-4.110e+01,1.26,3.700e-01,-1.200e-01,618.0,,,34.52,30.45,-10.06,10.50,1,q1_q17_dr25_tce,5853.00,182.00,-203.00,4.544,0.036,-0.192,0.8680,0.2520,-0.0840,297.322390,39.872990,15.407
7905,4830859,K06454.01,,CANDIDATE,CANDIDATE,,0,0,0,0,27.217385500,5.8900000e-04,-5.8900000e-04,144.6728000,1.640000e-02,-1.640000e-02,0.6516,0.2954,-0.4299,3.26800,0.52400,-0.52400,1.5590e+02,3.030e+01,-3.030e+01,1.34,5.000e-01,-1.600e-01,667.0,,,46.80,51.79,-15.41,6.70,1,q1_q17_dr24_tce,6263.00,179.00,-205.00,4.404,0.087,-0.087,1.0190,0.3790,-0.1270,290.311340,39.980690,15.000
7906,4832273,K06455.01,,FALSE POSITIVE,FALSE POSITIVE,,1,0,0,0,501.907030000,4.2650000e-02,-4.2650000e-02,205.6190000,4.160000e-02,-4.160000e-02,0.0805,0.3611,-0.0805,12.43000,1.90000,-1.90000,3.0690e+02,3.980e+01,-3.980e+01,1.83,7.900e-01,-2.000e-01,254.0,,,0.99,1.27,-0.30,10.30,1,q1_q17_dr24_tce,6316.00,165.00,-206.00,4.413,0.069,-0.069,1.0360,0.4510,-0.1110,290.762510,39.910648,14.131
7907,5353938,K06568.01,,CANDIDATE,CANDIDATE,0.9510,0,0,0,0,6.276515920,5.8720000e-05,-5.8720000e-05,136.1803200,8.070000e-03,-8.070000e-03,0.1720,0.2810,-0.1720,1.97300,0.20200,-0.20200,1.6600e+02,2.290e+01,-2.290e+01,0.65,7.000e-02,-6.000e-02,532.0,,,18.89,6.55,-5.34,8.90,1,q1_q17_dr25_tce,3914.00,97.00,-107.00,4.748,0.050,-0.050,0.5150,0.0540,-0.0540,289.159550,40.511810,15.516
7908,5359678,K06569.01,,FALSE POSITIVE,FALSE POSITIVE,0.0000,0,1,0,0,3.115304946,2.6500000e-07,-2.6500000e-07,133.1240488,6.960000e-05,-6.960000e-05,0.8900,0.0110,-0.0110,4.88748,0.00300,-0.00300,1.4952e+05,1.010e+02,-1.010e+02,61.66,1.781e+01,-7.600e+00,1404.0,,,918.39,759.24,-293.85,1398.80,1,q1_q17_dr25_tce,6367.00,153.00,-192.00,4.419,0.062,-0.188,1.0870,0.3140,-0.1340,290.951320,40.547970,14.154
7909,5380812,K06570.01,,CANDIDATE,CANDIDATE,,0,0,0,0,16.214474000,4.3650000e-04,-4.3650000e-04,136.4350000,1.900000e-02,-1.900000e-02,0.6311,0.3254,-0.4280,4.14900,0.67600,-0.67600,1.6170e+02,2.340e+01,-2.340e+01,3.53,1.070e+00,-1.230e+00,1256.0,,,587.82,532.86,-378.39,9.40,4,q1_q17_dr24_tce,6801.00,200.00,-295.00,3.833,0.277,-0.277,2.6370,0.7990,-0.9170,296.562320,40.590939,10.896
7910,5385647,K06572.01,,FALSE POSITIVE,FALSE POSITIVE,,0,1,0,1,12.426926400,2.5920000e-04,-2.5920000e-04,141.4499000,1.630000e-02,-1.630000e-02,0.0400,0.4053,-0.0399,21.82600,0.45300,-0.45300,1.2660e+02,5.100e+00,-5.100e+00,1.66,1.020e+00,-6.900e-01,906.0,,,159.50,313.18,-110.24,28.30,1,q1_q17_dr24_tce,5349.00,173.00,-146.00,4.044,0.441,-0.441,1.5050,0.9260,-0.6210,297.634520,40.526520,13.994
7911,5385667,K06573.01,,FALSE POSITIVE,FALSE POSITIVE,0.0000,1,0,1,1,12.426180900,3.8480000e-04,-3.8480000e-04,141.5307000,3.070000e-02,-3.070000e-02,0.9800,0.1060,-0.0050,29.09000,2.00000,-2.00000,9.2200e+01,2.600e+00,-2.600e+00,1.88,5.100e-01,-6.300e-01,976.0,,,214.85,172.60,-130.41,39.00,1,q1_q17_dr25_tce,5948.00,161.00,-178.00,4.106,0.350,-0.150,1.4320,0.3910,-0.4780,297.640590,40.531952,13.219
7912,5388229,K06574.01,,CANDIDATE,CANDIDATE,,0,0,0,0,0.618105420,8.5600000e-07,-8.5600000e-07,131.7448800,1.290000e-03,-1.290000e-03,1.2326,0.0244,-0.2874,6.66600,0.33400,-0.33400,1.2264e+04,1.977e+03,-1.977e+03,39.52,2.404e+01,-5.580e+00,1994.0,,,3735.52,7260.95,-1269.90,118.70,1,q1_q17_dr24_tce,5371.00,177.00,-147.00,4.403,0.130,-0.130,0.9490,0.5770,-0.1340,298.211180,40.512501,14.684
7913,6421483,K06703.01,,FALSE POSITIVE,FALSE POSITIVE,0.0000,0,1,0,0,2.158398259,2.3150000e-06,-2.3150000e-06,131.8940540,9.420000e-04,-9.420000e-04,0.9960,0.0430,-0.0440,8.16330,0.08850,-0.08850,9.3038e+04,5.750e+02,-5.750e+02,101.02,6.583e+01,-6.582e+01,1829.0,,,2649.52,5386.44,-2361.10,217.00,1,q1_q17_dr25_tce,5210.00,140.00,-140.00,3.778,0.892,-0.297,1.9460,1.2680,-1.2680,283.045100,41.860062,13.024
7914,6421937,K06704.01,,FALSE POSITIVE,FALSE POSITIVE,,0,1,0,0,359.534371000,4.3410000e-03,-4.3410000e-03,218.6861300,9.320000e-03,-9.320000e-03,100.8060,0.1296,-34.1000,24.20500,0.51900,-0.51900,5.7320e+03,1.250e+02,-1.250e+02,64333.80,4.504e+03,-1.646e+04,491.0,,,13.70,3.12,-7.05,96.00,2,q1_q17_dr24_tce,5087.00,89.00,-165.00,3.183,0.031,-0.031,5.8990,0.4130,-1.5090,283.256590,41.803150,13.925
7915,6428942,K06706.01,,FALSE POSITIVE,FALSE POSITIVE,,1,0,0,0,534.866680000,1.4080000e-02,-1.4080000e-02,209.0227000,4.670000e-02,-4.670000e-02,0.1130,0.4122,-0.1130,8.19000,2.60000,-2.60000,5.6500e+02,1.150e+02,-1.150e+02,4.30,2.140e+00,-1.250e+00,328.0,,,2.74,4.08,-1.58,8.30,1,q1_q17_dr24_tce,6668.00,174.00,-282.00,4.074,0.205,-0.205,1.7910,0.8930,-0.5200,286.676970,41.826874,13.845
7916,6442246,K06709.01,,FALSE POSITIVE,FALSE POSITIVE,0.0000,0,0,0,1,2.212749800,1.0460000e-04,-1.0460000e-04,132.7452000,5.560000e-02,-5.560000e-02,0.2290,0.2140,-0.2290,3.05400,0.45900,-0.45900,2.2700e+01,2.900e+00,-2.900e+00,0.68,1.400e-01,-2.000e-01,1801.0,,,2494.14,1591.18,-1352.41,9.30,1,q1_q17_dr25_tce,6195.00,167.00,-167.00,4.106,0.273,-0.117,1.4050,0.3000,-0.4010,291.600770,41.830639,13.386
7917,6443392,K06710.01,,FALSE POSITIVE,FALSE POSITIVE,0.0000,1,0,0,0,0.776976021,3.1000000e-08,-3.1000000e-08,132.2745574,3.260000e-05,-3.260000e-05,1.2220,0.0210,-0.0210,1.95401,0.00344,-0.00344,2.1245e+04,4.600e+00,-4.600e+00,48.15,1.507e+01,-6.470e+00,2083.0,,,4459.03,4247.47,-1605.37,1582.90,2,q1_q17_dr25_tce,5999.00,190.00,-232.00,4.423,0.070,-0.210,1.0420,0.3260,-0.1400,291.992980,41.884125,12.723
7918,7137798,K06836.01,,FALSE POSITIVE,FALSE POSITIVE,0.0000,0,1,0,0,2.253537390,4.0900000e-07,-4.0900000e-07,132.4867080,1.510000e-04,-1.510000e-04,0.8200,0.0190,-0.0160,5.74622,0.00861,-0.00861,1.8283e+05,2.250e+02,-2.250e+02,96.65,2.832e+01,-2.576e+01,2056.0,,,4215.56,3644.03,-2300.90,904.80,1,q1_q17_dr25_tce,6951.00,192.00,-288.00,4.119,0.209,-0.171,1.6620,0.4870,-0.4430,297.137760,42.680000,13.451
7919,7177553,K06837.01,,FALSE POSITIVE,FALSE POSITIVE,0.0000,0,1,0,0,17.996461480,1.2520000e-06,-1.2520000e-06,139.5431461,5.590000e-05,-5.590000e-05,1.0910,0.0270,-0.0310,4.65638,0.00238,-0.00238,6.2755e+04,2.360e+01,-2.360e+01,114.45,3.501e+01,-7.002e+01,1004.0,,,240.38,227.20,-208.37,1951.80,1,q1_q17_dr25_tce,5684.00,190.00,-173.00,3.788,0.656,-0.164,2.2490,0.6880,-1.3760,283.012120,42.721272,11.511
7920,7177892,K06838.01,,FALSE POSITIVE,FALSE POSITIVE,0.0000,0,1,0,0,1.386249249,2.3000000e-07,-2.3000000e-07,132.7422060,1.360000e-04,-1.360000e-04,1.1350,0.0350,-0.0300,2.99104,0.00809,-0.00809,4.7188e+04,8.690e+01,-8.690e+01,78.60,2.283e+01,-2.283e+01,2137.0,,,4939.80,4366.47,-2813.33,560.00,1,q1_q17_dr25_tce,6226.00,195.00,-239.00,4.135,0.240,-0.180,1.5940,0.4630,-0.4630,283.169010,42.792114,11.766
7921,7199935,K06841.01,,FALSE POSITIVE,FALSE POSITIVE,0.0000,1,0,1,1,0.566795728,5.4280000e-06,-5.4280000e-06,131.8148000,1.050000e-02,-1.050000e-02,0.6530,0.0350,-0.5180,2.79000,0.69100,-0.69100,1.8900e+01,2.200e+00,-2.200e+00,0.64,1.300e-01,-1.600e-01,2755.0,,,13656.59,8619.97,-6906.06,12.40,1,q1_q17_dr25_tce,6130.00,167.00,-167.00,4.151,0.210,-0.123,1.3930,0.2930,-0.3580,291.657590,42.729649,13.379
7922,7200225,K06843.01,,FALSE POSITIVE,FALSE POSITIVE,0.0000,1,0,1,1,0.566780836,6.5310000e-06,-6.5310000e-06,131.8749000,1.040000e-02,-1.040000e-02,0.0050,0.4920,-0.0050,4.93700,0.33100,-0.33100,6.0900e+01,6.500e+00,-6.500e+00,0.75,2.200e-01,-8.000e-02,2204.0,,,5608.62,4985.45,-1697.83,18.70,1,q1_q17_dr25_tce,5949.00,184.00,-226.00,4.493,0.050,-0.200,0.9620,0.2820,-0.0940,291.743350,42.769482,15.328
7923,8111622,K06968.01,,FALSE POSITIVE,FALSE POSITIVE,0.0000,0,1,0,0,15.446059620,8.6100000e-07,-8.6100000e-07,145.5341274,4.540000e-05,-4.540000e-05,0.3000,0.0080,-0.0070,4.59630,0.00183,-0.00183,3.3091e+05,2.650e+02,-2.650e+02,52.93,1.622e+01,-5.430e+00,701.0,,,57.04,51.24,-16.85,2025.20,1,q1_q17_dr25_tce,5838.00,157.00,-192.00,4.529,0.038,-0.212,0.8970,0.2750,-0.0920,296.438540,43.965961,15.488
7924,8112013,K06969.01,,CANDIDATE,CANDIDATE,0.2760,0,0,0,0,1.790518325,7.4000000e-08,-7.4000000e-08,132.9384734,3.430000e-05,-3.430000e-05,0.6430,0.0090,-0.0040,3.34624,0.00323,-0.00323,6.1542e+04,2.830e+01,-2.830e+01,32.19,9.670e+00,-4.830e+00,1850.0,,,2761.65,2341.35,-996.21,2493.30,1,q1_q17_dr25_tce,6586.00,148.00,-198.00,4.319,0.101,-0.188,1.2190,0.3660,-0.1830,296.555940,43.967758,12.450
7925,8115647,K06970.01,,CANDIDATE,CANDIDATE,0.9870,0,0,0,0,40.769854100,6.1920000e-04,-6.1920000e-04,158.8636300,9.630000e-03,-9.630000e-03,0.2020,0.2510,-0.2020,2.99700,0.50100,-0.50100,2.3980e+02,3.910e+01,-3.910e+01,1.87,3.100e-01,-2.500e-01,585.0,,,27.73,11.69,-8.06,8.80,1,q1_q17_dr25_tce,5884.00,70.00,-79.00,4.306,0.115,-0.115,1.2100,0.1990,-0.1630,297.468570,43.982010,14.908
7926,8123170,K06972.01,,FALSE POSITIVE,FALSE POSITIVE,,1,0,0,0,1.039050820,1.2990000e-05,-1.2990000e-05,132.5348000,1.120000e-02,-1.120000e-02,0.4522,0.0165,-0.4521,3.03500,0.33000,-0.33000,4.3800e+01,5.200e+00,-5.200e+00,0.87,3.500e-01,-1.600e-01,2297.0,,,6581.45,7865.56,-2841.29,9.90,1,q1_q17_dr24_tce,6558.00,179.00,-232.00,4.239,0.163,-0.163,1.2800,0.5170,-0.2430,299.276120,43.936829,13.835
7927,8128965,K06974.01,,FALSE POSITIVE,FALSE POSITIVE,0.0000,0,1,0,0,7.140373046,4.5600000e-07,-4.5600000e-07,138.0080120,5.290000e-05,-5.290000e-05,0.3090,0.0060,-0.0030,7.07032,0.00262,-0.00262,2.0526e+05,8.020e+01,-8.020e+01,61.56,1.584e+01,-1.764e+01,1132.0,,,388.56,294.99,-213.55,3250.00,1,q1_q17_dr25_tce,5945.00,161.00,-179.00,4.168,0.293,-0.158,1.3330,0.3430,-0.3820,300.773100,43.962132,13.232
7928,8878681,K07103.01,,FALSE POSITIVE,FALSE POSITIVE,0.0030,0,1,0,0,2.496328637,1.4300000e-07,-1.4300000e-07,132.2054088,4.810000e-05,-4.810000e-05,1.1990,0.0890,-0.0230,2.73115,0.00138,-0.00138,2.0527e+04,2.500e+01,-2.500e+01,112.28,2.074e+01,-3.856e+01,2317.0,,,6804.42,3622.42,-4229.97,1412.40,1,q1_q17_dr25_tce,6757.00,150.00,-217.00,3.842,0.273,-0.117,2.6150,0.4830,-0.8980,289.231570,45.164322,11.211
7929,8879427,K07104.01,,FALSE POSITIVE,FALSE POSITIVE,0.0000,0,1,0,0,16.313281240,2.1560000e-06,-2.1560000e-06,136.8539810,1.120000e-04,-1.120000e-04,0.7680,0.0100,-0.0020,4.45731,0.00732,-0.00732,7.1589e+04,1.180e+02,-1.180e+02,30.85,9.450e+00,-4.050e+00,747.0,,,73.51,67.63,-24.98,982.30,1,q1_q17_dr25_tce,6008.00,180.00,-198.00,4.440,0.070,-0.210,1.0060,0.3080,-0.1320,289.536680,45.105141,14.524
7930,8881169,K07106.01,,CANDIDATE,CANDIDATE,0.9810,0,0,0,0,5.018803050,3.8820000e-05,-3.8820000e-05,132.2519100,6.340000e-03,-6.340000e-03,0.1720,0.2880,-0.1720,1.82300,0.18700,-0.18700,9.8700e+01,1.150e+01,-1.150e+01,1.08,3.700e-01,-1.400e-01,1178.0,,,455.98,450.97,-161.46,10.30,1,q1_q17_dr25_tce,6220.00,166.00,-222.00,4.398,0.072,-0.217,1.0830,0.3660,-0.1470,290.212550,45.134991,14.541
7931,8890996,K07107.01,,FALSE POSITIVE,FALSE POSITIVE,0.0000,0,1,0,1,1.506507450,1.5360000e-05,-1.5360000e-05,132.9868300,8.660000e-03,-8.660000e-03,0.6770,0.2900,-0.4660,2.62200,0.28700,-0.28700,2.7800e+01,2.400e+00,-2.400e+00,1.13,2.500e-01,-3.000e-01,2498.0,,,9242.43,5892.76,-4931.67,14.40,1,q1_q17_dr25_tce,6839.00,163.00,-225.00,4.003,0.204,-0.136,2.0200,0.4460,-0.5450,293.821750,45.107750,12.491
7932,8940961,K07110.01,,FALSE POSITIVE,FALSE POSITIVE,0.0000,0,1,0,0,1.583334941,5.5900000e-07,-5.5900000e-07,132.3778940,2.900000e-04,-2.900000e-04,0.7810,0.2200,-0.0390,4.48540,0.01910,-0.01910,1.7707e+05,5.650e+02,-5.650e+02,52.00,1.545e+01,-6.600e+00,1548.0,,,1362.14,1216.03,-453.76,368.80,1,q1_q17_dr25_tce,5846.00,175.00,-192.00,4.472,0.065,-0.195,0.9530,0.2830,-0.1210,286.789520,45.271381,14.932
7933,8953278,K07111.01,,CANDIDATE,CANDIDATE,,0,0,0,0,23.599190170,,,134.2797605,,,,,,2.05000,,,,,,,,,,,,,,,,1,q1_q17_dr24_tce,,,,,,,,,,291.928960,45.231838,15.365
7934,9821428,K07235.01,,CANDIDATE,CANDIDATE,,0,0,0,0,299.706880000,3.5130000e-02,-3.5130000e-02,360.3939000,4.940000e-02,-4.940000e-02,0.1196,0.3187,-0.1196,15.39000,2.70000,-2.70000,2.3070e+02,3.430e+01,-3.430e+01,1.15,3.800e-01,-8.000e-02,237.0,,,0.75,0.75,-0.16,8.60,1,q1_q17_dr24_tce,5606.00,166.00,-141.00,4.597,0.029,-0.029,0.7600,0.2540,-0.0530,287.026150,46.686291,14.713
7935,9848420,K07237.01,,FALSE POSITIVE,FALSE POSITIVE,,0,0,1,0,7.932019100,2.7020000e-04,-2.7020000e-04,136.4321000,2.580000e-02,-2.580000e-02,0.5896,0.0494,-0.4519,8.18000,1.00000,-1.00000,1.2510e+02,1.510e+01,-1.510e+01,1.04,8.800e-01,-1.200e-01,811.0,,,102.05,296.22,-32.35,8.80,1,q1_q17_dr24_tce,5219.00,194.00,-160.00,4.441,0.108,-0.108,0.9050,0.7570,-0.1090,298.054900,46.633461,15.223
7936,9850387,K07238.01,,FALSE POSITIVE,FALSE POSITIVE,0.0000,0,1,0,0,1.374249107,4.0700000e-07,-4.0700000e-07,131.6629680,2.320000e-04,-2.320000e-04,0.7710,0.1420,-0.0390,5.31810,0.01670,-0.01670,1.3666e+05,3.720e+02,-3.720e+02,96.85,2.402e+01,-3.603e+01,2725.0,,,13078.76,9664.34,-8769.42,520.30,1,q1_q17_dr25_tce,7053.00,197.00,-310.00,3.958,0.315,-0.135,2.1210,0.5260,-0.7890,298.592380,46.690529,13.549
7937,9850912,K07239.01,,FALSE POSITIVE,FALSE POSITIVE,0.0000,0,0,1,1,8.480473700,1.1760000e-04,-1.1760000e-04,135.8340000,1.110000e-02,-1.110000e-02,0.3300,0.1260,-0.3300,6.15700,0.31000,-0.31000,3.3700e+02,2.730e+01,-2.730e+01,1.85,5.400e-01,-2.000e-01,930.0,,,176.51,157.77,-55.51,14.50,1,q1_q17_dr25_tce,6092.00,189.00,-232.00,4.471,0.050,-0.200,0.9980,0.2940,-0.1050,298.735020,46.699791,15.790
7938,9852050,K07240.01,,FALSE POSITIVE,FALSE POSITIVE,,1,0,0,0,0.942421560,,,132.1165604,,,,,,1.89000,,,,,,,,,,,,,,,,1,q1_q17_dr24_tce,,,,,,,,,,299.074860,46.658920,13.806
7939,9873869,K07241.01,,FALSE POSITIVE,FALSE POSITIVE,0.0000,0,1,0,0,4.994773558,1.1000000e-07,-1.1000000e-07,136.1744922,1.830000e-05,-1.830000e-05,0.4160,0.0050,-0.0020,4.48893,0.00068,-0.00068,2.5976e+05,3.440e+01,-3.440e+01,62.69,1.853e+01,-1.231e+01,1264.0,,,604.21,524.02,-258.91,5742.00,1,q1_q17_dr25_tce,6253.00,169.00,-188.00,4.271,0.185,-0.185,1.1810,0.3490,-0.2320,282.699770,46.717018,13.038
7940,10736223,K07367.01,,FALSE POSITIVE,FALSE POSITIVE,0.0000,0,1,0,0,1.105094098,2.9000000e-08,-2.9000000e-08,132.5461998,2.190000e-05,-2.190000e-05,0.1610,0.0020,-0.0010,4.38191,0.00326,-0.00326,7.3050e+05,5.070e+02,-5.070e+02,267.59,2.871e+01,-1.148e+02,3771.0,,,47811.67,17613.23,-34676.54,3732.80,1,q1_q17_dr25_tce,8011.00,223.00,-335.00,3.773,0.399,-0.070,2.9270,0.3140,-1.2560,293.846220,48.050251,13.651
7941,10736489,K07368.01,,CANDIDATE,CANDIDATE,1.0000,0,0,0,0,6.842939000,,,137.0596000,,,,,,2.80000,,,,,,,,,,,,99.24,96.28,-23.98,,1,q1_q17_dr25_tce,,,,,,,,,,293.947630,48.065254,12.920
7942,10743600,K07369.01,,FALSE POSITIVE,FALSE POSITIVE,0.0000,0,1,0,0,0.817022600,4.6900000e-07,-4.6900000e-07,132.0228580,5.810000e-04,-5.810000e-04,0.8430,0.0490,-0.0410,2.97400,0.01840,-0.01840,1.6770e+05,8.300e+02,-8.300e+02,57.56,0.000e+00,0.000e+00,1947.0,,,3416.07,0.00,0.00,240.10,1,q1_q17_dr25_tce,5780.00,,,4.438,,,1.0000,,,296.383480,48.044006,17.206
7943,10751908,K07370.01,,CANDIDATE,CANDIDATE,,0,0,0,0,4.485381450,5.0010000e-05,-5.0010000e-05,135.2908100,8.290000e-03,-8.290000e-03,0.1296,0.3051,-0.1294,2.29700,0.28200,-0.28200,1.6810e+02,2.420e+01,-2.420e+01,0.96,2.500e-01,-7.000e-02,962.0,,,202.75,161.80,-45.69,8.20,1,q1_q17_dr24_tce,5654.00,165.00,-156.00,4.607,0.031,-0.031,0.7370,0.1960,-0.0510,298.607850,48.016022,15.457
7944,10794242,K07372.01,,FALSE POSITIVE,FALSE POSITIVE,0.0000,0,1,0,0,7.143708297,5.1800000e-07,-5.1800000e-07,137.8041949,6.020000e-05,-6.020000e-05,0.1620,0.0190,-0.0090,5.83451,0.00299,-0.00299,2.0268e+05,1.060e+02,-1.060e+02,44.78,1.264e+01,-7.810e+00,943.0,,,187.00,154.88,-72.70,2368.60,1,q1_q17_dr25_tce,5655.00,152.00,-152.00,4.386,0.132,-0.182,0.9920,0.2800,-0.1730,290.614780,48.186771,14.170
7945,10794405,K07373.01,,FALSE POSITIVE,FALSE POSITIVE,0.0000,0,1,1,1,0.952377862,2.9800000e-07,-2.9800000e-07,132.3351170,2.630000e-04,-2.630000e-04,1.2480,0.0970,-0.0480,4.08690,0.01640,-0.01640,2.1223e+03,6.700e+00,-6.700e+00,28.44,7.680e+00,-3.070e+00,1713.0,,,2023.36,1604.86,-596.46,390.80,2,q1_q17_dr25_tce,5662.00,152.00,-169.00,4.524,0.058,-0.173,0.8630,0.2330,-0.0930,290.688660,48.199200,14.713
7946,11967004,K07499.01,,FALSE POSITIVE,FALSE POSITIVE,0.0190,0,1,0,0,1.941635737,1.1900000e-07,-1.1900000e-07,133.1097354,5.030000e-05,-5.030000e-05,1.0710,0.0420,-0.0400,2.46683,0.00121,-0.00121,6.9814e+04,1.220e+01,-1.220e+01,59.71,1.986e+01,-6.630e+00,1728.0,,,2109.03,1979.62,-647.02,1243.70,1,q1_q17_dr25_tce,6525.00,145.00,-210.00,4.381,0.067,-0.202,1.1610,0.3860,-0.1290,293.680730,50.300259,13.898
7947,11968490,K07500.01,,FALSE POSITIVE,FALSE POSITIVE,0.0000,0,1,0,0,0.539445498,7.5000000e-08,-7.5000000e-08,131.8982990,1.150000e-04,-1.150000e-04,1.2140,0.0690,-0.0650,2.28210,0.00523,-0.00523,2.5302e+04,3.430e+01,-3.430e+01,68.65,1.990e+01,-1.810e+01,2959.0,,,18153.51,15563.03,-9744.52,511.40,1,q1_q17_dr25_tce,6486.00,181.00,-250.00,4.174,0.209,-0.171,1.4560,0.4220,-0.3840,294.350160,50.351460,13.698
7948,12004680,K07503.01,,FALSE POSITIVE,FALSE POSITIVE,0.0000,0,0,1,1,2.521227640,2.4070000e-05,-2.4070000e-05,132.8697300,7.780000e-03,-7.780000e-03,0.2980,0.1540,-0.2980,2.24900,0.25900,-0.25900,1.2730e+02,1.680e+01,-1.680e+01,0.91,2.000e-01,-8.000e-02,1177.0,,,453.48,293.66,-114.05,8.90,1,q1_q17_dr25_tce,5546.00,149.00,-149.00,4.575,0.036,-0.144,0.8100,0.1760,-0.0700,286.427030,50.406300,15.301
7949,12013615,K07505.01,,FALSE POSITIVE,FALSE POSITIVE,0.0000,0,1,0,0,8.202869679,2.5300000e-07,-2.5300000e-07,138.5109062,2.590000e-05,-2.590000e-05,0.5610,0.0020,-0.0040,7.29811,0.00084,-0.00084,3.4594e+05,2.400e+01,-2.400e+01,110.46,3.025e+01,-3.698e+01,1190.0,,,474.09,393.05,-290.89,6499.90,1,q1_q17_dr25_tce,6060.00,184.00,-202.00,4.059,0.329,-0.141,1.6430,0.4500,-0.5500,291.946410,50.481960,13.878
7950,12022517,K07507.01,,FALSE POSITIVE,FALSE POSITIVE,0.0000,0,1,0,0,3.442714533,3.7400000e-07,-3.7400000e-07,132.3912568,9.640000e-05,-9.640000e-05,1.1420,0.0570,-0.0490,3.36034,0.00368,-0.00368,6.0039e+04,4.840e+01,-4.840e+01,47.02,1.262e+01,-5.400e+00,1157.0,,,423.13,334.50,-129.82,964.80,1,q1_q17_dr25_tce,5819.00,158.00,-175.00,4.501,0.072,-0.180,0.8610,0.2310,-0.0990,296.375370,50.486801,15.715
7951,6307521,K01126.02,,FALSE POSITIVE,FALSE POSITIVE,0.0000,1,1,1,1,475.917060000,2.8270000e-02,-2.8270000e-02,588.8926000,3.280000e-02,-3.280000e-02,1.2220,74.7100,-2.6620,22.86000,2.60000,-2.60000,9.6730e+02,8.800e+01,-8.800e+01,28.22,3.960e+00,-3.960e+00,221.0,,,0.56,0.22,-0.17,15.30,2,q1_q17_dr25_tce,5334.00,80.00,-80.00,4.372,0.127,-0.104,1.0040,0.1410,-0.1410,297.753110,41.675991,15.259
7952,7037540,K01347.02,,FALSE POSITIVE,FALSE POSITIVE,,1,0,0,0,0.858285844,9.7170000e-06,-9.7170000e-06,131.8790400,9.640000e-03,-9.640000e-03,0.3323,0.1191,-0.3322,1.79900,0.34700,-0.34700,4.3400e+01,7.200e+00,-7.200e+00,0.90,4.500e-01,-2.100e-01,2274.0,,,6321.20,9820.28,-3073.61,10.80,3,q1_q17_dr24_tce,5945.00,182.00,-208.00,4.196,0.204,-0.204,1.3460,0.6790,-0.3100,293.020360,42.508835,14.808
7953,11129738,K01427.02,,CANDIDATE,CANDIDATE,0.8910,0,0,0,0,4.884466440,6.2560000e-05,-6.2560000e-05,135.2474400,8.440000e-03,-8.440000e-03,0.7760,0.0560,-0.5410,2.05700,0.29000,-0.29000,2.2100e+02,3.200e+01,-3.200e+01,0.84,5.000e-02,-7.000e-02,579.0,,,26.50,5.25,-6.28,9.10,2,q1_q17_dr25_tce,3883.00,70.00,-85.00,4.725,0.049,-0.025,0.5170,0.0290,-0.0450,287.857730,48.774109,15.840
7954,4860678,K01602.02,,CANDIDATE,CANDIDATE,0.8990,0,0,0,0,3.033593980,3.5580000e-05,-3.5580000e-05,133.0835500,7.810000e-03,-7.810000e-03,0.0230,0.4330,-0.0220,4.02600,0.22400,-0.22400,9.5600e+01,8.800e+00,-8.800e+00,1.55,2.500e-01,-3.900e-01,1529.0,,,1294.06,544.64,-613.37,12.30,2,q1_q17_dr25_tce,5557.00,83.00,-72.00,4.037,0.210,-0.090,1.6160,0.2540,-0.4130,297.796910,39.921371,14.943
7955,4349442,K01803.03,,FALSE POSITIVE,FALSE POSITIVE,0.0000,0,0,0,1,6.238315363,,,134.3054225,,,0.7070,,,2.50100,,,8.2900e+01,,,0.70,5.000e-02,-3.000e-02,746.0,,,73.27,16.19,-11.16,5.30,3,q1_q17_dr25_tce,4914.00,98.00,-98.00,4.610,0.018,-0.046,0.7240,0.0450,-0.0300,286.635530,39.488621,13.260
7956,7765528,K01840.02,,CANDIDATE,CANDIDATE,0.8420,0,0,0,0,9.388821600,1.6530000e-04,-1.6530000e-04,134.4214400,9.990000e-03,-9.990000e-03,1.1400,72.6300,-0.7540,4.15400,0.81800,-0.81800,1.9270e+02,3.060e+01,-3.060e+01,20.91,3.590e+00,-3.270e+00,963.0,,,202.91,91.07,-66.17,9.60,2,q1_q17_dr25_tce,5846.00,79.00,-79.00,4.278,0.132,-0.108,1.2400,0.2130,-0.1940,295.828700,43.425491,14.915
7957,3327980,K06321.01,,FALSE POSITIVE,FALSE POSITIVE,0.0000,0,1,0,0,2.115510941,3.1100000e-07,-3.1100000e-07,131.9912200,1.220000e-04,-1.220000e-04,0.4920,0.0070,-0.0060,7.28770,0.00772,-0.00772,4.1516e+05,3.770e+02,-3.770e+02,191.42,3.577e+01,-7.155e+01,2701.0,,,12609.03,7219.93,-8499.76,1351.50,1,q1_q17_dr25_tce,7563.00,211.00,-342.00,3.883,0.287,-0.123,2.6380,0.4930,-0.9860,287.176120,38.433498,12.119
7958,3329643,K06322.01,,FALSE POSITIVE,FALSE POSITIVE,0.0000,1,0,1,1,1.015044104,8.6780000e-06,-8.6780000e-06,131.5640700,7.430000e-03,-7.430000e-03,0.9840,0.0090,-0.0040,10.99400,0.56200,-0.56200,1.5820e+02,1.080e+01,-1.080e+01,1.98,5.700e-01,-3.800e-01,1979.0,,,3627.61,3090.23,-1537.46,33.60,1,q1_q17_dr25_tce,5910.00,160.00,-178.00,4.318,0.175,-0.193,1.1240,0.3260,-0.2170,287.771480,38.498711,14.956
7959,3335816,K06323.01,,FALSE POSITIVE,FALSE POSITIVE,0.0000,0,1,0,0,3.711013336,4.0400000e-07,-4.0400000e-07,132.4882537,9.030000e-05,-9.030000e-05,1.1920,0.0660,-0.0420,3.31024,0.00338,-0.00338,2.4989e+04,2.810e+01,-2.810e+01,55.69,1.657e+01,-1.103e+01,1436.0,,,1003.75,853.00,-431.87,757.00,1,q1_q17_dr25_tce,6338.00,151.00,-189.00,4.256,0.175,-0.175,1.2470,0.3710,-0.2470,289.698300,38.406609,12.084
7960,3337548,K06325.01,,FALSE POSITIVE,FALSE POSITIVE,0.0000,1,0,0,1,2.975860850,5.9960000e-05,-5.9960000e-05,133.0352000,2.120000e-02,-2.120000e-02,0.1170,0.3350,-0.1170,4.51300,0.79900,-0.79900,1.0590e+02,1.390e+01,-1.390e+01,0.85,1.800e-01,-1.000e-01,1135.0,,,392.05,252.98,-119.04,9.10,1,q1_q17_dr25_tce,5481.00,166.00,-166.00,4.508,0.074,-0.137,0.8350,0.1740,-0.0940,290.166320,38.476440,15.669
7961,3341934,K06327.01,,FALSE POSITIVE,FALSE POSITIVE,0.0000,0,1,0,0,18.839487435,1.4200000e-06,-1.4200000e-06,137.7695421,6.270000e-05,-6.270000e-05,0.4210,0.0050,-0.0050,5.62797,0.00325,-0.00325,1.8272e+05,1.190e+02,-1.190e+02,45.20,1.466e+01,-4.900e+00,734.0,,,68.54,65.54,-21.25,2003.10,1,q1_q17_dr25_tce,6208.00,172.00,-216.00,4.454,0.054,-0.216,1.0240,0.3320,-0.1110,291.386230,38.491470,15.291
7962,4839180,K06456.01,,FALSE POSITIVE,FALSE POSITIVE,0.0000,0,1,0,0,4.426344495,6.8800000e-07,-6.8800000e-07,134.2311650,1.280000e-04,-1.280000e-04,0.6680,0.0150,-0.0170,5.84235,0.00766,-0.00766,2.7614e+05,4.870e+02,-4.870e+02,78.30,2.306e+01,-1.532e+01,1316.0,,,709.74,613.94,-308.46,732.50,1,q1_q17_dr25_tce,6228.00,169.00,-206.00,4.277,0.158,-0.193,1.2260,0.3610,-0.2400,292.837590,39.933830,13.501
7963,4840263,K06457.01,,FALSE POSITIVE,FALSE POSITIVE,0.0000,0,1,0,0,0.957823876,2.1600000e-07,-2.1600000e-07,132.4148820,1.820000e-04,-1.820000e-04,0.9920,0.1080,-0.0960,3.72320,0.01240,-0.01240,1.0469e+05,2.780e+02,-2.780e+02,110.91,1.697e+01,-3.153e+01,2649.0,,,11612.14,4666.86,-5976.05,454.10,1,q1_q17_dr25_tce,5908.00,79.00,-79.00,3.865,0.217,-0.093,2.0330,0.3110,-0.5780,293.121610,39.975552,13.988
7964,4847832,K06459.01,,FALSE POSITIVE,FALSE POSITIVE,0.0000,0,1,0,0,30.960216668,2.7940000e-06,-2.7940000e-06,156.1595497,7.170000e-05,-7.170000e-05,0.5800,0.0020,-0.0040,15.43080,0.00441,-0.00441,3.4041e+05,8.580e+01,-8.580e+01,62.08,1.837e+01,-9.920e+00,527.0,,,18.30,17.63,-7.50,4578.30,1,q1_q17_dr25_tce,5291.00,211.00,-232.00,4.423,0.136,-0.204,0.9260,0.2740,-0.1480,295.076630,39.958279,12.450
7965,4851217,K06460.01,,FALSE POSITIVE,FALSE POSITIVE,0.0000,0,1,0,0,2.470283788,5.2200000e-07,-5.2200000e-07,133.2518610,1.760000e-04,-1.760000e-04,0.8040,0.0160,-0.0150,7.83910,0.01090,-0.01090,1.9383e+05,2.220e+02,-2.220e+02,157.82,1.764e+01,-3.275e+01,2657.0,,,11792.22,3312.24,-4731.57,967.70,1,q1_q17_dr25_tce,7823.00,70.00,-93.00,3.885,0.154,-0.077,2.6750,0.2990,-0.5550,295.834010,39.952259,11.108
7966,4851356,K06462.01,,FALSE POSITIVE,FALSE POSITIVE,0.0000,0,0,1,1,1.235134710,3.2180000e-05,-3.2180000e-05,132.0046000,2.630000e-02,-2.630000e-02,0.7160,0.2680,-0.4700,5.44000,0.58900,-0.58900,4.2800e+01,4.700e+00,-4.700e+00,0.70,2.300e-01,-1.200e-01,1743.0,,,2172.96,2507.71,-965.49,12.00,1,q1_q17_dr25_tce,5930.00,290.00,-322.00,4.436,0.090,-0.210,0.9970,0.3330,-0.1660,295.865600,39.964100,14.712
7967,5393558,K06576.01,,FALSE POSITIVE,FALSE POSITIVE,0.0000,0,1,0,0,10.217121652,3.6000000e-07,-3.6000000e-07,137.2457336,2.920000e-05,-2.920000e-05,0.7860,0.0080,-0.0090,4.35647,0.00062,-0.00062,2.0522e+05,5.420e+01,-5.420e+01,81.10,2.206e+01,-2.207e+01,994.0,,,230.53,183.85,-123.51,3617.50,1,q1_q17_dr25_tce,5931.00,158.00,-193.00,4.196,0.246,-0.164,1.3490,0.3670,-0.3670,299.186770,40.501701,13.752
7968,5397905,K06577.01,,FALSE POSITIVE,FALSE POSITIVE,0.0000,0,0,1,0,0.618060842,5.3940000e-06,-5.3940000e-06,131.6353300,8.460000e-03,-8.460000e-03,0.9440,0.0420,-0.7190,1.89200,0.23100,-0.23100,2.5100e+01,3.200e+00,-3.200e+00,0.51,8.000e-02,-7.000e-02,1854.0,,,2791.09,1445.75,-907.84,9.60,1,q1_q17_dr25_tce,5339.00,160.00,-144.00,4.503,0.099,-0.110,0.7930,0.1280,-0.1050,299.998200,40.550259,13.426
7969,5444392,K06578.01,,FALSE POSITIVE,FALSE POSITIVE,0.0000,0,1,0,0,0.759764419,6.5000000e-08,-6.5000000e-08,131.7927631,7.190000e-05,-7.190000e-05,0.5450,0.0230,-0.0120,5.72501,0.00937,-0.00937,3.9327e+05,2.240e+02,-2.240e+02,138.54,1.931e+01,-3.592e+01,2715.0,,,12833.03,4834.44,-6163.06,1728.10,1,q1_q17_dr25_tce,5807.00,86.00,-78.00,3.930,0.233,-0.078,1.9090,0.2660,-0.4950,290.517400,40.696812,11.378
7970,5456979,K06579.01,,CANDIDATE,CANDIDATE,0.9970,0,0,0,0,2.652808200,3.4330000e-05,-3.4330000e-05,131.5439000,1.340000e-02,-1.340000e-02,0.4340,0.0290,-0.4340,2.29700,0.39200,-0.39200,1.5310e+02,1.940e+01,-1.940e+01,1.17,3.500e-01,-1.300e-01,1280.0,,,633.57,556.45,-206.56,9.80,1,q1_q17_dr25_tce,5778.00,173.00,-208.00,4.480,0.065,-0.195,0.9350,0.2730,-0.1090,294.287780,40.692741,15.668
7971,5471010,K06583.01,,FALSE POSITIVE,FALSE POSITIVE,0.0000,1,0,1,1,12.423215800,4.9900000e-04,-4.9900000e-04,141.7294000,4.790000e-02,-4.790000e-02,0.2450,1.0890,-0.2450,17.67000,3.90000,-3.90000,2.6150e+02,2.410e+01,-2.410e+01,1.30,2.800e-01,-1.200e-01,685.0,,,51.91,34.48,-14.50,23.60,1,q1_q17_dr25_tce,5497.00,164.00,-180.00,4.577,0.034,-0.145,0.8090,0.1750,-0.0750,297.547060,40.615742,15.639
7972,6447326,K06711.01,,FALSE POSITIVE,FALSE POSITIVE,0.0000,1,0,1,0,4.320693300,2.2150000e-04,-2.2150000e-04,131.8905000,5.070000e-02,-5.070000e-02,0.9730,0.0040,-0.0100,50.68000,2.50000,-2.50000,1.4790e+02,8.100e+00,-8.100e+00,1.66,5.000e-01,-2.000e-01,1205.0,,,499.09,455.85,-166.53,35.70,1,q1_q17_dr25_tce,6225.00,185.00,-222.00,4.450,0.062,-0.200,1.0310,0.3140,-0.1260,293.268740,41.850719,15.604
7973,6448768,K06712.01,,FALSE POSITIVE,FALSE POSITIVE,0.0000,0,1,0,0,16.486796364,1.0640000e-06,-1.0640000e-06,131.6041706,5.240000e-05,-5.240000e-05,0.3090,0.0190,-0.0010,7.06797,0.00222,-0.00222,4.8943e+04,1.930e+01,-1.930e+01,46.92,6.950e+00,-1.392e+01,1053.0,,,290.46,113.57,-154.34,3181.50,1,q1_q17_dr25_tce,6020.00,81.00,-81.00,3.860,0.224,-0.096,2.0970,0.3110,-0.6220,293.721830,41.873131,13.645
7974,6449552,K06714.01,,FALSE POSITIVE,FALSE POSITIVE,0.0000,0,1,0,0,20.148807707,1.4220000e-06,-1.4220000e-06,135.8116283,5.770000e-05,-5.770000e-05,0.2150,0.0040,0.0000,8.52557,0.00334,-0.00334,5.2695e+05,2.530e+02,-2.530e+02,68.52,1.701e+01,-9.180e+00,631.0,,,37.55,28.29,-12.61,3487.50,1,q1_q17_dr25_tce,5547.00,166.00,-166.00,4.447,0.098,-0.168,0.9180,0.2280,-0.1230,293.948940,41.855461,14.904
7975,6466939,K06717.01,,FALSE POSITIVE,FALSE POSITIVE,0.0000,0,1,0,0,1.142946648,1.0000000e-07,-1.0000000e-07,131.9010021,7.370000e-05,-7.370000e-05,0.4790,0.0150,-0.0090,3.40234,0.00326,-0.00326,4.1255e+05,2.310e+02,-2.310e+02,43.50,3.360e+00,-3.010e+00,1293.0,,,660.96,201.92,-153.56,1054.40,1,q1_q17_dr25_tce,5058.00,151.00,-151.00,4.651,0.060,-0.035,0.6080,0.0470,-0.0420,298.257480,41.850639,14.454
7976,6468938,K06718.01,,FALSE POSITIVE,FALSE POSITIVE,0.0000,0,1,0,0,7.217010987,7.0300000e-07,-7.0300000e-07,135.4523674,8.060000e-05,-8.060000e-05,1.2870,0.0190,-0.2350,4.42150,0.00538,-0.00538,7.8714e+04,6.390e+01,-6.390e+01,89.71,2.541e+01,-2.311e+01,1096.0,,,341.36,283.87,-174.77,1307.00,1,q1_q17_dr25_tce,6047.00,163.00,-181.00,4.246,0.220,-0.180,1.2110,0.3430,-0.3120,298.690000,41.880852,13.272
7977,7200301,K06844.01,,FALSE POSITIVE,FALSE POSITIVE,0.0000,1,0,0,1,0.566791802,4.1450000e-06,-4.1450000e-06,131.8173600,7.200000e-03,-7.200000e-03,0.6790,0.0140,-0.5360,2.20000,0.15500,-0.15500,4.9300e+01,3.700e+00,-3.700e+00,0.66,1.600e-01,-6.000e-02,2040.0,,,4113.39,2967.37,-1080.33,15.60,1,q1_q17_dr25_tce,5691.00,152.00,-169.00,4.544,0.033,-0.176,0.8870,0.2170,-0.0780,291.768280,42.757221,14.702
7978,7203179,K06845.01,,FALSE POSITIVE,FALSE POSITIVE,0.0000,1,0,0,0,2.245738777,2.2800000e-07,-2.2800000e-07,133.2650421,8.350000e-05,-8.350000e-05,0.3970,0.0040,-0.0030,8.61629,0.00562,-0.00562,4.8349e+05,2.360e+02,-2.360e+02,99.05,3.284e+01,-1.646e+01,1737.0,,,2156.25,2044.31,-844.70,2121.80,1,q1_q17_dr25_tce,6508.00,155.00,-214.00,4.287,0.105,-0.195,1.3120,0.4350,-0.2180,292.688810,42.748001,13.432
7979,7203194,K06846.01,,FALSE POSITIVE,FALSE POSITIVE,0.0000,0,1,1,1,2.245721170,2.3350000e-05,-2.3350000e-05,133.2667800,9.480000e-03,-9.480000e-03,0.5960,0.3730,-0.3720,3.88000,0.30200,-0.30200,4.8200e+01,4.200e+00,-4.200e+00,0.74,2.200e-01,-8.000e-02,1479.0,,,1131.64,955.82,-345.22,13.60,1,q1_q17_dr25_tce,6158.00,150.00,-214.00,4.455,0.052,-0.195,1.0260,0.3020,-0.1080,292.693760,42.760899,14.244
7980,7212722,K06848.01,,FALSE POSITIVE,FALSE POSITIVE,0.0000,0,1,0,0,2.316171991,1.1100000e-07,-1.1100000e-07,132.3116360,3.950000e-05,-3.950000e-05,0.7000,0.0130,-0.0120,4.03025,0.00119,-0.00119,2.5148e+05,3.470e+01,-3.470e+01,49.53,1.283e+01,-3.430e+00,1288.0,,,651.03,482.78,-151.34,2338.30,1,q1_q17_dr25_tce,5932.00,141.00,-177.00,4.580,0.033,-0.176,0.7950,0.2060,-0.0550,295.375150,42.753780,13.969
7981,7280953,K06850.01,,FALSE POSITIVE,FALSE POSITIVE,0.0000,0,0,0,1,0.566802080,,,131.7056000,,,,,,1.22000,,,,,,,,,,,,392.81,125.87,-148.40,,1,q1_q17_dr25_tce,,,,,,,,,,291.453130,42.851227,13.072
7982,7281229,K06852.01,,FALSE POSITIVE,FALSE POSITIVE,0.0000,1,0,0,0,0.566813319,4.7800000e-06,-4.7800000e-06,131.7876800,8.000000e-03,-8.000000e-03,1.1960,0.1970,-0.2090,3.75200,0.57000,-0.57000,1.2910e+02,1.210e+01,-1.210e+01,23.19,6.790e+00,-2.930e+00,2313.0,,,6742.52,6027.69,-2345.27,17.00,1,q1_q17_dr25_tce,6108.00,193.00,-236.00,4.466,0.052,-0.208,1.0300,0.3020,-0.1300,291.533110,42.838470,15.972
7983,8143170,K06976.01,,FALSE POSITIVE,FALSE POSITIVE,0.0000,1,0,0,0,28.787257509,9.7720000e-06,-9.7720000e-06,137.0941920,2.760000e-04,-2.760000e-04,0.5590,0.0030,-0.0040,13.95300,0.01850,-0.01850,4.9618e+04,4.640e+01,-4.640e+01,91.26,1.653e+01,-3.069e+01,971.0,,,210.02,108.30,-130.10,1292.00,1,q1_q17_dr25_tce,5154.00,108.00,-185.00,3.461,0.222,-0.148,3.9810,0.7210,-1.3390,281.089480,44.057941,12.850
7984,8145789,K06977.01,,FALSE POSITIVE,FALSE POSITIVE,0.0000,0,1,0,0,0.835315046,6.7000000e-08,-6.7000000e-08,131.9570817,6.720000e-05,-6.720000e-05,1.2240,0.0350,-0.0360,2.45449,0.00169,-0.00169,1.6876e+04,9.200e+00,-9.200e+00,30.54,3.270e+00,-2.970e+00,1490.0,,,1160.98,422.13,-322.90,939.50,1,q1_q17_dr25_tce,5009.00,135.00,-150.00,4.584,0.072,-0.054,0.6900,0.0740,-0.0670,282.752410,44.048721,15.314
7985,8155584,K06979.01,,FALSE POSITIVE,FALSE POSITIVE,0.0000,0,1,0,0,26.016422500,1.7200000e-04,-1.7200000e-04,157.3776900,9.300000e-03,-9.300000e-03,1.1470,0.2100,-0.0910,4.17680,0.01500,-0.01500,4.1109e+04,1.590e+02,-1.590e+02,61.04,1.779e+01,-1.454e+01,755.0,,,76.63,68.05,-38.63,285.40,1,q1_q17_dr25_tce,6287.00,198.00,-242.00,4.231,0.190,-0.171,1.2800,0.3730,-0.3050,287.905550,44.010860,15.032
7986,8155654,K06980.01,,CANDIDATE,CANDIDATE,0.9430,0,0,0,0,6.293405430,9.8260000e-05,-9.8260000e-05,133.8686000,1.290000e-02,-1.290000e-02,0.4310,0.0320,-0.4310,3.02400,0.41300,-0.41300,9.6400e+01,1.390e+01,-1.390e+01,1.08,3.800e-01,-1.100e-01,1072.0,,,312.61,327.36,-91.29,8.70,1,q1_q17_dr25_tce,6214.00,167.00,-223.00,4.442,0.056,-0.224,1.0760,0.3840,-0.1020,287.941650,44.008018,15.186
7987,8162376,K06982.01,,FALSE POSITIVE,FALSE POSITIVE,0.0000,0,0,1,1,0.706430188,4.9250000e-06,-4.9250000e-06,132.1420800,6.940000e-03,-6.940000e-03,0.2880,0.1790,-0.2880,1.30100,0.14600,-0.14600,5.0800e+01,5.900e+00,-5.900e+00,0.41,2.000e-02,-3.000e-02,1473.0,,,1116.90,277.43,-254.27,11.00,1,q1_q17_dr25_tce,5037.00,152.00,-167.00,4.689,0.052,-0.024,0.5680,0.0300,-0.0340,290.590760,44.002579,14.001
7988,8953281,K07112.01,,CANDIDATE,CANDIDATE,0.1670,0,0,0,0,0.784300610,3.9370000e-05,-3.9370000e-05,132.2316400,7.730000e-03,-7.730000e-03,0.6590,0.0240,-0.5420,2.95200,0.24200,-0.24200,2.5470e+02,1.670e+01,-1.670e+01,1.14,1.400e-01,-1.100e-01,1566.0,,,1416.91,577.85,-392.84,20.50,1,q1_q17_dr25_tce,5176.00,154.00,-154.00,4.589,0.077,-0.063,0.6810,0.0810,-0.0660,291.930630,45.220020,15.156
7989,8953426,K07113.01,,FALSE POSITIVE,FALSE POSITIVE,0.0000,0,1,0,0,2.665875491,2.5500000e-07,-2.5500000e-07,131.6187983,7.970000e-05,-7.970000e-05,0.8780,0.0240,-0.0280,7.59461,0.00451,-0.00451,1.6139e+05,7.680e+01,-7.680e+01,67.43,2.281e+01,-9.770e+00,1502.0,,,1199.89,1230.67,-460.09,2274.70,1,q1_q17_dr25_tce,6234.00,195.00,-260.00,4.351,0.093,-0.201,1.1590,0.3920,-0.1680,291.990970,45.234138,12.156
7990,8953475,K07114.01,,FALSE POSITIVE,FALSE POSITIVE,0.0000,0,0,0,1,2.665831200,1.5290000e-04,-1.5290000e-04,131.6270000,6.150000e-02,-6.150000e-02,0.8640,0.0710,-0.6200,5.77100,0.56200,-0.56200,4.0800e+01,4.300e+00,-4.300e+00,0.99,2.700e-01,-2.700e-01,1663.0,,,1807.48,1499.97,-987.28,12.40,1,q1_q17_dr25_tce,6276.00,198.00,-242.00,4.170,0.258,-0.172,1.3530,0.3670,-0.3670,292.014470,45.205681,13.562
7991,8958811,K07116.01,,CANDIDATE,CANDIDATE,0.8420,0,0,0,0,2.525575820,2.8360000e-05,-2.8360000e-05,133.0658600,8.510000e-03,-8.510000e-03,0.3720,0.0840,-0.3720,2.32000,0.27600,-0.27600,3.5400e+01,4.100e+00,-4.100e+00,0.62,1.000e-01,-4.000e-02,1364.0,,,818.81,343.70,-145.70,10.70,1,q1_q17_dr25_tce,5821.00,78.00,-78.00,4.421,0.054,-0.117,1.0360,0.1660,-0.0710,293.965450,45.273571,13.564
7992,8958939,K07117.02,,CANDIDATE,CANDIDATE,,0,0,0,0,22.786522000,4.0690000e-04,-4.0690000e-04,153.2108000,1.000000e-02,-1.000000e-02,0.3817,0.1079,-0.3816,2.19700,0.38800,-0.38800,2.2830e+02,4.430e+01,-4.430e+01,1.45,4.400e-01,-1.400e-01,661.0,,,45.26,40.00,-12.59,7.90,2,q1_q17_dr24_tce,6146.00,151.00,-193.00,4.497,0.045,-0.045,0.9430,0.2900,-0.0890,294.007870,45.232689,15.382
7993,8973000,K07118.01,,FALSE POSITIVE,FALSE POSITIVE,,0,1,0,0,28.027891356,3.4250000e-06,-3.4250000e-06,158.3481720,1.020000e-04,-1.020000e-04,0.6493,0.0065,-0.0111,17.32690,0.01270,-0.01270,2.4323e+05,1.580e+02,-1.580e+02,31.30,1.550e+00,-1.610e+00,440.0,,,8.86,2.16,-1.85,2829.00,1,q1_q17_dr24_tce,5231.00,161.00,-165.00,4.721,0.043,-0.043,0.5440,0.0270,-0.0280,297.894440,45.211189,14.594
7994,9881258,K07242.01,,FALSE POSITIVE,FALSE POSITIVE,0.0000,0,1,0,0,2.028512246,1.9500000e-07,-1.9500000e-07,132.8392103,7.850000e-05,-7.850000e-05,0.8710,0.1700,-0.0320,5.00309,0.00622,-0.00622,1.2156e+05,8.520e+01,-8.520e+01,50.28,1.511e+01,-6.480e+00,1542.0,,,1333.24,1173.87,-436.66,1545.80,1,q1_q17_dr25_tce,6105.00,164.00,-182.00,4.412,0.087,-0.203,1.0250,0.3080,-0.1320,287.125610,46.733479,13.281
7995,9899193,K07244.01,,FALSE POSITIVE,FALSE POSITIVE,0.0000,0,0,1,1,1.332567821,,,132.0544581,,,0.4130,,,3.48440,,,3.1000e+01,,,0.96,2.000e-01,-2.600e-01,2395.0,,,7802.17,4900.94,-4021.98,5.00,1,q1_q17_dr25_tce,6600.00,161.00,-181.00,4.047,0.234,-0.126,1.6810,0.3630,-0.4440,295.154750,46.736641,13.191
7996,9899410,K07245.01,,FALSE POSITIVE,FALSE POSITIVE,0.0000,0,0,1,1,1.332545609,8.5320000e-06,-8.5320000e-06,132.0575500,5.130000e-03,-5.130000e-03,0.5820,0.0460,-0.5820,3.99700,0.61800,-0.61800,2.7820e+02,1.560e+01,-1.560e+01,28.37,1.650e+00,-9.380e+00,5080.0,,,157611.61,40845.93,-102386.32,31.40,1,q1_q17_dr25_tce,5154.00,153.00,-307.00,2.435,0.033,-0.030,16.4860,0.9620,-5.4520,295.225800,46.760090,13.504
7997,9899421,K07246.01,,FALSE POSITIVE,FALSE POSITIVE,0.0000,0,0,1,1,1.332562560,1.5650000e-05,-1.5650000e-05,132.0469800,9.000000e-03,-9.000000e-03,0.1370,0.3280,-0.1370,3.08800,0.37500,-0.37500,1.7490e+02,1.840e+01,-1.840e+01,16.03,2.030e+00,-1.670e+00,4529.0,,,99175.88,33913.09,-22659.68,11.90,1,q1_q17_dr25_tce,4601.00,64.00,-46.00,2.321,0.030,-0.027,12.5810,1.5960,-1.3060,295.232480,46.770370,12.295
7998,9899577,K07247.01,,FALSE POSITIVE,FALSE POSITIVE,0.0000,0,0,1,1,1.332589810,1.4960000e-05,-1.4960000e-05,132.0364000,1.020000e-02,-1.020000e-02,0.2230,0.2470,-0.2230,3.98700,0.30800,-0.30800,7.8400e+01,5.900e+00,-5.900e+00,0.67,1.000e-01,-6.000e-02,1369.0,,,832.33,427.75,-209.63,16.10,1,q1_q17_dr25_tce,5309.00,159.00,-143.00,4.595,0.032,-0.104,0.7630,0.1220,-0.0660,295.285190,46.770592,14.818
7999,10815677,K07376.01,,CANDIDATE,CANDIDATE,0.7560,0,0,0,0,1.284241817,6.5440000e-06,-6.5440000e-06,132.6522300,4.470000e-03,-4.470000e-03,0.0290,0.4260,-0.0290,1.96500,0.12700,-0.12700,1.6650e+02,1.530e+01,-1.530e+01,1.18,3.400e-01,-1.100e-01,1623.0,,,1643.57,1363.90,-464.82,13.30,1,q1_q17_dr25_tce,5849.00,157.00,-192.00,4.517,0.046,-0.184,0.9190,0.2600,-0.0870,298.173370,48.173611,15.674
8000,10816107,K07377.01,,FALSE POSITIVE,FALSE POSITIVE,0.0080,0,1,0,0,2.161583501,1.0960000e-06,-1.0960000e-06,131.8027300,4.080000e-04,-4.080000e-04,0.7150,0.0110,-0.0060,4.05370,0.02830,-0.02830,5.0163e+04,2.970e+02,-2.970e+02,29.61,9.620e+00,-9.620e+00,1646.0,,,1741.01,1699.25,-1029.74,239.20,1,q1_q17_dr25_tce,5888.00,177.00,-159.00,4.167,0.364,-0.196,1.2190,0.3960,-0.3960,298.291930,48.194691,13.945
8001,10843431,K07378.01,,CANDIDATE,CANDIDATE,0.9940,0,0,0,0,8.739675800,3.0920000e-04,-3.0920000e-04,136.5829000,4.630000e-02,-4.630000e-02,0.9570,0.0010,-0.6800,3.86600,0.26600,-0.26600,1.4310e+03,1.070e+02,-1.070e+02,3.29,2.600e-01,-3.000e-01,577.0,,,26.17,8.92,-7.62,15.60,1,q1_q17_dr25_tce,4406.00,154.00,-170.00,4.643,0.044,-0.032,0.6280,0.0510,-0.0560,282.370420,48.259289,16.324
8002,10848097,K07380.01,,CANDIDATE,CANDIDATE,,0,0,0,0,15.947424200,1.5560000e-04,-1.5560000e-04,137.4944900,8.140000e-03,-8.140000e-03,0.1178,0.3498,-0.1177,1.12700,0.31500,-0.31500,1.9170e+02,4.300e+01,-4.300e+01,1.21,5.800e-01,-1.600e-01,670.0,,,47.65,70.83,-15.53,6.50,1,q1_q17_dr24_tce,5472.00,176.00,-146.00,4.440,0.116,-0.116,0.8770,0.4210,-0.1170,285.355830,48.221489,14.801
8003,10866969,K07383.01,,CANDIDATE,CANDIDATE,,0,0,0,0,50.012200000,1.2510000e-03,-1.2510000e-03,153.9789000,1.910000e-02,-1.910000e-02,0.4840,0.0688,-0.4226,3.42600,0.76600,-0.76600,2.1040e+02,4.260e+01,-4.260e+01,1.20,4.400e-01,-1.300e-01,432.0,,,8.23,9.47,-2.34,8.30,1,q1_q17_dr24_tce,5357.00,181.00,-147.00,4.503,0.074,-0.074,0.8140,0.3030,-0.0860,294.200960,48.250061,15.174
8004,12022718,K07508.01,,FALSE POSITIVE,FALSE POSITIVE,0.0000,0,1,0,0,4.627775175,2.0700000e-06,-2.0700000e-06,133.3903550,3.670000e-04,-3.670000e-04,1.2480,4.3730,-0.1190,3.40790,0.01990,-0.01990,5.6751e+03,3.360e+01,-3.360e+01,32.62,9.750e+00,-2.610e+00,1039.0,,,275.68,235.74,-69.25,197.50,1,q1_q17_dr25_tce,5845.00,141.00,-176.00,4.541,0.037,-0.212,0.8740,0.2610,-0.0700,296.443510,50.420441,14.690
8005,12053823,K07509.01,,FALSE POSITIVE,FALSE POSITIVE,,1,0,0,0,28.785034700,5.6140000e-04,-5.6140000e-04,145.7978000,1.660000e-02,-1.660000e-02,0.2978,0.1986,-0.2977,2.10200,0.60800,-0.60800,1.0290e+02,2.850e+01,-2.850e+01,2.50,6.800e-01,-1.010e+00,993.0,,,229.66,187.87,-159.34,6.20,1,q1_q17_dr24_tce,6581.00,185.00,-248.00,3.824,0.341,-0.341,2.4200,0.6670,-0.9740,286.687560,50.531506,13.570
8006,12071006,K07511.01,,FALSE POSITIVE,FALSE POSITIVE,0.0000,0,1,0,0,6.096030635,5.7800000e-07,-5.7800000e-07,135.0308909,7.800000e-05,-7.800000e-05,0.6420,0.0030,-0.0030,18.45310,0.00830,-0.00830,9.0166e+05,2.170e+02,-2.170e+02,406.97,3.930e+01,-9.177e+01,1925.0,,,3246.20,813.75,-1382.59,4885.30,1,q1_q17_dr25_tce,7598.00,75.00,-83.00,3.867,0.163,-0.075,2.6920,0.2600,-0.6070,296.105010,50.518471,13.533
8007,12106875,K07513.01,,FALSE POSITIVE,FALSE POSITIVE,,0,0,0,1,5.937170800,1.5610000e-04,-1.5610000e-04,135.9570000,2.050000e-02,-2.050000e-02,0.4778,0.0053,-0.4778,4.95400,0.55700,-0.55700,1.5710e+02,2.040e+01,-2.040e+01,1.17,4.800e-01,-1.500e-01,945.0,,,188.41,234.63,-59.10,10.10,1,q1_q17_dr24_tce,5475.00,170.00,-139.00,4.426,0.111,-0.111,0.9230,0.3780,-0.1180,289.143550,50.611198,15.379
8008,12157983,K07514.01,,FALSE POSITIVE,FALSE POSITIVE,0.0000,0,1,1,1,0.577844035,7.6100000e-07,-7.6100000e-07,131.8805800,1.110000e-03,-1.110000e-03,1.1940,0.2140,-0.1230,4.29100,0.11300,-0.11300,3.2040e+02,4.500e+00,-4.500e+00,18.93,4.820e+00,-1.600e+00,1980.0,,,3647.63,2743.79,-908.38,94.00,1,q1_q17_dr25_tce,5693.00,154.00,-154.00,4.570,0.042,-0.168,0.8160,0.2080,-0.0690,290.659520,50.711342,13.766
8009,10028352,K01957.02,,FALSE POSITIVE,FALSE POSITIVE,0.0000,1,0,0,0,1.751478970,1.1110000e-05,-1.1110000e-05,132.4750900,2.100000e-03,-2.100000e-03,0.0080,1.0900,-0.9810,7.89000,2.30000,-2.30000,7.6700e+01,8.300e+00,-8.300e+00,1.80,4.300e-01,-3.200e-01,2340.0,,,7086.50,4178.88,-2561.72,68.20,2,q1_q17_dr25_tce,6823.00,61.00,-91.00,4.040,0.121,-0.148,2.0370,0.4860,-0.3650,297.792240,46.935829,12.655
8010,6307083,K02050.02,,CANDIDATE,CANDIDATE,0.9390,0,0,0,0,3.177964080,1.8680000e-05,-1.8680000e-05,134.3528500,4.730000e-03,-4.730000e-03,0.9010,0.0070,-0.6930,0.54200,0.14200,-0.14200,4.7700e+01,8.600e+00,-8.600e+00,0.74,4.000e-02,-5.000e-02,1034.0,,,270.25,44.83,-54.23,6.00,3,q1_q17_dr25_tce,5061.00,83.00,-76.00,4.488,0.088,-0.028,0.8410,0.0380,-0.0660,297.635190,41.641869,12.218
8011,11705004,K02199.02,,CANDIDATE,CANDIDATE,0.9960,0,0,0,0,3.052934160,2.8090000e-05,-2.8090000e-05,132.9669200,6.880000e-03,-6.880000e-03,0.3280,0.1380,-0.3280,2.15500,0.23200,-0.23200,2.2750e+02,2.730e+01,-2.730e+01,1.18,2.000e-01,-1.000e-01,1047.0,,,284.82,157.17,-73.08,10.10,2,q1_q17_dr25_tce,5311.00,175.00,-159.00,4.588,0.030,-0.112,0.7880,0.1320,-0.0660,287.535030,49.801659,15.901
8012,5978559,K02321.02,,CANDIDATE,CANDIDATE,0.6190,0,0,0,0,36.253099200,9.6130000e-04,-9.6130000e-04,142.0377000,2.470000e-02,-2.470000e-02,0.7210,0.0000,-0.5440,4.73000,1.40000,-1.40000,1.5210e+02,3.570e+01,-3.570e+01,1.43,2.300e-01,-8.000e-02,582.0,,,27.17,11.03,-4.38,8.30,2,q1_q17_dr25_tce,6002.00,71.00,-89.00,4.424,0.032,-0.120,1.0810,0.1710,-0.0610,296.707240,41.203651,14.710
8013,6867555,K02439.02,,CANDIDATE,CANDIDATE,0.9960,0,0,0,0,7.501793400,1.4610000e-04,-1.4610000e-04,138.8271000,1.950000e-02,-1.950000e-02,0.2860,0.1730,-0.2860,4.27100,0.33700,-0.33700,1.3480e+02,1.530e+01,-1.530e+01,1.32,4.300e-01,-1.500e-01,1046.0,,,283.25,274.34,-93.43,9.80,2,q1_q17_dr25_tce,6321.00,174.00,-261.00,4.417,0.056,-0.224,1.1250,0.3700,-0.1230,293.127380,42.320099,15.438
8014,12208631,K02449.02,,CANDIDATE,CANDIDATE,1.0000,0,0,0,0,0.912351255,5.8610000e-06,-5.8610000e-06,131.5961200,5.680000e-03,-5.680000e-03,0.9560,0.0240,-0.7090,1.07200,0.16800,-0.16800,1.1180e+02,1.690e+01,-1.690e+01,1.46,1.900e-01,-1.800e-01,1840.0,,,2705.58,981.43,-719.86,9.10,2,q1_q17_dr25_tce,5481.00,82.00,-74.00,4.369,0.121,-0.099,1.0360,0.1380,-0.1240,291.550510,50.825611,15.114
8015,3346543,K06329.01,,CANDIDATE,CANDIDATE,0.7090,0,0,0,0,12.470111100,1.8090000e-04,-1.8090000e-04,143.7236000,1.390000e-02,-1.390000e-02,0.5690,0.4020,-0.3740,3.61600,0.46500,-0.46500,8.9700e+01,1.340e+01,-1.340e+01,2.06,3.100e-01,-6.100e-01,1074.0,,,313.87,128.52,-166.14,9.30,1,q1_q17_dr25_tce,5623.00,93.00,-67.00,3.877,0.233,-0.078,2.1090,0.3140,-0.6270,292.529390,38.489079,14.024
8016,3352751,K06330.01,,FALSE POSITIVE,FALSE POSITIVE,0.0000,0,1,0,0,3.495457889,9.3500000e-07,-9.3500000e-07,132.0839410,2.140000e-04,-2.140000e-04,0.9650,0.0320,-0.0300,6.97960,0.01260,-0.01260,1.1462e+05,1.840e+02,-1.840e+02,84.49,1.443e+01,-7.750e+00,2051.0,,,4186.71,1758.93,-881.46,724.00,1,q1_q17_dr25_tce,8529.00,76.00,-93.00,4.249,0.063,-0.108,1.5580,0.2660,-0.1430,294.071870,38.426922,13.444
8017,3427776,K06332.01,,FALSE POSITIVE,FALSE POSITIVE,0.0000,0,1,0,0,4.016680150,3.2460000e-06,-3.2460000e-06,134.2407030,6.620000e-04,-6.620000e-04,0.9110,6.7990,-0.1270,2.28280,0.03680,-0.03680,3.8007e+04,5.070e+02,-5.070e+02,22.11,3.480e+00,-2.840e+00,1016.0,,,252.13,131.99,-82.40,87.90,1,q1_q17_dr25_tce,5448.00,178.00,-162.00,4.497,0.110,-0.110,0.7940,0.1250,-0.1020,286.452580,38.538342,15.371
8018,3441340,K06335.01,,FALSE POSITIVE,FALSE POSITIVE,0.0000,0,1,1,0,0.806277023,4.9470000e-06,-4.9470000e-06,131.7856700,6.720000e-03,-6.720000e-03,0.6970,0.2600,-0.4510,7.27500,0.31200,-0.31200,7.0800e+01,3.800e+00,-3.800e+00,0.89,2.900e-01,-9.000e-02,2046.0,,,4119.09,3927.86,-1221.11,37.90,1,q1_q17_dr25_tce,6122.00,165.00,-184.00,4.471,0.054,-0.229,0.9960,0.3240,-0.1080,290.817230,38.539120,13.614
8019,3448323,K06336.01,,FALSE POSITIVE,FALSE POSITIVE,0.0000,1,0,1,1,0.513482156,4.9860000e-06,-4.9860000e-06,131.7547700,9.100000e-03,-9.100000e-03,0.0040,0.4870,-0.0040,2.73200,0.26800,-0.26800,9.1600e+01,9.500e+00,-9.500e+00,0.83,2.000e-01,-1.000e-01,2072.0,,,4335.56,3139.96,-1354.89,12.60,1,q1_q17_dr25_tce,5495.00,164.00,-164.00,4.495,0.069,-0.161,0.8820,0.2100,-0.1050,292.640170,38.513569,15.630
8020,4862625,K06464.02,,FALSE POSITIVE,FALSE POSITIVE,,1,0,0,0,225.667160000,1.5230000e-02,-1.5230000e-02,195.6621000,4.170000e-02,-4.170000e-02,0.3037,0.1482,-0.3037,16.60000,1.30000,-1.30000,3.4290e+02,3.370e+01,-3.370e+01,1.94,8.000e-01,-1.800e-01,331.0,,,2.82,3.36,-0.78,11.70,6,q1_q17_dr24_tce,6363.00,154.00,-204.00,4.444,0.048,-0.048,1.0350,0.4250,-0.0950,298.215090,39.955101,13.718
8021,4863369,K06465.01,,FALSE POSITIVE,FALSE POSITIVE,0.0010,0,0,1,0,4.247488860,5.9560000e-05,-5.9560000e-05,132.0562000,1.260000e-02,-1.260000e-02,0.2420,0.2210,-0.2420,3.05300,0.42200,-0.42200,1.2100e+02,1.600e+01,-1.600e+01,1.01,2.600e-01,-1.000e-01,1079.0,,,319.94,236.75,-93.84,10.00,1,q1_q17_dr25_tce,5807.00,157.00,-192.00,4.524,0.042,-0.179,0.9220,0.2310,-0.0930,298.382260,39.913521,15.146
8022,4863753,K06466.01,,FALSE POSITIVE,FALSE POSITIVE,0.0020,0,0,1,0,1.000012952,3.9560000e-06,-3.9560000e-06,131.7614000,3.800000e-03,-3.800000e-03,0.0970,0.3660,-0.0970,1.22100,0.11100,-0.11100,3.6000e+01,4.500e+00,-4.500e+00,2.12,3.500e-01,-7.000e-01,2858.0,,,15781.19,6856.18,-9240.77,11.90,1,q1_q17_dr25_tce,5176.00,72.00,-103.00,3.534,0.224,-0.096,3.6050,0.5950,-1.1890,298.474950,39.923210,11.942
8023,4902030,K06467.01,,FALSE POSITIVE,FALSE POSITIVE,0.0000,0,1,0,0,0.878803439,1.2900000e-07,-1.2900000e-07,132.2672690,1.220000e-04,-1.220000e-04,0.4670,0.0190,-0.0230,2.74503,0.00815,-0.00815,4.1072e+05,9.850e+02,-9.850e+02,51.97,2.190e+00,-4.370e+00,1347.0,,,775.90,184.06,-207.18,524.80,1,q1_q17_dr25_tce,4524.00,150.00,-150.00,4.566,0.060,-0.020,0.7370,0.0310,-0.0620,283.611570,40.056240,15.929
8024,4914709,K06470.01,,FALSE POSITIVE,FALSE POSITIVE,0.0000,0,1,0,1,8.653039960,2.9290000e-05,-2.9290000e-05,136.6679800,3.080000e-03,-3.080000e-03,0.3690,0.0850,-0.3690,1.09100,0.13000,-0.13000,4.9700e+02,4.660e+01,-4.660e+01,1.88,3.100e-01,-1.800e-01,764.0,,,80.51,43.77,-22.16,14.70,1,q1_q17_dr25_tce,5301.00,175.00,-159.00,4.528,0.051,-0.110,0.8400,0.1380,-0.0800,289.080630,40.026791,15.639
8025,5471141,K06584.01,,FALSE POSITIVE,FALSE POSITIVE,,0,1,1,1,12.425381200,2.6920000e-04,-2.6920000e-04,141.5493000,2.080000e-02,-2.080000e-02,0.1583,0.3006,-0.1583,19.78100,0.69400,-0.69400,1.1530e+02,5.100e+00,-5.100e+00,1.14,5.300e-01,-1.300e-01,823.0,,,108.46,150.44,-33.69,26.80,1,q1_q17_dr24_tce,5925.00,161.00,-197.00,4.412,0.071,-0.071,1.0660,0.4950,-0.1190,297.575990,40.613640,13.854
8026,5471328,K06585.01,,FALSE POSITIVE,FALSE POSITIVE,,1,0,0,1,12.425559990,7.7150000e-05,-7.7150000e-05,133.9682900,6.160000e-03,-6.160000e-03,0.9066,0.0029,-0.0055,28.08300,0.26300,-0.26300,2.9648e+03,2.540e+01,-2.540e+01,4.72,6.900e-01,-4.700e-01,599.0,,,30.49,16.14,-8.80,122.00,4,q1_q17_dr24_tce,4922.00,187.00,-159.00,4.576,0.061,-0.061,0.7040,0.1040,-0.0700,297.621770,40.604099,15.902
8027,5471415,K06586.01,,FALSE POSITIVE,FALSE POSITIVE,0.0000,1,0,1,1,12.425744200,1.3740000e-04,-1.3740000e-04,141.5238200,9.290000e-03,-9.290000e-03,0.9630,0.0410,-0.0560,29.12200,0.33500,-0.33500,9.3600e+02,2.580e+01,-2.580e+01,8.43,1.860e+00,-2.270e+00,1551.0,,,1369.63,867.41,-766.45,49.60,1,q1_q17_dr25_tce,8691.00,205.00,-410.00,4.072,0.171,-0.140,2.1930,0.4820,-0.5900,297.643340,40.622520,12.625
8028,5471480,K06587.01,,FALSE POSITIVE,FALSE POSITIVE,0.0000,1,0,1,1,12.425424100,3.3510000e-04,-3.3510000e-04,141.5418000,2.280000e-02,-2.280000e-02,0.9380,0.0330,-0.6270,24.98000,1.00000,-1.00000,3.7890e+02,1.230e+01,-1.230e+01,2.17,5.300e-01,-2.200e-01,755.0,,,76.90,54.83,-22.87,36.00,1,q1_q17_dr25_tce,5853.00,157.00,-192.00,4.529,0.042,-0.168,0.8950,0.2160,-0.0930,297.662380,40.687740,15.710
8029,5513822,K06590.01,,FALSE POSITIVE,FALSE POSITIVE,,0,0,1,1,0.755109271,7.6040000e-06,-7.6040000e-06,131.8183800,8.670000e-03,-8.670000e-03,0.4041,0.0772,-0.4040,2.61900,0.27200,-0.27200,2.3200e+01,2.500e+00,-2.500e+00,0.47,1.900e-01,-7.000e-02,1961.0,,,3494.52,4235.46,-1188.59,12.90,1,q1_q17_dr24_tce,5606.00,161.00,-130.00,4.390,0.134,-0.134,0.9620,0.3900,-0.1430,284.322940,40.715210,13.292
8030,6471229,K06719.01,,FALSE POSITIVE,FALSE POSITIVE,0.0000,0,0,0,1,1.752515850,3.3490000e-05,-3.3490000e-05,132.7544000,2.420000e-02,-2.420000e-02,0.7380,0.2280,-0.4930,3.48900,0.53400,-0.53400,1.2590e+02,1.000e+01,-1.000e+01,1.02,2.800e-01,-8.000e-02,1447.0,,,1035.27,814.93,-256.53,14.20,1,q1_q17_dr25_tce,5952.00,160.00,-160.00,4.554,0.033,-0.176,0.8440,0.2260,-0.0710,299.166080,41.863049,13.978
8031,6471230,K06720.01,,FALSE POSITIVE,FALSE POSITIVE,0.0000,0,0,1,1,1.752450163,,,132.8015023,,,0.7280,,,3.02550,,,5.5500e+01,,,0.79,2.200e-01,-1.400e-01,1552.0,,,1372.36,1103.89,-550.10,3.40,1,q1_q17_dr25_tce,5779.00,158.00,-158.00,4.364,0.180,-0.198,0.9900,0.2700,-0.1800,299.166170,41.861912,13.294
8032,6521174,K06721.01,,FALSE POSITIVE,FALSE POSITIVE,0.0000,0,0,1,0,8.279231320,7.2450000e-05,-7.2450000e-05,133.8171100,7.510000e-03,-7.510000e-03,0.1870,0.2650,-0.1870,2.35500,0.20400,-0.20400,1.6490e+02,1.760e+01,-1.760e+01,1.08,2.800e-01,-9.000e-02,815.0,,,104.49,80.32,-26.45,10.90,1,q1_q17_dr25_tce,5631.00,152.00,-169.00,4.557,0.032,-0.168,0.8470,0.2210,-0.0690,291.422360,41.978939,15.197
8033,6521542,K06722.01,,FALSE POSITIVE,FALSE POSITIVE,0.0000,0,1,0,0,2.212877035,1.0500000e-07,-1.0500000e-07,132.6824280,3.910000e-05,-3.910000e-05,0.5180,0.0050,-0.0050,4.66961,0.00119,-0.00119,3.7620e+05,6.540e+01,-6.540e+01,69.18,1.937e+01,-1.045e+01,1507.0,,,1221.98,1005.08,-451.78,2731.00,1,q1_q17_dr25_tce,6153.00,166.00,-203.00,4.405,0.105,-0.195,1.0000,0.2800,-0.1510,291.528110,41.915958,14.280
8034,6522353,K06723.01,,FALSE POSITIVE,FALSE POSITIVE,0.0010,0,0,1,0,0.845097627,5.5170000e-06,-5.5170000e-06,132.1213600,5.680000e-03,-5.680000e-03,0.7170,0.2480,-0.4830,1.87300,0.21900,-0.21900,8.6500e+01,9.600e+00,-9.600e+00,0.78,1.400e-01,-5.000e-02,1584.0,,,1496.92,874.83,-356.37,10.70,1,q1_q17_dr25_tce,5252.00,184.00,-184.00,4.593,0.022,-0.120,0.7830,0.1370,-0.0490,291.798650,41.963551,15.685
8035,6531801,K06727.01,,FALSE POSITIVE,FALSE POSITIVE,,1,0,0,0,0.515875396,1.3930000e-06,-1.3930000e-06,131.7013000,2.030000e-03,-2.030000e-03,0.9500,0.0080,-0.0073,1.21000,1.70000,-1.70000,1.7730e+03,2.180e+02,-2.180e+02,7.22,4.590e+00,-1.070e+00,3189.0,,,24441.10,50553.64,-9657.30,9.10,3,q1_q17_dr24_tce,7229.00,254.00,-320.00,4.278,0.087,-0.087,1.3800,0.8760,-0.2050,294.677250,41.904640,13.591
8036,7281356,K06853.01,,FALSE POSITIVE,FALSE POSITIVE,,1,0,0,0,2.834017110,3.3230000e-05,-3.3230000e-05,133.5005000,1.900000e-02,-1.900000e-02,0.2794,0.1708,-0.2794,5.93800,0.88500,-0.88500,8.4200e+01,8.000e+00,-8.000e+00,0.93,4.100e-01,-9.000e-02,1381.0,,,859.57,1116.06,-249.35,11.50,2,q1_q17_dr24_tce,6247.00,167.00,-210.00,4.458,0.051,-0.051,1.0020,0.4390,-0.0980,291.567440,42.856178,15.036
8037,7281399,K06854.01,,FALSE POSITIVE,FALSE POSITIVE,0.0000,1,0,0,1,0.566803996,3.4160000e-06,-3.4160000e-06,131.8078200,4.800000e-03,-4.800000e-03,0.1230,0.3570,-0.1230,3.39900,0.14700,-0.14700,1.4160e+02,8.300e+00,-8.300e+00,0.64,6.000e-02,-6.000e-02,1350.0,,,786.10,256.47,-207.59,23.40,1,q1_q17_dr25_tce,4373.00,118.00,-144.00,4.722,0.036,-0.050,0.5440,0.0500,-0.0450,291.583470,42.830051,15.989
8038,7281410,K06855.01,,FALSE POSITIVE,FALSE POSITIVE,,0,0,0,1,0.566811180,,,131.7883893,,,,,,2.06000,,,,,,,,,,,,,,,,1,q1_q17_dr24_tce,,,,,,,,,,291.586820,42.890133,11.580
8039,7281616,K06856.01,,FALSE POSITIVE,FALSE POSITIVE,0.0000,1,0,0,1,0.566799927,4.9070000e-06,-4.9070000e-06,131.8346400,5.050000e-03,-5.050000e-03,0.1880,0.3780,-0.1880,4.71000,0.55500,-0.55500,1.4510e+02,9.100e+00,-9.100e+00,0.77,1.000e-01,-5.000e-02,1649.0,,,1738.27,764.44,-377.92,28.90,1,q1_q17_dr25_tce,5092.00,151.00,-151.00,4.671,0.028,-0.077,0.6450,0.0850,-0.0390,291.647250,42.861191,15.888
8040,7281699,K06857.01,,FALSE POSITIVE,FALSE POSITIVE,0.0000,1,0,0,1,0.566786121,4.8350000e-06,-4.8350000e-06,131.8363000,1.020000e-02,-1.020000e-02,0.5910,0.3660,-0.3510,3.40400,0.52100,-0.52100,8.1800e+01,9.400e+00,-9.400e+00,0.79,2.000e-01,-7.000e-02,1984.0,,,3678.65,2815.71,-1064.38,14.00,1,q1_q17_dr25_tce,5603.00,186.00,-186.00,4.556,0.032,-0.168,0.8460,0.2070,-0.0830,291.683140,42.884411,15.768
8041,7285616,K06859.01,,FALSE POSITIVE,FALSE POSITIVE,0.0000,0,0,1,1,0.566802891,3.5460000e-06,-3.5460000e-06,131.7948700,4.960000e-03,-4.960000e-03,0.6280,0.3300,-0.3970,1.86100,0.16100,-0.16100,4.9200e+01,4.500e+00,-4.500e+00,1.29,3.800e-01,-4.100e-01,3111.0,,,22107.66,18952.80,-13350.03,14.40,1,q1_q17_dr25_tce,6487.00,179.00,-247.00,4.080,0.252,-0.168,1.7480,0.5080,-0.5590,292.918790,42.850082,12.982
8042,8178616,K06984.01,,FALSE POSITIVE,FALSE POSITIVE,,0,0,0,1,1.018849750,1.2740000e-05,-1.2740000e-05,132.0857000,1.240000e-02,-1.240000e-02,0.2737,0.2077,-0.2736,3.23300,0.45900,-0.45900,3.0900e+01,3.000e+00,-3.000e+00,0.47,1.500e-01,-4.000e-02,1754.0,,,2238.64,2145.25,-527.24,14.80,1,q1_q17_dr24_tce,6068.00,141.00,-173.00,4.568,0.028,-0.028,0.8290,0.2790,-0.0610,296.062840,44.018822,13.948
8043,8180290,K06985.01,,CANDIDATE,CANDIDATE,,0,0,0,0,10.927975500,2.6670000e-04,-2.6670000e-04,139.9174000,1.830000e-02,-1.830000e-02,0.0956,0.3576,-0.0955,2.48600,0.62100,-0.62100,7.1500e+01,1.270e+01,-1.270e+01,0.81,2.600e-01,-8.000e-02,834.0,,,114.42,104.63,-30.55,7.30,1,q1_q17_dr24_tce,6045.00,143.00,-178.00,4.494,0.043,-0.043,0.9550,0.3060,-0.0870,296.569370,44.017220,14.347
8044,8183389,K06986.01,,FALSE POSITIVE,FALSE POSITIVE,0.0000,0,1,0,0,32.440339204,1.7340000e-06,-1.7340000e-06,142.2555263,4.240000e-05,-4.240000e-05,0.6450,0.0100,-0.0180,4.50984,0.00165,-0.00165,2.8760e+05,7.410e+01,-7.410e+01,44.56,4.290e+00,-4.290e+00,448.0,,,9.52,3.35,-2.63,2177.00,1,q1_q17_dr25_tce,5081.00,151.00,-151.00,4.578,0.077,-0.044,0.6960,0.0670,-0.0670,297.370300,44.098770,15.854
8045,8193315,K06988.01,,FALSE POSITIVE,FALSE POSITIVE,0.0000,0,1,0,0,2.623872910,1.3100000e-07,-1.3100000e-07,134.0049825,4.130000e-05,-4.130000e-05,0.4900,0.0040,-0.0030,4.61248,0.00147,-0.00147,2.3247e+05,1.310e+02,-1.310e+02,74.23,2.273e+01,-1.515e+01,1790.0,,,2430.91,2202.40,-1115.65,2607.60,1,q1_q17_dr25_tce,6728.00,189.00,-260.00,4.206,0.149,-0.182,1.4600,0.4470,-0.2980,299.829680,44.040359,13.700
8046,8196180,K06990.01,,FALSE POSITIVE,FALSE POSITIVE,0.0000,1,0,0,0,3.671661096,1.4500000e-07,-1.4500000e-07,132.0909174,3.210000e-05,-3.210000e-05,0.9230,0.0010,0.0000,4.29947,0.00188,-0.00188,1.2924e+05,1.220e+01,-1.220e+01,105.82,2.837e+01,-3.464e+01,1967.0,,,3539.43,2821.12,-2192.41,3152.60,1,q1_q17_dr25_tce,7343.00,207.00,-311.00,4.020,0.273,-0.147,1.9400,0.5200,-0.6350,300.635770,44.053398,12.814
8047,8977176,K07119.01,,FALSE POSITIVE,FALSE POSITIVE,,1,0,0,0,0.509483060,6.3380000e-05,-6.3380000e-05,132.0386000,6.450000e-02,-6.450000e-02,0.3535,0.2048,-0.3535,3.14000,1.10000,-1.10000,7.4600e+01,1.510e+01,-1.510e+01,1.22,4.700e-01,-3.400e-01,3024.0,,,19778.63,22494.45,-10738.61,8.00,1,q1_q17_dr24_tce,6344.00,186.00,-188.00,4.091,0.289,-0.289,1.3900,0.5280,-0.3920,298.877380,45.203979,13.545
8048,9001468,K07120.01,,FALSE POSITIVE,FALSE POSITIVE,0.0000,0,1,0,0,17.329965871,2.1470000e-06,-2.1470000e-06,142.7271560,1.030000e-04,-1.030000e-04,0.7050,0.0240,-0.0240,8.43812,0.00591,-0.00591,2.5272e+05,1.480e+02,-1.480e+02,42.58,4.050e+00,-4.060e+00,548.0,,,21.34,7.77,-5.86,1938.70,1,q1_q17_dr25_tce,5079.00,166.00,-151.00,4.588,0.072,-0.048,0.6830,0.0650,-0.0650,282.761630,45.398521,15.200
8049,9005854,K07121.01,,FALSE POSITIVE,FALSE POSITIVE,0.0000,0,1,0,0,1.890227354,8.6300000e-07,-8.6300000e-07,131.6785890,3.650000e-04,-3.650000e-04,0.9570,0.2140,-0.1160,3.85500,0.02380,-0.02380,1.1226e+05,5.220e+02,-5.220e+02,42.05,7.170e+00,-3.290e+00,1236.0,,,551.66,297.99,-136.14,252.00,1,q1_q17_dr25_tce,5356.00,159.00,-159.00,4.589,0.035,-0.119,0.7800,0.1330,-0.0610,285.031310,45.380451,15.569
8050,9007953,K07123.01,,FALSE POSITIVE,FALSE POSITIVE,0.0000,0,0,1,1,1.387182090,3.5900000e-05,-3.5900000e-05,132.8579000,2.230000e-02,-2.230000e-02,0.2800,0.1730,-0.2800,2.59500,0.84900,-0.84900,4.5500e+01,8.500e+00,-8.500e+00,0.68,2.000e-01,-8.000e-02,1707.0,,,2011.41,1767.49,-655.72,7.20,1,q1_q17_dr25_tce,6122.00,171.00,-214.00,4.471,0.062,-0.200,0.9960,0.2960,-0.1180,286.021300,45.343681,14.718
8051,9025739,K07125.01,,CANDIDATE,CANDIDATE,0.9990,0,0,0,0,7.918267000,1.8420000e-04,-1.8420000e-04,134.1991000,2.050000e-02,-2.050000e-02,0.2190,0.2500,-0.2190,3.47800,0.68700,-0.68700,8.3700e+01,1.240e+01,-1.240e+01,0.93,2.800e-01,-1.200e-01,953.0,,,195.36,173.55,-66.70,8.40,1,q1_q17_dr25_tce,5966.00,179.00,-214.00,4.418,0.087,-0.203,1.0160,0.3000,-0.1290,293.201480,45.354691,14.758
8052,9029486,K07126.01,,FALSE POSITIVE,FALSE POSITIVE,0.0000,0,1,0,0,3.138580493,1.4200000e-07,-1.4200000e-07,132.3306220,3.730000e-05,-3.730000e-05,0.6190,0.1010,-0.0700,4.16343,0.00113,-0.00113,2.3334e+05,1.310e+02,-1.310e+02,59.24,1.756e+01,-1.171e+01,1281.0,,,635.61,553.58,-269.08,2387.80,1,q1_q17_dr25_tce,5593.00,152.00,-152.00,4.311,0.195,-0.195,1.0830,0.3210,-0.2140,294.472930,45.389721,13.630
8053,9906802,K07250.01,,FALSE POSITIVE,FALSE POSITIVE,,1,0,0,0,9.261476790,,,135.1085808,,,,,,1.77000,,,,,,,,,,,,,,,,1,q1_q17_dr24_tce,,,,,,,,,,297.612730,46.738949,14.874
8054,9906841,K07251.01,,FALSE POSITIVE,FALSE POSITIVE,,1,0,0,0,581.072300000,1.7420000e-02,-1.7420000e-02,371.0249000,2.320000e-02,-2.320000e-02,88.7243,12.2500,-25.7500,15.81000,1.30000,-1.30000,1.3642e+03,9.570e+01,-9.570e+01,161858.00,5.884e+03,-7.265e+04,639.0,,,39.36,6.71,-30.00,15.90,1,q1_q17_dr24_tce,5026.00,109.00,-298.00,2.504,0.033,-0.033,16.8910,0.6140,-7.5820,297.622960,46.753860,12.282
8055,9909965,K07252.01,,CANDIDATE,CANDIDATE,0.7910,0,0,0,0,10.217058900,2.1540000e-04,-2.1540000e-04,139.1299000,1.870000e-02,-1.870000e-02,0.1320,0.3260,-0.1320,2.25900,0.65900,-0.65900,1.2130e+02,1.770e+01,-1.770e+01,1.17,3.300e-01,-1.800e-01,929.0,,,176.34,149.09,-67.62,7.90,1,q1_q17_dr25_tce,6211.00,169.00,-225.00,4.384,0.108,-0.201,1.0540,0.3030,-0.1630,298.548520,46.756641,14.455
8056,9913798,K07254.01,,FALSE POSITIVE,FALSE POSITIVE,0.0000,0,1,0,0,2.143440930,3.6000000e-07,-3.6000000e-07,133.4972470,1.340000e-04,-1.340000e-04,0.6860,0.0330,-0.0060,3.97410,0.01110,-0.01110,1.3332e+05,3.520e+02,-3.520e+02,28.69,2.870e+00,-2.090e+00,1033.0,,,269.48,97.37,-64.32,645.90,1,q1_q17_dr25_tce,4817.00,144.00,-144.00,4.624,0.028,-0.056,0.7000,0.0700,-0.0510,299.681790,46.735352,14.945
8057,9932197,K07255.01,,CANDIDATE,CANDIDATE,,0,0,0,0,86.954320880,,,187.7282221,,,,,,12.11000,,,,,,,,,,,,,,,,1,q1_q17_dr24_tce,,,,,,,,,,280.991760,46.889370,14.248
8058,9934208,K07256.01,,FALSE POSITIVE,FALSE POSITIVE,0.0000,0,1,0,0,9.058487716,5.1900000e-07,-5.1900000e-07,137.3378842,4.730000e-05,-4.730000e-05,0.2130,0.0470,-0.0120,4.14334,0.00331,-0.00331,1.2797e+05,7.720e+01,-7.720e+01,20.51,1.610e+00,-2.000e+00,547.0,,,21.15,6.57,-5.92,2098.90,1,q1_q17_dr25_tce,4340.00,131.00,-131.00,4.671,0.058,-0.027,0.5730,0.0450,-0.0560,282.542080,46.856628,15.507
8059,9936698,K07257.01,,FALSE POSITIVE,FALSE POSITIVE,0.0000,0,1,0,0,2.856085147,3.5400000e-06,-3.5400000e-06,133.3929800,1.620000e-03,-1.620000e-03,0.8410,0.0250,-0.0220,4.57760,0.01160,-0.01160,1.7384e+05,4.820e+02,-4.820e+02,88.52,2.628e+01,-2.152e+01,1739.0,,,2164.00,1905.55,-1106.98,422.10,1,q1_q17_dr25_tce,6604.00,187.00,-258.00,4.178,0.162,-0.180,1.5260,0.4530,-0.3710,284.067320,46.809582,14.045
8060,10909274,K07385.01,,FALSE POSITIVE,FALSE POSITIVE,0.0000,0,1,0,0,39.238141571,7.2230000e-06,-7.2230000e-06,148.6516520,1.440000e-04,-1.440000e-04,0.4590,0.0090,-0.0070,6.07183,0.00884,-0.00884,4.3921e+05,5.120e+02,-5.120e+02,90.93,2.086e+01,-1.039e+01,656.0,,,43.69,28.43,-13.63,969.30,1,q1_q17_dr25_tce,6599.00,147.00,-213.00,4.350,0.060,-0.140,1.2340,0.2830,-0.1410,285.976230,48.320782,12.153
8061,10920813,K07386.01,,FALSE POSITIVE,FALSE POSITIVE,0.0000,1,0,0,0,53.740657500,2.0170000e-05,-2.0170000e-05,209.2947330,2.860000e-04,-2.860000e-04,0.3860,0.0010,-0.0020,47.24750,0.02250,-0.02250,1.1672e+05,4.070e+01,-4.070e+01,25.44,3.620e+00,-2.420e+00,398.0,,,5.93,3.07,-1.71,3568.10,1,q1_q17_dr25_tce,5288.00,202.00,-184.00,4.577,0.056,-0.077,0.7370,0.1050,-0.0700,292.210050,48.315643,13.756
8062,10923260,K07387.01,,FALSE POSITIVE,FALSE POSITIVE,0.0000,0,1,0,0,7.436016459,1.2360000e-06,-1.2360000e-06,136.5182260,1.380000e-04,-1.380000e-04,0.4330,0.0170,-0.0170,4.16284,0.00842,-0.00842,1.0653e+05,1.840e+02,-1.840e+02,31.39,9.780e+00,-3.270e+00,968.0,,,207.61,186.22,-63.21,742.10,1,q1_q17_dr25_tce,6214.00,153.00,-219.00,4.501,0.054,-0.216,0.9330,0.2910,-0.0970,293.345250,48.382301,14.546
8063,10932270,K07389.01,,CANDIDATE,CANDIDATE,,0,0,0,0,27.583777800,4.1350000e-04,-4.1350000e-04,142.9808000,9.390000e-03,-9.390000e-03,0.0221,0.4531,-0.0221,1.51600,0.33900,-0.33900,2.0250e+02,4.110e+01,-4.110e+01,11.03,6.900e-01,-2.700e+00,1330.0,,,739.57,150.58,-368.50,8.50,1,q1_q17_dr24_tce,5092.00,83.00,-161.00,2.945,0.028,-0.028,7.9130,0.4920,-1.9360,296.849670,48.323318,12.148
8064,10936427,K07390.01,,FALSE POSITIVE,FALSE POSITIVE,0.0000,0,1,0,0,14.361021578,1.9620000e-06,-1.9620000e-06,138.8429860,1.110000e-04,-1.110000e-04,0.0030,0.0000,-0.0030,13.28950,0.00588,-0.00588,4.5988e+05,2.120e+02,-2.120e+02,45.90,4.400e+00,-3.910e+00,594.0,,,29.44,10.33,-7.34,2599.00,1,q1_q17_dr25_tce,5229.00,156.00,-140.00,4.607,0.072,-0.048,0.6680,0.0640,-0.0570,298.343810,48.335892,14.419
8065,12251779,K07517.01,,FALSE POSITIVE,FALSE POSITIVE,0.0000,0,1,0,0,14.844240386,6.0300000e-07,-6.0300000e-07,134.2337694,3.330000e-05,-3.330000e-05,0.2750,0.0140,-0.0040,6.83577,0.00169,-0.00169,8.3412e+04,2.160e+01,-2.160e+01,28.97,6.920e+00,-5.660e+00,810.0,,,101.98,72.31,-42.87,4542.80,1,q1_q17_dr25_tce,6161.00,168.00,-168.00,4.367,0.175,-0.175,0.9880,0.2360,-0.1930,287.573610,50.998730,14.415
8066,12268220,K07518.01,,FALSE POSITIVE,FALSE POSITIVE,0.0000,0,1,0,0,4.421580210,3.9480000e-06,-3.9480000e-06,134.3954470,7.330000e-04,-7.330000e-04,1.1460,0.0980,-0.0520,10.45320,0.05410,-0.05410,6.1032e+04,2.120e+02,-2.120e+02,188.89,3.312e+01,-9.939e+01,2565.0,,,10243.23,5763.06,-8274.46,370.60,1,q1_q17_dr25_tce,8026.00,251.00,-306.00,3.650,0.510,-0.090,3.4610,0.6070,-1.8210,296.490690,50.905861,11.425
8067,12304728,K07520.01,,CANDIDATE,CANDIDATE,1.0000,0,0,0,0,3.147357890,5.3410000e-05,-5.3410000e-05,133.3871000,1.490000e-02,-1.490000e-02,0.0300,0.4200,-0.0300,3.64300,0.31800,-0.31800,5.1800e+01,6.600e+00,-6.600e+00,3.45,4.500e-01,-1.320e+00,2209.0,,,5635.40,1938.49,-3688.93,9.30,1,q1_q17_dr25_tce,5189.00,72.00,-124.00,3.352,0.262,-0.087,4.9300,0.6300,-1.8890,289.821990,51.063492,14.386
8068,12351927,K07522.01,,FALSE POSITIVE,FALSE POSITIVE,0.0000,0,1,0,0,10.116144515,7.0000000e-07,-7.0000000e-07,139.9824969,5.490000e-05,-5.490000e-05,0.8790,0.2300,-0.0100,2.70314,0.00372,-0.00372,5.8144e+04,4.830e+01,-4.830e+01,17.21,8.900e-01,-1.000e+00,549.0,,,21.56,5.22,-4.77,1144.80,1,q1_q17_dr25_tce,4717.00,138.00,-152.00,4.737,0.042,-0.028,0.5190,0.0270,-0.0300,288.510620,51.162472,15.520
8069,12353720,K07524.01,,FALSE POSITIVE,FALSE POSITIVE,0.0000,0,1,0,0,1.953285321,4.6700000e-07,-4.6700000e-07,133.1432000,1.930000e-04,-1.930000e-04,1.3120,1.7550,-0.1510,1.67598,0.00914,-0.00914,1.5203e+03,5.600e+00,-5.600e+00,151.56,1.551e+01,-5.815e+01,2927.0,,,17363.68,6134.90,-11458.57,237.70,1,q1_q17_dr25_tce,6450.00,176.00,-176.00,3.501,0.360,-0.090,3.9280,0.4020,-1.5070,289.570250,51.125702,13.077
8070,7778767,K02523.02,,CANDIDATE,CANDIDATE,0.7630,0,0,0,0,2.610902230,2.1130000e-05,-2.1130000e-05,133.2550100,7.680000e-03,-7.680000e-03,0.8130,0.0100,-0.5780,1.97600,0.20100,-0.20100,2.2250e+02,2.480e+01,-2.480e+01,1.80,2.700e-01,-2.500e-01,1323.0,,,724.16,289.86,-214.61,10.70,2,q1_q17_dr25_tce,5514.00,74.00,-74.00,4.345,0.132,-0.108,1.0710,0.1630,-0.1480,299.169530,43.441090,15.829
8071,9026749,K02564.02,,CANDIDATE,CANDIDATE,0.9130,0,0,0,0,17.663797900,6.4050000e-04,-6.4050000e-04,144.2390000,2.430000e-02,-2.430000e-02,0.6950,0.2890,-0.4590,6.19400,0.91200,-0.91200,6.7900e+01,8.400e+00,-8.400e+00,2.98,5.500e-01,-1.010e+00,1178.0,,,455.65,225.98,-267.11,9.70,2,q1_q17_dr25_tce,5734.00,95.00,-69.00,3.591,0.292,-0.097,3.4050,0.6250,-1.1610,293.573940,45.384541,14.074
8072,6198182,K02636.02,,CANDIDATE,CANDIDATE,,0,0,0,0,5.177722600,9.7560000e-04,-9.7560000e-04,133.5044000,5.430000e-02,-5.430000e-02,0.0250,0.4872,-0.0249,8.27500,0.86900,-0.86900,4.1700e+01,6.100e+00,-6.100e+00,0.63,1.200e-01,-4.000e-02,1050.0,,,287.44,149.13,-54.40,6.10,2,q1_q17_dr24_tce,5854.00,106.00,-130.00,4.469,0.036,-0.036,0.9790,0.1850,-0.0570,289.686710,41.588928,12.320
8073,5695396,K00283.03,,CANDIDATE,CANDIDATE,,0,0,0,0,9.488147470,6.1480000e-05,-6.1480000e-05,139.1790700,4.960000e-03,-4.960000e-03,0.5693,0.0874,-0.4352,1.16300,0.19400,-0.19400,4.7900e+01,7.200e+00,-7.200e+00,0.73,1.300e-01,-6.000e-02,856.0,,,126.75,63.38,-28.75,11.10,3,q1_q17_dr24_tce,5680.00,104.00,-113.00,4.414,0.072,-0.072,1.0160,0.1840,-0.0860,288.530820,40.942299,11.525
8074,2853828,K02896.02,,FALSE POSITIVE,FALSE POSITIVE,,1,0,0,0,346.366420000,2.0390000e-02,-2.0390000e-02,365.2864000,3.500000e-02,-3.500000e-02,0.4500,0.0091,-0.4326,14.94000,1.10000,-1.10000,1.4820e+02,1.330e+01,-1.330e+01,1.57,9.800e-01,-2.700e-01,314.0,,,2.30,4.42,-0.90,14.30,2,q1_q17_dr24_tce,6327.00,160.00,-202.00,4.276,0.131,-0.131,1.2590,0.7880,-0.2120,291.740170,38.014912,11.899
8075,7008149,K02918.02,,FALSE POSITIVE,FALSE POSITIVE,,0,0,1,0,0.515541110,,,131.6708765,,,,,,0.87000,,,,,,,,,,,,,,,,2,q1_q17_dr24_tce,,,,,,,,,,281.559360,42.520489,15.786
8076,3542573,K06338.01,,FALSE POSITIVE,FALSE POSITIVE,0.0000,0,1,0,1,3.471399214,1.5600000e-07,-1.5600000e-07,133.7510303,3.730000e-05,-3.730000e-05,1.0140,0.0250,-0.0170,5.07707,0.00142,-0.00142,9.2285e+04,1.670e+01,-1.670e+01,89.62,2.457e+01,-3.003e+01,1558.0,,,1390.76,1150.73,-853.21,3230.40,1,q1_q17_dr25_tce,6026.00,181.00,-199.00,4.101,0.258,-0.172,1.6890,0.4630,-0.5660,290.859250,38.633808,12.161
8077,3543270,K06339.01,,FALSE POSITIVE,FALSE POSITIVE,0.0000,0,1,0,0,4.176929219,3.4430000e-06,-3.4430000e-06,133.1973820,6.720000e-04,-6.720000e-04,0.9840,3.7600,-0.1470,5.20030,0.06070,-0.06070,7.0355e+04,4.660e+02,-4.660e+02,31.35,5.270e+00,-2.260e+00,938.0,,,183.08,97.70,-43.31,187.00,1,q1_q17_dr25_tce,5462.00,162.00,-162.00,4.628,0.035,-0.105,0.7080,0.1190,-0.0510,291.057620,38.645340,15.220
8078,3544678,K06340.01,,FALSE POSITIVE,FALSE POSITIVE,0.0000,0,1,1,0,6.376219900,,,134.9584000,,,,,,2.24000,,,,,,,,,,,,168.45,164.36,-40.63,,1,q1_q17_dr25_tce,,,,,,,,,,291.442810,38.623581,15.822
8079,3545626,K06341.01,,CANDIDATE,CANDIDATE,,0,0,0,0,9.781841930,,,132.3447759,,,,,,2.30000,,,,,,,,,,,,,,,,1,q1_q17_dr24_tce,,,,,,,,,,291.700470,38.695129,15.198
8080,3547178,K06342.01,,CANDIDATE,CANDIDATE,0.9840,0,0,0,0,8.177075100,1.3080000e-04,-1.3080000e-04,136.8217000,1.150000e-02,-1.150000e-02,0.4560,0.4980,-0.2560,4.60800,0.35200,-0.35200,4.4300e+01,4.700e+00,-4.700e+00,0.83,2.200e-01,-1.500e-01,1115.0,,,365.09,278.50,-145.41,10.60,1,q1_q17_dr25_tce,6501.00,147.00,-180.00,4.281,0.149,-0.182,1.2090,0.3260,-0.2170,292.100710,38.614990,12.419
8081,3548622,K06343.01,,FALSE POSITIVE,FALSE POSITIVE,0.0000,1,0,0,0,569.450510000,3.2800000e-02,-3.2800000e-02,143.4648000,4.900000e-02,-4.900000e-02,0.0010,0.4530,-0.0010,9.63000,2.30000,-2.30000,4.2540e+02,6.070e+01,-6.070e+01,1.96,5.900e-01,-2.000e-01,225.0,,,0.61,0.56,-0.18,8.20,1,q1_q17_dr25_tce,6117.00,182.00,-200.00,4.496,0.050,-0.213,0.9470,0.2880,-0.0960,292.475490,38.691311,14.542
8082,3749508,K07544.01,,FALSE POSITIVE,FALSE POSITIVE,0.0000,1,0,0,0,2.403704619,,,131.5641527,,,1.0070,,,0.89270,,,1.1060e+02,,,27.04,5.110e+00,-1.534e+01,3903.0,,,54903.00,30341.52,-45896.06,1.40,2,q1_q17_dr25_tce,6244.00,148.00,-204.00,2.897,0.512,-0.096,10.1050,1.9100,-5.7310,292.105900,38.836220,13.151
8083,4917014,K06472.01,,FALSE POSITIVE,FALSE POSITIVE,0.0000,0,0,1,0,0.796815149,,,131.9743416,,,0.5240,,,1.07270,,,5.5900e+01,,,10.23,1.610e+00,-3.210e+00,5480.0,,,212663.45,85733.73,-120114.04,4.80,1,q1_q17_dr25_tce,4897.00,58.00,-95.00,2.464,0.168,-0.126,13.4990,2.1190,-4.2380,289.769200,40.021091,11.971
8084,4932691,K06474.01,,FALSE POSITIVE,FALSE POSITIVE,0.0000,0,1,0,0,18.112088770,1.5740000e-05,-1.5740000e-05,134.7139160,7.110000e-04,-7.110000e-04,0.9820,0.6930,-0.1670,6.78280,0.05780,-0.05780,1.1663e+05,6.660e+02,-6.660e+02,96.62,3.153e+01,-1.453e+01,1068.0,,,307.27,295.77,-121.67,217.70,1,q1_q17_dr25_tce,7323.00,203.00,-319.00,4.167,0.090,-0.210,1.7220,0.5620,-0.2590,294.240170,40.007450,13.627
8085,4939265,K06475.01,,CANDIDATE,CANDIDATE,1.0000,0,0,0,0,4.845059850,3.1900000e-05,-3.1900000e-05,134.9486800,5.460000e-03,-5.460000e-03,0.9030,0.0710,-0.6710,2.07800,0.18200,-0.18200,2.9840e+02,3.380e+01,-3.380e+01,1.54,3.000e-02,-9.000e-02,723.0,,,64.57,7.45,-11.62,10.70,3,q1_q17_dr25_tce,4337.00,77.00,-86.00,4.581,0.045,-0.009,0.7140,0.0140,-0.0410,295.791380,40.012360,13.731
8086,4946680,K06477.01,,FALSE POSITIVE,FALSE POSITIVE,0.0000,0,1,0,0,8.665259912,4.6220000e-06,-4.6220000e-06,132.2162490,4.400000e-04,-4.400000e-04,1.2690,1.2130,-0.1950,3.10880,0.02200,-0.02200,1.8406e+03,1.200e+01,-1.200e+01,82.42,1.818e+01,-4.240e+01,1378.0,,,852.84,605.69,-678.54,181.40,1,q1_q17_dr25_tce,6071.00,213.00,-213.00,3.796,0.544,-0.128,2.3890,0.5270,-1.2290,297.382540,40.024170,13.852
8087,4947726,K06478.01,,FALSE POSITIVE,FALSE POSITIVE,0.0000,0,1,0,0,4.726086185,3.7700000e-07,-3.7700000e-07,132.9230889,6.560000e-05,-6.560000e-05,0.6510,0.0170,-0.0010,4.39793,0.00380,-0.00380,1.8182e+05,1.800e+02,-1.800e+02,41.38,1.117e+01,-3.740e+00,1032.0,,,267.96,212.96,-71.79,1564.30,1,q1_q17_dr25_tce,5873.00,159.00,-177.00,4.547,0.044,-0.176,0.8630,0.2330,-0.0780,297.615140,40.060810,15.181
8088,8308516,K07880.01,,CANDIDATE,CANDIDATE,0.1130,0,0,0,0,623.707740000,1.1570000e-02,-1.1570000e-02,303.3588000,1.250000e-02,-1.250000e-02,0.0030,0.4560,-0.0030,6.68800,0.48800,-0.48800,2.5090e+02,2.770e+01,-2.770e+01,1.81,4.800e-01,-2.600e-01,258.0,,,1.05,0.80,-0.37,10.20,2,q1_q17_dr25_tce,6626.00,158.00,-217.00,4.347,0.112,-0.182,1.1320,0.2980,-0.1610,294.952580,44.207909,13.379
8089,5529501,K06592.01,,FALSE POSITIVE,FALSE POSITIVE,0.0000,1,0,0,1,1.519451820,3.4270000e-05,-3.4270000e-05,132.5975000,2.290000e-02,-2.290000e-02,0.5990,0.3530,-0.3860,2.95000,1.10000,-1.10000,1.3700e+01,2.100e+00,-2.100e+00,0.50,9.000e-02,-7.000e-02,1901.0,,,3080.82,1405.08,-945.89,9.60,1,q1_q17_dr25_tce,6168.00,80.00,-86.00,4.250,0.125,-0.125,1.3070,0.2300,-0.1880,290.467800,40.754238,12.585
8090,5530881,K06594.01,,FALSE POSITIVE,FALSE POSITIVE,0.0000,0,1,0,0,5.082523739,1.4500000e-07,-1.4500000e-07,132.9614122,2.330000e-05,-2.330000e-05,0.2690,0.0090,-0.0030,5.04732,0.00168,-0.00168,2.7628e+05,4.920e+01,-4.920e+01,61.88,1.784e+01,-8.210e+00,1266.0,,,606.33,493.26,-202.30,5286.20,1,q1_q17_dr25_tce,6507.00,146.00,-194.00,4.343,0.101,-0.188,1.1450,0.3300,-0.1520,290.922670,40.777359,13.508
8091,5535280,K06597.01,,FALSE POSITIVE,FALSE POSITIVE,0.0000,0,1,0,0,74.985292949,7.7070000e-06,-7.7070000e-06,146.1390004,8.480000e-05,-8.480000e-05,0.9870,0.0380,-0.0350,6.23451,0.00458,-0.00458,1.0535e+05,6.490e+01,-6.490e+01,49.22,1.438e+01,-4.820e+00,425.0,,,7.69,6.59,-2.15,1754.80,1,q1_q17_dr25_tce,5955.00,161.00,-179.00,4.520,0.037,-0.213,0.9100,0.2660,-0.0890,292.347870,40.733101,14.851
8092,5552808,K06598.01,,CANDIDATE,CANDIDATE,,0,0,0,0,10.952103610,,,132.6922455,,,,,,1.50000,,,,,,,,,,,,,,,,4,q1_q17_dr24_tce,,,,,,,,,,296.823270,40.757229,11.969
8093,5553624,K06599.01,,FALSE POSITIVE,FALSE POSITIVE,0.0000,0,1,0,0,25.762056721,3.1160000e-06,-3.1160000e-06,139.7346639,9.700000e-05,-9.700000e-05,0.4450,0.0030,-0.0040,14.86940,0.00580,-0.00580,4.4772e+05,1.560e+02,-1.560e+02,74.87,1.058e+01,-7.650e+00,604.0,,,31.48,11.75,-7.59,3469.50,1,q1_q17_dr25_tce,5539.00,74.00,-83.00,4.393,0.105,-0.105,1.0270,0.1450,-0.1050,296.987120,40.775360,14.231
8094,5564082,K06600.01,,CANDIDATE,CANDIDATE,,0,0,0,0,2.705816140,1.5820000e-05,-1.5820000e-05,132.5372600,4.490000e-03,-4.490000e-03,0.6199,0.2962,-0.3618,6.56000,0.15600,-0.15600,4.6900e+01,1.300e+00,-1.300e+00,0.69,2.500e-01,-9.000e-02,1356.0,,,799.75,836.22,-251.02,41.80,1,q1_q17_dr24_tce,5992.00,148.00,-152.00,4.420,0.098,-0.098,0.9610,0.3480,-0.1230,299.114650,40.748619,10.715
8095,6543682,K06728.01,,FALSE POSITIVE,FALSE POSITIVE,0.0000,0,1,0,1,1.195516859,1.6900000e-07,-1.6900000e-07,132.3028690,1.160000e-04,-1.160000e-04,0.3270,0.0110,-0.0130,6.17216,0.00761,-0.00761,5.1381e+05,7.170e+02,-7.170e+02,75.54,0.000e+00,0.000e+00,1715.0,,,2045.19,0.00,0.00,1153.40,1,q1_q17_dr25_tce,5780.00,,,4.438,,,1.0000,,,297.543270,41.951748,13.908
8096,6545018,K06729.01,,FALSE POSITIVE,FALSE POSITIVE,0.0000,0,1,0,0,1.995728294,2.4900000e-07,-2.4900000e-07,132.8396990,1.040000e-04,-1.040000e-04,0.4650,0.0040,-0.0010,6.43532,0.00653,-0.00653,2.5188e+05,2.790e+02,-2.790e+02,45.20,9.860e+00,-6.620e+00,1409.0,,,928.82,605.16,-322.24,1496.50,1,q1_q17_dr25_tce,5807.00,157.00,-157.00,4.455,0.130,-0.159,0.8610,0.1880,-0.1260,297.813810,41.963051,13.748
8097,6548447,K06730.01,,FALSE POSITIVE,FALSE POSITIVE,0.0000,1,0,0,0,10.768391927,1.6940000e-06,-1.6940000e-06,137.6793470,1.350000e-04,-1.350000e-04,0.0010,0.0120,-0.0010,12.52520,0.00532,-0.00532,1.0738e+05,5.940e+01,-5.940e+01,52.80,2.735e+01,-2.735e+01,970.0,,,209.25,340.39,-165.70,2085.70,2,q1_q17_dr25_tce,5226.00,174.00,-142.00,3.970,0.602,-0.258,1.6430,0.8510,-0.8510,298.542510,41.953201,12.880
8098,6584167,K06732.01,,FALSE POSITIVE,FALSE POSITIVE,0.0000,1,0,0,0,0.733724504,3.5810000e-06,-3.5810000e-06,132.0246100,4.890000e-03,-4.890000e-03,0.2570,0.2150,-0.2570,2.20800,0.13500,-0.13500,4.5900e+01,2.600e+00,-2.600e+00,0.96,2.700e-01,-3.600e-01,2601.0,,,10830.96,9559.94,-7145.12,21.40,1,q1_q17_dr25_tce,6175.00,219.00,-219.00,4.099,0.344,-0.159,1.4050,0.3930,-0.5240,283.725070,42.027374,13.436
8099,6584278,K06733.01,,CANDIDATE,CANDIDATE,0.8890,0,0,0,0,1.289408230,1.7680000e-05,-1.7680000e-05,132.0764000,1.170000e-02,-1.170000e-02,0.6280,0.3400,-0.4040,3.65200,0.45500,-0.45500,3.2100e+01,3.600e+00,-3.600e+00,2.48,4.500e-01,-8.200e-01,3112.0,,,22119.66,10309.76,-12840.79,10.30,1,q1_q17_dr25_tce,5826.00,78.00,-87.00,3.465,0.252,-0.108,4.1890,0.7500,-1.3930,283.773160,42.070862,13.897
8100,6590726,K06734.01,,CANDIDATE,CANDIDATE,,0,0,0,0,498.272690000,3.2290000e-02,-3.2290000e-02,146.1528000,4.970000e-02,-4.970000e-02,0.0481,0.4250,-0.0479,8.92000,1.60000,-1.60000,5.3400e+02,1.040e+02,-1.040e+02,2.12,8.400e-01,-1.700e-01,214.0,,,0.50,0.60,-0.13,6.60,2,q1_q17_dr24_tce,5618.00,180.00,-183.00,4.514,0.034,-0.034,0.9320,0.3690,-0.0730,286.609380,42.063229,15.477
8101,7336754,K06861.01,,FALSE POSITIVE,FALSE POSITIVE,0.0000,0,1,0,0,12.155241119,1.3360000e-06,-1.3360000e-06,133.7671874,9.070000e-05,-9.070000e-05,0.8250,0.0150,-0.0050,6.84353,0.00676,-0.00676,8.5532e+04,7.470e+01,-7.470e+01,34.62,9.290e+00,-5.720e+00,788.0,,,91.20,71.92,-34.22,1767.80,1,q1_q17_dr25_tce,5761.00,155.00,-155.00,4.413,0.144,-0.176,0.9320,0.2500,-0.1540,281.496890,42.906078,13.964
8102,7345335,K06862.01,,CANDIDATE,CANDIDATE,,0,0,0,0,11.049576600,1.8650000e-04,-1.8650000e-04,138.5350000,1.600000e-02,-1.600000e-02,0.2180,0.2450,-0.2179,2.13000,0.47800,-0.47800,1.0280e+02,2.280e+01,-2.280e+01,0.83,3.600e-01,-9.000e-02,738.0,,,70.24,94.02,-19.61,5.70,1,q1_q17_dr24_tce,5533.00,177.00,-144.00,4.505,0.071,-0.071,0.8190,0.3570,-0.0860,285.502930,42.911789,14.804
8103,7350067,K06863.01,Kepler-1646 b,CONFIRMED,CANDIDATE,1.0000,0,0,0,0,4.485592150,1.1420000e-05,-1.1420000e-05,135.4317200,2.070000e-03,-2.070000e-03,0.4420,0.0230,-0.4420,0.81610,0.08570,-0.08570,2.2650e+03,2.030e+02,-2.030e+02,0.95,1.600e-01,-1.200e-01,365.0,,,4.20,1.91,-1.11,15.00,1,q1_q17_dr25_tce,3236.00,41.00,-25.00,5.097,0.055,-0.050,0.1930,0.0340,-0.0250,287.526400,42.912899,15.737
8104,7362632,K06865.01,,FALSE POSITIVE,FALSE POSITIVE,0.0000,1,0,0,1,0.566811926,3.0010000e-06,-3.0010000e-06,131.7970800,4.490000e-03,-4.490000e-03,0.6810,0.2800,-0.4630,4.18100,0.15100,-0.15100,8.2600e+01,5.700e+00,-5.700e+00,0.91,2.900e-01,-1.000e-01,2293.0,,,6584.06,6309.06,-2009.15,22.50,1,q1_q17_dr25_tce,6165.00,194.00,-215.00,4.474,0.070,-0.210,0.9420,0.2970,-0.0990,291.741910,42.958309,15.444
8105,7366065,K06868.01,,FALSE POSITIVE,FALSE POSITIVE,,0,0,1,1,0.566803738,1.7080000e-06,-1.7080000e-06,131.7934300,2.050000e-03,-2.050000e-03,0.6755,0.2497,-0.4290,1.84810,0.09400,-0.09400,1.0060e+02,4.200e+00,-4.200e+00,1.13,5.200e-01,-1.200e-01,2450.0,,,8516.13,11674.71,-2601.37,33.10,1,q1_q17_dr24_tce,6300.00,164.00,-211.00,4.404,0.070,-0.070,1.0570,0.4890,-0.1140,292.808290,42.976021,14.313
8106,8211521,K06992.01,,FALSE POSITIVE,FALSE POSITIVE,0.0570,0,0,1,0,1.694217710,2.0690000e-05,-2.0690000e-05,132.0060000,1.040000e-02,-1.040000e-02,0.7340,0.2220,-0.4990,4.16100,0.35200,-0.35200,9.1100e+01,7.400e+00,-7.400e+00,0.74,1.000e-01,-7.000e-02,1274.0,,,621.89,291.33,-165.25,15.00,1,q1_q17_dr25_tce,5402.00,162.00,-146.00,4.591,0.056,-0.077,0.7170,0.1020,-0.0680,281.560420,44.184818,15.041
8107,8227086,K06993.01,,CANDIDATE,CANDIDATE,0.9450,0,0,0,0,13.808633100,2.3890000e-04,-2.3890000e-04,141.6040000,1.650000e-02,-1.650000e-02,0.0290,0.4260,-0.0290,3.61300,0.42800,-0.42800,2.0710e+02,2.700e+01,-2.700e+01,1.09,1.900e-01,-1.100e-01,659.0,,,44.50,25.22,-12.38,9.00,1,q1_q17_dr25_tce,5515.00,165.00,-165.00,4.568,0.056,-0.112,0.7610,0.1370,-0.0740,289.622920,44.104431,15.567
8108,8229048,K06995.01,,FALSE POSITIVE,FALSE POSITIVE,0.0000,0,1,0,0,2.739477089,3.6400000e-07,-3.6400000e-07,131.9306340,1.090000e-04,-1.090000e-04,1.1890,0.0350,-0.0380,3.18229,0.00445,-0.00445,3.2096e+04,5.000e+01,-5.000e+01,50.48,1.592e+01,-5.310e+00,1475.0,,,1120.19,1010.40,-325.99,593.60,1,q1_q17_dr25_tce,6469.00,155.00,-194.00,4.431,0.054,-0.202,1.0560,0.3330,-0.1110,290.290500,44.134239,13.636
8109,8234477,K06997.01,,FALSE POSITIVE,FALSE POSITIVE,0.0000,0,1,0,0,4.028671454,4.3900000e-07,-4.3900000e-07,133.9542149,9.120000e-05,-9.120000e-05,0.2940,0.0090,-0.0010,8.12253,0.00609,-0.00609,1.1397e+05,6.400e+01,-6.400e+01,52.42,1.620e+01,-1.327e+01,1492.0,,,1169.87,1058.63,-599.19,2152.80,1,q1_q17_dr25_tce,6327.00,170.00,-208.00,4.168,0.190,-0.190,1.5280,0.4720,-0.3870,292.229340,44.160789,13.775
8110,9049010,K07127.01,,FALSE POSITIVE,FALSE POSITIVE,0.0000,1,0,0,0,0.687004402,3.1100000e-06,-3.1100000e-06,131.8631600,3.780000e-03,-3.780000e-03,0.6890,0.0610,-0.4290,3.82900,0.16300,-0.16300,9.3700e+01,2.800e+00,-2.800e+00,2.89,5.600e-01,-1.670e+00,3535.0,,,36888.80,23120.69,-31195.46,45.00,3,q1_q17_dr25_tce,6240.00,212.00,-212.00,3.684,0.629,-0.111,2.8030,0.5410,-1.6230,299.622770,45.364079,13.316
8111,9083503,K07128.01,,FALSE POSITIVE,FALSE POSITIVE,0.0000,0,1,0,1,0.918399380,1.4230000e-05,-1.4230000e-05,131.6132000,1.110000e-02,-1.110000e-02,0.5190,0.0400,-0.4480,4.47900,0.54300,-0.54300,1.5210e+02,1.180e+01,-1.180e+01,1.00,1.500e-01,-9.000e-02,1558.0,,,1389.28,733.73,-391.08,16.80,1,q1_q17_dr25_tce,5222.00,184.00,-184.00,4.556,0.049,-0.091,0.7950,0.1220,-0.0710,289.733060,45.437950,15.908
8112,9093566,K07130.01,,FALSE POSITIVE,FALSE POSITIVE,0.0000,1,0,0,0,0.943562840,5.0880000e-05,-5.0880000e-05,132.3272000,3.630000e-02,-3.630000e-02,0.5690,0.3910,-0.3430,5.72100,0.43100,-0.43100,1.3400e+01,2.400e+00,-2.400e+00,0.76,1.900e-01,-1.600e-01,3176.0,,,23945.42,18417.70,-11404.33,16.00,1,q1_q17_dr25_tce,7693.00,214.00,-322.00,4.083,0.139,-0.170,1.9840,0.5140,-0.4200,293.571080,45.413639,12.749
8113,9098590,K07131.01,,CANDIDATE,CANDIDATE,0.6580,0,1,0,0,2.243569483,2.4900000e-07,-2.4900000e-07,133.7306188,9.150000e-05,-9.150000e-05,0.3810,0.0290,-0.0090,4.14769,0.00502,-0.00502,6.6328e+04,7.510e+01,-7.510e+01,21.11,4.480e+00,-2.240e+00,1364.0,,,817.05,533.08,-238.53,1107.70,1,q1_q17_dr25_tce,6081.00,181.00,-181.00,4.526,0.081,-0.150,0.8010,0.1700,-0.0850,295.188930,45.406170,14.965
8114,9099773,K07133.01,,CANDIDATE,CANDIDATE,0.7420,0,0,0,0,82.784820000,3.7230000e-03,-3.7230000e-03,141.3871000,2.780000e-02,-2.780000e-02,0.6820,0.2850,-0.4740,7.52000,1.10000,-1.10000,1.9040e+02,2.740e+01,-2.740e+01,2.16,3.600e-01,-4.700e-01,501.0,,,14.88,6.46,-6.31,8.40,1,q1_q17_dr25_tce,5749.00,78.00,-78.00,4.123,0.182,-0.098,1.4800,0.2450,-0.3260,295.552920,45.473431,14.909
8115,9101208,K07134.01,,FALSE POSITIVE,FALSE POSITIVE,0.0000,0,0,0,1,1.811390530,3.7280000e-05,-3.7280000e-05,132.9689000,1.820000e-02,-1.820000e-02,1.1370,0.4230,-0.1450,8.64000,1.10000,-1.10000,7.7500e+01,7.900e+00,-7.900e+00,14.47,4.440e+00,-1.480e+00,1466.0,,,1092.69,984.37,-322.34,12.50,1,q1_q17_dr25_tce,5941.00,160.00,-196.00,4.519,0.050,-0.213,0.9110,0.2800,-0.0930,295.976230,45.440338,15.372
8116,9943009,K07258.01,,CANDIDATE,CANDIDATE,0.9340,0,0,0,0,2.437643800,1.8000000e-05,-1.8000000e-05,132.1228000,6.700000e-03,-6.700000e-03,0.1120,0.3350,-0.1120,1.58700,0.16400,-0.16400,2.7100e+01,3.700e+00,-3.700e+00,0.79,1.400e-01,-1.600e-01,1686.0,,,1909.13,858.44,-781.22,8.80,1,q1_q17_dr25_tce,5927.00,79.00,-79.00,4.117,0.182,-0.098,1.5300,0.2640,-0.3220,287.768950,46.831940,12.660
8117,9944201,K07259.01,,CANDIDATE,CANDIDATE,0.7050,0,1,0,0,0.721522907,4.3000000e-08,-4.3000000e-08,131.7091421,5.020000e-05,-5.020000e-05,0.8310,0.0550,-0.0170,1.45210,0.00760,-0.00760,2.2528e+04,1.840e+01,-1.840e+01,11.04,9.700e-01,-8.800e-01,1475.0,,,1115.99,369.92,-279.21,815.30,1,q1_q17_dr25_tce,4893.00,146.00,-146.00,4.634,0.060,-0.035,0.6250,0.0550,-0.0500,288.490910,46.804989,15.069
8118,9945280,K07261.01,,FALSE POSITIVE,FALSE POSITIVE,0.0000,0,1,0,0,0.651731691,1.4000000e-07,-1.4000000e-07,131.7514630,1.790000e-04,-1.790000e-04,1.2550,0.3150,-0.1090,2.46020,0.01050,-0.01050,2.0524e+04,6.100e+01,-6.100e+01,71.90,1.993e+01,-2.735e+01,2604.0,,,10815.86,8819.13,-7096.33,347.50,1,q1_q17_dr25_tce,5791.00,157.00,-157.00,4.052,0.458,-0.183,1.4720,0.4080,-0.5600,289.097440,46.811081,13.879
8119,9958053,K07263.01,,FALSE POSITIVE,FALSE POSITIVE,0.0000,1,0,0,0,2.733989630,,,133.7554640,,,,,,1.52000,,,,,,,,,,,,25373.90,43108.45,-13845.19,,1,q1_q17_dr25_tce,,,,,,,,,,294.622960,46.826469,11.727
8120,9963009,K07265.01,,FALSE POSITIVE,FALSE POSITIVE,0.0000,0,1,0,0,40.069674617,8.1920000e-06,-8.1920000e-06,153.0182270,1.580000e-04,-1.580000e-04,0.7670,0.0020,-0.0010,9.35640,0.01030,-0.01030,4.1865e+04,4.970e+01,-4.970e+01,27.38,8.160e+00,-4.400e+00,588.0,,,28.20,24.89,-10.99,1304.80,1,q1_q17_dr25_tce,5911.00,166.00,-208.00,4.321,0.124,-0.186,1.2070,0.3600,-0.1940,296.468200,46.851780,14.458
8121,8545603,K07893.01,,FALSE POSITIVE,FALSE POSITIVE,0.0250,1,0,0,0,55.884827000,1.0100000e-03,-1.0100000e-03,140.6478000,1.430000e-02,-1.430000e-02,0.7520,0.2250,-0.5100,2.28300,0.45700,-0.45700,4.9760e+02,9.760e+01,-9.760e+01,2.11,6.000e-01,-1.900e-01,438.0,,,8.70,7.48,-2.39,7.70,1,q1_q17_dr25_tce,5668.00,169.00,-186.00,4.545,0.035,-0.196,0.8680,0.2480,-0.0780,285.197300,44.646610,15.873
8122,10976412,K07393.01,,FALSE POSITIVE,FALSE POSITIVE,,0,0,1,0,3.759384750,1.9080000e-05,-1.9080000e-05,134.1383300,4.070000e-03,-4.070000e-03,0.5050,0.0046,-0.4876,1.18800,0.14200,-0.14200,1.3310e+02,1.570e+01,-1.570e+01,3.10,2.210e+00,-5.500e-01,1677.0,,,1868.97,4168.99,-707.25,11.30,1,q1_q17_dr24_tce,4976.00,125.00,-100.00,3.534,0.169,-0.169,2.6380,1.8740,-0.4720,292.204800,48.417881,12.917
8123,10979716,K07394.01,,FALSE POSITIVE,FALSE POSITIVE,0.0000,0,1,0,0,10.684047700,2.7740000e-06,-2.7740000e-06,134.0844450,2.160000e-04,-2.160000e-04,1.0120,0.0980,-0.0570,3.51500,0.01140,-0.01140,8.1901e+04,2.280e+02,-2.280e+02,26.43,1.970e+00,-1.980e+00,444.0,,,9.21,2.29,-2.05,395.30,1,q1_q17_dr25_tce,3887.00,77.00,-93.00,4.743,0.031,-0.038,0.5230,0.0390,-0.0390,293.790770,48.401421,15.774
8124,10982373,K07395.01,,FALSE POSITIVE,FALSE POSITIVE,0.0000,1,0,0,0,2.002808450,,,132.0690900,,,,,,1.22000,,,,,,,,,,,,15763.18,17923.38,-8289.90,,1,q1_q17_dr25_tce,,,,,,,,,,294.902920,48.477211,11.696
8125,10989032,K07397.01,,FALSE POSITIVE,FALSE POSITIVE,0.0000,1,0,0,0,2.305097141,1.0680000e-06,-1.0680000e-06,133.7050690,3.690000e-04,-3.690000e-04,1.2860,6.5900,-0.1400,1.93780,0.02090,-0.02090,5.8800e+03,5.030e+01,-5.030e+01,89.22,2.507e+01,-2.257e+01,2753.0,,,13581.41,11287.73,-7347.81,133.40,1,q1_q17_dr25_tce,8851.00,246.00,-422.00,4.085,0.155,-0.155,2.1780,0.6120,-0.5510,297.393490,48.410751,13.866
8126,10992733,K07399.01,,FALSE POSITIVE,FALSE POSITIVE,0.0000,0,1,0,0,18.525917446,1.3580000e-06,-1.3580000e-06,144.1948764,5.730000e-05,-5.730000e-05,0.4150,0.0050,-0.0060,5.90560,0.00310,-0.00310,4.5566e+05,1.860e+02,-1.860e+02,64.42,1.547e+01,-5.520e+00,618.0,,,34.58,25.93,-8.97,2246.90,1,q1_q17_dr25_tce,5492.00,180.00,-164.00,4.533,0.044,-0.176,0.8870,0.2130,-0.0760,298.805570,48.471989,15.124
8127,11019739,K07400.01,,CANDIDATE,CANDIDATE,0.9430,0,0,0,0,4.157364720,3.9360000e-05,-3.9360000e-05,132.8585500,9.050000e-03,-9.050000e-03,0.2260,0.2380,-0.2260,2.21700,0.20700,-0.20700,2.0070e+02,2.140e+01,-2.140e+01,1.09,1.400e-01,-1.000e-01,931.0,,,178.03,75.44,-47.95,11.20,1,q1_q17_dr25_tce,5183.00,154.00,-154.00,4.558,0.045,-0.078,0.7820,0.0980,-0.0720,286.400330,48.521961,15.517
8128,12356746,K07525.01,,FALSE POSITIVE,FALSE POSITIVE,0.0000,0,1,0,0,0.502454299,4.0000000e-08,-4.0000000e-08,131.9221686,6.570000e-05,-6.570000e-05,1.1700,0.0590,-0.0430,2.31547,0.00210,-0.00210,3.7454e+04,1.650e+01,-1.650e+01,43.95,1.317e+01,-4.390e+00,2336.0,,,7025.25,6178.98,-1986.22,873.60,1,q1_q17_dr25_tce,6134.00,166.00,-184.00,4.498,0.052,-0.208,0.9010,0.2700,-0.0900,291.276920,51.135712,13.532
8129,12356914,K07526.01,,FALSE POSITIVE,FALSE POSITIVE,0.0000,0,1,0,0,27.308150159,3.9380000e-06,-3.9380000e-06,143.5043610,1.130000e-04,-1.130000e-04,0.1670,0.0280,-0.0010,4.43906,0.00874,-0.00874,3.8800e+05,6.450e+02,-6.450e+02,47.06,8.090e+00,-4.330e+00,523.0,,,17.75,9.95,-4.76,820.90,1,q1_q17_dr25_tce,5541.00,180.00,-163.00,4.574,0.064,-0.096,0.7390,0.1270,-0.0680,291.373500,51.153381,15.529
8130,12365015,K07528.01,,FALSE POSITIVE,FALSE POSITIVE,0.0000,1,0,0,0,0.595864630,,,131.9392000,,,,,,1.50000,,,,,,,,,,,,931.51,251.71,-253.62,,1,q1_q17_dr25_tce,,,,,,,,,,295.338470,51.105068,14.343
8131,12367017,K07529.01,,FALSE POSITIVE,FALSE POSITIVE,0.0000,0,1,1,0,1.222127938,4.1800000e-07,-4.1800000e-07,131.8155900,2.870000e-04,-2.870000e-04,1.2580,0.6450,-0.1990,2.26130,0.01480,-0.01480,2.4865e+03,1.360e+01,-1.360e+01,30.32,4.430e+00,-3.520e+00,1470.0,,,1107.41,548.37,-331.78,200.90,1,q1_q17_dr25_tce,5157.00,170.00,-139.00,4.465,0.108,-0.144,0.8700,0.1270,-0.1010,296.233920,51.141869,14.730
8132,12403968,K07531.01,,FALSE POSITIVE,FALSE POSITIVE,0.0000,1,0,0,0,0.589753355,1.7010000e-06,-1.7010000e-06,131.8314700,2.400000e-03,-2.400000e-03,0.3180,0.1500,-0.3180,0.60600,0.19500,-0.19500,2.1600e+02,2.160e+01,-2.160e+01,1.03,1.700e-01,-7.000e-02,1760.0,,,2262.14,1161.09,-522.78,12.40,1,q1_q17_dr25_tce,5414.00,163.00,-163.00,4.648,0.030,-0.096,0.6780,0.1080,-0.0460,289.337590,51.209030,15.832
8133,12418816,K07533.01,,FALSE POSITIVE,FALSE POSITIVE,0.0000,0,1,0,0,0.760935268,4.5000000e-08,-4.5000000e-08,131.6357605,4.840000e-05,-4.840000e-05,0.5270,0.0160,-0.0110,2.77023,0.00134,-0.00134,3.7060e+05,4.240e+02,-4.240e+02,35.68,1.880e+00,-2.240e+00,1285.0,,,640.66,166.45,-141.31,1289.00,1,q1_q17_dr25_tce,4675.00,152.00,-138.00,4.740,0.046,-0.025,0.5110,0.0270,-0.0320,296.441930,51.224319,12.402
8134,8709688,K03019.02,,CANDIDATE,CANDIDATE,0.9350,0,0,0,0,2.012094000,1.9450000e-05,-1.9450000e-05,131.5688000,7.260000e-03,-7.260000e-03,0.0660,0.3810,-0.0660,2.15700,0.25700,-0.25700,7.4800e+01,9.500e+00,-9.500e+00,0.99,1.600e-01,-1.500e-01,1523.0,,,1274.27,516.29,-410.58,9.10,2,q1_q17_dr25_tce,5633.00,76.00,-76.00,4.296,0.150,-0.113,1.1620,0.1790,-0.1790,298.401370,44.838181,14.927
8135,9959492,K03051.02,,FALSE POSITIVE,FALSE POSITIVE,0.0000,0,0,1,1,1.332587720,2.0220000e-05,-2.0220000e-05,132.0314000,1.780000e-02,-1.780000e-02,0.6340,0.3150,-0.4040,5.18700,0.47000,-0.47000,7.0800e+01,5.900e+00,-5.900e+00,1.13,1.900e-01,-2.200e-01,1825.0,,,2625.26,1131.20,-1021.93,16.00,1,q1_q17_dr25_tce,5576.00,83.00,-75.00,4.201,0.188,-0.101,1.2890,0.2080,-0.2540,295.199680,46.832321,15.276
8136,2716801,K03053.02,,CANDIDATE,CANDIDATE,0.5530,0,0,0,0,9.476705700,1.6680000e-04,-1.6680000e-04,134.7294000,1.590000e-02,-1.590000e-02,0.0030,0.4420,-0.0030,3.89300,0.41300,-0.41300,2.3050e+02,2.970e+01,-2.970e+01,1.38,4.300e-01,-1.400e-01,841.0,,,118.13,109.10,-34.99,8.60,2,q1_q17_dr25_tce,5911.00,177.00,-195.00,4.519,0.048,-0.204,0.9140,0.2810,-0.0940,292.254640,37.971420,15.761
8137,11810124,K03344.03,,CANDIDATE,CANDIDATE,0.8140,0,0,0,0,208.543350000,1.6600000e-02,-1.6600000e-02,230.9934000,3.740000e-02,-3.740000e-02,0.0010,0.4460,-0.0010,9.85100,0.61100,-0.61100,6.1460e+02,6.050e+01,-6.050e+01,2.84,4.200e-01,-5.200e-01,321.0,,,2.52,1.01,-0.92,10.40,3,q1_q17_dr25_tce,5533.00,83.00,-74.00,4.275,0.168,-0.112,1.1660,0.1740,-0.2120,289.664890,50.020039,15.254
8138,3219037,K03395.02,,CANDIDATE,CANDIDATE,,0,0,0,0,5.039585100,1.1840000e-04,-1.1840000e-04,133.8280000,1.460000e-02,-1.460000e-02,0.1968,0.2686,-0.1967,4.55600,0.62400,-0.62400,7.0100e+01,9.500e+00,-9.500e+00,0.78,3.000e-01,-1.000e-01,1067.0,,,306.35,355.69,-92.41,9.60,2,q1_q17_dr24_tce,5912.00,164.00,-161.00,4.453,0.082,-0.082,0.9240,0.3620,-0.1080,286.540410,38.332600,14.634
8139,9117416,K03425.03,,CANDIDATE,CANDIDATE,0.8660,0,0,0,0,7.643703630,6.1830000e-05,-6.1830000e-05,137.8752600,7.650000e-03,-7.650000e-03,0.7850,0.1780,-0.5720,2.73800,0.18200,-0.18200,7.0900e+01,5.900e+00,-5.900e+00,1.85,4.300e-01,-7.400e-01,1334.0,,,748.70,542.73,-515.80,13.20,3,q1_q17_dr25_tce,6120.00,195.00,-217.00,3.934,0.398,-0.133,2.0000,0.4670,-0.8010,300.316190,45.495380,13.266
8140,3558803,K06345.01,,FALSE POSITIVE,FALSE POSITIVE,0.0000,1,0,1,1,1.353414369,4.6060000e-06,-4.6060000e-06,131.6731200,2.700000e-03,-2.700000e-03,1.2020,0.1320,-0.0970,13.41600,0.60300,-0.60300,6.1020e+02,9.100e+00,-9.100e+00,216.31,5.541e+01,-7.618e+01,3617.0,,,40561.50,28601.02,-25460.56,100.80,1,q1_q17_dr25_tce,4850.00,95.00,-143.00,2.865,0.225,-0.164,8.5860,2.1990,-3.0240,294.940580,38.635689,12.318
8141,3634169,K06346.01,,CANDIDATE,CANDIDATE,,0,0,0,0,2.959063700,3.3050000e-04,-3.3050000e-04,133.9227000,8.120000e-02,-8.120000e-02,0.2957,0.1991,-0.2955,28.81000,2.50000,-2.50000,2.3600e+01,3.700e+00,-3.700e+00,0.65,3.000e-01,-1.500e-01,1564.0,,,1415.74,1948.79,-662.87,6.40,1,q1_q17_dr24_tce,6192.00,161.00,-184.00,4.195,0.210,-0.210,1.3220,0.6140,-0.2980,288.015530,38.709862,12.913
8142,3655326,K06348.01,,FALSE POSITIVE,FALSE POSITIVE,0.0000,0,1,0,0,15.066491533,3.0110000e-06,-3.0110000e-06,140.6554270,1.680000e-04,-1.680000e-04,0.9880,0.1060,-0.0690,6.28520,0.01030,-0.01030,1.0605e+05,1.420e+02,-1.420e+02,88.56,1.460e+01,-2.189e+01,932.0,,,177.96,76.69,-82.41,893.00,1,q1_q17_dr25_tce,5751.00,77.00,-77.00,4.028,0.210,-0.090,1.6260,0.2680,-0.4020,293.925290,38.738979,14.213
8143,3656322,K06349.01,,FALSE POSITIVE,FALSE POSITIVE,0.0000,0,1,0,0,1.831829703,2.6770000e-06,-2.6770000e-06,132.5392300,1.190000e-03,-1.190000e-03,0.7880,0.0250,-0.0150,7.28900,0.11100,-0.11100,4.0509e+04,5.540e+02,-5.540e+02,49.38,3.455e+01,-3.454e+01,2078.0,,,4410.65,9810.84,-4051.07,140.40,1,q1_q17_dr25_tce,5269.00,147.00,-133.00,3.667,0.990,-0.330,2.1830,1.5270,-1.5270,294.160280,38.767429,13.061
8144,3663494,K06352.01,,CANDIDATE,CANDIDATE,0.8800,0,0,0,0,5.116836780,7.9500000e-05,-7.9500000e-05,133.9134000,1.310000e-02,-1.310000e-02,0.2860,0.1600,-0.2860,3.11900,0.39900,-0.39900,1.6140e+02,2.080e+01,-2.080e+01,1.16,3.600e-01,-1.200e-01,1039.0,,,275.15,257.67,-82.77,9.20,1,q1_q17_dr25_tce,5955.00,188.00,-208.00,4.520,0.050,-0.212,0.9100,0.2800,-0.0930,295.733340,38.792011,15.221
8145,4949027,K06480.01,,FALSE POSITIVE,FALSE POSITIVE,,0,0,1,1,1.061003270,1.0510000e-05,-1.0510000e-05,132.5257000,1.030000e-02,-1.030000e-02,0.0834,0.3714,-0.0833,1.67500,0.21900,-0.21900,9.5900e+01,1.260e+01,-1.260e+01,0.94,3.600e-01,-9.000e-02,1793.0,,,2443.69,2739.75,-713.63,9.70,1,q1_q17_dr24_tce,5966.00,168.00,-221.00,4.493,0.043,-0.043,0.9610,0.3630,-0.0890,297.885280,40.097321,15.140
8146,4949214,K06481.01,,FALSE POSITIVE,FALSE POSITIVE,0.0000,0,1,1,0,0.922030594,3.5700000e-07,-3.5700000e-07,132.0763610,3.260000e-04,-3.260000e-04,1.2420,0.1030,-0.0530,4.36700,0.02080,-0.02080,1.3859e+04,5.300e+01,-5.300e+01,49.63,1.485e+01,-5.940e+00,2194.0,,,5474.27,4675.78,-1760.18,331.70,1,q1_q17_dr25_tce,6484.00,154.00,-212.00,4.386,0.060,-0.180,1.1530,0.3450,-0.1380,297.930690,40.014961,14.351
8147,4950557,K06483.01,,FALSE POSITIVE,FALSE POSITIVE,0.0000,0,1,0,0,24.714790706,6.5600000e-07,-6.5600000e-07,149.4927345,2.100000e-05,-2.100000e-05,0.7810,0.0050,-0.0070,5.06776,0.00127,-0.00127,2.0873e+05,4.950e+01,-4.950e+01,112.24,2.333e+01,-3.496e+01,901.0,,,155.67,97.42,-89.65,5148.80,1,q1_q17_dr25_tce,6300.00,173.00,-173.00,3.982,0.247,-0.114,1.8620,0.3870,-0.5800,298.214420,40.073200,12.526
8148,5000179,K06485.01,,FALSE POSITIVE,FALSE POSITIVE,0.0000,1,0,0,0,3.632934700,,,131.8849600,,,,,,2.30000,,,,,,,,,,,,10830.20,30268.76,-5016.71,,1,q1_q17_dr25_tce,,,,,,,,,,288.358280,40.174660,13.758
8149,5018787,K06487.01,,FALSE POSITIVE,FALSE POSITIVE,0.0000,0,1,0,0,0.607191908,2.7000000e-08,-2.7000000e-08,132.0195301,3.660000e-05,-3.660000e-05,0.9170,0.0360,-0.0260,1.30166,0.00885,-0.00885,1.7369e+04,2.930e+01,-2.930e+01,12.44,1.180e+00,-1.060e+00,1759.0,,,2251.28,821.86,-601.47,961.90,1,q1_q17_dr25_tce,5370.00,176.00,-176.00,4.598,0.078,-0.052,0.6710,0.0640,-0.0570,293.991240,40.189640,15.428
8150,8345473,K07881.01,,FALSE POSITIVE,FALSE POSITIVE,0.0000,1,0,1,0,2.250207300,1.6330000e-04,-1.6330000e-04,133.6127000,8.080000e-03,-8.080000e-03,0.2680,0.1990,-0.2680,2.20300,0.38400,-0.38400,2.6010e+02,4.290e+01,-4.290e+01,19.94,2.070e+00,-3.110e+00,3637.0,,,41377.92,13182.71,-13941.15,7.80,1,q1_q17_dr25_tce,4507.00,90.00,-81.00,2.391,0.027,-0.033,12.7870,1.3270,-1.9900,282.184660,44.359459,11.946
8151,5597361,K06601.01,,CANDIDATE,CANDIDATE,0.9680,0,0,0,0,17.992597300,1.7250000e-04,-1.7250000e-04,135.4545000,7.810000e-03,-7.810000e-03,0.6780,0.3000,-0.4630,2.76200,0.28900,-0.28900,1.9850e+02,2.680e+01,-2.680e+01,1.62,4.600e-01,-3.000e-01,748.0,,,73.97,60.58,-30.56,8.70,1,q1_q17_dr25_tce,5931.00,160.00,-178.00,4.351,0.148,-0.181,1.0870,0.3030,-0.2020,283.133730,40.852421,14.604
8152,5598639,K06602.01,,FALSE POSITIVE,FALSE POSITIVE,0.0000,0,1,0,0,0.648775795,1.1000000e-08,-1.1000000e-08,131.7459799,1.360000e-05,-1.360000e-05,0.9610,0.0040,-0.0040,4.34648,0.00000,0.00000,1.0882e+05,8.200e+00,-8.200e+00,41.58,5.200e+00,-3.800e+00,1714.0,,,2038.54,957.85,-578.26,6873.90,1,q1_q17_dr25_tce,5143.00,196.00,-179.00,4.559,0.048,-0.072,0.7760,0.0970,-0.0710,283.777440,40.842037,10.201
8153,5610698,K06603.01,,FALSE POSITIVE,FALSE POSITIVE,0.0040,0,1,0,0,4.132521615,3.5810000e-06,-3.5810000e-06,132.8924630,7.160000e-04,-7.160000e-04,0.8770,0.0160,-0.0190,12.49490,0.05600,-0.05600,1.5625e+05,4.410e+02,-4.410e+02,93.10,2.316e+01,-3.187e+01,1628.0,,,1660.29,1229.73,-1043.03,440.00,1,q1_q17_dr25_tce,6567.00,183.00,-244.00,4.045,0.329,-0.141,1.6360,0.4070,-0.5600,288.920680,40.881302,13.894
8154,5617510,K06605.01,,CANDIDATE,CANDIDATE,,0,0,0,0,74.371666000,7.1590000e-03,-7.1590000e-03,187.3790000,1.020000e-01,-1.020000e-01,0.6894,0.0178,-0.5252,12.59000,1.90000,-1.90000,1.0280e+02,1.060e+01,-1.060e+01,2.39,1.120e+00,-1.130e+00,767.0,,,81.88,120.93,-62.82,12.10,4,q1_q17_dr24_tce,6865.00,244.00,-293.00,3.742,0.474,-0.474,2.2110,1.0340,-1.0470,291.040010,40.849930,11.319
8155,5621294,K06606.01,,FALSE POSITIVE,FALSE POSITIVE,0.0000,0,1,0,0,0.938905082,4.7000000e-08,-4.7000000e-08,131.8411582,4.090000e-05,-4.090000e-05,0.5400,0.0050,-0.0040,5.00453,0.00216,-0.00216,3.5889e+05,7.060e+01,-7.060e+01,205.64,5.047e+01,-9.382e+01,4281.0,,,79148.54,57817.35,-59569.95,2584.70,1,q1_q17_dr25_tce,8615.00,239.00,-376.00,3.784,0.405,-0.108,3.0030,0.7370,-1.3700,292.219270,40.893330,13.613
8156,6594972,K06737.01,,FALSE POSITIVE,FALSE POSITIVE,0.0000,0,1,0,0,10.819169459,3.1600000e-07,-3.1600000e-07,132.9864665,2.380000e-05,-2.380000e-05,0.2750,0.0040,-0.0010,5.50262,0.00080,-0.00080,4.3714e+05,7.590e+01,-7.590e+01,67.76,2.052e+01,-8.750e+00,850.0,,,123.51,112.46,-40.61,5258.20,1,q1_q17_dr25_tce,5955.00,179.00,-179.00,4.429,0.087,-0.203,0.9910,0.3000,-0.1280,288.293060,42.057369,14.342
8157,6595662,K06738.01,,FALSE POSITIVE,FALSE POSITIVE,0.0000,0,1,0,0,2.680514453,3.7700000e-07,-3.7700000e-07,132.5983820,1.160000e-04,-1.160000e-04,0.3590,0.0240,-0.0250,3.21178,0.00676,-0.00676,1.9575e+05,4.010e+02,-4.010e+02,48.86,1.467e+01,-7.900e+00,1431.0,,,989.89,893.36,-374.00,665.50,1,q1_q17_dr25_tce,6038.00,181.00,-181.00,4.356,0.128,-0.192,1.0760,0.3230,-0.1740,288.533110,42.047619,14.746
8158,6603765,K06739.01,,CANDIDATE,CANDIDATE,0.6460,0,0,0,0,19.164111000,2.5770000e-04,-2.5770000e-04,139.8244000,1.300000e-02,-1.300000e-02,0.8050,0.1590,-0.5840,2.77300,0.45100,-0.45100,2.1590e+02,3.500e+01,-3.500e+01,1.11,1.400e-01,-9.000e-02,519.0,,,17.12,7.51,-4.05,8.10,1,q1_q17_dr25_tce,5103.00,153.00,-138.00,4.650,0.033,-0.077,0.6740,0.0880,-0.0520,291.094850,42.002918,15.455
8159,6606669,K06741.01,,FALSE POSITIVE,FALSE POSITIVE,0.0000,0,1,1,0,0.970085646,5.2280000e-06,-5.2280000e-06,132.4088000,4.380000e-03,-4.380000e-03,0.0350,0.4270,-0.0350,1.12900,0.18100,-0.18100,1.5300e+02,2.130e+01,-2.130e+01,18.65,2.230e+00,-6.690e+00,5119.0,,,162048.58,50852.27,-99263.94,9.80,1,q1_q17_dr25_tce,4555.00,54.00,-68.00,2.346,0.196,-0.098,15.6300,1.8680,-5.6040,291.993160,42.049259,12.026
8160,6610219,K06743.01,,FALSE POSITIVE,FALSE POSITIVE,0.0000,0,1,0,0,11.300987626,6.5400000e-07,-6.5400000e-07,801.4552005,2.480000e-05,-2.480000e-05,0.6060,0.0080,-0.0040,10.51990,0.00247,-0.00247,3.2570e+05,6.660e+01,-6.660e+01,97.12,1.864e+01,-1.865e+01,1019.0,,,254.84,127.22,-97.27,5027.80,1,q1_q17_dr25_tce,6143.00,83.00,-83.00,4.165,0.159,-0.116,1.4480,0.2780,-0.2780,293.025630,42.001381,13.203
8161,6610433,K06744.01,,FALSE POSITIVE,FALSE POSITIVE,0.0000,1,0,0,0,0.920987470,,,131.8705600,,,,,,2.04000,,,,,,,,,,,,27890.55,57915.43,-11048.49,,1,q1_q17_dr25_tce,,,,,,,,,,293.087490,42.024651,10.206
8162,7368103,K06869.01,,FALSE POSITIVE,FALSE POSITIVE,0.0000,0,1,0,0,2.182515126,5.0800000e-07,-5.0800000e-07,132.3541860,1.920000e-04,-1.920000e-04,0.9680,0.0160,-0.0190,6.84130,0.01150,-0.01150,1.1493e+05,1.570e+02,-1.570e+02,128.15,2.233e+01,-4.150e+01,2703.0,,,12627.67,6814.20,-7764.21,861.60,1,q1_q17_dr25_tce,8051.00,225.00,-338.00,3.966,0.227,-0.122,2.3470,0.4090,-0.7600,293.415410,42.917259,13.419
8163,7369523,K06870.01,,FALSE POSITIVE,FALSE POSITIVE,0.0000,0,1,0,0,2.659418888,8.9000000e-08,-8.9000000e-08,133.3208183,2.750000e-05,-2.750000e-05,0.6340,0.0020,-0.0040,6.98414,0.00093,-0.00093,3.0523e+05,2.440e+01,-2.440e+01,61.52,1.795e+01,-6.010e+00,1352.0,,,789.69,692.04,-227.01,5776.10,1,q1_q17_dr25_tce,6156.00,183.00,-202.00,4.500,0.052,-0.208,0.9320,0.2720,-0.0910,293.841400,42.948139,14.905
8164,7381580,K06872.01,,CANDIDATE,CANDIDATE,,0,0,0,0,13.516470800,3.7930000e-04,-3.7930000e-04,144.0259000,2.680000e-02,-2.680000e-02,0.1593,0.2999,-0.1593,2.62800,0.45800,-0.45800,1.4010e+02,2.450e+01,-2.450e+01,0.88,2.700e-01,-7.000e-02,645.0,,,40.81,38.42,-9.28,7.10,1,q1_q17_dr24_tce,5442.00,175.00,-145.00,4.600,0.030,-0.030,0.7470,0.2300,-0.0540,296.915130,42.905079,15.087
8165,7385387,K06874.01,,FALSE POSITIVE,FALSE POSITIVE,0.0000,0,0,1,1,1.655460560,1.7830000e-05,-1.7830000e-05,133.1366100,9.850000e-03,-9.850000e-03,0.1090,0.3630,-0.1090,3.52000,0.22800,-0.22800,1.2510e+02,1.200e+01,-1.200e+01,0.90,2.000e-01,-8.000e-02,1331.0,,,743.75,525.08,-207.15,12.40,1,q1_q17_dr25_tce,5438.00,187.00,-187.00,4.574,0.027,-0.153,0.8200,0.1810,-0.0730,297.717800,42.989311,15.876
8166,7385478,K06875.01,,FALSE POSITIVE,FALSE POSITIVE,0.0000,0,1,0,0,1.655472351,2.8800000e-07,-2.8800000e-07,133.1261060,1.430000e-04,-1.430000e-04,0.8360,0.0160,-0.0180,5.09197,0.00864,-0.00864,1.7420e+05,2.300e+02,-2.300e+02,125.25,2.475e+01,-5.775e+01,2546.0,,,9914.08,5917.34,-7368.47,823.80,1,q1_q17_dr25_tce,6725.00,183.00,-204.00,3.860,0.428,-0.114,2.1710,0.4290,-1.0010,297.741090,42.996090,11.471
8167,8243263,K07000.01,,FALSE POSITIVE,FALSE POSITIVE,0.0000,0,1,0,0,1.759276227,5.8000000e-08,-5.8000000e-08,132.0750778,2.740000e-05,-2.740000e-05,1.0260,0.1540,-0.0380,3.19585,0.00326,-0.00326,3.2091e+04,4.600e+00,-4.600e+00,40.79,1.460e+01,-4.870e+00,1861.0,,,2828.82,2910.97,-911.98,2857.70,1,q1_q17_dr25_tce,6656.00,161.00,-221.00,4.351,0.056,-0.224,1.2320,0.4410,-0.1470,295.225250,44.112679,12.984
8168,8244295,K07001.01,,FALSE POSITIVE,FALSE POSITIVE,0.0000,0,0,0,1,1.092067920,1.1400000e-05,-1.1400000e-05,132.1066000,1.120000e-02,-1.120000e-02,0.3780,0.0900,-0.3780,1.64600,0.30900,-0.30900,1.0590e+02,1.810e+01,-1.810e+01,0.74,7.000e-02,-5.000e-02,1320.0,,,715.46,245.96,-163.68,7.70,2,q1_q17_dr25_tce,4856.00,144.00,-144.00,4.609,0.027,-0.054,0.7280,0.0680,-0.0490,295.543880,44.125370,15.924
8169,8256882,K07003.01,,CANDIDATE,CANDIDATE,0.9990,0,0,0,0,2.411940570,1.8390000e-05,-1.8390000e-05,133.0184900,7.800000e-03,-7.800000e-03,0.5790,0.3900,-0.3770,1.78700,0.29100,-0.29100,6.7300e+01,8.100e+00,-8.100e+00,1.35,2.100e-01,-3.300e-01,1654.0,,,1771.98,729.60,-826.80,10.60,1,q1_q17_dr25_tce,5598.00,83.00,-75.00,4.045,0.203,-0.087,1.5940,0.2450,-0.3980,298.886690,44.115860,14.106
8170,8265990,K07006.01,,FALSE POSITIVE,FALSE POSITIVE,,1,0,0,1,0.779962630,1.0120000e-05,-1.0120000e-05,132.1472000,1.260000e-02,-1.260000e-02,0.0723,0.3779,-0.0723,3.36900,0.57500,-0.57500,2.5700e+01,2.800e+00,-2.800e+00,0.83,3.700e-01,-2.800e-01,2607.0,,,10919.82,14779.94,-6600.30,9.70,1,q1_q17_dr24_tce,6002.00,173.00,-183.00,4.032,0.310,-0.310,1.6290,0.7320,-0.5390,301.362610,44.173409,13.417
8171,8283875,K07007.01,,CANDIDATE,CANDIDATE,0.9370,0,0,0,0,0.800263219,2.2060000e-06,-2.2060000e-06,132.0668400,2.380000e-03,-2.380000e-03,0.1600,0.3140,-0.1600,0.72900,0.10200,-0.10200,1.7050e+02,1.640e+01,-1.640e+01,0.77,6.000e-02,-8.000e-02,1240.0,,,561.84,162.76,-167.25,13.20,1,q1_q17_dr25_tce,4336.00,118.00,-144.00,4.656,0.059,-0.027,0.5900,0.0450,-0.0610,284.772670,44.249371,15.695
8172,9119405,K07135.01,,FALSE POSITIVE,FALSE POSITIVE,0.0000,1,0,0,0,18.646323091,1.6410000e-06,-1.6410000e-06,139.0920079,7.110000e-05,-7.110000e-05,0.7420,0.0080,-0.0090,8.85300,0.00375,-0.00375,2.3100e+05,8.660e+01,-8.660e+01,213.31,6.066e+01,-1.415e+02,1194.0,,,480.54,422.73,-432.36,2895.80,1,q1_q17_dr25_tce,5786.00,192.00,-175.00,3.542,0.752,-0.141,3.4780,0.9890,-2.3070,300.890320,45.403431,13.729
8173,9150870,K07136.01,,CANDIDATE,CANDIDATE,,0,0,0,0,441.173690000,4.7540000e-02,-4.7540000e-02,374.0092000,4.730000e-02,-4.730000e-02,0.3151,0.1376,-0.3150,14.82000,2.90000,-2.90000,7.0200e+02,1.100e+02,-1.100e+02,2.27,8.600e-01,-1.700e-01,217.0,,,0.52,0.60,-0.12,11.50,1,q1_q17_dr24_tce,5610.00,171.00,-162.00,4.551,0.027,-0.027,0.8580,0.3260,-0.0640,290.308010,45.598412,15.632
8174,9156957,K07137.01,,FALSE POSITIVE,FALSE POSITIVE,,0,0,1,0,3.667300500,5.1730000e-05,-5.1730000e-05,133.1255000,1.330000e-02,-1.330000e-02,0.1985,0.2523,-0.1984,3.37300,0.56300,-0.56300,1.4490e+02,1.970e+01,-1.970e+01,0.62,7.000e-02,-6.000e-02,627.0,,,36.42,13.03,-8.20,9.10,1,q1_q17_dr24_tce,3823.00,84.00,-50.00,4.729,0.060,-0.060,0.5190,0.0600,-0.0500,292.785830,45.585789,15.826
8175,9163674,K07139.01,,FALSE POSITIVE,FALSE POSITIVE,0.0000,0,1,0,0,0.773144492,3.1000000e-08,-3.1000000e-08,131.6393074,3.420000e-05,-3.420000e-05,0.6940,0.1650,-0.0060,4.05643,0.00580,-0.00580,2.1596e+05,4.280e+01,-4.280e+01,107.13,3.427e+01,-3.427e+01,2860.0,,,15791.97,14884.97,-9533.28,2947.80,1,q1_q17_dr25_tce,6413.00,177.00,-243.00,4.038,0.258,-0.172,1.9100,0.6110,-0.6110,295.288450,45.518337,13.833
8176,9172506,K07141.01,,FALSE POSITIVE,FALSE POSITIVE,0.0000,0,1,0,0,50.440285363,6.2670000e-06,-6.2670000e-06,149.9083800,1.050000e-04,-1.050000e-04,0.6580,0.0010,-0.0010,12.20010,0.00639,-0.00639,8.5309e+04,5.030e+01,-5.030e+01,51.50,1.048e+01,-1.442e+01,673.0,,,48.36,29.65,-25.92,2499.70,1,q1_q17_dr25_tce,6225.00,170.00,-170.00,4.039,0.266,-0.114,1.6460,0.3350,-0.4610,297.966130,45.545792,12.009
8177,9179531,K07142.01,,FALSE POSITIVE,FALSE POSITIVE,0.0000,0,1,0,0,3.255385289,7.0600000e-07,-7.0600000e-07,132.4982770,1.800000e-04,-1.800000e-04,0.5230,0.0070,-0.0020,5.94980,0.01090,-0.01090,1.5891e+05,2.680e+02,-2.680e+02,40.58,1.187e+01,-5.910e+00,1236.0,,,550.68,482.90,-198.81,840.70,1,q1_q17_dr25_tce,5806.00,172.00,-190.00,4.425,0.101,-0.188,0.9750,0.2850,-0.1420,299.928220,45.595081,15.091
8178,9963639,K07266.01,,FALSE POSITIVE,FALSE POSITIVE,,1,0,0,0,7.418536900,1.6310000e-04,-1.6310000e-04,131.5282000,1.570000e-02,-1.570000e-02,0.0530,0.6051,-0.0522,1.45100,0.45900,-0.45900,1.4700e+01,5.900e+00,-5.900e+00,0.81,5.500e-01,-1.700e-01,1963.0,,,3511.86,7974.20,-1635.95,5.20,1,q1_q17_dr24_tce,9763.00,338.00,-368.00,4.179,0.118,-0.118,2.0450,1.4100,-0.4310,296.691960,46.869171,11.364
8179,9965691,K07267.01,,FALSE POSITIVE,FALSE POSITIVE,0.0000,1,0,0,0,15.684344930,8.0500000e-05,-8.0500000e-05,133.0306900,4.060000e-03,-4.060000e-03,1.2060,0.1730,-0.0790,44.46300,0.23300,-0.23300,7.9160e+02,3.800e+00,-3.800e+00,56.23,1.196e+01,-1.794e+01,1136.0,,,393.14,250.43,-229.84,256.30,1,q1_q17_dr25_tce,6407.00,174.00,-174.00,3.888,0.273,-0.117,2.1910,0.4660,-0.6990,297.326810,46.845211,13.102
8180,10000490,K07269.01,,FALSE POSITIVE,FALSE POSITIVE,0.0000,0,1,0,0,1.400991827,3.1000000e-07,-3.1000000e-07,132.4539750,1.830000e-04,-1.830000e-04,1.0930,0.0230,-0.0210,4.87980,0.01210,-0.01210,6.4104e+04,1.140e+02,-1.140e+02,98.13,2.724e+01,-3.029e+01,2468.0,,,8795.37,7247.81,-5205.13,669.60,1,q1_q17_dr25_tce,6706.00,189.00,-259.00,4.026,0.258,-0.172,1.9240,0.5340,-0.5940,286.556000,46.957340,11.244
8181,10002049,K07270.01,,CANDIDATE,CANDIDATE,0.9980,0,0,0,0,19.253212800,2.4870000e-04,-2.4870000e-04,144.8407000,1.180000e-02,-1.180000e-02,0.2470,0.2080,-0.2470,1.67400,0.40400,-0.40400,2.1930e+02,3.960e+01,-3.960e+01,1.42,4.200e-01,-1.400e-01,692.0,,,54.13,46.08,-15.44,7.40,1,q1_q17_dr25_tce,6060.00,162.00,-198.00,4.495,0.050,-0.200,0.9530,0.2770,-0.0920,287.464750,46.968410,15.362
8182,10014702,K07271.01,,FALSE POSITIVE,FALSE POSITIVE,0.0000,0,0,0,1,1.340629010,2.1900000e-05,-2.1900000e-05,132.0803000,1.850000e-02,-1.850000e-02,0.5310,0.4390,-0.3230,3.07600,0.26200,-0.26200,6.9500e+01,6.600e+00,-6.600e+00,0.82,2.500e-01,-8.000e-02,1678.0,,,1876.57,1681.17,-544.57,13.10,1,q1_q17_dr25_tce,6045.00,180.00,-198.00,4.494,0.050,-0.200,0.9550,0.2850,-0.0950,293.129910,46.921768,15.130
8183,11027270,K07401.01,,FALSE POSITIVE,FALSE POSITIVE,,1,0,0,0,0.533628226,7.4490000e-06,-7.4490000e-06,132.0033100,6.900000e-03,-6.900000e-03,0.9385,0.0388,-0.6487,5.77200,0.31100,-0.31100,8.1800e+01,2.230e+01,-2.230e+01,2.41,7.700e-01,-8.400e-01,3885.0,,,53849.23,50393.63,-34103.04,35.30,2,q1_q17_dr24_tce,7163.00,188.00,-254.00,3.906,0.282,-0.282,2.1770,0.6990,-0.7600,290.646420,48.597092,11.299
8184,11027722,K07402.01,,FALSE POSITIVE,FALSE POSITIVE,0.0000,0,1,1,0,0.678137665,1.4700000e-07,-1.4700000e-07,132.1383690,1.840000e-04,-1.840000e-04,1.2630,1.1090,-0.1620,1.00718,0.00672,-0.00672,8.8500e+02,2.800e+00,-2.800e+00,30.37,7.800e+00,-3.350e+00,2274.0,,,6364.70,4816.99,-1957.19,172.70,1,q1_q17_dr25_tce,6429.00,173.00,-211.00,4.449,0.081,-0.175,0.9420,0.2420,-0.1040,290.905820,48.531811,14.291
8185,11068630,K07404.01,,CANDIDATE,CANDIDATE,0.9100,0,0,0,0,1.817079849,7.3160000e-06,-7.3160000e-06,131.9050900,3.240000e-03,-3.240000e-03,0.2760,0.1890,-0.2760,0.88900,0.13600,-0.13600,2.0460e+02,2.520e+01,-2.520e+01,1.39,4.500e-01,-1.400e-01,1454.0,,,1056.39,1001.10,-324.25,10.80,1,q1_q17_dr25_tce,5808.00,162.00,-223.00,4.503,0.039,-0.221,0.9630,0.3090,-0.0960,282.558690,48.630970,15.591
8186,11071207,K07405.01,,FALSE POSITIVE,FALSE POSITIVE,0.0000,1,0,0,0,8.049634720,2.6700000e-07,-2.6700000e-07,138.6541935,2.640000e-05,-2.640000e-05,0.6710,0.0040,-0.0040,6.00488,0.00077,-0.00077,2.7965e+05,2.700e+01,-2.700e+01,95.98,2.650e+01,-2.172e+01,1247.0,,,571.10,456.35,-271.96,5246.50,1,q1_q17_dr25_tce,6698.00,169.00,-220.00,4.171,0.185,-0.185,1.4850,0.4100,-0.3360,284.417790,48.680908,13.831
8187,11124509,K07409.01,,FALSE POSITIVE,FALSE POSITIVE,0.0000,0,1,0,0,4.446459958,1.7940000e-06,-1.7940000e-06,135.7301110,3.210000e-04,-3.210000e-04,1.2770,0.5350,-0.2320,2.55800,0.01700,-0.01700,5.6638e+03,3.670e+01,-3.670e+01,36.15,9.280e+00,-3.320e+00,1030.0,,,265.42,200.82,-71.70,178.30,1,q1_q17_dr25_tce,5615.00,152.00,-169.00,4.504,0.060,-0.180,0.8930,0.2290,-0.0820,284.403440,48.708080,14.735
8188,12454800,K07534.01,,CANDIDATE,CANDIDATE,,0,0,0,0,23.378773300,8.4520000e-04,-8.4520000e-04,143.2743000,3.090000e-02,-3.090000e-02,0.2093,0.2284,-0.2093,6.76000,0.69800,-0.69800,7.6000e+01,1.080e+01,-1.080e+01,0.92,4.800e-01,-9.000e-02,694.0,,,54.98,83.70,-15.48,8.10,1,q1_q17_dr24_tce,6210.00,156.00,-194.00,4.424,0.056,-0.056,1.0540,0.5390,-0.1020,288.297880,51.326519,13.853
8189,12458817,K07535.01,,CANDIDATE,CANDIDATE,,0,0,0,0,15.099842590,7.8700000e-05,-7.8700000e-05,140.8200000,4.590000e-03,-4.590000e-03,0.9711,0.0223,-0.7127,0.22200,0.13500,-0.13500,4.8480e+02,8.040e+01,-8.040e+01,4.11,5.900e-01,-3.300e-01,576.0,,,25.98,12.63,-6.30,6.70,1,q1_q17_dr24_tce,5191.00,166.00,-142.00,4.615,0.059,-0.059,0.6500,0.0940,-0.0520,290.545040,51.323620,15.370
8190,12506342,K07538.01,,FALSE POSITIVE,FALSE POSITIVE,0.0000,0,0,1,1,1.227751050,5.1360000e-06,-5.1360000e-06,132.5634600,3.280000e-03,-3.280000e-03,0.2620,0.1930,-0.2620,1.60200,0.10900,-0.10900,3.2760e+02,2.000e+01,-2.000e+01,1.00,9.000e-02,-7.000e-02,1094.0,,,340.64,119.66,-76.23,20.30,1,q1_q17_dr25_tce,4551.00,135.00,-135.00,4.713,0.032,-0.052,0.5600,0.0540,-0.0360,289.044770,51.415379,15.715
8191,12519942,K07539.01,,CANDIDATE,CANDIDATE,,0,0,0,0,15.341624500,1.2750000e-04,-1.2750000e-04,134.9868600,7.310000e-03,-7.310000e-03,0.0481,0.4098,-0.0481,2.12600,0.50100,-0.50100,2.6960e+02,5.520e+01,-5.520e+01,1.30,3.600e-01,-1.300e-01,605.0,,,31.63,26.83,-8.46,9.20,1,q1_q17_dr24_tce,5061.00,167.00,-134.00,4.504,0.074,-0.074,0.8140,0.2230,-0.0790,296.283110,51.404362,14.813
8192,12557713,K07541.01,,FALSE POSITIVE,FALSE POSITIVE,0.0000,0,1,0,0,7.214721393,9.1700000e-07,-9.1700000e-07,132.4986540,1.040000e-04,-1.040000e-04,0.8980,0.2960,-0.0150,2.36464,0.00473,-0.00473,4.6802e+04,8.090e+01,-8.090e+01,16.79,1.120e+00,-1.130e+00,630.0,,,37.12,10.92,-8.46,582.00,1,q1_q17_dr25_tce,4705.00,153.00,-139.00,4.696,0.052,-0.028,0.5520,0.0370,-0.0370,291.082310,51.558361,14.853
8193,9730163,K02704.03,Kepler-445 d,CONFIRMED,CANDIDATE,,0,0,0,0,8.152758850,6.5890000e-05,-6.5890000e-05,134.1904600,7.920000e-03,-7.920000e-03,0.4610,0.0838,-0.4086,1.74600,0.24000,-0.24000,1.6536e+04,2.312e+03,-2.312e+03,2.44,1.620e+00,-7.000e-01,305.0,,,2.03,4.47,-1.06,9.20,3,q1_q17_dr24_tce,3327.00,125.00,-58.00,5.113,0.140,-0.140,0.1890,0.1250,-0.0540,298.736110,46.498634,17.475
8194,2437112,K03461.02,,FALSE POSITIVE,FALSE POSITIVE,0.0000,1,0,1,0,3.187409070,8.9680000e-05,-8.9680000e-05,132.8032000,2.070000e-02,-2.070000e-02,0.1440,0.3320,-0.1440,6.19000,0.67400,-0.67400,1.3750e+02,1.770e+01,-1.770e+01,0.81,7.000e-02,-7.000e-02,919.0,,,168.43,55.76,-44.24,9.20,3,q1_q17_dr25_tce,4808.00,146.00,-146.00,4.589,0.045,-0.041,0.7150,0.0620,-0.0620,290.203610,37.774342,16.153
8195,8719324,K03716.02,,FALSE POSITIVE,FALSE POSITIVE,0.0000,1,0,0,0,10.232736110,,,139.5844258,,,,,,1.55000,,,,,,,,,,,,,,,,1,q1_q17_dr25_tce,,,,,,,,,,301.114290,44.825802,11.614
8196,5471690,K04006.02,,FALSE POSITIVE,FALSE POSITIVE,,0,0,0,1,0.962815183,8.1600000e-06,-8.1600000e-06,132.2162900,8.310000e-03,-8.310000e-03,0.0916,0.3720,-0.0915,2.58100,0.23100,-0.23100,2.0700e+01,2.000e+00,-2.000e+00,1.12,2.900e-01,-5.000e-01,3152.0,,,23331.88,17771.09,-17090.05,12.10,3,q1_q17_dr24_tce,6638.00,189.00,-237.00,3.792,0.395,-0.395,2.4450,0.6230,-1.0850,297.725310,40.640789,12.876
8197,3937814,K04084.02,,CANDIDATE,CANDIDATE,,0,0,0,0,10.729007930,5.6080000e-05,-5.6080000e-05,134.6802600,4.460000e-03,-4.460000e-03,0.2652,0.2893,-0.2652,0.69600,0.12600,-0.12600,4.0430e+02,5.550e+01,-5.550e+01,1.78,6.000e-01,-1.200e-01,722.0,,,64.33,65.80,-13.98,10.10,2,q1_q17_dr24_tce,5375.00,167.00,-140.00,4.541,0.027,-0.027,0.8760,0.2960,-0.0590,286.052430,39.096050,15.188
8198,3937814,K04084.03,,CANDIDATE,CANDIDATE,0.4090,0,0,0,0,8.196197680,6.3260000e-05,-6.3260000e-05,135.1043500,6.510000e-03,-6.510000e-03,0.7810,0.1860,-0.5460,2.10900,0.24500,-0.24500,1.9740e+02,2.540e+01,-2.540e+01,1.55,1.700e-01,-2.100e-01,851.0,,,123.81,38.44,-36.69,9.30,2,q1_q17_dr25_tce,5323.00,79.00,-79.00,4.378,0.126,-0.084,0.9950,0.1110,-0.1350,286.052430,39.096050,15.188
8199,5078025,K04211.02,,FALSE POSITIVE,FALSE POSITIVE,0.0000,1,0,1,1,0.696290095,4.5870000e-06,-4.5870000e-06,131.5267600,5.890000e-03,-5.890000e-03,1.1230,0.2940,-0.1420,3.83900,0.32400,-0.32400,1.2050e+02,7.700e+00,-7.700e+00,12.63,4.020e+00,-1.010e+00,1969.0,,,3537.89,3305.16,-886.14,19.40,2,q1_q17_dr25_tce,5904.00,160.00,-178.00,4.543,0.039,-0.221,0.8670,0.2760,-0.0690,283.723790,40.237560,15.034
8200,3733638,K06353.01,,CANDIDATE,CANDIDATE,0.9680,0,0,0,0,10.071436900,1.6780000e-04,-1.6780000e-04,140.0456000,1.620000e-02,-1.620000e-02,0.0060,0.4600,-0.0060,6.89100,0.48800,-0.48800,4.9500e+01,5.400e+00,-5.400e+00,1.98,5.600e-01,-1.310e+00,1362.0,,,814.46,715.33,-731.10,10.80,1,q1_q17_dr25_tce,5768.00,192.00,-157.00,3.633,0.816,-0.192,2.8100,0.7970,-1.8600,287.223510,38.817612,13.472
8201,3746248,K06354.01,,FALSE POSITIVE,FALSE POSITIVE,,0,1,1,0,0.622406980,3.7360000e-06,-3.7360000e-06,131.6839300,4.830000e-03,-4.830000e-03,0.0908,0.3671,-0.0907,1.18600,0.32800,-0.32800,1.5580e+02,3.060e+01,-3.060e+01,1.63,1.200e+00,-2.300e-01,2663.0,,,11894.49,27137.32,-4472.59,10.20,1,q1_q17_dr24_tce,6661.00,147.00,-276.00,4.341,0.063,-0.063,1.2900,0.9470,-0.1810,291.259800,38.897999,12.920
8202,3748855,K06355.02,,CANDIDATE,CANDIDATE,,0,0,0,0,6.728766060,8.7340000e-05,-8.7340000e-05,134.0424000,1.240000e-02,-1.240000e-02,0.5757,0.0361,-0.4558,2.27700,0.35200,-0.35200,1.1740e+02,1.760e+01,-1.760e+01,1.03,4.200e-01,-1.000e-01,940.0,,,184.66,220.59,-50.07,7.80,2,q1_q17_dr24_tce,5823.00,159.00,-165.00,4.489,0.053,-0.053,0.9190,0.3710,-0.0880,291.933560,38.827202,14.701
8203,3757588,K06356.01,,FALSE POSITIVE,FALSE POSITIVE,0.0000,0,1,0,0,24.090020650,2.9590000e-05,-2.9590000e-05,154.2853230,9.850000e-04,-9.850000e-04,0.9460,0.0180,-0.0120,11.04940,0.08210,-0.08210,6.7822e+03,4.020e+01,-4.020e+01,9.39,1.490e+00,-1.230e+00,551.0,,,21.85,11.59,-7.22,252.30,1,q1_q17_dr25_tce,5354.00,177.00,-160.00,4.495,0.105,-0.116,0.8040,0.1280,-0.1050,294.143400,38.893162,14.940
8204,3766353,K06359.01,,FALSE POSITIVE,FALSE POSITIVE,0.0000,0,1,0,0,2.666961614,8.0400000e-07,-8.0400000e-07,133.7190650,2.540000e-04,-2.540000e-04,1.2760,0.2160,-0.1080,2.47740,0.01460,-0.01460,7.5834e+03,3.750e+01,-3.750e+01,40.68,1.495e+01,-3.510e+00,1469.0,,,1104.26,1164.28,-297.01,249.50,1,q1_q17_dr25_tce,6609.00,157.00,-216.00,4.484,0.040,-0.229,0.9740,0.3580,-0.0840,296.053770,38.894260,13.968
8205,5019567,K06488.01,,FALSE POSITIVE,FALSE POSITIVE,,1,0,0,0,1.174301830,1.9890000e-05,-1.9890000e-05,131.7601000,1.270000e-02,-1.270000e-02,0.9744,0.0000,-0.6723,9.58700,0.65300,-0.65300,6.4500e+01,3.500e+00,-3.500e+00,2.22,1.080e+00,-4.600e-01,3020.0,,,19656.66,29174.25,-9333.68,13.50,1,q1_q17_dr24_tce,7537.00,227.00,-315.00,4.007,0.142,-0.142,2.1450,1.0410,-0.4520,294.184540,40.150372,12.080
8206,5021432,K06489.01,,CANDIDATE,CANDIDATE,,0,0,0,0,14.056522560,,,136.7555724,,,,,,2.56000,,,,,,,,,,,,,,,,1,q1_q17_dr24_tce,,,,,,,,,,294.656100,40.137260,13.697
8207,5021732,K06490.01,,FALSE POSITIVE,FALSE POSITIVE,0.0000,0,1,0,0,15.039464523,1.9670000e-06,-1.9670000e-06,144.1372520,1.070000e-04,-1.070000e-04,0.9980,0.2030,-0.0020,5.39796,0.00740,-0.00740,6.6877e+04,6.650e+01,-6.650e+01,51.71,1.686e+01,-7.850e+00,877.0,,,139.95,131.94,-50.94,1133.50,1,q1_q17_dr25_tce,6410.00,162.00,-194.00,4.329,0.105,-0.195,1.1780,0.3840,-0.1790,294.731200,40.150490,13.623
8208,5022900,K06492.01,,FALSE POSITIVE,FALSE POSITIVE,0.0000,1,0,1,0,1.056802870,2.1940000e-05,-2.1940000e-05,131.6820000,1.900000e-02,-1.900000e-02,0.5630,0.4240,-0.3390,5.74800,0.69500,-0.69500,8.2300e+01,1.130e+01,-1.130e+01,0.83,2.200e-01,-8.000e-02,1633.0,,,1686.88,1361.53,-462.31,10.90,1,q1_q17_dr25_tce,5584.00,166.00,-183.00,4.532,0.046,-0.184,0.8850,0.2370,-0.0790,295.011140,40.151402,15.870
8209,5024126,K06493.01,,FALSE POSITIVE,FALSE POSITIVE,0.0000,0,1,1,1,0.787122102,1.3290000e-06,-1.3290000e-06,131.7368700,1.580000e-03,-1.580000e-03,1.2110,0.7340,-0.1110,3.09990,0.08500,-0.08500,5.9680e+02,1.250e+01,-1.250e+01,20.76,2.910e+00,-2.190e+00,1655.0,,,1775.05,913.73,-526.29,57.40,1,q1_q17_dr25_tce,5210.00,203.00,-166.00,4.528,0.067,-0.082,0.7990,0.1120,-0.0840,295.273740,40.133659,15.626
8210,5024268,K06494.01,,FALSE POSITIVE,FALSE POSITIVE,,0,1,0,1,2.150452950,1.9510000e-05,-1.9510000e-05,132.3249900,7.430000e-03,-7.430000e-03,0.3604,0.0946,-0.3604,4.45300,0.25100,-0.25100,1.6910e+02,9.600e+00,-9.600e+00,24.27,1.790e+00,-1.580e+00,4340.0,,,83894.63,18855.74,-14885.42,25.80,1,q1_q17_dr24_tce,4899.00,74.00,-74.00,2.356,0.011,-0.011,18.9200,1.4000,-1.2300,295.295960,40.186569,11.359
8211,5633259,K06610.01,,CANDIDATE,CANDIDATE,,0,0,0,0,315.077171920,,,286.7429498,,,,,,10.31000,,,,,,,,,,,,,,,,1,q1_q17_dr24_tce,,,,,,,,,,295.552980,40.877991,15.341
8212,5647638,K06611.01,,FALSE POSITIVE,FALSE POSITIVE,0.0000,1,0,0,0,1.216078730,3.8920000e-05,-3.8920000e-05,132.4476000,1.810000e-02,-1.810000e-02,0.9910,0.0110,-0.7640,4.68600,0.41700,-0.41700,2.9400e+01,4.600e+00,-4.600e+00,1.92,3.600e-01,-1.020e+00,2803.0,,,14545.24,8738.42,-11777.81,11.20,1,q1_q17_dr25_tce,6234.00,194.00,-213.00,3.741,0.612,-0.108,2.5000,0.4750,-1.3310,298.642520,40.838909,13.333
8213,5653126,K06612.01,,FALSE POSITIVE,FALSE POSITIVE,0.0000,0,1,0,0,38.495369850,8.0830000e-05,-8.0830000e-05,152.8494300,2.080000e-03,-2.080000e-03,1.0130,0.1120,-0.0770,12.87160,0.07720,-0.07720,9.3327e+04,1.490e+02,-1.490e+02,124.34,2.625e+01,-6.129e+01,824.0,,,109.13,72.24,-84.47,201.90,1,q1_q17_dr25_tce,6050.00,192.00,-192.00,3.823,0.496,-0.124,2.3450,0.4950,-1.1560,299.702000,40.896271,13.173
8214,5686974,K06613.01,,FALSE POSITIVE,FALSE POSITIVE,0.0000,0,0,0,1,4.182244160,5.1240000e-05,-5.1240000e-05,134.0885000,1.170000e-02,-1.170000e-02,0.9900,0.0230,-0.7580,6.20900,0.20800,-0.20800,5.7200e+01,4.300e+00,-4.300e+00,1.07,3.100e-01,-1.600e-01,1206.0,,,500.70,414.84,-181.91,13.80,1,q1_q17_dr25_tce,6057.00,163.00,-181.00,4.392,0.128,-0.192,0.9990,0.2820,-0.1520,284.875580,40.984428,13.732
8215,5696909,K06614.01,,FALSE POSITIVE,FALSE POSITIVE,0.0000,0,1,1,0,0.643002821,7.9000000e-08,-7.9000000e-08,131.6896850,1.000000e-04,-1.000000e-04,1.2610,0.4420,-0.1720,1.02608,0.00661,-0.00661,2.6715e+03,1.530e+01,-1.530e+01,36.82,1.241e+01,-8.240e+00,2188.0,,,5409.39,5461.20,-2486.39,295.60,1,q1_q17_dr25_tce,5681.00,169.00,-152.00,4.315,0.220,-0.220,1.0360,0.3490,-0.2320,289.071110,40.978809,14.984
8216,5697628,K06615.01,,FALSE POSITIVE,FALSE POSITIVE,,1,0,0,0,1.951195410,1.7150000e-05,-1.7150000e-05,133.3951000,8.320000e-03,-8.320000e-03,0.1533,0.3251,-0.1533,1.90700,0.27700,-0.27700,5.9700e+01,1.060e+01,-1.060e+01,0.47,7.000e-02,-3.000e-02,1050.0,,,287.41,126.41,-63.98,7.70,1,q1_q17_dr24_tce,4936.00,142.00,-142.00,4.681,0.027,-0.027,0.6280,0.0840,-0.0410,289.303410,40.924229,15.105
8217,6614748,K06745.01,,CANDIDATE,CANDIDATE,,0,0,0,0,383.853620000,1.8020000e-02,-1.8020000e-02,426.5941000,3.460000e-02,-3.460000e-02,0.5927,0.0136,-0.5111,9.76000,1.60000,-1.60000,4.2290e+02,6.580e+01,-6.580e+01,2.78,1.220e+00,-4.600e-01,314.0,,,2.29,2.91,-0.94,7.50,1,q1_q17_dr24_tce,6675.00,150.00,-279.00,4.341,0.076,-0.076,1.2930,0.5720,-0.2110,294.286930,42.032791,15.232
8218,6628926,K06746.01,,CANDIDATE,CANDIDATE,1.0000,0,0,0,0,2.564012541,,,134.2733914,,,0.1660,,,0.94330,,,2.5519e+03,,,7.27,2.070e+00,-2.070e+00,1720.0,,,2065.56,1796.60,-1163.36,5.30,1,q1_q17_dr25_tce,6274.00,198.00,-242.00,4.139,0.286,-0.154,1.4280,0.4070,-0.4070,297.622990,42.098820,14.121
8219,6629156,K06747.01,,FALSE POSITIVE,FALSE POSITIVE,0.0000,1,0,0,0,0.715381720,,,131.5505000,,,,,,5.00000,,,,,,,,,,,,7377.38,14021.01,-2565.07,,1,q1_q17_dr25_tce,,,,,,,,,,297.669740,42.088860,14.670
8220,6636020,K06749.01,,FALSE POSITIVE,FALSE POSITIVE,,0,1,1,0,18.360223900,2.6580000e-04,-2.6580000e-04,143.4753000,1.590000e-02,-1.590000e-02,0.1819,0.2748,-0.1818,2.35200,0.31600,-0.31600,5.7460e+02,6.200e+01,-6.200e+01,2.04,8.900e-01,-1.600e-01,637.0,,,38.90,51.66,-9.88,12.40,1,q1_q17_dr24_tce,5713.00,181.00,-176.00,4.551,0.029,-0.029,0.8560,0.3710,-0.0690,299.025180,42.061729,15.703
8221,6665064,K06751.01,,FALSE POSITIVE,FALSE POSITIVE,0.2670,1,0,0,0,24.996068000,3.8030000e-03,-3.8030000e-03,144.9693000,2.270000e-02,-2.270000e-02,0.4090,0.0510,-0.4090,5.62300,0.38700,-0.38700,6.2170e+02,7.030e+01,-7.030e+01,2.40,3.600e-01,-1.200e-01,604.0,,,31.43,12.41,-4.58,9.40,2,q1_q17_dr25_tce,5761.00,78.00,-78.00,4.492,0.022,-0.120,0.9560,0.1430,-0.0480,281.649990,42.132061,15.183
8222,6670610,K06752.01,,CANDIDATE,CANDIDATE,1.0000,0,0,0,0,8.942964500,1.2930000e-04,-1.2930000e-04,137.2637300,9.080000e-03,-9.080000e-03,0.0880,0.5050,-0.0880,1.80300,0.69900,-0.69900,2.3350e+02,7.250e+01,-7.250e+01,0.89,6.000e-02,-1.000e-01,536.0,,,19.51,5.73,-5.93,7.20,1,q1_q17_dr25_tce,4183.00,125.00,-138.00,4.655,0.056,-0.024,0.5940,0.0430,-0.0640,284.274990,42.123779,15.537
8223,7447895,K06878.01,,CANDIDATE,CANDIDATE,1.0000,0,0,0,0,2.405625303,5.2220000e-06,-5.2220000e-06,133.1422100,1.850000e-03,-1.850000e-03,0.4670,0.4880,-0.1370,0.62830,0.06360,-0.06360,1.6350e+02,1.550e+01,-1.550e+01,1.11,2.300e-01,-9.000e-02,1180.0,,,459.66,287.94,-111.12,12.00,1,q1_q17_dr25_tce,5450.00,146.00,-163.00,4.573,0.027,-0.153,0.8300,0.1740,-0.0620,292.720790,43.076809,14.709
8224,7456521,K06880.01,,FALSE POSITIVE,FALSE POSITIVE,0.0000,1,0,0,0,552.829506300,2.5400000e-04,-2.5400000e-04,484.2608790,3.240000e-04,-3.240000e-04,0.6530,0.0620,-0.0380,16.08510,0.02340,-0.02340,2.6630e+05,3.620e+02,-3.620e+02,56.89,1.427e+01,-9.490e+00,229.0,,,0.65,0.50,-0.25,942.60,1,q1_q17_dr25_tce,5956.00,179.00,-179.00,4.403,0.149,-0.182,0.9290,0.2330,-0.1550,295.096340,43.047981,14.973
8225,7461314,K06881.01,,FALSE POSITIVE,FALSE POSITIVE,0.0000,0,0,1,1,0.773595312,2.4970000e-06,-2.4970000e-06,132.0877600,2.720000e-03,-2.720000e-03,0.6120,0.3470,-0.4230,0.78100,0.10900,-0.10900,9.3000e+01,1.010e+01,-1.010e+01,0.96,2.700e-01,-9.000e-02,1976.0,,,3613.97,3135.70,-1046.36,13.20,1,q1_q17_dr25_tce,5973.00,188.00,-208.00,4.506,0.048,-0.192,0.9350,0.2660,-0.0890,296.238560,43.021790,14.882
8226,7461521,K06882.01,,CANDIDATE,CANDIDATE,1.0000,0,0,0,0,0.773530100,2.7510000e-05,-2.7510000e-05,132.1961000,4.380000e-02,-4.380000e-02,0.3360,0.1330,-0.3360,1.33500,0.12500,-0.12500,1.8540e+02,1.650e+01,-1.650e+01,1.87,5.900e-01,-4.400e-01,2474.0,,,8868.22,8299.29,-4457.93,14.20,1,q1_q17_dr25_tce,6296.00,177.00,-243.00,4.217,0.185,-0.185,1.3500,0.4270,-0.3200,296.283840,43.033981,14.752
8227,7537660,K06884.01,,CANDIDATE,CANDIDATE,,0,0,0,0,2.421868980,,,132.7886605,,,,,,6.22000,,,,,,,,,,,,,,,,1,q1_q17_dr24_tce,,,,,,,,,,294.601500,43.159935,13.583
8228,7541502,K06885.01,,FALSE POSITIVE,FALSE POSITIVE,0.0000,0,1,0,0,44.827323809,1.9900000e-06,-1.9900000e-06,173.4103489,3.610000e-05,-3.610000e-05,1.4940,0.0510,-0.0350,6.86103,0.00342,-0.00342,2.3712e+05,6.110e+01,-6.110e+01,429.00,1.324e+02,-3.090e+02,779.0,,,87.20,87.57,-81.21,4484.50,1,q1_q17_dr25_tce,5160.00,207.00,-165.00,3.568,0.912,-0.228,3.2790,1.0120,-2.3620,295.576510,43.190327,11.560
8229,8285254,K07008.01,,FALSE POSITIVE,FALSE POSITIVE,0.0000,0,1,0,0,7.535894184,1.2510000e-06,-1.2510000e-06,137.7812310,1.350000e-04,-1.350000e-04,0.6440,0.0070,-0.0050,8.30590,0.00894,-0.00894,1.7213e+05,2.000e+02,-2.000e+02,24.64,1.380e+00,-1.100e+00,642.0,,,40.28,10.22,-7.71,1446.70,1,q1_q17_dr25_tce,4969.00,148.00,-148.00,4.736,0.027,-0.033,0.5370,0.0300,-0.0240,285.565340,44.295250,15.398
8230,8285970,K07009.01,,FALSE POSITIVE,FALSE POSITIVE,0.0000,1,0,0,0,0.562498925,3.8500000e-07,-3.8500000e-07,131.7506230,5.430000e-04,-5.430000e-04,0.9710,0.0600,-0.6880,0.67430,0.03010,-0.03010,4.2010e+02,1.410e+01,-1.410e+01,2.88,7.600e-01,-4.100e-01,2129.0,,,4880.50,3802.68,-1663.85,44.10,1,q1_q17_dr25_tce,5638.00,152.00,-152.00,4.437,0.116,-0.174,0.9330,0.2470,-0.1330,285.958740,44.254719,14.792
8231,8294484,K07011.01,,FALSE POSITIVE,FALSE POSITIVE,0.0000,0,1,0,0,1.012694226,2.6650000e-06,-2.6650000e-06,132.4489600,2.660000e-03,-2.660000e-03,0.5340,0.0260,-0.0200,3.60170,0.04420,-0.04420,1.0850e+05,8.040e+02,-8.040e+02,42.51,1.311e+01,-7.070e+00,2230.0,,,5846.79,5323.56,-2373.79,185.10,1,q1_q17_dr25_tce,6487.00,181.00,-250.00,4.292,0.128,-0.192,1.2330,0.3800,-0.2050,289.940280,44.225719,14.713
8232,8301013,K07013.01,,FALSE POSITIVE,FALSE POSITIVE,0.0000,0,1,0,0,2.214029545,1.2300000e-07,-1.2300000e-07,133.1692046,4.590000e-05,-4.590000e-05,0.3710,0.0030,-0.0010,5.64264,0.00218,-0.00218,3.4911e+05,1.960e+02,-1.960e+02,94.23,2.859e+01,-2.075e+01,1894.0,,,3041.80,2628.33,-1420.40,2680.50,1,q1_q17_dr25_tce,6604.00,155.00,-214.00,4.178,0.162,-0.180,1.5260,0.4630,-0.3360,292.296750,44.280571,13.300
8233,8302455,K07014.01,,FALSE POSITIVE,FALSE POSITIVE,0.0000,0,1,0,0,2.441988077,2.4800000e-07,-2.4800000e-07,132.1323834,8.210000e-05,-8.210000e-05,0.8880,0.2200,-0.0210,3.94526,0.00510,-0.00510,9.5344e+04,8.500e+01,-8.500e+01,90.39,2.243e+01,-4.482e+01,1993.0,,,3721.74,2937.29,-2902.22,1174.50,1,q1_q17_dr25_tce,6078.00,214.00,-214.00,3.874,0.504,-0.126,2.0590,0.5110,-1.0210,292.862700,44.221050,11.535
8234,9203154,K07144.01,,CANDIDATE,CANDIDATE,1.0000,0,0,0,0,0.839907158,4.9050000e-06,-4.9050000e-06,131.6942600,4.280000e-03,-4.280000e-03,0.2300,0.2390,-0.2300,1.01900,0.18700,-0.18700,1.1960e+02,1.740e+01,-1.740e+01,0.92,1.200e-01,-1.100e-01,1640.0,,,1705.12,740.70,-541.61,10.70,1,q1_q17_dr25_tce,5120.00,170.00,-154.00,4.478,0.099,-0.110,0.8530,0.1040,-0.1040,284.125210,45.628052,15.695
8235,9205993,K07145.01,,FALSE POSITIVE,FALSE POSITIVE,0.0000,1,0,1,0,1.219736039,1.8020000e-06,-1.8020000e-06,132.1241700,2.070000e-03,-2.070000e-03,0.2290,0.0110,-0.0100,4.89465,0.00614,-0.00614,6.1152e+05,8.810e+02,-8.810e+02,135.43,4.517e+01,-2.432e+01,2611.0,,,10982.55,10817.16,-4840.63,1037.20,1,q1_q17_dr25_tce,7358.00,205.00,-333.00,4.171,0.128,-0.192,1.6370,0.5460,-0.2940,285.725370,45.666431,14.871
8236,9210828,K07147.01,,FALSE POSITIVE,FALSE POSITIVE,0.0000,0,1,0,0,0.828206570,1.1700000e-07,-1.1700000e-07,131.5813130,1.160000e-04,-1.160000e-04,0.9400,0.0700,-0.0480,2.70353,0.00619,-0.00619,1.1853e+05,1.690e+02,-1.690e+02,35.67,3.540e+00,-3.210e+00,1473.0,,,1109.75,382.10,-296.32,548.30,1,q1_q17_dr25_tce,5033.00,136.00,-151.00,4.611,0.066,-0.038,0.6550,0.0650,-0.0590,288.444550,45.612671,13.221
8237,9221627,K07148.01,,CANDIDATE,CANDIDATE,1.0000,0,0,0,0,1.761377800,1.4240000e-04,-1.4240000e-04,132.9890000,1.140000e-01,-1.140000e-01,0.1590,0.2900,-0.1590,1.35500,0.18200,-0.18200,3.5930e+02,4.530e+01,-4.530e+01,2.32,7.900e-01,-3.200e-01,1824.0,,,2621.69,2632.67,-949.69,10.50,1,q1_q17_dr25_tce,6544.00,181.00,-250.00,4.349,0.072,-0.217,1.2070,0.4110,-0.1650,293.171940,45.677391,15.020
8238,9266285,K07151.01,,FALSE POSITIVE,FALSE POSITIVE,0.0000,0,1,0,0,5.613869080,6.6200000e-07,-6.6200000e-07,132.5729010,1.000000e-04,-1.000000e-04,1.0700,0.0310,-0.0380,5.07753,0.00477,-0.00477,5.7386e+04,4.700e+01,-4.700e+01,34.24,1.840e+00,-2.900e+00,714.0,,,61.43,16.10,-16.36,1253.60,1,q1_q17_dr25_tce,4504.00,147.00,-147.00,4.582,0.052,-0.024,0.7090,0.0380,-0.0600,284.310460,45.769550,14.072
8239,10026136,K07274.01,,FALSE POSITIVE,FALSE POSITIVE,0.0000,1,0,0,0,9.080194398,5.9800000e-07,-5.9800000e-07,136.8170208,5.070000e-05,-5.070000e-05,0.6140,0.0070,-0.0110,8.18777,0.00260,-0.00260,3.2457e+05,9.350e+01,-9.350e+01,76.40,2.175e+01,-9.330e+00,1013.0,,,248.49,202.16,-80.87,3481.80,1,q1_q17_dr25_tce,6461.00,154.00,-212.00,4.396,0.062,-0.175,1.1310,0.3220,-0.1380,297.172030,46.953949,15.163
8240,10026457,K07275.01,,FALSE POSITIVE,FALSE POSITIVE,0.0000,0,1,0,0,9.934420750,4.4540000e-06,-4.4540000e-06,132.8749890,3.440000e-04,-3.440000e-04,1.1170,0.0210,-0.0390,7.82190,0.01990,-0.01990,5.5965e+04,1.280e+02,-1.280e+02,34.03,4.840e+00,-2.080e+00,679.0,,,50.35,23.48,-11.03,529.00,1,q1_q17_dr25_tce,5382.00,160.00,-160.00,4.654,0.030,-0.084,0.6690,0.0950,-0.0410,297.259310,46.989681,15.390
8241,10031526,K07277.01,,FALSE POSITIVE,FALSE POSITIVE,0.0000,0,0,1,1,8.589364400,2.6910000e-04,-2.6910000e-04,132.0467000,2.530000e-02,-2.530000e-02,0.7910,0.1790,-0.5610,6.97500,0.59200,-0.59200,1.7930e+02,2.150e+01,-2.150e+01,1.21,2.700e-01,-1.000e-01,792.0,,,93.09,61.51,-23.32,9.80,1,q1_q17_dr25_tce,5602.00,152.00,-169.00,4.571,0.036,-0.144,0.8170,0.1810,-0.0650,298.720950,46.933891,15.687
8242,10031808,K07278.01,,FALSE POSITIVE,FALSE POSITIVE,0.0000,0,1,0,0,8.589644815,4.1000000e-07,-4.1000000e-07,132.0206787,3.730000e-05,-3.730000e-05,0.6860,0.0040,-0.0050,9.49469,0.00201,-0.00201,2.6952e+05,4.400e+01,-4.400e+01,140.07,3.084e+01,-7.188e+01,1412.0,,,940.15,648.81,-747.65,5324.60,1,q1_q17_dr25_tce,6331.00,204.00,-227.00,3.813,0.569,-0.134,2.1940,0.4830,-1.1260,298.797580,46.930244,9.557
8243,10070479,K07282.01,,CANDIDATE,CANDIDATE,,0,0,0,0,1.758599866,3.3620000e-06,-3.3620000e-06,131.7968000,1.750000e-03,-1.750000e-03,0.0350,0.5404,-0.0349,0.27290,0.07080,-0.07080,2.3780e+02,2.500e+01,-2.500e+01,1.60,1.400e-01,-1.100e-01,1101.0,,,347.10,119.68,-77.50,11.90,1,q1_q17_dr24_tce,4744.00,150.00,-125.00,4.606,0.027,-0.027,0.7250,0.0650,-0.0510,289.961610,47.080360,15.590
8244,11134079,K07410.01,,CANDIDATE,CANDIDATE,0.4510,0,1,0,0,1.260575815,1.1700000e-07,-1.1700000e-07,132.0569049,7.700000e-05,-7.700000e-05,0.5800,0.0160,-0.0050,2.36064,0.00286,-0.00286,1.5428e+05,2.910e+02,-2.910e+02,29.91,3.770e+00,-2.720e+00,1410.0,,,935.70,397.68,-241.81,781.20,1,q1_q17_dr25_tce,5388.00,160.00,-144.00,4.576,0.070,-0.070,0.7150,0.0900,-0.0650,290.014010,48.701832,14.864
8245,11137061,K07411.01,,CANDIDATE,CANDIDATE,0.6700,0,0,0,0,1.889122730,2.5360000e-05,-2.5360000e-05,132.9530000,1.420000e-02,-1.420000e-02,0.4770,0.0020,-0.4670,4.21900,0.36300,-0.36300,6.0200e+01,5.200e+00,-5.200e+00,0.59,1.000e-01,-5.000e-02,1248.0,,,573.44,296.23,-151.02,15.50,1,q1_q17_dr25_tce,5413.00,160.00,-144.00,4.578,0.045,-0.097,0.7540,0.1220,-0.0710,291.613650,48.749451,14.606
8246,11144439,K07412.01,,FALSE POSITIVE,FALSE POSITIVE,0.0000,0,0,1,0,0.609125246,2.2540000e-06,-2.2540000e-06,132.0828100,3.260000e-03,-3.260000e-03,0.2420,0.2560,-0.2420,0.65500,0.21800,-0.21800,1.3920e+02,1.730e+01,-1.730e+01,0.96,2.300e-01,-9.000e-02,1896.0,,,3049.07,2326.48,-876.04,10.90,1,q1_q17_dr25_tce,5595.00,186.00,-186.00,4.581,0.040,-0.160,0.7960,0.1940,-0.0770,295.061800,48.798168,15.640
8247,7119481,K00566.02,,CANDIDATE,CANDIDATE,0.7000,0,0,0,0,14.157371700,2.2730000e-04,-2.2730000e-04,135.5991000,1.320000e-02,-1.320000e-02,0.1380,0.3110,-0.1380,3.78600,0.33000,-0.33000,1.3000e+02,1.600e+01,-1.600e+01,1.10,3.500e-01,-1.100e-01,778.0,,,86.67,81.39,-25.85,9.30,3,q1_q17_dr25_tce,6122.00,182.00,-200.00,4.487,0.054,-0.216,0.9640,0.3020,-0.1010,292.316010,42.626251,14.718
8248,11147276,K07413.01,,FALSE POSITIVE,FALSE POSITIVE,0.0000,0,1,0,0,1.566528935,3.0300000e-07,-3.0300000e-07,132.5372550,1.600000e-04,-1.600000e-04,1.0330,0.1730,-0.1300,3.25930,0.01070,-0.01070,9.2511e+04,1.970e+02,-1.970e+02,49.66,1.295e+01,-5.980e+00,1551.0,,,1371.70,1052.53,-431.26,485.00,1,q1_q17_dr25_tce,5883.00,158.00,-175.00,4.471,0.081,-0.189,0.9050,0.2360,-0.1090,296.142120,48.702141,13.984
8249,2852941,K04298.02,,FALSE POSITIVE,FALSE POSITIVE,,0,1,0,0,11.579581620,,,135.5195336,,,,,,2.47000,,,,,,,,,,,,,,,,1,q1_q17_dr24_tce,,,,,,,,,,291.543430,38.048759,13.458
8250,8773015,K04301.02,,CANDIDATE,CANDIDATE,0.9780,0,0,0,0,6.319159990,5.4980000e-05,-5.4980000e-05,134.1486600,6.940000e-03,-6.940000e-03,0.5750,0.4120,-0.3610,3.46500,0.23500,-0.23500,3.4400e+01,3.800e+00,-3.800e+00,1.04,2.100e-01,-3.200e-01,1369.0,,,829.72,513.88,-482.74,9.80,3,q1_q17_dr25_tce,6254.00,174.00,-212.00,4.019,0.266,-0.114,1.7060,0.3490,-0.5240,298.202610,44.925831,13.096
8251,9883606,K04383.02,,CANDIDATE,CANDIDATE,0.8830,0,0,0,0,2.583938410,2.3790000e-05,-2.3790000e-05,131.8072900,7.660000e-03,-7.660000e-03,0.2290,0.2230,-0.2290,2.16900,0.29500,-0.29500,4.9400e+01,7.300e+00,-7.300e+00,0.77,2.500e-01,-1.000e-01,1470.0,,,1103.30,1036.91,-393.79,8.50,2,q1_q17_dr25_tce,6164.00,165.00,-220.00,4.378,0.090,-0.210,1.0900,0.3500,-0.1500,288.469090,46.783680,13.874
8252,9597729,K04417.02,,FALSE POSITIVE,FALSE POSITIVE,0.1310,0,0,1,0,0.876305040,1.7290000e-06,-1.7290000e-06,131.9562200,1.670000e-03,-1.670000e-03,1.2070,3.6250,-0.1330,1.11000,0.09660,-0.09660,1.7090e+02,8.500e+00,-8.500e+00,22.24,6.660e+00,-2.220e+00,1911.0,,,3156.02,2767.26,-919.66,25.20,1,q1_q17_dr25_tce,6032.00,0.00,0.00,4.508,0.000,0.000,0.9290,0.2780,-0.0930,295.547550,46.287682,14.840
8253,9836563,K04421.02,,CANDIDATE,CANDIDATE,0.9670,0,0,0,0,6.559536800,1.1680000e-04,-1.1680000e-04,132.0079000,1.750000e-02,-1.750000e-02,0.3780,0.0950,-0.3780,4.32400,0.68400,-0.68400,2.6300e+01,3.000e+00,-3.000e+00,0.62,1.200e-01,-8.000e-02,1079.0,,,320.09,160.41,-91.72,10.10,2,q1_q17_dr25_tce,5950.00,71.00,-83.00,4.323,0.096,-0.144,1.1960,0.2350,-0.1570,294.124880,46.672890,12.788
8254,6508221,K00416.04,,CANDIDATE,CANDIDATE,,0,0,0,0,31.532298700,9.4210000e-04,-9.4210000e-04,160.3251000,2.150000e-02,-2.150000e-02,0.0671,0.4162,-0.0670,3.49000,1.20000,-1.20000,1.0640e+02,3.050e+01,-3.050e+01,0.74,7.000e-02,-2.000e-02,461.0,,,10.65,2.95,-1.55,7.80,4,q1_q17_dr24_tce,5183.00,106.00,-99.00,4.608,0.015,-0.015,0.7390,0.0630,-0.0290,286.865480,41.989079,14.290
8255,3830820,K06360.01,,FALSE POSITIVE,FALSE POSITIVE,0.0000,0,1,0,0,15.582794732,2.9850000e-06,-2.9850000e-06,135.1129030,1.680000e-04,-1.680000e-04,0.7590,0.0120,-0.0010,3.76683,0.00901,-0.00901,5.2760e+04,2.590e+02,-2.590e+02,14.00,4.400e-01,-6.600e-01,397.0,,,5.86,0.70,-0.82,439.30,1,q1_q17_dr25_tce,3849.00,50.00,-50.00,4.703,0.032,-0.012,0.5460,0.0170,-0.0260,284.620240,38.969501,15.368
8256,3831523,K06361.01,,CANDIDATE,CANDIDATE,0.7750,0,0,0,0,1.529283907,,,131.4176092,,,0.9810,,,14.00750,,,5.4800e+01,,,2.26,4.700e-01,-1.100e+00,2550.0,,,9998.13,6311.03,-7708.88,41.50,1,q1_q17_dr25_tce,6438.00,181.00,-227.00,3.829,0.510,-0.120,2.2660,0.4720,-1.1010,284.890170,38.991505,11.268
8257,3834364,K06362.01,,FALSE POSITIVE,FALSE POSITIVE,0.0000,0,1,0,0,2.908454772,8.9300000e-07,-8.9300000e-07,132.3156940,2.600000e-04,-2.600000e-04,1.1130,0.5050,-0.1860,2.60050,0.01860,-0.01860,6.4325e+04,2.790e+02,-2.790e+02,40.85,6.520e+00,-4.870e+00,1153.0,,,416.75,212.80,-129.84,252.80,1,q1_q17_dr25_tce,5631.00,166.00,-166.00,4.518,0.105,-0.105,0.7640,0.1220,-0.0910,286.072200,38.972229,14.661
8258,3836413,K06363.01,,FALSE POSITIVE,FALSE POSITIVE,0.0000,0,1,1,1,1.540396094,3.9800000e-07,-3.9800000e-07,131.9961720,2.200000e-04,-2.200000e-04,1.0930,0.1530,-0.1020,2.80440,0.01120,-0.01120,5.5123e+04,1.820e+02,-1.820e+02,48.81,0.000e+00,0.000e+00,1576.0,,,1455.18,0.00,0.00,340.40,1,q1_q17_dr25_tce,5780.00,,,4.438,,,1.0000,,,286.940460,38.923927,13.760
8259,3836439,K06364.01,,FALSE POSITIVE,FALSE POSITIVE,0.0000,0,1,0,1,1.540395674,1.2900000e-07,-1.2900000e-07,131.9963513,7.110000e-05,-7.110000e-05,1.0720,0.0350,-0.0210,2.80168,0.00385,-0.00385,7.0615e+04,8.300e+01,-8.300e+01,117.33,2.251e+01,-4.877e+01,2850.0,,,15595.35,9485.23,-11111.55,997.90,1,q1_q17_dr25_tce,7394.00,233.00,-311.00,3.897,0.375,-0.125,2.2830,0.4380,-0.9490,286.948430,38.928219,7.570
8260,3838004,K06365.01,,FALSE POSITIVE,FALSE POSITIVE,0.0000,1,0,0,0,2.344138713,7.1810000e-06,-7.1810000e-06,131.5758900,2.580000e-03,-2.580000e-03,0.1040,0.4960,-0.1040,0.44950,0.09350,-0.09350,1.1080e+02,1.360e+01,-1.360e+01,2.43,9.600e-01,-1.450e+00,1797.0,,,2469.65,3029.55,-2116.38,8.60,1,q1_q17_dr25_tce,5313.00,175.00,-159.00,3.835,0.697,-0.232,2.0950,0.8350,-1.2530,287.557680,38.912231,13.419
8261,9595956,K07604.01,,FALSE POSITIVE,FALSE POSITIVE,,0,1,0,0,316.950146000,,,280.9211479,,,,,,5.33000,,,,,,,,,,,,,,,,1,q1_q17_dr24_tce,,,,,,,,,,294.912720,46.264839,16.923
8262,9655792,K07605.01,,FALSE POSITIVE,FALSE POSITIVE,,1,0,0,0,589.748510000,1.7350000e-02,-1.7350000e-02,241.6495000,1.990000e-02,-1.990000e-02,0.3597,0.0717,-0.3594,12.74000,0.79800,-0.79800,4.6240e+02,4.750e+01,-4.750e+01,2.03,7.700e-01,-1.800e-01,217.0,,,0.53,0.58,-0.15,11.50,1,q1_q17_dr24_tce,6003.00,153.00,-193.00,4.507,0.040,-0.040,0.9320,0.3560,-0.0830,294.468600,46.341290,14.839
8263,9970396,K07606.01,,FALSE POSITIVE,FALSE POSITIVE,,0,1,0,0,235.297617300,7.0620000e-04,-7.0620000e-04,219.4469600,1.520000e-03,-1.520000e-03,0.2758,0.0196,-0.0212,87.01300,0.17100,-0.17100,2.3053e+04,2.680e+01,-2.680e+01,82.92,4.769e+01,-2.959e+01,585.0,,,27.65,48.11,-17.28,210.70,1,q1_q17_dr24_tce,4894.00,123.00,-119.00,2.968,0.363,-0.363,5.5680,3.2020,-1.9870,298.709810,46.833031,11.447
8264,10079420,K07607.01,,CANDIDATE,CANDIDATE,,0,0,0,0,54.543129960,,,169.8591463,,,,,,7.03000,,,,,,,,,,,,,,,,4,q1_q17_dr24_tce,,,,,,,,,,293.541410,47.007912,11.642
8265,10267121,K07609.01,,FALSE POSITIVE,FALSE POSITIVE,0.0000,1,0,0,0,36.136968000,1.7310000e-03,-1.7310000e-03,137.0578000,5.870000e-02,-5.870000e-02,0.2960,0.1660,-0.2960,15.42000,2.20000,-2.20000,1.5200e+02,1.370e+01,-1.370e+01,1.30,4.200e-01,-1.400e-01,600.0,,,30.69,28.83,-9.55,10.40,2,q1_q17_dr25_tce,6258.00,169.00,-225.00,4.442,0.054,-0.216,1.0460,0.3350,-0.1120,288.910460,47.396709,15.440
8266,10407271,K07611.01,,FALSE POSITIVE,FALSE POSITIVE,0.0000,0,0,1,1,0.933767380,1.2010000e-05,-1.2010000e-05,132.4404000,1.370000e-02,-1.370000e-02,0.7140,0.0270,-0.5220,4.03600,0.28100,-0.28100,5.5400e+01,4.500e+00,-4.500e+00,0.63,1.100e-01,-7.000e-02,1678.0,,,1879.00,1119.20,-538.52,16.50,1,q1_q17_dr25_tce,5611.00,184.00,-151.00,4.530,0.080,-0.120,0.7870,0.1450,-0.0850,292.860780,47.574570,14.985
8267,10471167,K07612.01,,FALSE POSITIVE,FALSE POSITIVE,0.0000,0,0,1,1,0.933740730,1.2730000e-05,-1.2730000e-05,131.5337000,1.310000e-02,-1.310000e-02,0.0090,0.4720,-0.0090,4.29600,0.64900,-0.64900,1.4760e+02,1.570e+01,-1.570e+01,0.84,6.000e-02,-8.000e-02,1371.0,,,831.95,283.86,-233.62,13.40,1,q1_q17_dr25_tce,4753.00,170.00,-170.00,4.585,0.050,-0.036,0.7170,0.0570,-0.0630,292.191890,47.690102,13.007
8268,10471174,K07613.01,,FALSE POSITIVE,FALSE POSITIVE,0.0000,0,0,0,1,0.933696590,1.6820000e-05,-1.6820000e-05,131.5867000,1.630000e-02,-1.630000e-02,0.5700,0.4230,-0.3450,4.44400,0.36800,-0.36800,8.1400e+01,9.500e+00,-9.500e+00,0.78,2.100e-01,-7.000e-02,1680.0,,,1891.43,1502.87,-513.76,10.80,1,q1_q17_dr25_tce,5619.00,169.00,-186.00,4.558,0.033,-0.176,0.8380,0.2200,-0.0730,292.195830,47.661518,15.983
8269,10471345,K07614.01,,FALSE POSITIVE,FALSE POSITIVE,0.0000,1,0,1,1,0.933747300,1.5170000e-05,-1.5170000e-05,132.4461000,1.600000e-02,-1.600000e-02,0.3850,0.0930,-0.3850,3.44600,0.60000,-0.60000,6.4600e+01,7.700e+00,-7.700e+00,0.60,1.200e-01,-4.000e-02,1625.0,,,1652.84,1048.05,-394.65,9.50,1,q1_q17_dr25_tce,5649.00,169.00,-169.00,4.606,0.036,-0.135,0.7410,0.1520,-0.0540,292.263210,47.643478,15.759
8270,11621897,K07618.01,,FALSE POSITIVE,FALSE POSITIVE,0.0000,1,0,0,0,21.681711500,5.2090000e-04,-5.2090000e-04,137.0090000,2.150000e-02,-2.150000e-02,0.2700,0.1680,-0.2700,7.18000,8.00000,-8.00000,7.3500e+01,1.550e+01,-1.550e+01,0.89,2.900e-01,-9.000e-02,713.0,,,60.99,58.04,-18.57,6.90,1,q1_q17_dr25_tce,6297.00,169.00,-206.00,4.448,0.054,-0.216,1.0310,0.3350,-0.1120,296.824550,49.684910,14.491
8271,12253534,K07619.01,,FALSE POSITIVE,FALSE POSITIVE,,1,0,0,0,466.081010000,3.2120000e-02,-3.2120000e-02,166.4321000,9.900000e-02,-9.900000e-02,0.0964,0.3697,-0.0964,23.69000,2.40000,-2.40000,1.8010e+02,1.500e+01,-1.500e+01,2.13,1.070e+00,-6.300e-01,305.0,,,2.05,3.04,-1.15,14.10,1,q1_q17_dr24_tce,6098.00,153.00,-185.00,4.097,0.253,-0.253,1.5900,0.7920,-0.4690,288.666440,50.982529,12.159
8272,12304202,K07620.01,,FALSE POSITIVE,FALSE POSITIVE,,1,0,0,0,0.665739030,,,131.6585795,,,,,,1.27000,,,,,,,,,,,,,,,,1,q1_q17_dr24_tce,,,,,,,,,,289.523190,51.069191,13.362
8273,4735826,K03184.03,,CANDIDATE,CANDIDATE,1.0000,0,0,0,0,4.020189030,3.2590000e-05,-3.2590000e-05,134.8438700,7.440000e-03,-7.440000e-03,0.5050,0.4550,-0.3040,3.61600,0.18200,-0.18200,1.8500e+01,1.400e+00,-1.400e+00,0.60,1.100e-01,-1.100e-01,1337.0,,,754.66,360.31,-294.90,14.40,2,q1_q17_dr25_tce,5788.00,115.00,-115.00,4.178,0.176,-0.095,1.3760,0.2320,-0.2580,288.395290,39.872627,11.158
8274,9291039,K03230.02,,FALSE POSITIVE,FALSE POSITIVE,0.0000,1,0,0,1,3.796383639,,,135.2015074,,,0.6490,,,8.67110,,,3.1100e+01,,,0.71,1.400e-01,-1.200e-01,1323.0,,,724.17,441.11,-277.64,24.50,3,q1_q17_dr25_tce,6017.00,163.00,-181.00,4.300,0.135,-0.135,1.2100,0.2450,-0.2000,295.719420,45.747559,12.239
8275,10155321,K04422.02,,FALSE POSITIVE,FALSE POSITIVE,,1,0,0,0,0.710592390,6.5680000e-06,-6.5680000e-06,132.0846500,7.760000e-03,-7.760000e-03,0.9638,0.0121,-0.6667,4.92000,0.70100,-0.70100,2.8060e+02,9.630e+01,-9.630e+01,3.92,2.450e+00,-6.300e-01,3318.0,,,28640.03,57124.21,-11666.44,22.80,2,q1_q17_dr24_tce,7454.00,237.00,-310.00,4.107,0.097,-0.097,1.8530,1.1590,-0.3000,296.772710,47.158539,13.362
8276,4953173,K04676.02,,FALSE POSITIVE,FALSE POSITIVE,0.0000,1,0,0,0,3.363792890,5.6320000e-05,-5.6320000e-05,132.9065000,1.380000e-02,-1.380000e-02,1.1590,0.1070,-0.1030,23.70000,1.00000,-1.00000,1.3630e+02,4.700e+00,-4.700e+00,44.77,9.420e+00,-2.359e+01,1840.0,,,2712.28,1866.76,-2187.76,36.90,1,q1_q17_dr25_tce,5947.00,214.00,-214.00,3.814,0.504,-0.126,2.4070,0.5070,-1.2680,298.743350,40.072140,13.931
8277,2861126,K04957.02,,CANDIDATE,CANDIDATE,0.9970,0,0,0,0,4.987924040,3.2570000e-05,-3.2570000e-05,133.6552000,6.100000e-03,-6.100000e-03,0.0690,0.3820,-0.0690,1.61800,0.15600,-0.15600,3.4620e+02,3.950e+01,-3.950e+01,0.73,6.000e-02,-8.000e-02,485.0,,,13.07,3.50,-3.55,9.70,1,q1_q17_dr25_tce,3606.00,57.00,-72.00,4.859,0.045,-0.036,0.3950,0.0360,-0.0440,293.281100,38.082241,15.555
8278,6363560,K05270.02,,FALSE POSITIVE,FALSE POSITIVE,0.0000,0,0,0,1,0.907818056,5.9910000e-06,-5.9910000e-06,131.9160800,7.380000e-03,-7.380000e-03,0.0370,0.4170,-0.0370,1.67900,0.18400,-0.18400,2.9500e+01,2.600e+00,-2.600e+00,0.55,1.900e-01,-6.000e-02,2012.0,,,3871.99,3667.54,-1194.87,13.20,1,q1_q17_dr25_tce,6210.00,150.00,-206.00,4.456,0.056,-0.210,1.0140,0.3350,-0.1120,291.653500,41.741772,13.532
8279,7539174,K05397.02,,FALSE POSITIVE,FALSE POSITIVE,,1,0,0,0,297.714020000,1.0480000e-02,-1.0480000e-02,315.5437000,1.610000e-02,-1.610000e-02,0.8328,0.0482,-0.5650,13.41300,0.54600,-0.54600,1.3745e+03,9.070e+01,-9.070e+01,45.69,5.880e+00,-1.092e+01,706.0,,,58.76,20.54,-28.42,16.30,1,q1_q17_dr24_tce,4916.00,71.00,-139.00,2.572,0.030,-0.030,10.8010,1.3920,-2.5810,295.001530,43.171341,12.218
8280,10535708,K05801.02,,FALSE POSITIVE,FALSE POSITIVE,0.0000,0,0,0,1,0.933737610,1.3380000e-05,-1.3380000e-05,131.5300000,1.340000e-02,-1.340000e-02,0.0410,0.4250,-0.0410,3.30300,0.44500,-0.44500,5.8700e+01,7.100e+00,-7.100e+00,1.00,1.600e-01,-2.200e-01,2073.0,,,4359.29,1824.78,-1807.77,9.70,1,q1_q17_dr25_tce,5534.00,83.00,-71.00,4.170,0.201,-0.108,1.3260,0.2070,-0.2850,292.114470,47.729462,15.609
8281,11453930,K05900.02,,FALSE POSITIVE,FALSE POSITIVE,,1,0,0,0,0.687739345,1.5290000e-06,-1.5290000e-06,131.7399900,1.750000e-03,-1.750000e-03,0.4062,0.3387,-0.3037,0.18660,0.07290,-0.07290,3.7600e+01,4.500e+00,-4.500e+00,1.53,9.300e-01,-3.000e-01,2837.0,,,15318.29,28671.86,-6681.93,11.00,1,q1_q17_dr24_tce,6823.00,165.00,-242.00,4.212,0.121,-0.121,1.4930,0.9190,-0.2880,291.145320,49.365318,13.127
8282,5955321,K06140.01,,FALSE POSITIVE,FALSE POSITIVE,0.0000,1,0,0,0,11.637858887,1.4850000e-06,-1.4850000e-06,136.8855170,1.070000e-04,-1.070000e-04,0.4730,0.0040,-0.0020,11.88510,0.00605,-0.00605,4.2795e+05,1.960e+02,-1.960e+02,77.01,2.467e+01,-8.810e+00,895.0,,,151.54,143.16,-49.76,2637.00,1,q1_q17_dr25_tce,6360.00,176.00,-242.00,4.433,0.067,-0.216,1.0580,0.3390,-0.1210,290.182710,41.216640,15.385
8283,6182093,K06143.02,,FALSE POSITIVE,FALSE POSITIVE,,0,1,0,0,50.900813000,,,150.3144650,,,,,,3.30000,,,,,,,,,,,,,,,,3,q1_q17_dr24_tce,,,,,,,,,,282.719910,41.519379,9.666
8284,4758350,K06447.02,,CANDIDATE,CANDIDATE,,0,0,0,0,91.649983000,3.1810000e-03,-3.1810000e-03,175.7156000,2.860000e-02,-2.860000e-02,0.2136,0.2282,-0.2135,10.29400,0.93900,-0.93900,1.9360e+02,2.390e+01,-2.390e+01,2.27,1.270e+00,-5.400e-01,568.0,,,24.57,41.53,-12.19,8.70,2,q1_q17_dr24_tce,6705.00,164.00,-233.00,4.145,0.164,-0.164,1.6080,0.9050,-0.3830,294.931980,39.812420,12.964
8285,4862625,K06464.03,,FALSE POSITIVE,FALSE POSITIVE,0.0000,1,0,0,0,541.742985000,6.8390000e-03,-6.8390000e-03,374.4585400,9.410000e-03,-9.410000e-03,0.0410,0.5240,-0.0410,10.47000,0.44300,-0.44300,1.0386e+03,2.050e+01,-2.050e+01,3.39,9.700e-01,-3.400e-01,248.0,,,0.90,0.73,-0.26,25.90,3,q1_q17_dr25_tce,6373.00,151.00,-189.00,4.438,0.062,-0.188,1.0470,0.2980,-0.1060,298.215090,39.955101,13.718
8286,5211470,K06541.02,,FALSE POSITIVE,FALSE POSITIVE,0.0000,0,1,1,0,0.938074536,1.6620000e-06,-1.6620000e-06,132.2698400,1.550000e-03,-1.550000e-03,1.1960,3.5160,-0.1080,1.96180,0.08630,-0.08630,5.7590e+02,1.990e+01,-1.990e+01,417.01,9.656e+01,-1.793e+02,5718.0,,,251840.36,169644.02,-177874.17,36.10,2,q1_q17_dr25_tce,4697.00,117.00,-117.00,2.204,0.331,-0.178,17.0320,3.9440,-7.3240,297.708470,40.307590,13.094
8287,6665064,K06751.02,,FALSE POSITIVE,FALSE POSITIVE,0.0000,0,1,1,0,0.698359996,9.3090000e-06,-9.3090000e-06,131.7023000,1.570000e-03,-1.570000e-03,1.2470,4.3160,-0.1490,1.49590,0.08840,-0.08840,7.7410e+02,3.670e+01,-3.670e+01,28.97,4.330e+00,-1.450e+00,1990.0,,,3702.25,1460.82,-539.67,26.10,1,q1_q17_dr25_tce,5761.00,78.00,-78.00,4.492,0.022,-0.120,0.9560,0.1430,-0.0480,281.649990,42.132061,15.183
8288,3458687,K07543.01,,FALSE POSITIVE,FALSE POSITIVE,0.0000,1,0,0,0,0.983762040,1.5000000e-05,-1.5000000e-05,132.2841800,9.140000e-03,-9.140000e-03,1.0100,0.0800,-0.0250,10.05200,0.84000,-0.84000,5.5000e+01,5.800e+00,-5.800e+00,12.44,6.900e-01,-6.570e+00,4203.0,,,73867.88,17596.44,-59464.39,25.20,1,q1_q17_dr25_tce,6431.00,172.00,-211.00,3.276,0.468,-0.052,5.2940,0.2940,-2.7950,295.087740,38.562061,12.745
8289,3965201,K07546.01,,CANDIDATE,CANDIDATE,,0,0,0,0,44.113873000,1.4490000e-03,-1.4490000e-03,164.8337000,2.540000e-02,-2.540000e-02,0.0320,0.4190,-0.0320,3.95600,0.84200,-0.84200,1.9630e+02,3.100e+01,-3.100e+01,4.90,8.800e-01,-1.620e+00,1158.0,,,424.45,238.17,-262.15,6.60,4,q1_q17_dr24_tce,7854.00,227.00,-311.00,3.669,0.258,-0.258,3.4620,0.6240,-1.1410,294.310640,39.049702,12.667
8290,4074294,K07547.01,,FALSE POSITIVE,FALSE POSITIVE,0.0000,1,0,1,0,0.892988877,2.0160000e-06,-2.0160000e-06,131.5630300,1.780000e-03,-1.780000e-03,0.7100,0.2250,-0.4320,2.44280,0.07380,-0.07380,8.5000e+01,2.400e+00,-2.400e+00,2.94,3.900e-01,-1.170e+00,3285.0,,,27545.43,11821.51,-18481.58,43.80,1,q1_q17_dr25_tce,6228.00,171.00,-152.00,3.668,0.320,-0.080,2.9750,0.3940,-1.1820,295.722750,39.183449,13.013
8291,4384652,K07549.01,,FALSE POSITIVE,FALSE POSITIVE,,0,1,0,1,374.516480000,1.4540000e-03,-1.4540000e-03,430.9252400,2.500000e-03,-2.500000e-03,0.0139,0.2240,-0.0139,6.08800,0.30400,-0.30400,9.0742e+05,4.298e+04,-4.298e+04,73.10,2.293e+01,-4.110e+00,220.0,,,0.55,0.52,-0.11,105.80,1,q1_q17_dr24_tce,5714.00,179.00,-140.00,4.627,0.026,-0.026,0.7110,0.2230,-0.0400,296.177120,39.439419,13.967
8292,7697568,K01829.02,,FALSE POSITIVE,FALSE POSITIVE,,0,1,1,0,10.348211200,1.0130000e-04,-1.0130000e-04,136.6376300,7.100000e-03,-7.100000e-03,0.0930,0.3991,-0.0930,2.08900,0.56100,-0.56100,2.5510e+02,8.820e+01,-8.820e+01,1.29,4.700e-01,-1.100e-01,724.0,,,64.97,73.01,-16.14,8.40,2,q1_q17_dr24_tce,5383.00,184.00,-150.00,4.543,0.038,-0.038,0.8220,0.2980,-0.0680,296.522430,43.363369,15.911
8293,4662363,K07551.01,,FALSE POSITIVE,FALSE POSITIVE,,1,0,0,0,321.241942840,,,451.2907139,,,,,,10.16000,,,,,,,,,,,,,,,,1,q1_q17_dr24_tce,,,,,,,,,,293.878050,39.789089,13.964
8294,4851195,K07553.01,,FALSE POSITIVE,FALSE POSITIVE,,1,0,0,1,374.514471000,1.8120000e-03,-1.8120000e-03,430.9225800,3.400000e-03,-3.400000e-03,1.0492,6.2480,-0.4359,6.62900,0.21100,-0.21100,4.4052e+05,1.783e+04,-1.783e+04,139.55,7.249e+01,-1.728e+01,295.0,,,1.79,2.79,-0.64,130.30,1,q1_q17_dr24_tce,6446.00,165.00,-277.00,4.381,0.071,-0.071,1.1550,0.6000,-0.1430,295.829410,39.912182,14.505
8295,4862924,K07554.01,,CANDIDATE,CANDIDATE,,0,0,0,0,482.620110000,3.1270000e-02,-3.1270000e-02,314.0653000,3.870000e-02,-3.870000e-02,0.1786,0.2704,-0.1786,12.86000,1.30000,-1.30000,3.2400e+02,4.610e+01,-4.610e+01,1.98,1.020e+00,-2.100e-01,263.0,,,1.12,1.72,-0.34,8.10,1,q1_q17_dr24_tce,6315.00,167.00,-217.00,4.389,0.071,-0.071,1.0950,0.5580,-0.1170,298.276730,39.903851,14.519
8296,5024414,K07555.01,,FALSE POSITIVE,FALSE POSITIVE,0.0000,0,0,1,1,1.525924746,9.9650000e-06,-9.9650000e-06,132.6925800,6.130000e-03,-6.130000e-03,0.2080,0.2380,-0.2080,1.95500,0.19400,-0.19400,7.4100e+01,7.500e+00,-7.500e+00,8.86,5.100e-01,-2.860e+00,3786.0,,,48691.77,8384.28,-28645.43,11.90,1,q1_q17_dr25_tce,5000.00,60.00,-130.00,2.810,0.030,-0.030,10.5330,0.6020,-3.4090,295.316380,40.186520,12.705
8297,5268955,K07557.01,,FALSE POSITIVE,FALSE POSITIVE,0.0000,1,0,0,0,12.822524960,9.8560000e-05,-9.8560000e-05,137.3868282,1.310000e-02,-1.310000e-02,0.7060,0.2380,-0.5720,18.80000,2.30000,-2.30000,1.9268e+04,3.722e+03,-3.722e+03,20.12,4.420e+00,-4.870e+00,915.0,,,165.54,106.25,-80.45,13.70,1,q1_q17_dr25_tce,5845.00,146.00,-161.00,4.178,0.210,-0.210,1.3520,0.2970,-0.3270,289.960630,40.479839,11.863
8298,5271090,K07558.01,,CANDIDATE,CANDIDATE,,0,0,0,0,10.155158700,1.4990000e-04,-1.4990000e-04,139.2920000,1.090000e-02,-1.090000e-02,0.2256,0.2843,-0.2254,1.80200,0.38900,-0.38900,1.4160e+02,4.590e+01,-4.590e+01,0.94,4.200e-01,-1.100e-01,721.0,,,63.73,90.03,-18.59,6.80,1,q1_q17_dr24_tce,5275.00,185.00,-144.00,4.505,0.083,-0.083,0.7960,0.3580,-0.0880,290.566740,40.449902,15.413
8299,5444276,K07559.01,,CANDIDATE,CANDIDATE,,0,0,0,0,0.708965461,8.7030000e-06,-8.7030000e-06,132.2098800,9.860000e-03,-9.860000e-03,0.6201,0.3426,-0.3945,3.94600,0.50700,-0.50700,8.7200e+01,8.500e+00,-8.500e+00,1.13,6.000e-01,-1.300e-01,2417.0,,,8061.29,12686.44,-2526.35,13.10,1,q1_q17_dr24_tce,6528.00,155.00,-217.00,4.384,0.063,-0.063,1.1550,0.6130,-0.1310,290.485530,40.630699,12.798
8300,5598645,K07560.01,,FALSE POSITIVE,FALSE POSITIVE,0.0000,0,0,1,1,0.648772102,4.2250000e-06,-4.2250000e-06,131.7450300,5.110000e-03,-5.110000e-03,0.3680,0.1160,-0.3680,2.61400,0.16800,-0.16800,3.1100e+01,2.500e+00,-2.500e+00,2.60,4.800e-01,-6.400e-01,3758.0,,,47393.05,22372.84,-21954.52,15.00,1,q1_q17_dr25_tce,4973.00,59.00,-69.00,3.208,0.174,-0.116,4.7080,0.8710,-1.1610,283.780030,40.818779,11.693
8301,5696518,K07561.01,,FALSE POSITIVE,FALSE POSITIVE,,1,0,0,0,0.963919960,,,132.3687769,,,,,,3.01000,,,,,,,,,,,,,,,,1,q1_q17_dr24_tce,,,,,,,,,,288.929080,40.917622,14.002
8302,5878506,K07562.01,,CANDIDATE,CANDIDATE,,0,0,0,0,11.768725070,,,137.1077498,,,,,,1.11000,,,,,,,,,,,,,,,,1,q1_q17_dr24_tce,,,,,,,,,,292.525300,41.197231,15.327
8303,5908086,K07563.01,,FALSE POSITIVE,FALSE POSITIVE,0.0000,1,0,0,0,0.937051320,1.3170000e-05,-1.3170000e-05,132.0238000,1.110000e-02,-1.110000e-02,0.7730,0.0650,-0.5410,4.80800,0.35800,-0.35800,5.1500e+01,3.800e+00,-3.800e+00,6.09,1.190e+00,-3.330e+00,5094.0,,,159426.96,90900.55,-130414.53,17.30,1,q1_q17_dr25_tce,6691.00,160.00,-200.00,3.088,0.586,-0.103,7.7810,1.5190,-4.2540,299.649960,41.113209,11.674
8304,6307243,K07564.01,,FALSE POSITIVE,FALSE POSITIVE,,1,0,0,0,451.865790000,2.2030000e-02,-2.2030000e-02,254.8061000,3.250000e-02,-3.250000e-02,0.3790,0.0921,-0.3789,13.47000,0.91100,-0.91100,8.0000e+01,8.500e+00,-8.500e+00,1.85,8.600e-01,-3.900e-01,464.0,,,10.97,15.56,-5.28,12.00,1,q1_q17_dr24_tce,9024.00,276.00,-398.00,4.154,0.119,-0.119,2.0050,0.9300,-0.4250,297.679260,41.613731,11.020
8305,6350522,K07565.01,,FALSE POSITIVE,FALSE POSITIVE,,1,0,0,0,491.525710000,5.1310000e-02,-5.1310000e-02,248.9249000,6.170000e-02,-6.170000e-02,0.4713,0.4989,-0.2757,12.43000,2.20000,-2.20000,4.5730e+02,7.890e+01,-7.890e+01,1.43,1.300e-01,-1.400e-01,159.0,,,0.15,0.06,-0.04,8.80,1,q1_q17_dr24_tce,4541.00,176.00,-160.00,4.608,0.048,-0.048,0.6690,0.0600,-0.0640,286.887570,41.755470,15.043
8306,6385302,K07566.01,,FALSE POSITIVE,FALSE POSITIVE,,1,0,0,0,411.540396440,,,185.3539220,,,,,,17.33000,,,,,,,,,,,,,,,,1,q1_q17_dr24_tce,,,,,,,,,,297.557070,41.785770,15.352
8307,6443274,K07567.01,,CANDIDATE,CANDIDATE,,0,0,0,0,608.205720000,2.6160000e-02,-2.6160000e-02,160.7147000,3.410000e-02,-3.410000e-02,0.0082,0.4535,-0.0079,13.63000,1.50000,-1.50000,5.5420e+02,6.940e+01,-6.940e+01,1.46,1.300e-01,-1.300e-01,143.0,,,0.10,0.03,-0.03,11.30,1,q1_q17_dr24_tce,4486.00,132.00,-127.00,4.642,0.040,-0.040,0.6460,0.0590,-0.0570,291.954380,41.826969,15.059
8308,6527050,K07569.01,,FALSE POSITIVE,FALSE POSITIVE,,1,0,0,0,0.879851970,,,131.7662713,,,,,,1.30000,,,,,,,,,,,,,,,,1,q1_q17_dr24_tce,,,,,,,,,,293.282900,41.969261,15.867
8309,5602588,K02369.03,,CANDIDATE,CANDIDATE,0.9680,0,0,0,0,7.227432100,1.4780000e-04,-1.4780000e-04,134.4726000,1.770000e-02,-1.770000e-02,0.0030,0.4390,-0.0030,4.96700,0.41000,-0.41000,1.7330e+02,2.080e+01,-2.080e+01,1.28,3.900e-01,-1.400e-01,967.0,,,206.77,188.74,-62.30,9.20,2,q1_q17_dr25_tce,6075.00,168.00,-210.00,4.486,0.052,-0.208,0.9690,0.3000,-0.1000,285.720790,40.856960,15.832
8310,6628740,K07571.01,,FALSE POSITIVE,FALSE POSITIVE,0.0000,1,0,0,0,0.532854237,2.9030000e-06,-2.9030000e-06,131.9375400,4.950000e-03,-4.950000e-03,0.6180,0.0050,-0.5250,3.23100,0.18300,-0.18300,5.0900e+01,2.500e+00,-2.500e+00,1.21,3.200e-01,-4.000e-01,3042.0,,,20292.47,16267.15,-12401.84,27.90,1,q1_q17_dr25_tce,6266.00,175.00,-219.00,4.067,0.322,-0.161,1.6130,0.4360,-0.5330,297.580780,42.061459,13.644
8311,6876575,K07572.01,,CANDIDATE,CANDIDATE,,0,0,0,0,91.069934000,7.1070000e-03,-7.1070000e-03,196.3910000,1.020000e-01,-1.020000e-01,0.5939,0.0065,-0.4992,17.33000,3.00000,-3.00000,1.2700e+01,1.900e+00,-1.900e+00,1.59,3.400e-01,-5.700e-01,1103.0,,,349.47,237.60,-228.61,8.70,3,q1_q17_dr24_tce,9051.00,298.00,-379.00,3.623,0.305,-0.305,4.2320,0.9090,-1.5210,295.513340,42.318790,9.748
8312,7031126,K07573.01,,FALSE POSITIVE,FALSE POSITIVE,0.0000,1,0,1,1,0.566802672,5.2970000e-06,-5.2970000e-06,131.8151100,8.690000e-03,-8.690000e-03,0.1280,0.3880,-0.1280,3.54500,0.25300,-0.25300,3.1700e+01,6.600e+00,-6.600e+00,1.08,7.200e-01,-7.100e-01,2791.0,,,14458.31,30456.90,-12972.84,14.30,1,q1_q17_dr25_tce,5102.00,153.00,-138.00,3.787,0.819,-0.351,1.9610,1.2970,-1.2970,290.985840,42.595551,13.945
8313,7031742,K07575.01,,FALSE POSITIVE,FALSE POSITIVE,0.0000,1,0,1,1,0.566785459,6.1280000e-06,-6.1280000e-06,131.8299800,7.920000e-03,-7.920000e-03,0.5880,0.0300,-0.4880,2.89300,0.40700,-0.40700,6.3800e+01,5.100e+00,-5.100e+00,0.84,2.600e-01,-9.000e-02,2280.0,,,6410.46,6116.20,-2077.95,16.50,1,q1_q17_dr25_tce,6063.00,190.00,-253.00,4.476,0.052,-0.208,1.0120,0.3180,-0.1060,291.193050,42.556541,15.329
8314,7032687,K07577.01,,FALSE POSITIVE,FALSE POSITIVE,0.0000,1,0,1,1,0.566800400,5.7620000e-06,-5.7620000e-06,131.8199700,7.750000e-03,-7.750000e-03,0.5930,0.0240,-0.4990,3.81300,0.25600,-0.25600,9.3200e+01,7.600e+00,-7.600e+00,0.88,2.800e-01,-9.000e-02,2222.0,,,5739.87,5550.77,-1758.70,18.30,1,q1_q17_dr25_tce,6215.00,197.00,-241.00,4.543,0.039,-0.221,0.8720,0.2770,-0.0860,291.494870,42.533310,15.770
8315,7116282,K07579.01,,FALSE POSITIVE,FALSE POSITIVE,0.0000,1,0,1,1,0.566798676,6.4460000e-06,-6.4460000e-06,131.8142200,8.380000e-03,-8.380000e-03,0.0100,0.4850,-0.0100,2.77700,0.27400,-0.27400,5.9900e+01,6.000e+00,-6.000e+00,0.68,1.600e-01,-1.100e-01,2051.0,,,4160.07,2969.06,-1571.48,12.80,1,q1_q17_dr25_tce,5490.00,166.00,-166.00,4.436,0.140,-0.171,0.8870,0.2070,-0.1430,291.328400,42.643028,15.591
8316,7133286,K07581.01,,FALSE POSITIVE,FALSE POSITIVE,0.0000,1,0,0,0,38.510775730,1.1680000e-05,-1.1680000e-05,155.5948310,2.510000e-04,-2.510000e-04,0.4670,0.0020,-0.0020,38.85580,0.01870,-0.01870,8.4633e+04,3.050e+01,-3.050e+01,18.68,1.330e+00,-1.820e+00,352.0,,,3.64,1.14,-1.11,3567.50,3,q1_q17_dr25_tce,4374.00,153.00,-168.00,4.626,0.056,-0.024,0.6350,0.0450,-0.0620,296.058590,42.669567,13.035
8317,7214090,K07583.01,,FALSE POSITIVE,FALSE POSITIVE,0.0000,1,0,1,0,0.577910513,2.8740000e-06,-2.8740000e-06,131.7979700,4.200000e-03,-4.200000e-03,0.3670,0.1030,-0.3670,1.36200,0.11600,-0.11600,1.4410e+02,1.010e+01,-1.010e+01,1.10,3.300e-01,-1.100e-01,2081.0,,,4429.84,4011.07,-1295.97,18.10,1,q1_q17_dr25_tce,5730.00,173.00,-190.00,4.503,0.050,-0.200,0.9080,0.2730,-0.0910,295.694820,42.756962,15.733
8318,7281694,K07584.01,,FALSE POSITIVE,FALSE POSITIVE,0.0000,1,0,1,1,0.566807725,5.5720000e-06,-5.5720000e-06,131.7888000,4.740000e-03,-4.740000e-03,0.1550,0.3410,-0.1550,2.16000,0.16200,-0.16200,3.1500e+01,2.700e+00,-2.700e+00,0.94,5.300e-01,-5.200e-01,2524.0,,,9645.51,17077.36,-7936.82,12.30,1,q1_q17_dr25_tce,5018.00,174.00,-139.00,3.953,0.598,-0.322,1.7340,0.9620,-0.9620,291.681670,42.809319,13.903
8319,7362450,K07585.01,,FALSE POSITIVE,FALSE POSITIVE,0.0000,1,0,0,1,0.566807422,3.4070000e-06,-3.4070000e-06,131.8154700,6.510000e-03,-6.510000e-03,0.9850,0.0300,-0.6920,5.14800,0.22500,-0.22500,2.6100e+01,1.500e+00,-1.500e+00,1.13,2.900e-01,-4.900e-01,2680.0,,,12227.82,9524.89,-8613.03,28.80,1,q1_q17_dr25_tce,5616.00,155.00,-141.00,4.040,0.435,-0.145,1.5470,0.4070,-0.6620,291.682830,42.932812,12.900
8320,8007262,K07586.01,,FALSE POSITIVE,FALSE POSITIVE,,1,0,0,0,1.345078434,9.9390000e-06,-9.9390000e-06,132.0421800,6.450000e-03,-6.450000e-03,0.9526,0.0430,-0.0227,10.19000,2.20000,-2.20000,3.0250e+03,3.610e+02,-3.610e+02,12.16,7.450e+00,-2.870e+00,2324.0,,,6894.58,13061.78,-3533.21,27.70,1,q1_q17_dr24_tce,6664.00,181.00,-294.00,4.141,0.159,-0.159,1.6750,1.0260,-0.3950,281.884890,43.860657,12.583
8321,8096395,K07587.01,,CANDIDATE,CANDIDATE,0.8970,0,0,0,0,366.088938000,4.8840000e-03,-4.8840000e-03,165.4260000,1.070000e-02,-1.070000e-02,0.8900,0.0400,-0.6190,11.88700,0.23100,-0.23100,5.3790e+02,2.060e+01,-2.060e+01,2.57,7.800e-01,-3.100e-01,257.0,,,1.03,0.94,-0.34,29.00,1,q1_q17_dr25_tce,5941.00,187.00,-208.00,4.464,0.070,-0.196,0.9450,0.2860,-0.1140,291.358920,43.936810,11.616
8322,8168509,K07589.01,,CANDIDATE,CANDIDATE,,0,0,0,0,414.450080000,1.2100000e-02,-1.2100000e-02,318.0665000,2.450000e-02,-2.450000e-02,0.9853,17.9000,-0.0761,19.15000,1.10000,-1.10000,7.2950e+02,5.060e+01,-5.060e+01,7.01,4.330e+00,-1.510e+00,364.0,,,4.17,8.13,-2.01,19.00,1,q1_q17_dr24_tce,7037.00,215.00,-299.00,4.136,0.135,-0.135,1.6830,1.0400,-0.3610,292.825900,44.098389,13.913
8323,10397751,K02859.05,,CANDIDATE,CANDIDATE,0.8570,0,0,0,0,5.431036160,4.6290000e-05,-4.6290000e-05,134.4171100,6.480000e-03,-6.480000e-03,0.8160,0.1570,-0.5760,2.46900,0.17900,-0.17900,6.6800e+01,6.700e+00,-6.700e+00,0.66,7.000e-02,-7.000e-02,873.0,,,137.10,54.14,-37.76,10.80,3,q1_q17_dr25_tce,5374.00,160.00,-144.00,4.555,0.088,-0.064,0.7210,0.0820,-0.0730,288.831360,47.551991,13.851
8324,8297319,K07591.01,,CANDIDATE,CANDIDATE,,0,0,0,0,328.322110000,1.3470000e-02,-1.3470000e-02,144.0773000,3.610000e-02,-3.610000e-02,0.1169,0.3530,-0.1168,13.53000,1.30000,-1.30000,3.9900e+02,5.140e+01,-5.140e+01,1.30,1.800e-01,-1.000e-01,193.0,,,0.33,0.17,-0.08,8.20,1,q1_q17_dr24_tce,4906.00,182.00,-164.00,4.648,0.032,-0.032,0.6680,0.0950,-0.0520,290.906950,44.291779,14.937
8325,8423344,K07592.01,,CANDIDATE,CANDIDATE,,0,0,0,0,381.979770000,3.9820000e-02,-3.9820000e-02,163.1805000,5.110000e-02,-5.110000e-02,0.2178,0.2988,-0.2177,15.70000,4.60000,-4.60000,9.0000e+02,3.190e+02,-3.190e+02,1.55,1.500e-01,-1.400e-01,132.0,,,0.07,0.02,-0.02,10.40,1,q1_q17_dr24_tce,3761.00,50.00,-50.00,4.724,0.060,-0.060,0.5260,0.0500,-0.0500,288.968230,44.448341,15.494
8326,8444868,K07593.01,,CANDIDATE,CANDIDATE,,0,0,0,0,67.412998000,4.7310000e-03,-4.7310000e-03,196.1263000,5.870000e-02,-5.870000e-02,0.5109,0.0605,-0.4295,9.10000,2.40000,-2.40000,1.2610e+02,2.430e+01,-2.430e+01,1.57,8.700e-01,-3.100e-01,572.0,,,25.32,41.76,-11.26,6.20,4,q1_q17_dr24_tce,6525.00,159.00,-233.00,4.248,0.138,-0.138,1.3590,0.7490,-0.2700,296.702240,44.449451,13.667
8327,8649876,K07595.01,,FALSE POSITIVE,FALSE POSITIVE,0.0000,1,0,0,0,10.421278800,3.1870000e-04,-3.1870000e-04,140.6517000,2.390000e-02,-2.390000e-02,1.1510,0.2220,-0.8620,28.48320,0.00000,0.00000,1.4800e+02,5.300e+00,-5.300e+00,36.90,7.800e+00,-1.169e+01,1235.0,,,549.92,358.49,-322.85,31.00,1,q1_q17_dr25_tce,6183.00,186.00,-186.00,3.908,0.285,-0.114,2.0730,0.4380,-0.6570,299.537480,44.711510,12.556
8328,8682094,K07596.01,,CANDIDATE,CANDIDATE,,0,0,0,0,359.824991300,,,284.5268595,,,,,,5.22000,,,,,,,,,,,,,,,,1,q1_q17_dr24_tce,,,,,,,,,,289.015500,44.882050,15.733
8329,8846809,K07597.01,,FALSE POSITIVE,FALSE POSITIVE,,1,0,0,0,0.778705577,3.3480000e-06,-3.3480000e-06,131.6444800,2.940000e-03,-2.940000e-03,1.1716,0.0689,-0.0004,6.44500,0.88600,-0.88600,5.4500e+01,2.700e+00,-2.700e+00,59.33,1.287e+01,-1.869e+01,4233.0,,,75864.33,49929.69,-45622.33,104.90,1,q1_q17_dr24_tce,7846.00,225.00,-313.00,3.743,0.269,-0.269,3.0660,0.6650,-0.9660,300.633030,45.076660,10.152
8330,9025662,K07599.01,,CANDIDATE,CANDIDATE,,0,0,0,0,293.706960000,1.5540000e-02,-1.5540000e-02,350.5928000,3.530000e-02,-3.530000e-02,63.9417,20.9800,-59.3200,11.03000,1.50000,-1.50000,1.5750e+03,1.910e+02,-1.910e+02,6140.44,2.544e+03,-5.776e+02,274.0,,,1.34,1.68,-0.38,11.20,1,q1_q17_dr24_tce,6054.00,188.00,-202.00,4.508,0.048,-0.048,0.8930,0.3700,-0.0840,293.168790,45.387730,15.510
8331,8572936,K02459.01,,FALSE POSITIVE,FALSE POSITIVE,0.0000,0,1,0,0,27.795762425,6.1250000e-06,-6.1250000e-06,136.1798770,1.760000e-04,-1.760000e-04,0.4830,0.0040,-0.0040,15.50560,0.01070,-0.01070,4.2033e+05,2.610e+02,-2.610e+02,81.48,5.270e+00,-5.840e+00,655.0,,,43.51,9.40,-8.89,1969.50,1,q1_q17_dr25_tce,5915.00,105.00,-117.00,4.329,0.055,-0.045,1.1300,0.0730,-0.0810,296.435820,44.641560,14.875
8332,5473556,K02939.01,,FALSE POSITIVE,FALSE POSITIVE,0.0000,1,0,0,0,11.258825027,4.4600000e-07,-4.4600000e-07,134.7384085,3.250000e-05,-3.250000e-05,0.8050,0.0050,-0.0070,8.95920,0.00174,-0.00174,1.9628e+05,3.590e+01,-3.590e+01,87.18,2.322e+01,-3.478e+01,1080.0,,,322.25,259.96,-219.28,6395.70,1,q1_q17_dr25_tce,6217.00,188.00,-188.00,4.052,0.413,-0.177,1.4640,0.3900,-0.5840,298.150090,40.656170,13.545
8333,6504534,K03152.01,,FALSE POSITIVE,FALSE POSITIVE,0.0000,0,1,0,0,28.162612575,2.6630000e-06,-2.6630000e-06,143.7174718,8.090000e-05,-8.090000e-05,0.9520,0.0720,-0.0380,3.19576,0.00808,-0.00808,3.7750e+04,6.060e+01,-6.060e+01,23.52,1.950e+00,-2.350e+00,470.0,,,11.52,3.51,-3.25,912.70,1,q1_q17_dr25_tce,4936.00,133.00,-148.00,4.540,0.078,-0.042,0.7610,0.0630,-0.0760,285.167110,41.967079,14.216
8334,5652983,K00371.02,,FALSE POSITIVE,FALSE POSITIVE,,0,1,1,0,9.058466200,1.1460000e-04,-1.1460000e-04,133.2317000,1.110000e-02,-1.110000e-02,0.1540,0.3001,-0.1540,6.37600,0.29800,-0.29800,6.1800e+01,4.100e+00,-4.100e+00,2.46,8.000e-02,-8.000e-02,1310.0,,,695.41,102.98,-91.84,17.90,2,q1_q17_dr24_tce,5198.00,95.00,-95.00,3.614,0.016,-0.016,3.2070,0.1070,-0.1070,299.676150,40.856491,12.193
8335,9092897,K07600.01,,FALSE POSITIVE,FALSE POSITIVE,,1,0,0,0,3.916915500,,,132.2130377,,,,,,2.11000,,,,,,,,,,,,,,,,1,q1_q17_dr24_tce,,,,,,,,,,293.343080,45.444969,12.940
8336,9292130,K07602.01,,FALSE POSITIVE,FALSE POSITIVE,,1,0,0,0,362.747593000,7.9620000e-03,-7.9620000e-03,368.2357000,3.010000e-02,-3.010000e-02,0.3185,0.1293,-0.3184,16.45000,1.40000,-1.40000,1.3240e+02,1.090e+01,-1.090e+01,2.51,1.200e-01,-9.000e-02,384.0,,,5.13,0.67,-0.54,13.00,1,q1_q17_dr24_tce,6176.00,52.00,-52.00,3.885,0.015,-0.015,2.1600,0.1000,-0.0800,296.069370,45.703098,10.662
8337,9541144,K07603.01,,FALSE POSITIVE,FALSE POSITIVE,,0,1,0,1,0.536650344,7.9800000e-06,-7.9800000e-06,131.7073000,1.450000e-02,-1.450000e-02,0.7718,0.1991,-0.5277,2.87800,0.60100,-0.60100,2.5800e+01,4.300e+00,-4.300e+00,1.57,6.500e-01,-8.800e-01,3380.0,,,30860.16,39181.42,-25778.73,7.00,1,q1_q17_dr24_tce,5490.00,185.00,-190.00,3.681,0.560,-0.560,2.8250,1.1580,-1.5950,297.286650,46.139839,13.921
8338,8848104,K07100.01,,CANDIDATE,CANDIDATE,0.3030,0,1,0,0,0.824851807,8.0000000e-08,-8.0000000e-08,131.6271509,7.880000e-05,-7.880000e-05,1.1850,0.0940,-0.0630,1.93637,0.00219,-0.00219,3.0099e+04,1.750e+01,-1.750e+01,78.00,3.589e+01,-4.786e+01,2539.0,,,9801.46,13656.36,-8487.61,642.20,1,q1_q17_dr25_tce,5658.00,166.00,-150.00,3.903,0.712,-0.237,1.6540,0.7610,-1.0150,300.994870,45.078861,12.372
8339,9236858,K07149.01,,FALSE POSITIVE,FALSE POSITIVE,0.0000,0,1,0,0,2.537081943,1.4100000e-07,-1.4100000e-07,134.0051720,4.540000e-05,-4.540000e-05,0.4510,0.0040,-0.0030,4.80903,0.00183,-0.00183,2.4532e+05,1.420e+02,-1.420e+02,67.96,2.326e+01,-9.970e+00,1712.0,,,2032.57,1994.60,-754.85,2434.80,1,q1_q17_dr25_tce,6735.00,162.00,-243.00,4.307,0.072,-0.203,1.3090,0.4480,-0.1920,298.121460,45.651131,13.040
8340,9818732,K07233.01,,FALSE POSITIVE,FALSE POSITIVE,0.0000,0,1,0,0,45.035589512,6.8320000e-06,-6.8320000e-06,132.6335310,1.250000e-04,-1.250000e-04,0.4990,0.0060,-0.0050,9.83410,0.00739,-0.00739,4.0484e+05,2.710e+02,-2.710e+02,82.40,2.423e+01,-1.036e+01,600.0,,,30.66,25.43,-9.89,1763.50,1,q1_q17_dr25_tce,6484.00,145.00,-193.00,4.386,0.060,-0.180,1.1530,0.3390,-0.1450,285.472780,46.698730,14.529
8341,9837013,K07236.01,,CANDIDATE,CANDIDATE,0.9330,0,0,0,0,14.461834000,3.6020000e-04,-3.6020000e-04,137.2566000,2.220000e-02,-2.220000e-02,0.0650,0.4030,-0.0650,7.15600,0.62600,-0.62600,8.0200e+01,1.120e+01,-1.120e+01,1.05,1.800e-01,-2.100e-01,785.0,,,89.86,39.81,-35.48,9.00,1,q1_q17_dr25_tce,5457.00,81.00,-65.00,4.239,0.186,-0.124,1.1960,0.1990,-0.2430,294.293640,46.629501,14.750
8342,8652997,K05554.01,,CANDIDATE,CANDIDATE,,0,0,0,0,362.222020000,3.1260000e-02,-3.1260000e-02,385.7380000,6.610000e-02,-6.610000e-02,0.5664,0.0065,-0.5054,14.29000,2.70000,-2.70000,5.2500e+01,1.020e+01,-1.020e+01,0.96,3.300e-01,-2.400e-01,312.0,,,2.25,2.21,-1.11,14.60,1,q1_q16_tce,6113.00,153.00,-159.00,4.168,0.253,-0.211,1.2770,0.4340,-0.3170,300.391940,44.785320,11.189
8343,8676061,K05558.01,,FALSE POSITIVE,FALSE POSITIVE,,1,0,0,0,428.118600000,1.9060000e-02,-1.9060000e-02,243.2300000,4.040000e-02,-4.040000e-02,0.1377,0.3201,-0.1377,6.56000,1.90000,-1.90000,4.4380e+02,8.810e+01,-8.810e+01,2.18,9.600e-01,-1.900e-01,260.0,,,1.09,1.42,-0.29,7.30,1,q1_q16_tce,6225.00,164.00,-187.00,4.450,0.043,-0.289,1.0310,0.4550,-0.0890,285.755740,44.852440,15.260
8344,10551346,K05804.01,,FALSE POSITIVE,FALSE POSITIVE,0.0000,0,1,0,0,1.427966450,1.5950000e-06,-1.5950000e-06,132.6048510,8.900000e-04,-8.900000e-04,1.3050,0.0890,-0.0660,12.86530,0.00024,-0.00024,6.0123e+03,5.190e+01,-5.190e+01,39.76,9.960e+00,-3.540e+00,1637.0,,,1700.47,1260.99,-450.90,347.60,1,q1_q17_dr25_tce,6099.00,167.00,-182.00,4.511,0.044,-0.165,0.9190,0.2300,-0.0820,297.619140,47.767921,13.731
8345,9489348,K05686.01,,FALSE POSITIVE,FALSE POSITIVE,0.0000,1,0,0,1,3.344659340,3.9180000e-05,-3.9180000e-05,134.7267000,1.910000e-02,-1.910000e-02,0.0050,0.5230,-0.0050,10.79600,0.63700,-0.63700,5.7600e+01,2.500e+00,-2.500e+00,1.17,2.900e-01,-4.300e-01,1559.0,,,1396.11,1039.54,-902.68,24.30,1,q1_q17_dr25_tce,5966.00,179.00,-179.00,4.069,0.350,-0.150,1.5510,0.3800,-0.5710,299.848180,46.068039,13.596
8346,10813078,K05831.01,,CANDIDATE,CANDIDATE,1.0000,0,0,0,0,10.552241908,,,132.6520830,,,0.0250,,,2.73550,,,9.5400e+02,,,1.75,1.300e-01,-2.200e-01,485.0,,,13.12,4.25,-4.58,12.30,1,q1_q17_dr25_tce,4031.00,139.00,-153.00,4.666,0.068,-0.023,0.5850,0.0440,-0.0750,297.451660,48.156910,15.712
8347,11623629,K00365.02,,FALSE POSITIVE,FALSE POSITIVE,,1,0,0,0,117.761000000,2.2470000e-03,-2.2470000e-03,175.5599000,1.630000e-02,-1.630000e-02,0.2505,0.2007,-0.2504,3.45400,0.39900,-0.39900,5.3900e+01,8.200e+00,-8.200e+00,0.62,1.000e-01,-3.000e-02,337.0,,,3.06,1.40,-0.52,7.10,2,q1_q16_tce,5564.00,109.00,-104.00,4.522,0.033,-0.127,0.8500,0.1380,-0.0450,297.486910,49.623451,11.195
8348,5184911,K02719.02,,CANDIDATE,CANDIDATE,0.9900,0,0,0,0,106.259760000,2.6070000e-03,-2.6070000e-03,132.2417000,2.160000e-02,-2.160000e-02,0.2090,0.2430,-0.2090,6.10100,0.84900,-0.84900,3.5400e+02,5.530e+01,-5.530e+01,1.50,1.000e-01,-1.600e-01,303.0,,,1.99,0.53,-0.58,7.70,2,q1_q17_dr25_tce,4827.00,129.00,-144.00,4.508,0.084,-0.070,0.8230,0.0560,-0.0860,291.184970,40.311211,15.141
8349,10659313,K06079.01,,FALSE POSITIVE,FALSE POSITIVE,0.0000,0,1,0,0,15.249335907,2.7310000e-06,-2.7310000e-06,143.6628290,1.480000e-04,-1.480000e-04,1.0770,0.1860,-0.0900,3.82224,0.00786,-0.00786,3.4565e+04,5.820e+01,-5.820e+01,45.92,1.467e+01,-7.340e+00,875.0,,,138.77,128.02,-52.07,635.50,1,q1_q17_dr25_tce,6385.00,160.00,-192.00,4.316,0.105,-0.195,1.1890,0.3800,-0.1900,289.222750,47.913891,13.593
8350,10122538,K02926.04,Kepler-1388 e,CONFIRMED,CANDIDATE,1.0000,0,0,0,0,37.633386800,7.7940000e-04,-7.7940000e-04,158.8156000,2.380000e-02,-2.380000e-02,0.3380,0.1350,-0.3380,4.49000,0.22100,-0.22100,1.6617e+03,9.800e+01,-9.800e+01,2.25,1.400e-01,-1.000e-01,299.0,,,1.88,0.40,-0.31,18.60,4,q1_q17_dr25_tce,3891.00,70.00,-86.00,4.718,0.018,-0.042,0.5640,0.0350,-0.0260,283.336060,47.174541,16.279
8351,8265520,K07005.01,,CANDIDATE,CANDIDATE,,0,0,0,0,6.208918100,1.1260000e-04,-1.1260000e-04,136.6828000,1.480000e-02,-1.480000e-02,0.6977,0.2628,-0.4744,2.29200,0.39900,-0.39900,1.6640e+03,2.420e+02,-2.420e+02,9.20,5.250e+00,-4.480e+00,1378.0,,,853.50,1591.18,-663.09,8.40,1,q1_q17_dr24_tce,5548.00,210.00,-227.00,3.797,0.515,-0.515,2.1130,1.2070,-1.0280,301.217250,44.133430,16.984
8352,8288719,K07010.01,,FALSE POSITIVE,FALSE POSITIVE,0.0000,0,1,0,0,0.755049082,6.8000000e-08,-6.8000000e-08,132.1942347,7.670000e-05,-7.670000e-05,1.2250,0.0490,-0.0960,2.09643,0.00220,-0.00220,2.6068e+04,1.510e+01,-1.510e+01,30.47,2.350e+00,-2.110e+00,1551.0,,,1372.84,418.31,-318.67,683.70,1,q1_q17_dr25_tce,5242.00,156.00,-156.00,4.640,0.066,-0.039,0.6220,0.0480,-0.0430,287.359710,44.294991,13.276
8353,8302473,K07015.01,,FALSE POSITIVE,FALSE POSITIVE,0.0000,0,0,1,1,2.442001930,4.0000000e-05,-4.0000000e-05,132.1295000,1.530000e-02,-1.530000e-02,0.1240,0.3460,-0.1240,3.14600,0.38200,-0.38200,1.2860e+02,1.620e+01,-1.620e+01,0.95,2.600e-01,-8.000e-02,1217.0,,,518.48,429.07,-136.95,9.60,1,q1_q17_dr25_tce,5587.00,182.00,-182.00,4.556,0.033,-0.176,0.8510,0.2280,-0.0710,292.868500,44.236160,15.617
8354,8378656,K07027.01,,FALSE POSITIVE,FALSE POSITIVE,0.0000,0,1,0,0,3.629440080,1.2100000e-07,-1.2100000e-07,134.7011640,2.760000e-05,-2.760000e-05,0.2530,0.0150,-0.0040,5.94104,0.00389,-0.00389,1.3008e+05,2.950e+01,-2.950e+01,40.08,1.199e+01,-6.450e+00,1351.0,,,787.91,690.91,-296.76,5131.40,1,q1_q17_dr25_tce,6284.00,169.00,-188.00,4.355,0.108,-0.186,1.0930,0.3270,-0.1760,296.297390,44.333000,12.789
8355,8394475,K07032.01,,CANDIDATE,CANDIDATE,0.9140,0,0,0,0,3.640492420,2.1230000e-05,-2.1230000e-05,134.9678600,5.060000e-03,-5.060000e-03,0.1810,0.2900,-0.1810,1.19400,0.17600,-0.17600,4.2100e+01,5.800e+00,-5.800e+00,0.61,9.000e-02,-3.000e-02,1136.0,,,393.32,158.33,-60.03,9.50,1,q1_q17_dr25_tce,5745.00,78.00,-86.00,4.503,0.030,-0.120,0.9360,0.1430,-0.0480,300.424320,44.343601,12.646
8356,7282008,K06858.01,,FALSE POSITIVE,FALSE POSITIVE,0.0000,1,0,1,1,0.566797970,1.1790000e-05,-1.1790000e-05,131.8410000,1.750000e-02,-1.750000e-02,0.1760,0.3210,-0.1760,4.50300,0.73800,-0.73800,7.2600e+01,1.090e+01,-1.090e+01,0.65,1.000e-01,-5.000e-02,1799.0,,,2467.38,1325.60,-626.41,14.00,1,q1_q17_dr25_tce,5230.00,184.00,-184.00,4.594,0.026,-0.104,0.7770,0.1220,-0.0560,291.777130,42.845871,15.877
8357,7886329,K06930.01,,FALSE POSITIVE,FALSE POSITIVE,0.0000,1,0,0,0,0.567493852,2.1000000e-08,-2.1000000e-08,131.9916219,3.060000e-05,-3.060000e-05,1.2750,0.0690,-0.0460,1.35349,0.00442,-0.00442,7.9840e+03,0.000e+00,0.000e+00,65.47,1.616e+01,-2.419e+01,3024.0,,,19665.18,14361.58,-12748.63,1219.80,1,q1_q17_dr25_tce,6370.00,173.00,-192.00,4.053,0.357,-0.153,1.5480,0.3820,-0.5720,290.234070,43.662060,13.205
8358,8039925,K06956.01,,FALSE POSITIVE,FALSE POSITIVE,0.0000,1,0,1,0,20.259423200,8.6750000e-04,-8.6750000e-04,141.4275000,3.730000e-02,-3.730000e-02,0.7070,0.8600,-0.7070,19.27000,3.10000,-3.10000,8.2600e+01,7.200e+00,-7.200e+00,1.23,4.000e-01,-1.900e-01,837.0,,,116.05,106.20,-44.45,23.70,1,q1_q17_dr25_tce,6602.00,158.00,-218.00,4.301,0.101,-0.188,1.2690,0.4060,-0.2030,295.544220,43.878342,13.618
8359,4548011,K04288.03,,FALSE POSITIVE,FALSE POSITIVE,,1,0,0,0,4.327440480,8.9330000e-05,-8.9330000e-05,132.7835000,1.830000e-02,-1.830000e-02,0.2789,0.1911,-0.2788,4.53900,0.32900,-0.32900,2.2000e+01,2.300e+00,-2.300e+00,0.58,1.000e-01,-8.000e-02,1254.0,,,585.32,281.13,-188.06,8.00,3,q1_q17_dr24_tce,5888.00,105.00,-130.00,4.275,0.123,-0.123,1.2270,0.2140,-0.1700,287.371250,39.603569,12.400
8360,8973285,K04782.02,,CANDIDATE,CANDIDATE,0.8050,0,0,0,0,4.292516560,5.3140000e-05,-5.3140000e-05,134.4818000,1.150000e-02,-1.150000e-02,1.0070,7.2140,-0.5450,4.25400,0.45900,-0.45900,2.4950e+02,2.750e+01,-2.750e+01,3.66,1.130e+00,-3.700e-01,1144.0,,,403.88,378.26,-125.96,11.00,1,q1_q17_dr25_tce,6032.00,189.00,-232.00,4.485,0.052,-0.208,0.9730,0.3000,-0.1000,297.948700,45.255039,15.850
8361,5966732,K06641.01,,CANDIDATE,CANDIDATE,0.9650,0,0,0,0,1.400903699,8.3650000e-06,-8.3650000e-06,131.8456200,5.280000e-03,-5.280000e-03,0.1960,0.2670,-0.1960,0.88300,0.17300,-0.17300,1.3650e+02,1.920e+01,-1.920e+01,1.16,3.400e-01,-1.100e-01,1764.0,,,2284.73,1999.71,-696.16,9.80,1,q1_q17_dr25_tce,6375.00,177.00,-244.00,4.474,0.065,-0.195,0.9750,0.2890,-0.0960,293.793700,41.204491,15.514
8362,6041511,K06649.01,,FALSE POSITIVE,FALSE POSITIVE,0.0000,1,0,0,0,0.977051140,2.9690000e-05,-2.9690000e-05,132.1871000,1.840000e-02,-1.840000e-02,0.6030,0.3680,-0.3880,2.33000,1.00000,-1.00000,2.0100e+01,2.700e+00,-2.700e+00,0.77,1.300e-01,-1.000e-01,2501.0,,,9261.10,4225.37,-2580.21,7.40,1,q1_q17_dr25_tce,6527.00,78.00,-78.00,4.162,0.105,-0.116,1.6310,0.2910,-0.2120,291.531250,41.389069,13.566
8363,6109688,K06663.01,,FALSE POSITIVE,FALSE POSITIVE,0.0000,0,1,0,0,14.086776961,2.2510000e-06,-2.2510000e-06,140.2870180,1.320000e-04,-1.320000e-04,0.6030,0.0020,-0.0010,10.12790,0.00787,-0.00787,1.0684e+05,8.040e+01,-8.040e+01,65.60,2.006e+01,-1.642e+01,1197.0,,,485.09,426.22,-252.07,1856.90,1,q1_q17_dr25_tce,7138.00,175.00,-275.00,4.062,0.198,-0.180,1.8900,0.5780,-0.4730,286.913570,41.481510,12.271
8364,6206751,K06674.01,,FALSE POSITIVE,FALSE POSITIVE,0.0000,0,1,0,0,1.245342215,1.2700000e-07,-1.2700000e-07,132.2200190,8.320000e-05,-8.320000e-05,0.7280,0.0120,-0.0120,4.40308,0.00526,-0.00526,2.3409e+05,2.290e+02,-2.290e+02,90.34,1.794e+01,-6.000e+00,2341.0,,,7120.27,3561.10,-1204.62,1178.50,1,q1_q17_dr25_tce,6967.00,76.00,-83.00,4.250,0.042,-0.119,1.4760,0.2930,-0.0980,292.406310,41.513039,12.142
8365,6265961,K06680.01,,CANDIDATE,CANDIDATE,0.9130,0,0,0,0,5.525074060,5.4690000e-05,-5.4690000e-05,135.1543500,9.730000e-03,-9.730000e-03,0.1520,0.2990,-0.1520,2.56500,0.25800,-0.25800,6.1500e+01,7.300e+00,-7.300e+00,0.80,1.200e-01,-8.000e-02,1028.0,,,263.79,101.96,-65.78,9.80,1,q1_q17_dr25_tce,5600.00,75.00,-75.00,4.378,0.110,-0.110,1.0370,0.1520,-0.1140,284.121340,41.633072,13.692
8366,8677057,K07903.01,,CANDIDATE,CANDIDATE,0.9670,0,0,0,0,0.694611128,3.7410000e-06,-3.7410000e-06,131.9324400,4.140000e-03,-4.140000e-03,0.1760,0.2830,-0.1760,1.11500,0.15200,-0.15200,9.8800e+01,1.370e+01,-1.370e+01,0.64,6.000e-02,-4.000e-02,1415.0,,,945.45,318.96,-218.14,9.30,1,q1_q17_dr25_tce,4612.00,124.00,-138.00,4.646,0.024,-0.052,0.6620,0.0640,-0.0450,286.310520,44.838188,15.700
8367,10341787,K07313.01,,FALSE POSITIVE,FALSE POSITIVE,0.0000,0,0,1,1,0.933737160,8.5730000e-06,-8.5730000e-06,132.4682800,8.600000e-03,-8.600000e-03,0.7930,0.0640,-0.5510,5.01500,0.21500,-0.21500,1.4490e+02,1.150e+01,-1.150e+01,1.14,2.100e-01,-1.500e-01,1666.0,,,1811.10,1153.46,-606.88,16.00,1,q1_q17_dr25_tce,5390.00,204.00,-185.00,4.479,0.096,-0.132,0.8520,0.1600,-0.1070,292.721980,47.454800,15.926
8368,10407430,K07322.01,,FALSE POSITIVE,FALSE POSITIVE,0.0000,0,0,0,1,0.933759404,6.0500000e-06,-6.0500000e-06,131.5029400,9.760000e-03,-9.760000e-03,0.7120,0.2540,-0.4700,3.49100,0.33900,-0.33900,1.1490e+02,6.900e+00,-6.900e+00,0.99,2.900e-01,-9.000e-02,1763.0,,,2289.80,1979.66,-651.52,18.90,1,q1_q17_dr25_tce,5766.00,172.00,-189.00,4.514,0.060,-0.180,0.8660,0.2490,-0.0830,292.933960,47.514751,15.619
8369,10471113,K07332.01,,CANDIDATE,CANDIDATE,0.6850,0,0,0,0,0.933728196,8.3490000e-06,-8.3490000e-06,131.5336000,7.500000e-03,-7.500000e-03,0.0150,0.4490,-0.0150,3.44100,0.25200,-0.25200,6.7700e+01,5.900e+00,-5.900e+00,0.85,2.800e-01,-1.000e-01,2006.0,,,3826.49,3652.33,-1225.97,13.30,1,q1_q17_dr25_tce,6170.00,171.00,-214.00,4.430,0.072,-0.217,1.0320,0.3340,-0.1190,292.166140,47.612251,15.317
8370,10546063,K07339.01,,CANDIDATE,CANDIDATE,1.0000,0,0,0,0,10.698227500,1.5500000e-04,-1.5500000e-04,140.6793000,1.020000e-02,-1.020000e-02,0.0320,0.4260,-0.0320,3.19800,0.33500,-0.33500,2.4600e+02,3.190e+01,-3.190e+01,1.73,4.900e-01,-2.100e-01,919.0,,,168.88,142.37,-57.45,9.10,1,q1_q17_dr25_tce,6277.00,174.00,-239.00,4.417,0.060,-0.180,1.0970,0.3130,-0.1340,296.027740,47.753551,15.833
8371,10965963,K07392.01,,FALSE POSITIVE,FALSE POSITIVE,0.0000,0,1,0,0,6.640244960,3.8300000e-07,-3.8300000e-07,132.7758620,4.650000e-05,-4.650000e-05,0.7560,0.0100,-0.0110,6.03491,0.00213,-0.00213,2.2433e+05,5.600e+01,-5.600e+01,74.40,2.173e+01,-1.445e+01,1114.0,,,364.44,315.41,-156.45,2941.00,1,q1_q17_dr25_tce,6085.00,171.00,-193.00,4.293,0.153,-0.187,1.2150,0.3550,-0.2360,286.610660,48.479729,13.881
8372,9246715,K07601.01,,FALSE POSITIVE,FALSE POSITIVE,0.0000,0,1,0,0,342.553157230,9.7340000e-05,-9.7340000e-05,337.5167220,1.830000e-04,-1.830000e-04,0.7970,0.0050,-0.0060,73.80680,0.01240,-0.01240,1.9289e+05,2.890e+01,-2.890e+01,830.99,1.841e+02,-3.989e+02,738.0,,,70.22,44.93,-53.20,8248.40,1,q1_q17_dr25_tce,4857.00,116.00,-131.00,2.422,0.427,-0.183,14.2190,3.1500,-6.8260,300.951350,45.604118,9.266
8373,9959093,K07264.01,,FALSE POSITIVE,FALSE POSITIVE,0.2740,1,0,0,0,19.164449800,2.9050000e-04,-2.9050000e-04,141.3045000,1.210000e-02,-1.210000e-02,0.5250,0.4380,-0.3290,3.55300,0.48200,-0.48200,6.3800e+01,1.050e+01,-1.050e+01,1.83,2.600e-01,-6.000e-01,988.0,,,225.26,83.64,-128.86,8.90,1,q1_q17_dr25_tce,5877.00,78.00,-78.00,3.860,0.300,-0.100,2.2340,0.3140,-0.7330,295.042480,46.863991,13.314
8374,3659940,K06351.01,,FALSE POSITIVE,FALSE POSITIVE,0.0000,0,1,0,0,0.896270930,3.7100000e-07,-3.7100000e-07,131.6680520,3.520000e-04,-3.520000e-04,1.0620,0.1340,-0.1180,2.20330,0.02460,-0.02460,6.6994e+04,5.260e+02,-5.260e+02,43.47,9.900e+00,-5.300e+00,1733.0,,,2129.33,1481.22,-675.42,152.90,1,q1_q17_dr25_tce,5551.00,166.00,-166.00,4.493,0.081,-0.150,0.8610,0.1960,-0.1050,295.004640,38.775478,15.261
8375,5017058,K06486.01,,FALSE POSITIVE,FALSE POSITIVE,0.0000,0,1,0,0,1.161947482,6.1000000e-08,-6.1000000e-08,132.2121368,4.230000e-05,-4.230000e-05,0.8150,0.0210,-0.0170,4.46886,0.00368,-0.00368,1.2990e+05,8.690e+01,-8.690e+01,68.69,2.207e+01,-1.655e+01,2174.0,,,5300.40,4985.45,-2627.29,2435.40,1,q1_q17_dr25_tce,6225.00,167.00,-204.00,4.204,0.167,-0.204,1.4570,0.4680,-0.3510,293.530880,40.150490,13.140
8376,7421876,K06876.01,,FALSE POSITIVE,FALSE POSITIVE,0.0000,1,0,0,0,4.502790370,,,134.1343000,,,,,,6.72000,,,,,,,,,,,,1017.15,1743.12,-424.26,,1,q1_q17_dr25_tce,,,,,,,,,,283.188170,43.015640,11.606
8377,3765692,K06358.01,,CANDIDATE,CANDIDATE,0.1840,0,0,0,0,3.093832480,2.2800000e-05,-2.2800000e-05,132.7569100,6.370000e-03,-6.370000e-03,0.3560,0.1000,-0.3560,1.57600,0.24100,-0.24100,3.7370e+02,5.130e+01,-5.130e+01,1.32,2.100e-01,-9.000e-02,998.0,,,233.91,126.41,-55.14,9.70,1,q1_q17_dr25_tce,5327.00,190.00,-169.00,4.646,0.032,-0.097,0.6810,0.1070,-0.0460,295.924560,38.876968,15.896
8378,8702537,K07905.01,,CANDIDATE,CANDIDATE,0.9240,0,0,0,0,7.475184100,2.2730000e-04,-2.2730000e-04,137.1908000,2.980000e-02,-2.980000e-02,0.3090,0.1450,-0.3090,5.16600,0.53200,-0.53200,2.8100e+01,3.600e+00,-3.600e+00,0.85,2.000e-01,-2.700e-01,1168.0,,,439.51,318.13,-252.81,9.20,1,q1_q17_dr25_tce,5616.00,184.00,-127.00,3.980,0.336,-0.144,1.6020,0.3700,-0.5090,296.547700,44.898041,13.075
8379,8358008,K07022.01,,FALSE POSITIVE,FALSE POSITIVE,0.0000,0,1,0,0,10.064687893,1.9230000e-06,-1.9230000e-06,135.2510880,1.570000e-04,-1.570000e-04,1.2610,0.0660,-0.0630,3.59854,0.00746,-0.00746,1.0088e+04,1.850e+01,-1.850e+01,30.11,3.200e+00,-3.210e+00,679.0,,,50.11,18.95,-14.25,585.40,1,q1_q17_dr25_tce,5185.00,156.00,-140.00,4.571,0.077,-0.056,0.7050,0.0750,-0.0750,288.966400,44.356930,14.674
8380,6042663,K06651.01,,FALSE POSITIVE,FALSE POSITIVE,0.0000,0,1,0,0,30.971766472,2.3620000e-06,-2.3620000e-06,151.5322506,6.220000e-05,-6.220000e-05,0.7630,0.0190,-0.0350,8.31171,0.00435,-0.00435,2.2868e+05,7.030e+01,-7.030e+01,51.72,1.373e+01,-4.550e+00,523.0,,,17.73,14.22,-4.68,3245.90,1,q1_q17_dr25_tce,5633.00,169.00,-169.00,4.558,0.042,-0.168,0.8290,0.2200,-0.0730,291.899540,41.305889,15.596
8381,10198109,K07294.01,,FALSE POSITIVE,FALSE POSITIVE,0.0010,0,1,0,0,17.918743061,4.9000000e-07,-4.9000000e-07,146.3929572,2.300000e-05,-2.300000e-05,0.2520,0.0320,-0.0190,4.36387,0.00174,-0.00174,1.1836e+05,2.860e+01,-2.860e+01,56.94,2.256e+01,-3.385e+01,942.0,,,186.00,224.30,-158.69,4696.80,1,q1_q17_dr25_tce,5870.00,184.00,-164.00,3.903,0.705,-0.235,1.6300,0.6460,-0.9690,287.493530,47.224659,13.776
8382,6364195,K06691.01,,FALSE POSITIVE,FALSE POSITIVE,0.0000,1,0,1,1,5.243954200,1.8540000e-04,-1.8540000e-04,132.6525000,3.780000e-02,-3.780000e-02,0.2230,0.2460,-0.2230,9.82000,1.20000,-1.20000,1.4380e+02,1.240e+01,-1.240e+01,0.81,9.000e-02,-7.000e-02,778.0,,,86.51,32.68,-20.93,14.20,1,q1_q17_dr25_tce,4920.00,146.00,-131.00,4.636,0.032,-0.059,0.6910,0.0740,-0.0560,291.870300,41.768002,15.924
8383,10855545,K05834.01,,FALSE POSITIVE,FALSE POSITIVE,0.0890,1,0,0,0,37.537859000,1.2820000e-03,-1.2820000e-03,159.7364000,2.760000e-02,-2.760000e-02,0.0580,0.3890,-0.0570,6.51300,0.56800,-0.56800,2.6900e+02,3.900e+01,-3.900e+01,1.77,5.400e-01,-2.300e-01,583.0,,,27.38,25.42,-9.94,8.20,1,q1_q17_dr25_tce,6095.00,190.00,-253.00,4.429,0.065,-0.195,1.0820,0.3310,-0.1420,289.217320,48.204311,15.769
8384,5737869,K06624.01,,FALSE POSITIVE,FALSE POSITIVE,0.1120,0,0,1,0,26.240243800,3.8540000e-04,-3.8540000e-04,151.5242000,1.460000e-02,-1.460000e-02,0.3600,0.1000,-0.3600,3.02400,0.39100,-0.39100,1.7400e+02,2.830e+01,-2.830e+01,1.16,2.700e-01,-1.800e-01,583.0,,,27.36,19.36,-10.08,7.90,1,q1_q17_dr25_tce,5649.00,169.00,-169.00,4.450,0.120,-0.165,0.8750,0.2030,-0.1360,299.555390,40.996132,14.680
8385,8364119,K07024.01,,FALSE POSITIVE,FALSE POSITIVE,0.0000,0,1,0,0,7.735910110,2.9300000e-07,-2.9300000e-07,137.9876592,3.090000e-05,-3.090000e-05,0.6130,0.0050,-0.0050,5.01919,0.00089,-0.00089,3.1513e+05,2.570e+01,-2.570e+01,50.46,1.117e+01,-3.710e+00,806.0,,,99.92,65.95,-23.04,3786.70,1,q1_q17_dr25_tce,5623.00,152.00,-152.00,4.596,0.036,-0.144,0.7630,0.1690,-0.0560,291.273770,44.371239,12.408
8386,7668648,K06899.01,,FALSE POSITIVE,FALSE POSITIVE,0.0000,0,1,0,0,27.818923820,4.4070000e-05,-4.4070000e-05,158.1028200,1.260000e-03,-1.260000e-03,0.6060,0.1830,-0.0670,8.37770,0.06700,-0.06700,2.3822e+05,1.804e+03,-1.804e+03,50.00,1.563e+01,-5.190e+00,610.0,,,32.75,30.00,-9.73,156.80,1,q1_q17_dr25_tce,6126.00,165.00,-201.00,4.513,0.054,-0.216,0.9150,0.2860,-0.0950,286.276980,43.339142,15.325
8387,9357375,K07166.01,,FALSE POSITIVE,FALSE POSITIVE,0.0000,0,0,0,1,1.588262630,1.8160000e-05,-1.8160000e-05,132.1913900,9.880000e-03,-9.880000e-03,0.0210,0.4480,-0.0210,2.65500,0.31600,-0.31600,7.8900e+01,1.100e+01,-1.100e+01,0.47,3.000e-02,-3.000e-02,862.0,,,130.67,28.35,-25.50,8.50,1,q1_q17_dr25_tce,3931.00,78.00,-78.00,4.717,0.030,-0.030,0.5440,0.0330,-0.0360,297.233550,45.843262,15.455
8388,6859546,K06777.01,,CANDIDATE,CANDIDATE,0.7180,0,0,0,0,13.445017400,1.2610000e-04,-1.2610000e-04,137.2478800,8.350000e-03,-8.350000e-03,0.5310,0.4500,-0.3180,2.11800,0.24600,-0.24600,1.9620e+02,2.900e+01,-2.900e+01,1.08,1.000e-01,-1.000e-01,606.0,,,31.92,11.17,-8.79,8.30,1,q1_q17_dr25_tce,5003.00,151.00,-151.00,4.553,0.061,-0.050,0.7590,0.0720,-0.0720,290.721950,42.391571,15.256
8389,7700578,K06908.01,,FALSE POSITIVE,FALSE POSITIVE,0.0000,1,0,0,1,1.507100589,4.2990000e-06,-4.2990000e-06,132.0932200,4.000000e-03,-4.000000e-03,0.3360,0.0140,-0.0130,5.80970,0.01160,-0.01160,4.9766e+05,9.460e+02,-9.460e+02,131.16,3.789e+01,-3.407e+01,2378.0,,,7555.78,6432.98,-4106.75,711.80,1,q1_q17_dr25_tce,6919.00,190.00,-309.00,4.099,0.190,-0.171,1.7480,0.5050,-0.4540,297.260190,43.306358,14.150
8390,8757213,K07911.01,,FALSE POSITIVE,FALSE POSITIVE,0.0780,1,0,0,0,328.048500000,4.5630000e-02,-4.5630000e-02,301.5126000,9.240000e-02,-9.240000e-02,0.3290,0.1320,-0.3290,13.75000,2.70000,-2.70000,3.9800e+02,1.140e+02,-1.140e+02,2.22,7.800e-01,-2.600e-01,292.0,,,1.72,1.82,-0.59,6.90,1,q1_q17_dr25_tce,6268.00,195.00,-260.00,4.429,0.054,-0.229,1.1000,0.3840,-0.1280,293.270900,44.919102,15.619
8391,9540675,K07188.01,,FALSE POSITIVE,FALSE POSITIVE,0.0000,0,0,1,1,3.556435140,9.0200000e-05,-9.0200000e-05,133.5696000,2.430000e-02,-2.430000e-02,0.1460,0.3240,-0.1460,8.52900,0.66300,-0.66300,4.5800e+01,3.900e+00,-3.900e+00,0.75,2.100e-01,-1.700e-01,1297.0,,,669.38,552.84,-314.33,13.40,1,q1_q17_dr25_tce,5831.00,157.00,-157.00,4.289,0.225,-0.184,1.1090,0.3120,-0.2560,297.166020,46.199188,13.874
8392,11560431,K07457.01,,FALSE POSITIVE,FALSE POSITIVE,0.0000,0,0,0,1,0.527673075,,,131.8234533,,,0.1340,,,1.36930,,,2.6100e+01,,,0.42,7.000e-02,-5.000e-02,1970.0,,,3535.35,2235.45,-1177.64,2.30,3,q1_q17_dr25_tce,5367.00,212.00,-191.00,4.514,0.076,-0.124,0.8280,0.1510,-0.1010,292.565830,49.535721,9.694
8393,4352168,K06404.01,,FALSE POSITIVE,FALSE POSITIVE,0.0000,0,1,0,0,10.643743766,5.8600000e-07,-5.8600000e-07,134.9422857,4.630000e-05,-4.630000e-05,0.3530,0.0030,-0.0010,6.29783,0.00221,-0.00221,4.3651e+05,2.400e+02,-2.400e+02,47.87,4.960e+00,-4.970e+00,675.0,,,49.06,18.23,-14.19,3167.90,1,q1_q17_dr25_tce,5282.00,159.00,-159.00,4.578,0.084,-0.052,0.6940,0.0720,-0.0720,287.714970,39.442711,14.343
8394,7009828,K06802.01,,FALSE POSITIVE,FALSE POSITIVE,0.0000,0,1,0,0,5.321224925,8.0400000e-07,-8.0400000e-07,135.1250710,1.260000e-04,-1.260000e-04,1.0030,0.0130,-0.0160,7.48973,0.00626,-0.00626,9.8872e+04,9.690e+01,-9.690e+01,40.62,7.070e+00,-3.810e+00,958.0,,,199.25,109.79,-54.29,1203.40,1,q1_q17_dr25_tce,5787.00,173.00,-173.00,4.544,0.085,-0.114,0.7580,0.1320,-0.0710,282.427730,42.593639,15.013
8395,8880003,K07914.01,,FALSE POSITIVE,FALSE POSITIVE,0.0000,1,0,0,1,1.721287520,2.7800000e-05,-2.7800000e-05,132.5489000,1.660000e-02,-1.660000e-02,0.4490,0.0170,-0.4480,2.36600,0.36500,-0.36500,5.8500e+01,9.900e+00,-9.900e+00,0.65,1.700e-01,-6.000e-02,1415.0,,,944.49,750.53,-251.94,7.70,2,q1_q17_dr25_tce,5813.00,157.00,-174.00,4.561,0.035,-0.184,0.8330,0.2250,-0.0750,289.777440,45.153191,15.178
8396,8423903,K07038.01,,FALSE POSITIVE,FALSE POSITIVE,0.0000,1,0,0,0,12.496434600,2.2130000e-04,-2.2130000e-04,132.0358000,1.430000e-02,-1.430000e-02,1.1700,0.0780,-0.0850,84.32000,1.20000,-1.20000,2.7170e+02,2.500e+00,-2.500e+00,55.34,1.084e+01,-2.530e+01,1397.0,,,899.44,536.52,-676.12,141.50,1,q1_q17_dr25_tce,6821.00,190.00,-286.00,3.805,0.390,-0.130,2.7300,0.5350,-1.2480,289.230800,44.412483,13.054
8397,8445775,K07042.01,,FALSE POSITIVE,FALSE POSITIVE,0.0000,0,1,0,0,13.254134073,7.3300000e-07,-7.3300000e-07,136.3679147,4.660000e-05,-4.660000e-05,1.0510,0.1350,-0.0090,4.34991,0.00182,-0.00182,4.4980e+04,1.640e+01,-1.640e+01,58.51,1.602e+01,-1.956e+01,990.0,,,227.51,188.61,-139.47,2281.00,1,q1_q17_dr25_tce,6175.00,188.00,-206.00,4.111,0.319,-0.147,1.4360,0.3930,-0.4800,296.953250,44.464230,13.876
8398,8488876,K07047.01,,FALSE POSITIVE,FALSE POSITIVE,0.0000,0,1,0,1,5.801881299,2.0500000e-07,-2.0500000e-07,136.9821453,2.890000e-05,-2.890000e-05,0.8100,0.0030,0.0000,4.21133,0.00212,-0.00212,3.4470e+04,1.660e+01,-1.660e+01,62.90,9.240e+00,-2.588e+01,2001.0,,,3784.87,1768.34,-2678.69,3642.00,1,q1_q17_dr25_tce,7259.00,201.00,-302.00,3.739,0.392,-0.098,3.0090,0.4420,-1.2380,289.405150,44.515480,12.368
8399,8553907,K07056.01,,FALSE POSITIVE,FALSE POSITIVE,0.0000,0,1,0,0,42.032096076,6.4890000e-06,-6.4890000e-06,133.5811190,1.280000e-04,-1.280000e-04,0.5190,0.0050,-0.0040,11.67680,0.00719,-0.00719,3.9126e+05,2.080e+02,-2.080e+02,79.17,1.772e+01,-8.860e+00,622.0,,,35.34,22.48,-10.66,2164.40,1,q1_q17_dr25_tce,6618.00,148.00,-198.00,4.393,0.063,-0.147,1.1170,0.2500,-0.1250,289.479220,44.631371,12.694
8400,8604993,K07066.01,,FALSE POSITIVE,FALSE POSITIVE,0.0000,0,1,0,0,6.570421193,1.2140000e-06,-1.2140000e-06,134.0194800,1.560000e-04,-1.560000e-04,0.9390,0.3870,-0.0310,4.46980,0.01110,-0.01110,6.0118e+04,1.050e+02,-1.050e+02,33.99,9.250e+00,-3.970e+00,946.0,,,189.25,151.19,-56.83,712.60,1,q1_q17_dr25_tce,5812.00,156.00,-156.00,4.484,0.065,-0.182,0.9080,0.2470,-0.1060,282.239960,44.731140,15.299
8401,2856960,K06295.01,,FALSE POSITIVE,FALSE POSITIVE,0.0000,1,0,0,0,204.280255000,6.8340000e-03,-6.8340000e-03,164.7235000,2.370000e-02,-2.370000e-02,0.8750,4.5820,-0.1040,37.20000,1.50000,-1.50000,1.0579e+04,3.980e+02,-3.980e+02,8.99,8.500e-01,-7.700e-01,236.0,,,0.73,0.25,-0.18,35.10,2,q1_q17_dr25_tce,4907.00,146.00,-131.00,4.582,0.050,-0.045,0.7270,0.0690,-0.0620,292.381320,38.076649,15.615
8402,6285397,K06685.01,,FALSE POSITIVE,FALSE POSITIVE,0.0000,0,0,0,1,5.243826900,1.6320000e-04,-1.6320000e-04,132.6874000,2.930000e-02,-2.930000e-02,0.2280,0.2600,-0.2280,8.23500,0.99800,-0.99800,1.2860e+02,1.420e+01,-1.420e+01,0.76,5.000e-02,-7.000e-02,743.0,,,72.18,20.18,-19.10,11.30,1,q1_q17_dr25_tce,4634.00,125.00,-139.00,4.597,0.052,-0.028,0.6890,0.0500,-0.0610,291.922970,41.630718,15.914
8403,10601579,K07349.01,,FALSE POSITIVE,FALSE POSITIVE,0.0000,0,1,0,0,8.098754149,2.5800000e-07,-2.5800000e-07,134.7753240,2.630000e-05,-2.630000e-05,1.4670,0.0060,-0.1310,5.62354,0.00178,-0.00178,5.6616e+04,9.400e+00,-9.400e+00,123.02,3.572e+01,-3.207e+01,1176.0,,,452.03,390.47,-241.75,5402.00,1,q1_q17_dr25_tce,6328.00,181.00,-250.00,4.160,0.214,-0.175,1.4500,0.4210,-0.3780,292.491850,47.835350,11.587
8404,11763910,K07477.01,,FALSE POSITIVE,FALSE POSITIVE,0.0000,1,0,1,0,0.612888148,4.5630000e-06,-4.5630000e-06,131.9637200,6.930000e-03,-6.930000e-03,0.5340,0.0070,-0.5050,2.82200,0.23800,-0.23800,4.3100e+01,3.400e+00,-3.400e+00,0.93,3.100e-01,-1.500e-01,2796.0,,,14401.76,13652.09,-5836.12,15.90,1,q1_q17_dr25_tce,6720.00,161.00,-261.00,4.276,0.087,-0.203,1.3680,0.4530,-0.2260,292.292390,49.955441,13.725
8405,3098194,K06303.01,,FALSE POSITIVE,FALSE POSITIVE,0.0000,0,1,0,0,30.476518853,6.8910000e-06,-6.8910000e-06,136.9728820,1.870000e-04,-1.870000e-04,0.6000,0.0060,-0.0090,10.22640,0.00993,-0.00993,3.2663e+05,2.870e+02,-2.870e+02,71.42,2.136e+01,-1.425e+01,592.0,,,28.96,26.07,-12.32,1347.90,1,q1_q17_dr25_tce,5527.00,166.00,-149.00,4.315,0.205,-0.205,1.0730,0.3210,-0.2140,286.003080,38.285721,13.901
8406,4725292,K06437.01,,FALSE POSITIVE,FALSE POSITIVE,0.0000,1,0,0,0,1.154950630,,,132.3452800,,,,,,2.31000,,,,,,,,,,,,340.77,100.35,-101.48,,2,q1_q17_dr25_tce,,,,,,,,,,283.705510,39.870491,14.785
8407,8807057,K07093.01,,FALSE POSITIVE,FALSE POSITIVE,0.4330,1,0,0,0,97.991569000,1.8570000e-03,-1.8570000e-03,134.6750000,1.370000e-02,-1.370000e-02,0.7110,0.2520,-0.4770,4.66500,0.51000,-0.51000,1.2680e+02,1.840e+01,-1.840e+01,1.41,4.700e-01,-1.600e-01,467.0,,,11.21,10.53,-3.43,9.00,1,q1_q17_dr25_tce,6499.00,144.00,-208.00,4.378,0.067,-0.216,1.1690,0.3890,-0.1300,286.553650,45.002338,13.650
8408,10665228,K07358.01,,CANDIDATE,CANDIDATE,0.3780,0,0,0,0,11.325115300,2.5040000e-04,-2.5040000e-04,137.2423000,1.790000e-02,-1.790000e-02,0.3520,0.1130,-0.3520,2.12600,0.43700,-0.43700,2.9720e+02,5.170e+01,-5.170e+01,1.26,1.700e-01,-1.200e-01,674.0,,,48.78,23.97,-13.49,7.00,1,q1_q17_dr25_tce,5334.00,186.00,-167.00,4.574,0.063,-0.077,0.7270,0.1020,-0.0680,291.706390,47.908581,15.995
8409,8953296,K07916.01,,FALSE POSITIVE,FALSE POSITIVE,0.0000,0,1,0,0,0.784294574,5.1000000e-08,-5.1000000e-08,132.2265109,5.470000e-05,-5.470000e-05,0.7640,0.0070,-0.0070,4.18831,0.00412,-0.00412,2.1253e+05,1.460e+02,-1.460e+02,87.26,2.512e+01,-2.285e+01,2651.0,,,11702.60,9989.03,-6255.87,1751.10,1,q1_q17_dr25_tce,6576.00,185.00,-254.00,4.171,0.209,-0.171,1.4550,0.4190,-0.3810,291.938690,45.222198,13.901
8410,12004689,K07504.01,,FALSE POSITIVE,FALSE POSITIVE,,0,0,0,1,2.521270800,3.1120000e-05,-3.1120000e-05,132.8596000,1.000000e-02,-1.000000e-02,0.3286,0.1437,-0.3285,2.70600,0.45200,-0.45200,1.6330e+02,3.010e+01,-3.010e+01,0.81,1.300e-01,-5.000e-02,1003.0,,,238.81,119.07,-49.09,7.80,1,q1_q17_dr24_tce,5110.00,157.00,-135.00,4.674,0.026,-0.026,0.6370,0.0970,-0.0380,286.431370,50.401440,15.894
8411,6452742,K06715.01,,CANDIDATE,CANDIDATE,0.6100,0,1,0,0,0.687772143,7.9000000e-08,-7.9000000e-08,131.8669185,9.490000e-05,-9.490000e-05,1.1660,0.0330,-0.0420,2.56725,0.00387,-0.00387,4.0368e+04,4.020e+01,-4.020e+01,46.27,1.201e+01,-8.030e+00,2097.0,,,4569.67,3493.56,-1807.95,679.80,1,q1_q17_dr25_tce,5885.00,159.00,-177.00,4.413,0.144,-0.176,0.9330,0.2420,-0.1620,294.883510,41.800461,14.726
8412,12217907,K07516.01,,FALSE POSITIVE,FALSE POSITIVE,0.0000,0,1,0,0,43.204596783,4.0690000e-06,-4.0690000e-06,146.5978539,7.550000e-05,-7.550000e-05,0.3990,0.0020,-0.0010,15.04020,0.00487,-0.00487,2.0249e+05,5.910e+01,-5.910e+01,43.15,1.421e+01,-3.800e+00,519.0,,,17.15,17.14,-4.95,4750.20,1,q1_q17_dr25_tce,6003.00,188.00,-230.00,4.507,0.054,-0.229,0.9320,0.3070,-0.0820,296.271150,50.886292,14.291
8413,3437739,K06333.01,,FALSE POSITIVE,FALSE POSITIVE,0.0000,0,0,1,1,1.891341560,3.1620000e-05,-3.1620000e-05,132.6518000,1.420000e-02,-1.420000e-02,0.7390,0.2240,-0.4980,5.89100,0.61500,-0.61500,6.8400e+01,8.300e+00,-8.300e+00,0.99,2.900e-01,-1.300e-01,1673.0,,,1856.23,1625.33,-621.13,10.30,1,q1_q17_dr25_tce,6387.00,172.00,-211.00,4.410,0.065,-0.195,1.1050,0.3300,-0.1410,289.790560,38.529060,15.343
8414,8906676,K07108.01,,FALSE POSITIVE,FALSE POSITIVE,0.0000,0,1,0,0,8.209514329,1.4000000e-07,-1.4000000e-07,134.0632157,1.400000e-05,-1.400000e-05,1.0790,0.0510,-0.1370,4.14104,0.00191,-0.00191,1.4139e+05,1.300e+00,-1.300e+00,149.52,3.577e+01,-6.644e+01,1371.0,,,834.79,621.79,-615.53,6579.30,1,q1_q17_dr25_tce,6258.00,203.00,-248.00,3.882,0.464,-0.116,2.1110,0.5050,-0.9380,298.448550,45.104176,12.121
8415,9637299,K07207.01,,FALSE POSITIVE,FALSE POSITIVE,0.0000,0,1,0,0,1.882438182,8.6000000e-08,-8.6000000e-08,132.7396834,3.810000e-05,-3.810000e-05,0.3950,0.0070,-0.0040,3.50695,0.00119,-0.00119,3.4420e+05,1.900e+02,-1.900e+02,74.77,1.923e+01,-1.923e+01,1818.0,,,2589.75,1964.74,-1325.08,2051.30,1,q1_q17_dr25_tce,6322.00,171.00,-190.00,4.211,0.264,-0.176,1.2130,0.3120,-0.3120,285.760710,46.367008,13.680
8416,8179747,K05483.01,,FALSE POSITIVE,FALSE POSITIVE,0.0000,0,1,0,0,17.946328114,1.1880000e-06,-1.1880000e-06,136.9472719,5.590000e-05,-5.590000e-05,0.7740,0.0060,-0.0020,8.15905,0.00375,-0.00375,1.0299e+05,4.570e+01,-4.570e+01,66.65,3.627e+01,-3.627e+01,845.0,,,120.63,207.23,-98.46,3497.60,1,q1_q17_dr25_tce,5228.00,174.00,-158.00,3.906,0.679,-0.291,1.7220,0.9370,-0.9370,296.417020,44.048210,14.933
8417,8891684,K05581.01,Kepler-1634 b,CONFIRMED,CANDIDATE,0.9680,0,0,0,0,374.878133000,7.7910000e-03,-7.7910000e-03,491.0640000,9.290000e-03,-9.290000e-03,0.6260,0.3110,-0.3940,10.55600,0.40100,-0.40100,9.1460e+02,4.810e+01,-4.810e+01,4.27,1.070e+00,-1.180e+00,282.0,,,1.49,1.15,-0.80,21.90,1,q1_q17_dr25_tce,5636.00,171.00,-171.00,4.218,0.214,-0.156,1.3540,0.3410,-0.3750,294.043400,45.139778,14.508
8418,6311637,K06688.01,,FALSE POSITIVE,FALSE POSITIVE,0.0000,0,1,0,0,1.620813697,4.2200000e-07,-4.2200000e-07,132.7273670,2.140000e-04,-2.140000e-04,0.6360,0.0040,-0.0040,5.99680,0.01980,-0.01980,1.2132e+05,3.060e+02,-3.060e+02,43.95,1.348e+01,-1.348e+01,1733.0,,,2127.67,1912.66,-1210.78,680.40,1,q1_q17_dr25_tce,5757.00,155.00,-155.00,4.209,0.306,-0.204,1.1770,0.3610,-0.3610,298.703340,41.633961,13.242
8419,6423922,K06705.01,,CANDIDATE,CANDIDATE,0.4130,0,0,0,0,0.995141200,1.0140000e-05,-1.0140000e-05,131.5268000,1.050000e-02,-1.050000e-02,0.9980,0.3510,-0.0200,5.58800,0.51300,-0.51300,1.0170e+02,7.300e+00,-7.300e+00,0.22,1.400e-01,-1.000e-02,509.0,,,15.69,34.56,-1.02,17.60,1,q1_q17_dr25_tce,3325.00,117.00,-25.00,5.364,0.012,-0.228,0.1090,0.0730,-0.0020,284.239900,41.819042,15.673
8420,6449291,K06713.01,,FALSE POSITIVE,FALSE POSITIVE,0.0000,0,0,0,1,5.776873400,1.2170000e-04,-1.2170000e-04,133.6218000,1.970000e-02,-1.970000e-02,0.9940,0.0410,-0.7550,5.76200,0.46100,-0.46100,7.1000e+01,8.300e+00,-8.300e+00,3.13,1.070e+00,-1.980e+00,1399.0,,,905.00,966.74,-796.74,10.10,1,q1_q17_dr25_tce,5473.00,194.00,-155.00,3.796,0.697,-0.232,2.1620,0.7380,-1.3700,293.878630,41.856449,13.712
8421,6591789,K06735.01,,FALSE POSITIVE,FALSE POSITIVE,0.0000,0,1,0,0,5.088407870,2.1400000e-07,-2.1400000e-07,134.3553111,3.450000e-05,-3.450000e-05,0.5130,0.0060,-0.0070,4.77204,0.00110,-0.00110,3.8668e+05,9.380e+01,-9.380e+01,55.30,1.266e+01,-4.540e+00,937.0,,,181.75,123.62,-44.55,3095.00,1,q1_q17_dr25_tce,5618.00,152.00,-152.00,4.583,0.038,-0.152,0.7910,0.1810,-0.0650,287.046480,42.000519,15.353
8422,6606282,K06740.01,,FALSE POSITIVE,FALSE POSITIVE,0.0000,0,1,0,0,1.053573674,1.3700000e-07,-1.3700000e-07,132.4280120,1.100000e-04,-1.100000e-04,1.3080,0.0720,-0.1140,1.70116,0.00320,-0.00320,3.0630e+03,4.600e+00,-4.600e+00,299.87,1.051e+02,-1.445e+02,4319.0,,,81969.77,82744.14,-63435.92,445.30,1,q1_q17_dr25_tce,5838.00,143.00,-245.00,3.038,0.405,-0.135,7.3850,2.5890,-3.5590,291.872440,42.030499,12.970
8423,10586619,K07345.01,,CANDIDATE,CANDIDATE,0.9020,0,0,0,0,377.501257000,8.7700000e-03,-8.7700000e-03,278.8375000,1.640000e-02,-1.640000e-02,0.0330,0.4260,-0.0330,11.98000,0.59500,-0.59500,5.4140e+02,4.600e+01,-4.600e+01,2.16,3.200e-01,-1.000e-01,242.0,,,0.81,0.31,-0.11,13.90,1,q1_q17_dr25_tce,5751.00,78.00,-78.00,4.508,0.021,-0.119,0.9400,0.1380,-0.0430,285.640900,47.811050,15.044
8424,10649230,K07353.01,,FALSE POSITIVE,FALSE POSITIVE,0.0000,0,0,1,0,0.447820618,5.1200000e-07,-5.1200000e-07,131.8331230,8.840000e-04,-8.840000e-04,0.3170,0.1320,-0.3170,0.41990,0.02740,-0.02740,5.8300e+01,2.200e+00,-2.200e+00,1.42,4.100e-01,-6.300e-01,3141.0,,,23149.06,20951.51,-16731.76,28.40,1,q1_q17_dr25_tce,5927.00,195.00,-177.00,3.988,0.495,-0.165,1.6070,0.4720,-0.7080,283.898070,47.933487,12.770
8425,10680424,K07361.01,,CANDIDATE,CANDIDATE,1.0000,0,0,0,0,0.926239830,1.1720000e-05,-1.1720000e-05,131.7203000,1.710000e-02,-1.710000e-02,0.0580,0.5110,-0.0580,1.26700,0.27900,-0.27900,4.1140e+02,7.500e+01,-7.500e+01,1.16,1.200e-01,-9.000e-02,1208.0,,,504.34,204.45,-135.05,9.10,1,q1_q17_dr25_tce,4494.00,161.00,-161.00,4.692,0.032,-0.052,0.5910,0.0620,-0.0470,297.207520,47.972099,16.280
8426,10809677,K07374.01,,FALSE POSITIVE,FALSE POSITIVE,0.0000,0,1,0,0,3.521050679,1.1220000e-06,-1.1220000e-06,134.2185450,2.500000e-04,-2.500000e-04,1.2660,0.2700,-0.1570,3.53230,0.01340,-0.01340,4.8798e+03,1.650e+01,-1.650e+01,256.20,7.660e+01,-1.422e+02,2434.0,,,8306.90,7098.02,-6897.57,337.20,1,q1_q17_dr25_tce,5149.00,123.00,-194.00,3.109,0.442,-0.238,6.6190,1.9790,-3.6750,296.478550,48.146160,13.942
8427,8105398,K05475.02,,CANDIDATE,CANDIDATE,0.9810,0,0,0,0,5.683256480,3.7490000e-05,-3.7490000e-05,134.8769800,5.990000e-03,-5.990000e-03,0.8440,0.1200,-0.6200,1.77800,0.16300,-0.16300,4.4600e+01,5.300e+00,-5.300e+00,0.97,1.900e-01,-2.900e-01,1257.0,,,589.92,354.24,-324.43,10.00,2,q1_q17_dr25_tce,6072.00,167.00,-137.00,4.133,0.301,-0.129,1.2860,0.2550,-0.3830,294.494870,43.913620,13.093
8428,4680745,K07552.01,,FALSE POSITIVE,FALSE POSITIVE,,1,0,0,0,1.463148937,9.2670000e-06,-9.2670000e-06,132.3480200,3.650000e-03,-3.650000e-03,1.0653,0.0302,-0.0666,11.04000,1.70000,-1.70000,1.6800e+02,3.400e+00,-3.400e+00,15.82,6.510e+00,-5.320e+00,2371.0,,,7470.01,8940.00,-4549.92,66.60,1,q1_q17_dr24_tce,6525.00,161.00,-192.00,3.993,0.288,-0.288,1.8050,0.7430,-0.6070,297.773710,39.739441,11.614
8429,5177065,K07556.01,,FALSE POSITIVE,FALSE POSITIVE,,1,0,0,0,1.253831620,5.4040000e-05,-5.4040000e-05,132.6237000,3.680000e-02,-3.680000e-02,0.2204,0.2742,-0.2202,7.68000,1.70000,-1.70000,1.2900e+01,2.200e+00,-2.200e+00,0.47,2.700e-01,-8.000e-02,2109.0,,,4677.63,7978.37,-1869.42,9.70,3,q1_q17_dr24_tce,6472.00,150.00,-195.00,4.271,0.126,-0.126,1.2990,0.7420,-0.2290,288.811370,40.361938,12.005
8430,8868686,K07598.01,,FALSE POSITIVE,FALSE POSITIVE,0.0000,1,0,1,1,4.447091070,7.0700000e-05,-7.0700000e-05,133.9044000,1.320000e-02,-1.320000e-02,0.9880,0.0370,-0.7430,16.79000,1.50000,-1.50000,4.0500e+01,2.000e+00,-2.000e+00,0.96,2.800e-01,-1.600e-01,1228.0,,,537.35,465.52,-204.86,22.60,1,q1_q17_dr25_tce,6137.00,165.00,-202.00,4.357,0.128,-0.192,1.0760,0.3180,-0.1710,284.416470,45.138889,13.510
8431,9837578,K02937.01,,FALSE POSITIVE,FALSE POSITIVE,0.0000,0,1,0,0,20.733748565,1.6280000e-06,-1.6280000e-06,132.8465918,6.200000e-05,-6.200000e-05,0.4790,0.0040,-0.0050,6.28773,0.00371,-0.00371,4.1734e+05,2.230e+02,-2.230e+02,69.80,4.800e+00,-4.810e+00,661.0,,,45.06,10.87,-8.03,2236.70,1,q1_q17_dr25_tce,5620.00,118.00,-75.00,4.363,0.065,-0.040,0.9740,0.0670,-0.0670,294.496980,46.689758,15.726
8432,5024372,K06495.01,,FALSE POSITIVE,FALSE POSITIVE,,1,0,1,0,0.561524348,6.9700000e-06,-6.9700000e-06,131.7959300,9.010000e-03,-9.010000e-03,0.4172,0.0604,-0.4169,3.33600,0.42200,-0.42200,3.4100e+01,4.600e+00,-4.600e+00,0.43,1.100e-01,-4.000e-02,2050.0,,,4173.47,3510.85,-1175.10,15.70,1,q1_q17_dr24_tce,5919.00,196.00,-186.00,4.550,0.100,-0.100,0.7150,0.1940,-0.0690,295.311770,40.197590,14.564
8433,5286786,K06554.01,,FALSE POSITIVE,FALSE POSITIVE,0.0000,0,1,0,0,9.948701373,9.3400000e-06,-9.3400000e-06,138.5541200,7.530000e-04,-7.530000e-04,1.2770,6.9310,-0.0250,3.29220,0.03910,-0.03910,2.7495e+03,3.130e+01,-3.130e+01,29.19,3.570e+00,-3.560e+00,704.0,,,57.93,24.08,-18.36,103.10,1,q1_q17_dr25_tce,5152.00,153.00,-153.00,4.517,0.090,-0.090,0.7860,0.0960,-0.0960,295.080170,40.477100,15.456
8434,9644683,K07214.01,,FALSE POSITIVE,FALSE POSITIVE,0.0000,1,0,1,1,0.585940879,4.3500000e-07,-4.3500000e-07,131.7057420,6.600000e-04,-6.600000e-04,1.2540,0.1330,-0.0910,4.69790,0.06630,-0.06630,1.9436e+03,1.360e+01,-1.360e+01,26.57,5.430e+00,-2.340e+00,1873.0,,,2897.54,1926.34,-806.74,189.90,1,q1_q17_dr25_tce,5459.00,191.00,-191.00,4.583,0.032,-0.128,0.7970,0.1630,-0.0700,289.994080,46.304871,15.912
8435,5616489,K06604.01,,FALSE POSITIVE,FALSE POSITIVE,,1,0,0,0,410.885270000,1.2200000e-02,-1.2200000e-02,202.8127000,1.750000e-02,-1.750000e-02,100.1960,0.7625,-37.5300,24.10000,1.10000,-1.10000,2.0596e+03,9.550e+01,-9.550e+01,200346.00,1.453e+04,-7.718e+04,774.0,,,84.63,18.67,-57.25,21.50,1,q1_q17_dr24_tce,5015.00,75.00,-191.00,2.340,0.030,-0.030,18.4890,1.3410,-7.1230,290.728640,40.866501,12.962
8436,9953736,K07262.01,,FALSE POSITIVE,FALSE POSITIVE,0.0000,1,0,0,0,0.508187430,2.4240000e-06,-2.4240000e-06,131.6306400,3.890000e-03,-3.890000e-03,0.7790,0.1750,-0.5040,3.43300,0.15100,-0.15100,5.4900e+01,2.800e+00,-2.800e+00,1.26,4.900e-01,-1.600e-01,3274.0,,,27312.92,30792.63,-10158.86,29.10,1,q1_q17_dr25_tce,7141.00,195.00,-335.00,4.243,0.060,-0.225,1.5600,0.5960,-0.1990,292.852810,46.851360,13.313
8437,10156064,K07290.01,,FALSE POSITIVE,FALSE POSITIVE,0.0000,0,1,0,0,2.427967843,6.0900000e-07,-6.0900000e-07,133.5987720,1.980000e-04,-1.980000e-04,0.9540,0.0200,-0.0190,4.78470,0.01200,-0.01200,1.2698e+05,3.290e+02,-3.290e+02,108.33,3.046e+01,-2.030e+01,2275.0,,,6328.22,5269.33,-2809.79,472.80,1,q1_q17_dr25_tce,7652.00,214.00,-322.00,4.104,0.135,-0.165,1.9210,0.5400,-0.3600,296.993410,47.146648,10.367
8438,8216763,K04838.02,,CANDIDATE,CANDIDATE,0.8040,0,0,0,0,6.333423090,9.8620000e-05,-9.8620000e-05,133.7198000,1.270000e-02,-1.270000e-02,1.1010,71.0400,-2.3330,3.46000,0.63300,-0.63300,1.2330e+02,2.220e+01,-2.220e+01,7.62,6.900e-01,-6.200e-01,625.0,,,36.11,11.53,-9.10,7.50,3,q1_q17_dr25_tce,4352.00,116.00,-129.00,4.671,0.032,-0.042,0.6130,0.0550,-0.0500,284.268590,44.197540,15.073
8439,5871918,K06632.01,,FALSE POSITIVE,FALSE POSITIVE,0.0000,0,1,0,0,12.643303542,6.7900000e-07,-6.7900000e-07,139.7603975,4.480000e-05,-4.480000e-05,0.7390,0.0150,-0.0260,5.48853,0.00252,-0.00252,2.3672e+05,5.340e+01,-5.340e+01,34.94,2.110e+00,-2.300e+00,443.0,,,9.07,1.96,-1.77,2907.60,1,q1_q17_dr25_tce,3977.00,79.00,-79.00,4.697,0.033,-0.025,0.5620,0.0340,-0.0370,290.348910,41.137829,15.701
8440,6781535,K06769.01,,FALSE POSITIVE,FALSE POSITIVE,0.0000,0,1,0,0,9.122087110,7.9400000e-07,-7.9400000e-07,138.8352077,7.160000e-05,-7.160000e-05,1.1040,0.0380,-0.0570,4.62417,0.00326,-0.00326,5.8790e+04,3.300e+01,-3.300e+01,52.66,7.800e+00,-5.220e+00,904.0,,,157.73,61.68,-36.49,1599.10,1,q1_q17_dr25_tce,5857.00,79.00,-79.00,4.396,0.090,-0.110,1.0390,0.1540,-0.1030,293.074520,42.280258,13.666
8441,8749844,K07909.01,,FALSE POSITIVE,FALSE POSITIVE,0.2310,1,0,0,0,361.510990000,1.0220000e-02,-1.0220000e-02,249.7333000,1.580000e-02,-1.580000e-02,0.4430,0.5310,-0.2430,4.86800,0.51900,-0.51900,2.3590e+02,3.120e+01,-3.120e+01,6.85,1.100e+00,-3.290e+00,733.0,,,68.36,35.71,-52.80,9.30,1,q1_q17_dr25_tce,9492.00,297.00,-396.00,3.619,0.451,-0.080,4.2980,0.6880,-2.0650,290.407930,44.963940,12.973
8442,6859813,K06778.01,,FALSE POSITIVE,FALSE POSITIVE,0.0000,0,1,0,0,10.882422090,3.9700000e-07,-3.9700000e-07,132.6767451,2.970000e-05,-2.970000e-05,0.7880,0.0070,-0.0090,5.51934,0.00089,-0.00089,2.0681e+05,3.130e+01,-3.130e+01,63.14,1.372e+01,-7.370e+00,894.0,,,150.98,97.66,-46.63,4284.20,1,q1_q17_dr25_tce,6200.00,166.00,-185.00,4.422,0.066,-0.154,1.0450,0.2270,-0.1220,290.806700,42.343929,12.068
8443,7798259,K06917.01,,FALSE POSITIVE,FALSE POSITIVE,0.0000,0,1,0,0,1.734221252,4.7500000e-07,-4.7500000e-07,132.8334390,2.210000e-04,-2.210000e-04,0.5530,0.2010,-0.0480,2.45770,0.01560,-0.01560,2.8982e+05,2.292e+03,-2.292e+03,42.06,3.300e+00,-4.010e+00,1114.0,,,363.79,111.97,-100.05,542.20,1,q1_q17_dr25_tce,4765.00,142.00,-142.00,4.584,0.056,-0.032,0.7020,0.0550,-0.0670,280.343840,43.596142,15.726
8444,11409698,K07444.01,,FALSE POSITIVE,FALSE POSITIVE,0.0000,0,1,0,0,10.267826760,3.1200000e-07,-3.1200000e-07,139.1769796,2.470000e-05,-2.470000e-05,0.2770,0.0070,-0.0010,6.02685,0.00073,-0.00073,2.4718e+05,4.840e+01,-4.840e+01,73.59,2.095e+01,-1.717e+01,1136.0,,,393.02,321.08,-191.41,5758.70,1,q1_q17_dr25_tce,6664.00,162.00,-223.00,4.176,0.185,-0.167,1.4400,0.4100,-0.3360,295.146850,49.282410,13.691
8445,7868967,K06925.01,,CANDIDATE,CANDIDATE,,0,0,0,0,12.948925600,1.8530000e-04,-1.8530000e-04,142.4450000,1.370000e-02,-1.370000e-02,0.0847,0.4753,-0.0846,2.16200,0.68500,-0.68500,3.3100e+02,1.250e+02,-1.250e+02,0.94,9.000e-02,-1.300e-01,416.0,,,7.09,2.14,-2.47,7.20,1,q1_q17_dr24_tce,3867.00,80.00,-135.00,4.734,0.070,-0.070,0.5250,0.0500,-0.0700,281.356780,43.658352,15.663
8446,8559796,K07057.01,,FALSE POSITIVE,FALSE POSITIVE,0.0000,1,0,0,0,0.619303759,,,131.5539456,,,1.0130,,,6.60380,,,7.4500e+01,,,4.71,1.530e+00,-1.020e+00,3232.0,,,25737.02,24732.63,-12431.62,3.50,1,q1_q17_dr25_tce,7138.00,199.00,-299.00,4.137,0.158,-0.193,1.6840,0.5480,-0.3650,291.705810,44.618542,13.154
8447,9592855,K07196.01,,FALSE POSITIVE,FALSE POSITIVE,0.0000,1,0,0,1,0.609662423,2.2000000e-08,-2.2000000e-08,131.9465140,2.990000e-05,-2.990000e-05,0.7990,0.0130,-0.0120,4.24033,0.00354,-0.00354,1.4092e+05,7.270e+01,-7.270e+01,110.14,2.616e+01,-3.487e+01,3834.0,,,51214.99,37515.86,-31059.11,3250.10,1,q1_q17_dr25_tce,7498.00,235.00,-314.00,3.964,0.228,-0.152,2.2740,0.5400,-0.7200,293.770140,46.236580,12.216
8448,11618798,K07465.01,,FALSE POSITIVE,FALSE POSITIVE,,1,0,1,0,42.926136400,7.4360000e-04,-7.4360000e-04,138.5107000,1.630000e-02,-1.630000e-02,0.2964,0.1625,-0.2964,2.57800,0.34200,-0.34200,3.7840e+02,5.770e+01,-5.770e+01,1.84,7.700e-01,-1.500e-01,490.0,,,13.65,17.27,-3.51,8.60,1,q1_q17_dr24_tce,5628.00,177.00,-178.00,4.503,0.037,-0.037,0.9530,0.3950,-0.0770,295.655910,49.609348,15.395
8449,2708172,K06287.01,,FALSE POSITIVE,FALSE POSITIVE,0.0000,0,0,1,1,1.891144410,3.3260000e-05,-3.3260000e-05,132.7545000,1.640000e-02,-1.640000e-02,1.0880,0.2640,-0.0940,8.72400,0.85200,-0.85200,4.9900e+01,3.700e+00,-3.700e+00,6.57,4.700e-01,-5.800e-01,932.0,,,177.97,52.12,-46.84,16.70,1,q1_q17_dr25_tce,4267.00,128.00,-128.00,4.637,0.049,-0.021,0.6270,0.0450,-0.0550,290.291750,37.981079,13.814
8450,7032383,K06811.01,,FALSE POSITIVE,FALSE POSITIVE,0.0000,1,0,1,1,0.566797404,4.0580000e-06,-4.0580000e-06,131.8365200,5.530000e-03,-5.530000e-03,0.1190,0.3730,-0.1190,4.10900,0.17700,-0.17700,6.9400e+01,5.700e+00,-5.700e+00,0.64,1.000e-01,-7.000e-02,1890.0,,,2993.84,1507.51,-952.14,18.80,1,q1_q17_dr25_tce,5313.00,175.00,-159.00,4.510,0.104,-0.115,0.7840,0.1170,-0.0960,291.406520,42.582218,15.354
8451,7947631,K06936.01,,FALSE POSITIVE,FALSE POSITIVE,0.0000,0,1,0,0,1.258274109,1.1700000e-07,-1.1700000e-07,132.7042523,7.660000e-05,-7.660000e-05,1.2440,0.1500,-0.0940,1.92467,0.00230,-0.00230,1.4160e+04,5.900e+00,-5.900e+00,25.98,1.810e+00,-1.820e+00,1207.0,,,502.19,156.99,-119.43,669.10,1,q1_q17_dr25_tce,4937.00,172.00,-154.00,4.669,0.056,-0.032,0.5870,0.0410,-0.0410,286.764980,43.796329,15.179
8452,4274071,K06399.01,,CANDIDATE,CANDIDATE,0.8270,0,0,0,0,6.768900760,7.3790000e-05,-7.3790000e-05,133.0772400,8.440000e-03,-8.440000e-03,0.1500,0.3050,-0.1500,3.61600,0.30600,-0.30600,1.2310e+02,1.320e+01,-1.320e+01,1.24,3.400e-01,-2.300e-01,1017.0,,,253.30,204.89,-103.87,10.80,1,q1_q17_dr25_tce,5737.00,154.00,-171.00,4.327,0.153,-0.187,1.1250,0.3100,-0.2070,294.404720,39.351681,14.725
8453,4356621,K06405.01,,FALSE POSITIVE,FALSE POSITIVE,0.0000,0,0,0,1,1.731795800,1.9660000e-05,-1.9660000e-05,132.8964000,1.030000e-02,-1.030000e-02,0.4450,0.0270,-0.4450,2.92400,0.27100,-0.27100,6.0600e+01,6.800e+00,-6.800e+00,1.19,1.800e-01,-2.600e-01,1825.0,,,2628.30,1101.79,-1094.00,10.50,1,q1_q17_dr25_tce,5691.00,85.00,-77.00,4.095,0.203,-0.087,1.5080,0.2360,-0.3240,289.205140,39.468441,15.019
8454,4445630,K06414.01,,FALSE POSITIVE,FALSE POSITIVE,0.0000,0,1,0,0,5.627911313,3.8300000e-07,-3.8300000e-07,133.1491782,5.660000e-05,-5.660000e-05,0.4640,0.0030,-0.0020,7.08223,0.00301,-0.00301,4.3433e+05,1.370e+02,-1.370e+02,81.61,2.686e+01,-1.149e+01,1167.0,,,438.81,424.89,-154.77,2890.70,1,q1_q17_dr25_tce,6280.00,172.00,-203.00,4.361,0.101,-0.203,1.1150,0.3670,-0.1570,285.062410,39.574390,13.858
8455,4484312,K06419.01,,FALSE POSITIVE,FALSE POSITIVE,0.0000,0,0,0,1,2.242941070,2.1150000e-05,-2.1150000e-05,133.4786200,9.640000e-03,-9.640000e-03,0.2300,0.2350,-0.2300,2.53200,0.29900,-0.29900,3.9400e+01,4.000e+00,-4.000e+00,0.75,2.200e-01,-2.200e-01,1654.0,,,1763.55,1562.97,-977.28,12.10,1,q1_q17_dr25_tce,6082.00,182.00,-164.00,4.195,0.306,-0.204,1.1840,0.3490,-0.3490,296.451390,39.591660,13.182
8456,4544623,K06423.01,,FALSE POSITIVE,FALSE POSITIVE,0.0000,0,1,1,1,2.189097000,3.3230000e-05,-3.3230000e-05,132.0841000,1.440000e-02,-1.440000e-02,1.2460,6.7660,-0.1000,5.76800,0.64500,-0.64500,3.0010e+03,2.820e+02,-2.820e+02,13.92,1.300e+00,-1.410e+00,647.0,,,41.37,11.35,-10.51,13.50,1,q1_q17_dr25_tce,3624.00,58.00,-72.00,4.848,0.045,-0.036,0.4060,0.0380,-0.0410,285.899050,39.690639,15.999
8457,8618226,K07070.01,,FALSE POSITIVE,FALSE POSITIVE,0.0000,0,1,0,0,5.882036054,3.9600000e-07,-3.9600000e-07,131.7687637,5.490000e-05,-5.490000e-05,1.1830,0.0800,-0.0440,5.16326,0.00547,-0.00547,2.3852e+05,1.330e+02,-1.330e+02,119.09,1.866e+01,-1.866e+01,1114.0,,,363.01,149.51,-118.55,2168.40,1,q1_q17_dr25_tce,5837.00,79.00,-79.00,4.282,0.143,-0.104,1.1870,0.1860,-0.1860,289.331540,44.772579,13.781
8458,8690001,K07075.01,,FALSE POSITIVE,FALSE POSITIVE,0.0000,1,0,0,0,19.359541170,3.0600000e-05,-3.0600000e-05,134.2520100,2.210000e-03,-2.210000e-03,0.3280,0.0020,-0.0010,12.84640,0.00528,-0.00528,3.8698e+05,1.710e+02,-1.710e+02,101.44,3.295e+01,-4.946e+01,942.0,,,186.12,185.74,-143.37,3590.20,1,q1_q17_dr25_tce,6198.00,204.00,-204.00,3.960,0.570,-0.190,1.5670,0.5090,-0.7640,292.108430,44.846481,14.257
8459,8736245,K07082.01,,FALSE POSITIVE,FALSE POSITIVE,0.0000,0,1,0,0,2.534740757,4.2700000e-07,-4.2700000e-07,133.4778370,1.400000e-04,-1.400000e-04,0.5100,0.0100,-0.0140,4.85013,0.00772,-0.00772,3.6435e+05,6.270e+02,-6.270e+02,52.52,1.184e+01,-5.040e+00,1230.0,,,541.27,362.91,-144.87,675.70,1,q1_q17_dr25_tce,5810.00,157.00,-157.00,4.560,0.050,-0.150,0.7810,0.1760,-0.0750,283.434080,44.989731,13.798
8460,8784288,K07091.01,,FALSE POSITIVE,FALSE POSITIVE,0.0000,0,1,0,0,1.827558898,2.4300000e-07,-2.4300000e-07,132.2655400,1.100000e-04,-1.100000e-04,0.0930,0.0360,-0.0870,4.72808,0.00703,-0.00703,3.1468e+05,4.940e+02,-4.940e+02,118.28,2.699e+01,-5.843e+01,2178.0,,,5331.71,3712.98,-4136.96,920.80,1,q1_q17_dr25_tce,5977.00,178.00,-196.00,3.854,0.544,-0.136,2.0770,0.4740,-1.0260,301.303500,44.999660,13.661
8461,8845552,K07099.01,,CANDIDATE,CANDIDATE,,0,0,0,0,34.035776600,4.6090000e-04,-4.6090000e-04,138.9291000,1.170000e-02,-1.170000e-02,0.6983,0.0633,-0.4897,3.84900,0.36400,-0.36400,3.8660e+02,5.000e+01,-5.000e+01,1.05,7.000e-02,-1.000e-01,337.0,,,3.06,0.90,-0.86,9.60,1,q1_q17_dr24_tce,4367.00,136.00,-146.00,4.739,0.060,-0.060,0.5010,0.0350,-0.0460,300.305330,45.093418,15.534
8462,11904704,K07489.01,,CANDIDATE,CANDIDATE,0.9990,0,0,0,0,0.565713361,2.3190000e-06,-2.3190000e-06,131.6635700,3.310000e-03,-3.310000e-03,0.2300,0.2240,-0.2300,0.95400,0.16600,-0.16600,8.6400e+01,1.160e+01,-1.160e+01,0.81,1.200e-01,-8.000e-02,1917.0,,,3197.67,1496.47,-939.37,11.60,1,q1_q17_dr25_tce,5220.00,157.00,-157.00,4.480,0.086,-0.105,0.8810,0.1250,-0.0940,286.038390,50.294441,14.722
8463,3230227,K06311.01,,FALSE POSITIVE,FALSE POSITIVE,0.0000,0,1,0,0,7.047106212,1.2300000e-06,-1.2300000e-06,132.7501500,1.450000e-04,-1.450000e-04,1.0770,0.0520,-0.0450,3.16223,0.00768,-0.00768,6.9626e+04,1.460e+02,-1.460e+02,119.64,2.314e+01,-3.474e+01,1846.0,,,2744.25,1615.68,-1578.66,548.50,1,q1_q17_dr25_tce,8162.00,226.00,-340.00,3.973,0.234,-0.126,2.3210,0.4490,-0.6740,290.112580,38.399872,9.002
8464,10732401,K07366.01,,FALSE POSITIVE,FALSE POSITIVE,0.0000,1,0,0,1,0.933747375,4.9310000e-06,-4.9310000e-06,131.5199000,5.020000e-03,-5.020000e-03,1.0630,0.3560,-0.0740,5.97400,0.27400,-0.27400,1.9890e+02,6.900e+00,-6.900e+00,8.93,2.610e+00,-9.300e-01,2003.0,,,3820.18,3207.16,-1163.83,35.90,1,q1_q17_dr25_tce,6224.00,153.00,-218.00,4.454,0.052,-0.195,1.0240,0.2990,-0.1070,292.328640,48.021519,14.740
8465,6436505,K06707.01,,CANDIDATE,CANDIDATE,0.9930,0,0,0,0,43.535891000,4.2270000e-04,-4.2270000e-04,155.2005500,8.680000e-03,-8.680000e-03,0.2580,0.2140,-0.2580,4.71200,0.24700,-0.24700,5.7660e+02,4.540e+01,-4.540e+01,1.86,3.300e-01,-1.600e-01,444.0,,,9.19,5.25,-2.28,13.90,1,q1_q17_dr25_tce,5481.00,166.00,-149.00,4.592,0.032,-0.120,0.7780,0.1410,-0.0650,289.707030,41.843540,15.857
8466,7198648,K06840.01,,FALSE POSITIVE,FALSE POSITIVE,0.0000,1,0,0,1,0.566799833,2.0620000e-06,-2.0620000e-06,131.6409400,4.030000e-03,-4.030000e-03,0.8510,0.0520,-0.5880,5.54300,0.14900,-0.14900,1.9800e+02,1.670e+01,-1.670e+01,1.27,2.700e-01,-1.100e-01,1900.0,,,3084.60,2042.90,-846.32,54.00,1,q1_q17_dr25_tce,5488.00,182.00,-182.00,4.584,0.036,-0.135,0.7890,0.1640,-0.0700,291.283110,42.741859,15.524
8467,8210721,K06991.01,,FALSE POSITIVE,FALSE POSITIVE,0.0000,0,1,0,0,22.673145675,6.6750000e-06,-6.6750000e-06,138.1456410,2.200000e-04,-2.200000e-04,0.6050,0.0070,-0.0010,6.63240,0.01450,-0.01450,6.5411e+04,8.660e+01,-8.660e+01,30.92,8.900e+00,-7.300e+00,684.0,,,51.67,43.71,-24.63,912.00,1,q1_q17_dr25_tce,5619.00,152.00,-152.00,4.269,0.225,-0.184,1.1530,0.3320,-0.2720,281.010500,44.153770,14.274
8468,12353633,K07523.01,,FALSE POSITIVE,FALSE POSITIVE,0.0000,0,1,0,1,0.684496369,4.9510000e-06,-4.9510000e-06,131.9212500,7.400000e-03,-7.400000e-03,0.5010,0.4600,-0.2810,2.26300,0.18700,-0.18700,2.8400e+01,2.100e+00,-2.100e+00,1.12,2.500e-01,-5.800e-01,2913.0,,,17099.50,12062.69,-13645.50,16.30,1,q1_q17_dr25_tce,5800.00,192.00,-175.00,3.866,0.552,-0.138,2.0530,0.4590,-1.0720,289.524900,51.172005,13.181
8469,4948863,K06479.01,,FALSE POSITIVE,FALSE POSITIVE,0.0000,0,1,0,0,8.643550046,9.3900000e-07,-9.3900000e-07,139.8333977,8.570000e-05,-8.570000e-05,1.0760,0.0890,-0.0800,3.12730,0.00459,-0.00459,6.7299e+04,6.190e+01,-6.190e+01,38.21,7.980e+00,-2.660e+00,779.0,,,87.16,56.44,-20.50,849.30,1,q1_q17_dr25_tce,5679.00,173.00,-173.00,4.605,0.036,-0.135,0.7470,0.1560,-0.0520,297.850070,40.068722,15.414
8470,5534702,K06596.01,,FALSE POSITIVE,FALSE POSITIVE,0.0000,1,0,0,0,1.025465924,9.9000000e-08,-9.9000000e-08,131.6091403,8.000000e-05,-8.000000e-05,0.8800,0.0120,-0.0130,3.71841,0.00458,-0.00458,1.5268e+05,1.070e+02,-1.070e+02,106.84,1.912e+01,-2.338e+01,2710.0,,,12744.17,5754.57,-5362.90,1120.80,1,q1_q17_dr25_tce,6700.00,73.00,-87.00,4.041,0.174,-0.116,1.8830,0.3370,-0.4120,292.183440,40.707241,13.821
8471,8240109,K06998.01,,FALSE POSITIVE,FALSE POSITIVE,0.0020,0,1,0,0,2.301187530,1.3760000e-06,-1.3760000e-06,132.1932180,4.870000e-04,-4.870000e-04,1.0330,0.0170,-0.0240,7.82160,0.05500,-0.05500,8.7537e+04,3.120e+02,-3.120e+02,140.23,1.857e+01,-5.198e+01,2783.0,,,14194.09,6110.09,-9452.12,404.80,1,q1_q17_dr25_tce,7970.00,221.00,-332.00,3.871,0.336,-0.105,2.6520,0.3510,-0.9830,294.223540,44.135658,13.489
8472,9899153,K07243.01,,FALSE POSITIVE,FALSE POSITIVE,0.0000,0,0,1,1,1.332561670,2.7470000e-05,-2.7470000e-05,132.0567000,1.740000e-02,-1.740000e-02,0.4020,0.0610,-0.4020,3.74300,0.55600,-0.55600,5.9500e+01,4.900e+00,-4.900e+00,0.63,6.000e-02,-6.000e-02,1326.0,,,727.84,251.52,-208.19,13.00,1,q1_q17_dr25_tce,4895.00,145.00,-145.00,4.502,0.088,-0.528,0.8280,0.0780,-0.0850,295.141570,46.793919,14.877
8473,9971475,K07268.01,,FALSE POSITIVE,FALSE POSITIVE,0.0000,0,1,0,0,5.357409918,6.7800000e-07,-6.7800000e-07,131.6376010,1.000000e-04,-1.000000e-04,0.8040,0.0410,-0.0360,4.28582,0.00587,-0.00587,1.9916e+05,2.080e+02,-2.080e+02,124.05,3.956e+01,-6.784e+01,1492.0,,,1172.13,1150.60,-956.50,936.10,1,q1_q17_dr25_tce,5768.00,191.00,-156.00,3.809,0.653,-0.174,2.0570,0.6560,-1.1250,298.994420,46.812408,13.166
8474,6629588,K06748.01,,FALSE POSITIVE,FALSE POSITIVE,0.0000,0,1,0,0,2.264471713,5.3800000e-07,-5.3800000e-07,131.5188050,1.940000e-04,-1.940000e-04,0.8100,0.0200,-0.0170,7.18030,0.01150,-0.01150,1.8743e+05,2.480e+02,-2.480e+02,102.12,2.524e+01,-3.468e+01,2103.0,,,4637.68,3530.09,-2910.02,873.70,1,q1_q17_dr25_tce,6782.00,214.00,-262.00,4.014,0.312,-0.144,1.7520,0.4330,-0.5950,297.755650,42.009071,13.983
8475,6763884,K06763.01,,CANDIDATE,CANDIDATE,0.9710,0,0,0,0,2.446938230,1.0670000e-05,-1.0670000e-05,133.0009200,3.450000e-03,-3.450000e-03,0.6110,0.0070,-0.4920,0.95400,0.15200,-0.15200,2.6400e+01,4.000e+00,-4.000e+00,0.56,8.000e-02,-5.000e-02,1379.0,,,855.53,328.61,-174.26,9.00,1,q1_q17_dr25_tce,5821.00,69.00,-87.00,4.419,0.063,-0.117,1.0330,0.1540,-0.0830,287.234860,42.263309,12.160
8476,6806632,K06772.01,,FALSE POSITIVE,FALSE POSITIVE,0.0000,1,0,0,0,9.469191607,5.8900000e-07,-5.8900000e-07,140.9753434,5.110000e-05,-5.110000e-05,0.6270,0.0010,-0.0010,9.55999,0.00257,-0.00257,6.3502e+04,1.830e+01,-1.830e+01,49.17,2.171e+01,-1.087e+01,1679.0,,,1875.84,2543.21,-924.35,4419.30,1,q1_q17_dr25_tce,9454.00,301.00,-414.00,4.244,0.108,-0.234,1.8320,0.8090,-0.4050,298.890750,42.209862,13.292
8477,6863840,K06779.01,,FALSE POSITIVE,FALSE POSITIVE,0.0000,1,0,0,0,1.926366998,1.8900000e-07,-1.8900000e-07,131.7468446,8.090000e-05,-8.090000e-05,0.4980,0.0100,-0.0100,3.98088,0.00406,-0.00406,3.9953e+05,2.770e+02,-2.770e+02,53.63,5.640e+00,-5.650e+00,1204.0,,,497.84,185.48,-144.37,1093.20,1,q1_q17_dr25_tce,5176.00,153.00,-153.00,4.542,0.077,-0.063,0.7600,0.0800,-0.0800,292.054870,42.334969,15.138
8478,10847907,K07379.01,,FALSE POSITIVE,FALSE POSITIVE,0.0000,1,0,0,0,0.535493486,4.2260000e-06,-4.2260000e-06,131.7432090,3.750000e-04,-3.750000e-04,0.5660,0.4460,-0.4110,2.57000,1.20000,-1.20000,5.4000e+01,2.200e+02,-2.200e+02,1.42,4.000e-01,-5.000e-01,3181.0,,,24045.87,20467.92,-15396.63,5.10,1,q1_q17_dr25_tce,6328.00,177.00,-243.00,4.035,0.276,-0.161,1.8640,0.5360,-0.6550,285.251920,48.286209,13.390
8479,10867017,K07384.01,,FALSE POSITIVE,FALSE POSITIVE,0.0000,0,1,1,0,0.876941133,5.6470000e-06,-5.6470000e-06,132.2689900,4.470000e-03,-4.470000e-03,0.3860,0.0710,-0.3860,1.29600,0.19800,-0.19800,7.3500e+01,7.400e+00,-7.400e+00,0.85,2.500e-01,-8.000e-02,1938.0,,,3332.14,2880.65,-977.21,12.30,1,q1_q17_dr25_tce,6018.00,168.00,-210.00,4.485,0.050,-0.200,0.9750,0.2850,-0.0950,294.214420,48.258179,14.978
8480,10987439,K07396.01,,FALSE POSITIVE,FALSE POSITIVE,0.0000,0,1,0,0,10.674598360,7.3800000e-07,-7.3800000e-07,138.8847317,6.210000e-05,-6.210000e-05,1.2550,0.0540,-0.0660,3.82706,0.00177,-0.00177,1.6676e+04,5.800e+00,-5.800e+00,68.58,1.275e+01,-8.500e+00,1083.0,,,325.55,154.35,-88.21,1845.60,1,q1_q17_dr25_tce,6496.00,77.00,-83.00,4.212,0.095,-0.116,1.4850,0.2760,-0.1840,296.825870,48.443378,10.810
8481,11073223,K07406.01,,FALSE POSITIVE,FALSE POSITIVE,0.0000,0,1,0,0,11.578946873,6.1800000e-07,-6.1800000e-07,131.7977742,4.370000e-05,-4.370000e-05,0.4410,0.0030,-0.0040,4.63730,0.00181,-0.00181,2.9974e+05,1.890e+02,-1.890e+02,58.32,1.610e+01,-1.076e+01,869.0,,,134.91,109.54,-55.47,2456.30,1,q1_q17_dr25_tce,6028.00,163.00,-181.00,4.355,0.158,-0.193,1.0140,0.2800,-0.1870,285.714390,48.601822,15.003
8482,5809890,K01050.02,Kepler-755 c,CONFIRMED,CANDIDATE,1.0000,0,0,0,0,2.853133997,4.3560000e-06,-4.3560000e-06,133.7967800,1.290000e-03,-1.290000e-03,0.6980,0.0160,-0.5030,1.46500,0.04340,-0.04340,2.7710e+02,8.300e+00,-8.300e+00,1.36,1.000e-01,-6.000e-02,1016.0,,,251.77,58.05,-41.30,39.70,2,q1_q17_dr25_tce,5041.00,100.00,-100.00,4.576,0.028,-0.048,0.7660,0.0510,-0.0370,296.860990,41.097340,13.999
8483,3113266,K01088.01,,FALSE POSITIVE,FALSE POSITIVE,0.0000,0,1,1,0,0.995861402,1.4600000e-07,-1.4600000e-07,132.3468190,1.220000e-04,-1.220000e-04,1.2560,2.5280,-0.1390,1.15070,0.00838,-0.00838,4.9938e+03,2.400e+01,-2.400e+01,26.93,3.810e+00,-2.370e+00,1477.0,,,1124.35,524.29,-295.75,272.00,1,q1_q17_dr25_tce,5286.00,158.00,-158.00,4.604,0.045,-0.071,0.7060,0.1000,-0.0620,290.639430,38.284630,15.577
8484,6153201,K01038.01,,FALSE POSITIVE,FALSE POSITIVE,,0,0,0,1,0.530300102,2.5400000e-07,-2.5400000e-07,354.9857360,3.350000e-04,-3.350000e-04,1.2507,0.2616,-0.0920,2.85020,0.02230,-0.02230,3.0400e+03,1.790e+01,-1.790e+01,35.73,1.446e+01,-3.230e+00,2410.0,,,7972.18,9658.43,-2287.03,207.40,,,6184.00,179.00,-225.00,4.448,0.045,-0.269,1.0380,0.4200,-0.0940,299.260380,41.420231,15.435
8485,4074736,K01328.01,,CANDIDATE,CANDIDATE,0.9090,0,0,0,0,80.966956100,1.2120000e-04,-1.2120000e-04,160.9767200,1.270000e-03,-1.270000e-03,0.0070,0.3830,-0.0070,2.52760,0.04830,-0.04830,4.7330e+03,1.040e+02,-1.040e+02,5.04,1.030e+00,-3.700e-01,364.0,,,4.14,2.62,-0.99,52.00,1,q1_q17_dr25_tce,5611.00,168.00,-168.00,4.610,0.040,-0.128,0.7370,0.1510,-0.0540,295.805850,39.177990,15.671
8486,7831264,K00171.02,Kepler-116 c,CONFIRMED,CANDIDATE,1.0000,0,0,0,0,13.071418890,4.0480000e-05,-4.0480000e-05,144.4421700,2.590000e-03,-2.590000e-03,0.7510,0.1790,-0.5170,3.09460,0.07250,-0.07250,2.5110e+02,8.400e+00,-8.400e+00,2.47,4.500e-01,-4.400e-01,964.0,,,203.87,105.33,-77.13,32.00,2,q1_q17_dr25_tce,6122.00,136.00,-124.00,4.173,0.168,-0.112,1.4390,0.2570,-0.2570,294.742070,43.536831,13.717
8487,8703491,K07906.01,,FALSE POSITIVE,FALSE POSITIVE,0.0000,0,1,1,0,0.616343903,3.4900000e-07,-3.4900000e-07,132.0865080,4.600000e-04,-4.600000e-04,0.0420,0.4280,-0.0420,0.76560,0.02390,-0.02390,1.6140e+02,3.300e+00,-3.300e+00,1.72,5.600e-01,-3.400e-01,2513.0,,,9411.28,9257.12,-4251.22,77.80,1,q1_q17_dr25_tce,6045.00,190.00,-232.00,4.264,0.136,-0.204,1.3400,0.4340,-0.2670,296.819820,44.869434,12.190
8488,7902719,K05444.01,,FALSE POSITIVE,FALSE POSITIVE,,1,0,1,1,368.708390000,1.4060000e-02,-1.4060000e-02,232.6130000,3.300000e-02,-3.300000e-02,0.5958,0.0739,-0.4523,6.08000,1.00000,-1.00000,9.5700e+02,1.500e+02,-1.500e+02,2.87,1.120e+00,-2.300e-01,267.0,,,1.21,1.40,-0.32,12.20,1,q1_q16_tce,6409.00,184.00,-217.00,4.523,0.039,-0.294,0.8870,0.3450,-0.0720,295.669220,43.654781,15.417
8489,8814872,K05574.01,,CANDIDATE,CANDIDATE,,0,0,0,0,373.415090000,6.1810000e-03,-6.1810000e-03,346.9457000,1.190000e-02,-1.190000e-02,0.0532,0.4155,-0.0531,6.61700,0.61200,-0.61200,1.8060e+03,1.910e+02,-1.910e+02,2.55,1.900e-01,-3.000e-01,158.0,,,0.15,0.04,-0.05,10.00,1,q1_q16_tce,4236.00,121.00,-144.00,4.642,0.065,-0.027,0.6120,0.0470,-0.0710,290.307740,45.011410,15.850
8490,10685764,K05822.01,,CANDIDATE,CANDIDATE,,0,0,0,0,17.634272000,1.2270000e-04,-1.2270000e-04,133.2933200,5.550000e-03,-5.550000e-03,0.1876,0.2714,-0.1872,1.38700,0.18000,-0.18000,7.6700e+01,9.900e+00,-9.900e+00,1.69,1.310e+00,-1.030e+00,842.0,,,118.84,295.21,-102.02,9.70,1,q1_q16_tce,4885.00,125.00,-97.00,3.815,0.740,-0.413,1.9790,1.5330,-1.2040,298.742160,47.945278,12.310
8491,8016211,K05460.01,,FALSE POSITIVE,FALSE POSITIVE,0.0000,0,1,0,1,3.174877200,1.2320000e-04,-1.2320000e-04,133.7621000,5.370000e-02,-5.370000e-02,0.9400,0.0030,-0.0040,7.08900,0.10000,-0.10000,1.7410e+03,2.360e+01,-2.360e+01,8.80,4.480e+00,-4.030e+00,1410.0,,,933.10,1538.16,-695.11,98.60,1,q1_q17_dr25_tce,5116.00,197.00,-179.00,3.994,0.581,-0.290,1.6190,0.8240,-0.7410,286.693330,43.869961,14.395
8492,8939650,K05587.01,,FALSE POSITIVE,FALSE POSITIVE,0.0000,0,1,0,0,1.827660875,2.3900000e-07,-2.3900000e-07,132.8212980,1.080000e-04,-1.080000e-04,1.0260,0.2250,-0.0070,3.98600,0.00570,-0.00570,4.6677e+04,5.490e+01,-5.490e+01,42.10,1.370e+01,-4.560e+00,1664.0,,,1811.72,1683.20,-548.88,890.30,1,q1_q17_dr25_tce,6352.00,150.00,-206.00,4.427,0.054,-0.216,1.0720,0.3490,-0.1160,286.125240,45.276932,14.268
8493,9958962,K00593.04,,CANDIDATE,CANDIDATE,0.7440,0,0,0,0,240.192808000,8.9890000e-03,-8.9890000e-03,168.3047000,3.070000e-02,-3.070000e-02,0.8140,0.1410,-0.5750,9.72000,0.62700,-0.62700,6.0580e+02,5.400e+01,-5.400e+01,2.68,8.300e-01,-2.800e-01,298.0,,,1.86,1.74,-0.55,12.00,4,q1_q17_dr25_tce,6004.00,181.00,-199.00,4.484,0.052,-0.208,0.9770,0.3020,-0.1010,294.989140,46.838329,14.957
8494,4633434,K06431.01,,FALSE POSITIVE,FALSE POSITIVE,0.0000,0,1,0,0,22.271198511,1.3200000e-06,-1.3200000e-06,134.7601462,4.950000e-05,-4.950000e-05,0.7750,0.0040,-0.0330,4.58598,0.00187,-0.00187,1.7904e+05,6.170e+01,-6.170e+01,39.79,4.310e+00,-4.300e+00,515.0,,,16.62,6.33,-4.77,2141.30,1,q1_q17_dr25_tce,5068.00,151.00,-136.00,4.556,0.077,-0.056,0.7300,0.0790,-0.0790,283.986020,39.784538,15.362
8495,4678171,K06435.01,,FALSE POSITIVE,FALSE POSITIVE,0.0000,0,1,0,0,15.288709179,1.2200000e-06,-1.2200000e-06,132.8060911,6.320000e-05,-6.320000e-05,0.3720,0.0070,-0.0040,5.00366,0.00325,-0.00325,5.1247e+05,2.400e+02,-2.400e+02,54.56,2.200e+00,-4.780e+00,509.0,,,15.84,3.42,-4.29,1758.70,1,q1_q17_dr25_tce,4464.00,132.00,-145.00,4.577,0.059,-0.017,0.7190,0.0290,-0.0630,297.284000,39.707680,15.993
8496,4740688,K06444.01,,FALSE POSITIVE,FALSE POSITIVE,0.0000,0,0,1,1,3.454232960,2.9240000e-05,-2.9240000e-05,131.7129400,6.410000e-03,-6.410000e-03,0.8930,0.0740,-0.6740,2.96500,0.19700,-0.19700,1.4980e+02,1.740e+01,-1.740e+01,0.95,6.000e-02,-7.000e-02,743.0,,,71.74,21.51,-18.80,10.20,1,q1_q17_dr25_tce,4186.00,146.00,-161.00,4.662,0.028,-0.038,0.6350,0.0410,-0.0450,289.968380,39.815739,15.726
8497,4760959,K06449.01,,CANDIDATE,CANDIDATE,,0,0,0,0,29.931517400,7.0200000e-04,-7.0200000e-04,135.0082000,2.500000e-02,-2.500000e-02,0.5986,0.0750,-0.5007,2.53000,1.10000,-1.10000,3.5300e+02,1.420e+02,-1.420e+02,1.58,5.900e-01,-1.200e-01,517.0,,,16.90,18.98,-3.87,5.60,1,q1_q17_dr24_tce,5551.00,172.00,-142.00,4.570,0.029,-0.029,0.8090,0.3000,-0.0610,295.526180,39.806839,15.671
8498,4840818,K06458.01,,FALSE POSITIVE,FALSE POSITIVE,0.0000,0,1,0,0,5.024768971,6.7300000e-07,-6.7300000e-07,133.1201420,1.090000e-04,-1.090000e-04,1.0380,0.1130,-0.0310,3.82433,0.00524,-0.00524,5.3046e+04,7.850e+01,-7.850e+01,42.15,1.261e+01,-5.410e+00,1159.0,,,425.90,374.09,-143.07,696.50,1,q1_q17_dr25_tce,6322.00,171.00,-209.00,4.444,0.067,-0.202,0.9890,0.2960,-0.1270,293.279690,39.915760,14.355
8499,8938628,K07109.01,,FALSE POSITIVE,FALSE POSITIVE,0.0000,0,1,0,0,3.431126546,9.0900000e-07,-9.0900000e-07,133.5931040,2.230000e-04,-2.230000e-04,1.1610,0.1640,-0.1250,2.79860,0.01050,-0.01050,4.0248e+04,1.430e+02,-1.430e+02,47.48,1.475e+01,-1.108e+01,1251.0,,,580.05,528.37,-278.04,308.50,1,q1_q17_dr25_tce,5815.00,157.00,-174.00,4.349,0.220,-0.220,0.9690,0.3010,-0.2260,285.662600,45.217720,13.681
8500,8958939,K07117.01,,CANDIDATE,CANDIDATE,,0,0,0,0,8.292755800,1.5270000e-04,-1.5270000e-04,135.0352000,1.610000e-02,-1.610000e-02,0.6346,0.3237,-0.4034,4.78400,0.40700,-0.40700,1.0330e+02,1.470e+01,-1.470e+01,1.01,3.100e-01,-1.000e-01,927.0,,,174.36,154.13,-48.49,8.40,1,q1_q17_dr24_tce,6146.00,151.00,-193.00,4.497,0.045,-0.045,0.9430,0.2900,-0.0890,294.007870,45.232689,15.382
8501,9024857,K07124.01,,FALSE POSITIVE,FALSE POSITIVE,0.0000,0,1,0,0,35.026564845,1.8150000e-06,-1.8150000e-06,160.6019871,4.290000e-05,-4.290000e-05,0.7770,0.0190,-0.0150,2.90121,0.00386,-0.00386,1.2025e+05,1.170e+02,-1.170e+02,34.88,8.100e+00,-2.710e+00,489.0,,,13.56,9.60,-3.22,1607.20,1,q1_q17_dr25_tce,5546.00,166.00,-149.00,4.575,0.038,-0.152,0.8100,0.1880,-0.0630,292.878480,45.344372,15.496
8502,9098810,K07132.01,,FALSE POSITIVE,FALSE POSITIVE,0.0000,0,1,0,0,8.258181993,3.0200000e-07,-3.0200000e-07,131.5010463,3.010000e-05,-3.010000e-05,0.6100,0.0070,-0.0060,3.91220,0.00082,-0.00082,3.1186e+05,2.400e+00,-2.400e+00,58.19,1.474e+01,-9.040e+00,809.0,,,101.33,77.81,-36.53,2981.60,1,q1_q17_dr25_tce,5306.00,159.00,-143.00,4.445,0.130,-0.259,0.8880,0.2250,-0.1380,295.269650,45.476009,13.448
8503,9164788,K07140.01,,FALSE POSITIVE,FALSE POSITIVE,,1,0,0,0,2.668111130,6.7520000e-05,-6.7520000e-05,133.5071000,2.220000e-02,-2.220000e-02,0.9911,0.0192,-0.0073,22.49000,2.50000,-2.50000,4.8300e+01,3.600e+00,-3.600e+00,1.53,8.800e-01,-3.800e-01,1792.0,,,2439.28,4300.86,-1273.09,32.50,2,q1_q17_dr24_tce,6593.00,181.00,-266.00,4.164,0.174,-0.174,1.5610,0.8970,-0.3890,295.694760,45.529202,13.688
8504,5695904,K02983.01,,FALSE POSITIVE,FALSE POSITIVE,0.0000,0,1,1,0,0.423854275,5.6900000e-07,-5.6900000e-07,132.1910700,1.140000e-03,-1.140000e-03,0.4490,0.0220,-0.4480,1.01980,0.04480,-0.04480,2.3530e+02,8.500e+00,-8.500e+00,0.58,5.000e-02,-7.000e-02,1062.0,,,301.79,85.41,-78.85,33.30,1,q1_q17_dr25_tce,3553.00,56.00,-64.00,4.887,0.044,-0.036,0.3680,0.0360,-0.0400,288.719790,40.986141,15.586
8505,7186259,K07582.01,,FALSE POSITIVE,FALSE POSITIVE,,1,0,0,0,4.239653090,,,132.9703967,,,,,,3.29000,,,,,,,,,,,,,,,,1,q1_q17_dr24_tce,,,,,,,,,,286.949950,42.741459,14.125
8506,10028792,K01574.04,,CANDIDATE,CANDIDATE,0.9460,0,0,0,0,8.977288800,1.4510000e-04,-1.4510000e-04,133.4474800,9.610000e-03,-9.610000e-03,0.7020,0.2690,-0.5000,4.72000,0.31000,-0.31000,9.7500e+01,1.000e+01,-1.000e+01,1.79,1.500e-01,-1.300e-01,1113.0,,,362.75,100.80,-72.55,10.30,4,q1_q17_dr25_tce,5597.00,112.00,-101.00,3.963,0.054,-0.045,1.6990,0.1470,-0.1230,297.916870,46.965130,14.600
8507,10621666,K01636.02,,FALSE POSITIVE,FALSE POSITIVE,,0,1,1,0,14.586219500,3.0040000e-04,-3.0040000e-04,135.2746000,1.770000e-02,-1.770000e-02,0.0133,0.4327,-0.0133,2.73300,0.81700,-0.81700,2.0220e+02,3.210e+01,-3.210e+01,1.17,5.100e-01,-9.000e-02,702.0,,,57.32,74.96,-13.38,9.30,2,q1_q17_dr24_tce,5904.00,166.00,-158.00,4.565,0.031,-0.031,0.8190,0.3580,-0.0620,299.066930,47.895191,14.598
8508,6947623,K06793.01,,CANDIDATE,CANDIDATE,0.9720,0,0,0,0,3.626573920,2.4860000e-05,-2.4860000e-05,133.5765800,6.170000e-03,-6.170000e-03,0.3060,0.1540,-0.3060,1.79100,0.19800,-0.19800,9.8500e+01,1.130e+01,-1.130e+01,0.79,1.600e-01,-7.000e-02,1014.0,,,250.00,153.91,-64.50,10.70,1,q1_q17_dr25_tce,5416.00,161.00,-161.00,4.579,0.034,-0.136,0.8000,0.1590,-0.0680,291.495850,42.478130,14.835
8509,6962018,K06799.01,,FALSE POSITIVE,FALSE POSITIVE,0.0000,0,1,0,0,0.634946497,8.2000000e-08,-8.2000000e-08,132.0745760,1.060000e-04,-1.060000e-04,0.4420,0.0300,-0.0160,2.40541,0.00561,-0.00561,4.2655e+05,4.600e+02,-4.600e+02,52.75,1.710e+00,-4.510e+00,1475.0,,,1123.92,249.24,-307.56,541.40,1,q1_q17_dr25_tce,4446.00,154.00,-154.00,4.567,0.060,-0.016,0.7370,0.0240,-0.0630,295.543730,42.428429,14.791
8510,7031948,K06807.01,,FALSE POSITIVE,FALSE POSITIVE,0.0000,1,0,1,1,0.566800113,5.5650000e-06,-5.5650000e-06,131.8173100,9.780000e-03,-9.780000e-03,0.7510,0.2170,-0.5050,3.31500,0.29800,-0.29800,1.0400e+02,7.900e+00,-7.900e+00,0.58,3.000e-02,-4.000e-02,1180.0,,,455.05,85.51,-90.60,18.10,1,q1_q17_dr25_tce,3844.00,77.00,-84.00,4.721,0.036,-0.021,0.5260,0.0250,-0.0340,291.260160,42.584019,15.765
8511,11182260,K07415.01,,FALSE POSITIVE,FALSE POSITIVE,0.0000,1,0,0,0,1.291964282,1.8260000e-06,-1.8260000e-06,132.6373300,1.110000e-03,-1.110000e-03,0.4610,0.1020,-0.3770,1.83780,0.07730,-0.07730,2.8640e+04,7.510e+02,-7.510e+02,10.97,1.030e+00,-1.030e+00,1249.0,,,572.64,189.34,-156.26,45.80,1,q1_q17_dr25_tce,4995.00,134.00,-149.00,4.624,0.070,-0.040,0.6380,0.0600,-0.0600,287.260740,48.846512,13.238
8512,11228612,K07420.01,,FALSE POSITIVE,FALSE POSITIVE,0.0000,0,1,0,0,2.980479588,1.7800000e-07,-1.7800000e-07,134.4020600,4.970000e-05,-4.970000e-05,0.4790,0.0240,-0.0120,3.72527,0.00164,-0.00164,3.7534e+05,1.480e+02,-1.480e+02,70.52,2.081e+01,-1.125e+01,1370.0,,,833.83,722.33,-312.37,1737.70,1,q1_q17_dr25_tce,6065.00,164.00,-182.00,4.377,0.124,-0.186,1.0470,0.3090,-0.1670,282.607210,48.968250,14.647
8513,11244571,K07427.01,,CANDIDATE,CANDIDATE,0.8510,0,0,0,0,7.893532400,1.9060000e-04,-1.9060000e-04,133.8053000,1.890000e-02,-1.890000e-02,0.3030,0.1680,-0.3030,3.44400,0.60200,-0.60200,4.7600e+01,5.600e+00,-5.600e+00,0.78,2.200e-01,-1.300e-01,1052.0,,,289.79,250.64,-110.32,8.30,1,q1_q17_dr25_tce,6306.00,170.00,-207.00,4.346,0.108,-0.186,1.1090,0.3270,-0.1760,292.081850,48.967110,13.954
8514,11288772,K07435.01,,CANDIDATE,CANDIDATE,1.0000,0,0,0,0,1.367523160,6.4420000e-06,-6.4420000e-06,131.7716300,4.140000e-03,-4.140000e-03,0.2990,0.1530,-0.2990,1.20800,0.11500,-0.11500,6.1000e+01,6.200e+00,-6.200e+00,0.82,1.300e-01,-6.000e-02,1684.0,,,1899.59,788.47,-373.37,11.70,1,q1_q17_dr25_tce,5836.00,78.00,-78.00,4.417,0.063,-0.117,1.0480,0.1660,-0.0830,287.220090,49.053501,13.861
8515,11401869,K07443.01,,FALSE POSITIVE,FALSE POSITIVE,0.0000,0,1,0,1,2.161469080,4.2740000e-05,-4.2740000e-05,131.8342000,1.660000e-02,-1.660000e-02,0.4100,0.0740,-0.4100,3.64300,0.98900,-0.98900,8.4800e+01,9.300e+00,-9.300e+00,0.95,2.900e-01,-1.300e-01,1487.0,,,1155.45,1089.87,-401.56,11.80,1,q1_q17_dr25_tce,6047.00,198.00,-216.00,4.422,0.087,-0.203,1.0130,0.3110,-0.1330,291.309540,49.242439,15.535
8516,9043947,K07920.01,,CANDIDATE,CANDIDATE,0.8690,0,0,0,0,1.043478580,1.0710000e-05,-1.0710000e-05,131.8424000,9.130000e-03,-9.130000e-03,0.4970,0.0000,-0.4710,2.01200,0.30600,-0.30600,2.2500e+01,3.400e+00,-3.400e+00,1.09,2.000e-01,-3.900e-01,2688.0,,,12313.82,7298.71,-7905.69,8.60,1,q1_q17_dr25_tce,6014.00,200.00,-182.00,3.843,0.300,-0.100,2.2460,0.4090,-0.8170,298.252040,45.396641,13.292
8517,3862246,K00230.01,,FALSE POSITIVE,FALSE POSITIVE,0.0000,0,1,0,0,4.702495974,3.2020000e-06,-3.2020000e-06,136.3084680,5.590000e-04,-5.590000e-04,1.3030,24.9900,-0.0420,2.34210,0.03060,-0.03060,4.7873e+03,5.570e+01,-5.570e+01,37.24,7.420e+00,-4.330e+00,981.0,,,219.08,135.28,-65.57,101.10,1,q1_q17_dr25_tce,5408.00,161.00,-145.00,4.476,0.092,-0.138,0.8780,0.1750,-0.1020,294.517460,38.956341,14.916
8518,11303815,K02645.01,,FALSE POSITIVE,FALSE POSITIVE,0.0000,0,0,1,1,1.705782214,7.5600000e-06,-7.5600000e-06,133.1560700,3.390000e-03,-3.390000e-03,0.7090,0.0340,-0.5130,1.00700,0.13700,-0.13700,2.7800e+02,3.160e+01,-3.160e+01,1.82,5.100e-01,-3.200e-01,1455.0,,,1060.41,928.69,-411.83,11.50,1,q1_q17_dr25_tce,5387.00,180.00,-147.00,4.380,0.153,-0.187,1.0090,0.2850,-0.1750,295.062410,49.049278,15.272
8519,11968463,K02433.05,,FALSE POSITIVE,FALSE POSITIVE,0.0000,0,1,1,0,0.646745436,3.0910000e-06,-3.0910000e-06,132.0258200,4.000000e-03,-4.000000e-03,0.9420,0.0230,-0.6440,1.18800,0.10100,-0.10100,1.1560e+02,1.030e+01,-1.030e+01,1.49,5.200e-01,-1.700e-01,2373.0,,,7468.24,7679.05,-2537.52,14.30,5,q1_q17_dr25_tce,6325.00,174.00,-261.00,4.409,0.058,-0.218,1.1120,0.3880,-0.1290,294.338470,50.336540,15.212
8520,7681230,K04294.01,,FALSE POSITIVE,FALSE POSITIVE,0.0000,0,1,0,0,0.962590772,4.6300000e-07,-4.6300000e-07,132.4212780,4.060000e-04,-4.060000e-04,1.2360,3.5930,-0.0470,1.25690,0.02260,-0.02260,1.0216e+03,1.230e+01,-1.230e+01,31.51,1.018e+01,-4.060e+00,2026.0,,,3989.37,3907.36,-1435.93,90.40,1,q1_q17_dr25_tce,6274.00,196.00,-261.00,4.434,0.067,-0.216,1.0620,0.3430,-0.1370,291.364230,43.385921,14.843
8521,9079587,K07921.01,,FALSE POSITIVE,FALSE POSITIVE,0.0000,1,0,0,0,364.339290000,1.4510000e-02,-1.4510000e-02,183.3173000,3.330000e-02,-3.330000e-02,0.9340,0.0310,-0.6520,13.48600,0.98400,-0.98400,1.9440e+03,1.400e+02,-1.400e+02,4.40,1.000e+00,-4.200e-01,228.0,,,0.64,0.42,-0.17,15.90,1,q1_q17_dr25_tce,5606.00,152.00,-152.00,4.557,0.050,-0.150,0.8000,0.1810,-0.0770,287.715420,45.436329,15.616
8522,8971044,K05592.01,,CANDIDATE,CANDIDATE,,0,0,0,0,482.517010000,2.0100000e-02,-2.0100000e-02,276.2043000,2.840000e-02,-2.840000e-02,0.0846,0.3641,-0.0844,14.79100,0.96100,-0.96100,5.7300e+02,5.930e+01,-5.930e+01,2.30,7.500e-01,-2.000e-01,242.0,,,0.80,0.76,-0.21,10.30,1,q1_q16_tce,6168.00,158.00,-187.00,4.488,0.044,-0.243,0.9600,0.3120,-0.0860,297.483120,45.291142,15.054
8523,9847239,K05722.01,,FALSE POSITIVE,FALSE POSITIVE,0.0000,0,1,0,0,28.507877538,5.9320000e-06,-5.9320000e-06,132.7930090,1.560000e-04,-1.560000e-04,1.0250,0.4850,-0.0130,3.13331,0.00916,-0.00916,2.4372e+04,6.070e+01,-6.070e+01,27.79,8.460e+00,-2.830e+00,613.0,,,33.32,29.72,-10.07,449.00,1,q1_q17_dr25_tce,6131.00,164.00,-219.00,4.497,0.052,-0.208,0.9450,0.2880,-0.0960,297.741120,46.660488,14.876
8524,8105719,K05476.01,,CANDIDATE,CANDIDATE,1.0000,0,0,0,0,148.179343000,5.6530000e-03,-5.6530000e-03,202.2788000,3.100000e-02,-3.100000e-02,0.1020,0.3520,-0.1020,12.73300,0.87700,-0.87700,4.6660e+02,4.240e+01,-4.240e+01,2.52,3.800e-01,-4.200e-01,367.0,,,4.29,1.72,-1.47,12.50,1,q1_q17_dr25_tce,5635.00,76.00,-76.00,4.278,0.156,-0.104,1.1830,0.1800,-0.1980,294.606290,43.937141,15.563
8525,9049697,K05607.01,,FALSE POSITIVE,FALSE POSITIVE,0.0000,0,0,1,1,1.327451100,1.4130000e-05,-1.4130000e-05,131.5905200,8.830000e-03,-8.830000e-03,0.2450,0.2120,-0.2450,3.46500,0.24100,-0.24100,1.2360e+02,8.800e+00,-8.800e+00,0.66,4.000e-02,-7.000e-02,1009.0,,,243.87,66.79,-72.49,16.60,1,q1_q17_dr25_tce,4137.00,124.00,-137.00,4.646,0.056,-0.021,0.6100,0.0390,-0.0630,299.823760,45.334881,15.158
8526,9941550,K05739.01,,FALSE POSITIVE,FALSE POSITIVE,0.0000,1,0,0,0,476.727302000,7.0390000e-03,-7.0390000e-03,496.4298000,9.120000e-03,-9.120000e-03,0.0080,0.4450,-0.0080,9.32700,0.29600,-0.29600,1.0357e+03,6.680e+01,-6.680e+01,23.42,2.080e+00,-3.570e+00,530.0,,,18.64,5.28,-6.38,17.90,1,q1_q17_dr25_tce,5068.00,101.00,-111.00,2.827,0.030,-0.030,7.4170,0.6590,-1.1300,286.903470,46.816341,13.587
8527,4862332,K06463.01,,FALSE POSITIVE,FALSE POSITIVE,0.0020,0,0,1,0,0.890333100,1.1220000e-05,-1.1220000e-05,131.5337000,1.100000e-02,-1.100000e-02,0.3220,0.1580,-0.3220,2.64300,0.47000,-0.47000,1.3410e+02,1.580e+01,-1.580e+01,20.96,9.600e-01,-8.580e+00,5714.0,,,251387.46,51085.51,-178736.62,10.80,1,q1_q17_dr25_tce,4981.00,121.00,-228.00,2.437,0.033,-0.033,18.3740,0.8360,-7.5260,298.161290,39.900970,13.915
8528,4912589,K06469.01,,FALSE POSITIVE,FALSE POSITIVE,0.0000,0,1,0,0,34.188302705,1.1320000e-06,-1.1320000e-06,132.1423013,2.710000e-05,-2.710000e-05,0.9570,0.0130,-0.0250,3.01179,0.00214,-0.00214,1.1844e+05,1.000e-01,-1.000e-01,74.50,2.111e+01,-2.576e+01,660.0,,,44.91,38.29,-28.09,2594.90,1,q1_q17_dr25_tce,5757.00,172.00,-189.00,4.134,0.364,-0.182,1.3450,0.3810,-0.4650,288.320500,40.000523,12.869
8529,4940201,K06476.01,,FALSE POSITIVE,FALSE POSITIVE,0.0000,0,1,0,0,4.408295716,9.5600000e-07,-9.5600000e-07,134.2804130,1.830000e-04,-1.830000e-04,1.1590,0.0440,-0.0360,3.62479,0.00956,-0.00956,3.7964e+04,1.160e+02,-1.160e+02,35.68,7.150e+00,-3.070e+00,942.0,,,186.23,115.68,-46.79,386.10,1,q1_q17_dr25_tce,5496.00,164.00,-148.00,4.607,0.032,-0.128,0.7430,0.1490,-0.0640,295.983520,40.061661,14.984
8530,4995716,K06484.01,,CANDIDATE,CANDIDATE,,0,0,0,0,16.119144900,3.3820000e-04,-3.3820000e-04,146.7978000,1.810000e-02,-1.810000e-02,0.6704,0.0438,-0.4924,3.03900,0.41500,-0.41500,2.6220e+02,4.110e+01,-4.110e+01,1.34,5.100e-01,-1.500e-01,619.0,,,34.70,43.40,-10.58,8.20,1,q1_q17_dr24_tce,5319.00,223.00,-168.00,4.514,0.082,-0.082,0.7830,0.2990,-0.0870,286.547420,40.150539,15.696
8531,5098757,K06520.01,,FALSE POSITIVE,FALSE POSITIVE,,1,0,0,0,2.954598000,1.1040000e-04,-1.1040000e-04,134.3663000,4.210000e-02,-4.210000e-02,1.3662,0.0059,-0.2651,24.79000,3.20000,-3.20000,3.3780e+02,2.120e+01,-2.120e+01,89.95,2.776e+01,-3.434e+01,2148.0,,,5028.39,4703.75,-3396.81,18.10,1,q1_q17_dr24_tce,6955.00,216.00,-279.00,3.885,0.328,-0.328,2.1610,0.6670,-0.8250,291.655610,40.253944,12.734
8532,9286728,K07154.01,,FALSE POSITIVE,FALSE POSITIVE,0.0000,0,0,0,1,3.044597390,4.5910000e-05,-4.5910000e-05,132.4989000,1.530000e-02,-1.530000e-02,0.3850,0.0930,-0.3850,7.63800,0.33800,-0.33800,6.6100e+01,4.200e+00,-4.200e+00,0.62,1.100e-01,-5.000e-02,1076.0,,,317.36,179.87,-79.26,18.20,1,q1_q17_dr25_tce,5525.00,148.00,-165.00,4.603,0.037,-0.120,0.7530,0.1410,-0.0600,294.155030,45.707230,14.567
8533,9304561,K07158.01,,FALSE POSITIVE,FALSE POSITIVE,,0,0,0,1,1.219049953,8.3300000e-06,-8.3300000e-06,132.0945500,5.700000e-03,-5.700000e-03,0.0517,0.4028,-0.0515,1.47700,0.19200,-0.19200,5.3500e+01,6.700e+00,-6.700e+00,2.48,9.600e-01,-1.350e+00,2948.0,,,17862.90,22204.71,-14919.79,10.10,1,q1_q17_dr24_tce,5742.00,222.00,-313.00,3.521,0.521,-0.521,3.3740,1.3100,-1.8420,299.682710,45.711330,13.920
8534,9340411,K07162.01,,CANDIDATE,CANDIDATE,0.9790,0,0,0,0,5.158131700,1.1110000e-04,-1.1110000e-04,131.7314000,2.100000e-02,-2.100000e-02,0.0320,0.4250,-0.0320,7.77300,0.57300,-0.57300,3.7900e+01,3.500e+00,-3.500e+00,2.02,4.000e-01,-5.000e-01,1642.0,,,1720.62,983.70,-840.06,13.00,1,q1_q17_dr25_tce,5155.00,116.00,-142.00,3.511,0.192,-0.157,3.3550,0.6680,-0.8170,291.052700,45.835129,13.031
8535,9392702,K07167.01,,FALSE POSITIVE,FALSE POSITIVE,0.0000,0,1,0,0,3.909314318,6.5600000e-07,-6.5600000e-07,131.8944811,8.300000e-05,-8.300000e-05,0.7760,0.0140,-0.0020,5.36124,0.00585,-0.00585,9.7123e+04,9.740e+01,-9.740e+01,42.54,1.302e+01,-6.520e+00,1364.0,,,819.78,733.88,-298.33,1587.60,1,q1_q17_dr25_tce,6425.00,171.00,-190.00,4.341,0.101,-0.188,1.1430,0.3500,-0.1750,286.069580,45.900581,14.618
8536,9490342,K07180.01,,CANDIDATE,CANDIDATE,,0,0,0,0,487.838940000,6.7530000e-02,-6.7530000e-02,606.1226000,1.920000e-02,-1.920000e-02,0.1252,0.3226,-0.1252,32.77000,1.50000,-1.50000,4.5330e+02,4.260e+01,-4.260e+01,3.94,2.550e+00,-1.930e+00,298.0,,,1.88,3.96,-1.46,8.80,1,q1_q17_dr24_tce,5421.00,189.00,-179.00,3.882,0.539,-0.539,1.8770,1.2150,-0.9220,300.138550,46.061691,13.728
8537,2854181,K02232.02,,CANDIDATE,CANDIDATE,0.9990,0,0,0,0,12.834857000,1.2060000e-04,-1.2060000e-04,134.3722900,7.700000e-03,-7.700000e-03,0.2780,0.1770,-0.2780,2.09200,0.26100,-0.26100,2.9390e+02,3.550e+01,-3.550e+01,1.73,2.200e-01,-1.900e-01,755.0,,,76.96,27.12,-18.74,9.40,2,q1_q17_dr25_tce,5492.00,82.00,-74.00,4.389,0.105,-0.095,1.0160,0.1310,-0.1080,291.813020,38.088181,15.331
8538,7185487,K06839.01,,FALSE POSITIVE,FALSE POSITIVE,,1,0,0,0,0.534829110,5.2980000e-05,-5.2980000e-05,131.7369000,5.320000e-02,-5.320000e-02,0.3597,0.1315,-0.3595,0.99600,0.21600,-0.21600,7.0400e+02,1.100e+02,-1.100e+02,0.54,1.400e-01,-1.300e-01,753.0,,,75.82,49.91,-35.62,9.80,1,q1_q17_dr24_tce,3229.00,50.00,-50.00,5.080,0.060,-0.060,0.2010,0.0500,-0.0500,286.618960,42.778561,16.670
8539,7217088,K06849.01,,CANDIDATE,CANDIDATE,0.9970,0,0,0,0,12.544742430,5.6340000e-05,-5.6340000e-05,139.5830400,3.720000e-03,-3.720000e-03,0.1850,0.2670,-0.1850,1.24000,0.12800,-0.12800,2.6310e+02,3.030e+01,-3.030e+01,1.88,3.000e-01,-2.500e-01,840.0,,,117.90,50.40,-34.11,10.80,1,q1_q17_dr25_tce,5767.00,78.00,-78.00,4.316,0.126,-0.115,1.1590,0.1890,-0.1550,296.395480,42.780140,15.082
8540,7362534,K06864.01,,FALSE POSITIVE,FALSE POSITIVE,,0,0,0,1,0.566789763,7.1240000e-06,-7.1240000e-06,131.8184600,9.570000e-03,-9.570000e-03,0.6376,0.0511,-0.5076,4.00800,0.32600,-0.32600,2.5400e+01,2.100e+00,-2.100e+00,0.40,1.800e-01,-2.000e-02,1984.0,,,3662.84,4850.23,-760.80,15.40,1,q1_q17_dr24_tce,5799.00,161.00,-142.00,4.600,0.028,-0.028,0.7580,0.3360,-0.0490,291.708130,42.969410,13.767
8541,7376982,K06871.01,,FALSE POSITIVE,FALSE POSITIVE,0.0000,0,0,0,1,2.316106740,3.2560000e-05,-3.2560000e-05,132.3383000,1.510000e-02,-1.510000e-02,0.4040,0.0750,-0.4040,3.34700,0.33700,-0.33700,3.3600e+01,3.300e+00,-3.300e+00,0.70,2.100e-01,-1.200e-01,1559.0,,,1393.98,1265.15,-556.26,13.00,1,q1_q17_dr25_tce,6025.00,181.00,-181.00,4.300,0.153,-0.187,1.1930,0.3600,-0.2100,295.825410,42.941639,13.608
8542,7431665,K06877.01,,FALSE POSITIVE,FALSE POSITIVE,0.0350,1,0,0,0,281.509095000,1.5370000e-03,-1.5370000e-03,171.5271500,6.360000e-03,-6.360000e-03,0.6260,0.0220,-0.0640,40.96300,0.42700,-0.42700,5.9487e+03,3.600e+01,-3.600e+01,85.77,1.834e+01,-1.833e+01,685.0,,,52.05,29.61,-22.57,182.50,1,q1_q17_dr25_tce,4797.00,76.00,-104.00,2.632,0.033,-0.030,10.7090,2.2890,-2.2890,287.376620,43.009491,10.974
8543,11502179,K07453.01,,FALSE POSITIVE,FALSE POSITIVE,,0,0,1,1,3.988558690,3.3280000e-05,-3.3280000e-05,135.1290000,7.400000e-03,-7.400000e-03,0.1671,0.3145,-0.1670,1.46700,0.21700,-0.21700,2.1410e+02,2.370e+01,-2.370e+01,2.40,9.500e-01,-7.900e-01,1447.0,,,1036.21,1251.61,-626.50,10.50,1,q1_q17_dr24_tce,5791.00,182.00,-194.00,4.057,0.283,-0.283,1.6460,0.6530,-0.5380,289.080990,49.420315,13.035
8544,11602794,K07460.01,,CANDIDATE,CANDIDATE,0.9250,0,0,0,0,5.705095190,4.1690000e-05,-4.1690000e-05,136.2018300,5.750000e-03,-5.750000e-03,0.4690,0.4750,-0.2650,1.58000,0.31400,-0.31400,2.8360e+02,4.520e+01,-4.520e+01,1.58,3.700e-01,-2.000e-01,947.0,,,189.80,139.34,-61.54,9.20,1,q1_q17_dr25_tce,5455.00,180.00,-164.00,4.448,0.104,-0.169,0.9270,0.2170,-0.1170,287.319120,49.656990,15.597
8545,11662440,K07469.01,,FALSE POSITIVE,FALSE POSITIVE,0.0000,0,1,0,0,13.639480425,1.9730000e-06,-1.9730000e-06,144.5314390,1.230000e-04,-1.230000e-04,1.0330,0.0480,-0.0440,3.12422,0.00534,-0.00534,8.1103e+04,1.080e+02,-1.080e+02,44.00,9.570e+00,-4.420e+00,680.0,,,50.51,34.73,-14.33,664.10,1,q1_q17_dr25_tce,5461.00,180.00,-164.00,4.517,0.060,-0.140,0.8460,0.1840,-0.0850,292.217320,49.707901,15.852
8546,11757422,K07476.01,,FALSE POSITIVE,FALSE POSITIVE,0.0010,0,1,1,0,1.819935570,1.8520000e-05,-1.8520000e-05,132.5271400,9.240000e-03,-9.240000e-03,0.7680,0.1910,-0.5350,2.43000,0.56600,-0.56600,1.0910e+02,1.770e+01,-1.770e+01,0.66,6.000e-02,-7.000e-02,907.0,,,159.62,52.24,-47.87,10.10,1,q1_q17_dr25_tce,4205.00,125.00,-138.00,4.668,0.059,-0.027,0.5780,0.0500,-0.0610,288.592800,49.968361,15.435
8547,11854636,K07484.01,,FALSE POSITIVE,FALSE POSITIVE,0.2350,1,0,0,0,37.020023200,4.3050000e-04,-4.3050000e-04,131.8379000,1.090000e-02,-1.090000e-02,0.3080,0.2680,-0.3070,1.42100,0.33800,-0.33800,5.8100e+02,1.560e+02,-1.560e+02,2.14,5.700e-01,-1.900e-01,507.0,,,15.66,12.09,-4.12,6.60,1,q1_q17_dr25_tce,5685.00,152.00,-169.00,4.537,0.044,-0.176,0.8860,0.2330,-0.0780,286.102810,50.126541,15.424
8548,10647452,K04366.01,,CANDIDATE,CANDIDATE,0.9530,0,0,0,0,0.762950224,3.2930000e-06,-3.2930000e-06,131.9157000,3.440000e-03,-3.440000e-03,0.1970,0.2590,-0.1970,1.13300,0.10900,-0.10900,1.8730e+02,1.590e+01,-1.590e+01,1.00,1.800e-01,-8.000e-02,1651.0,,,1763.73,1054.13,-462.01,15.80,1,q1_q17_dr25_tce,5385.00,187.00,-187.00,4.610,0.037,-0.112,0.7310,0.1320,-0.0570,282.913970,47.970299,15.556
8549,8278685,K04435.01,,CANDIDATE,CANDIDATE,0.9990,0,0,0,0,10.861416300,1.6160000e-04,-1.6160000e-04,136.8213000,1.250000e-02,-1.250000e-02,0.9390,0.0440,-0.6550,6.02000,0.39000,-0.39000,6.4800e+01,5.500e+00,-5.500e+00,1.01,2.900e-01,-1.100e-01,899.0,,,154.68,127.71,-44.72,12.90,1,q1_q17_dr25_tce,6339.00,141.00,-189.00,4.454,0.062,-0.200,1.0170,0.2980,-0.1060,281.955690,44.261532,13.517
8550,7777818,K04380.01,,CANDIDATE,CANDIDATE,1.0000,0,0,0,0,5.781599560,4.5220000e-05,-4.5220000e-05,136.7717800,6.010000e-03,-6.010000e-03,0.6600,0.2900,-0.4550,2.22200,0.18100,-0.18100,7.2800e+01,5.600e+00,-5.600e+00,1.70,5.100e-01,-5.600e-01,1475.0,,,1117.19,981.46,-682.91,16.40,1,q1_q17_dr25_tce,6443.00,181.00,-227.00,4.023,0.299,-0.161,1.8840,0.5590,-0.6220,298.949010,43.441715,13.384
8551,5385410,K04323.01,,CANDIDATE,CANDIDATE,0.9100,0,0,0,0,11.495895670,7.2450000e-05,-7.2450000e-05,139.3805300,5.630000e-03,-5.630000e-03,0.2950,0.1490,-0.2950,2.25600,0.15500,-0.15500,1.0830e+02,9.500e+00,-9.500e+00,1.59,4.600e-01,-4.200e-01,1057.0,,,295.46,255.66,-156.16,13.20,1,q1_q17_dr25_tce,6290.00,170.00,-208.00,4.133,0.252,-0.168,1.5060,0.4440,-0.4000,297.581940,40.531300,13.582
8552,5084171,K04202.01,Kepler-1567 b,CONFIRMED,CANDIDATE,0.9490,0,0,0,0,153.979362000,1.7260000e-03,-1.7260000e-03,165.4910000,1.110000e-02,-1.110000e-02,0.0360,0.4010,-0.0360,9.02800,0.27700,-0.27700,7.9250e+02,5.550e+01,-5.550e+01,2.53,7.700e-01,-2.500e-01,330.0,,,2.82,2.51,-0.80,16.10,1,q1_q17_dr25_tce,5858.00,159.00,-176.00,4.502,0.052,-0.195,0.9030,0.2740,-0.0910,286.695220,40.291809,15.672
8553,8234889,K05490.01,,FALSE POSITIVE,FALSE POSITIVE,,1,0,0,0,116.301793000,1.7980000e-03,-1.7980000e-03,168.3304000,1.120000e-02,-1.120000e-02,0.4631,0.0234,-0.4631,2.25300,0.44300,-0.44300,6.4900e+02,1.340e+02,-1.340e+02,2.18,8.300e-01,-1.700e-01,336.0,,,3.01,3.43,-0.71,6.30,1,q1_q16_tce,5593.00,163.00,-148.00,4.552,0.029,-0.263,0.8420,0.3210,-0.0650,292.387240,44.130070,15.503
8554,8307489,K05502.01,,FALSE POSITIVE,FALSE POSITIVE,,0,1,0,0,421.981940000,1.6390000e-02,-1.6390000e-02,226.9386000,2.720000e-02,-2.720000e-02,0.1494,0.2694,-0.1494,13.79900,0.65900,-0.65900,1.7310e+02,1.450e+01,-1.450e+01,2.02,1.200e+00,-4.200e-01,334.0,,,2.96,5.29,-1.34,15.00,1,q1_q16_tce,6760.00,152.00,-232.00,4.193,0.136,-0.334,1.5150,0.9050,-0.3140,294.617610,44.216881,12.338
8555,9153246,K05627.01,,FALSE POSITIVE,FALSE POSITIVE,,1,0,0,0,243.954706000,8.9130000e-03,-8.9130000e-03,221.2717000,1.850000e-02,-1.850000e-02,0.1207,0.3985,-0.1207,2.56200,0.74200,-0.74200,2.9170e+02,8.240e+01,-8.240e+01,1.35,5.400e-01,-1.000e-01,257.0,,,1.03,1.24,-0.23,5.20,1,q1_q16_tce,5578.00,161.00,-137.00,4.578,0.029,-0.263,0.7940,0.3210,-0.0590,291.276250,45.568192,14.430
8556,8352009,K05506.01,,CANDIDATE,CANDIDATE,,0,0,0,0,641.602040000,2.0380000e-02,-2.0380000e-02,170.8404000,2.750000e-02,-2.750000e-02,0.3218,0.1159,-0.3217,16.76200,0.93900,-0.93900,2.3730e+02,2.320e+01,-2.320e+01,1.61,8.000e-01,-1.400e-01,230.0,,,0.66,0.97,-0.18,10.60,1,q1_q16_tce,6277.00,168.00,-204.00,4.449,0.044,-0.314,1.0310,0.5110,-0.0890,285.795720,44.350510,14.152
8557,9166700,K05632.01,,CANDIDATE,CANDIDATE,0.9280,0,0,0,0,264.466625000,1.5700000e-03,-1.5700000e-03,134.9674900,5.160000e-03,-5.160000e-03,0.1290,0.3330,-0.1280,6.37100,0.14500,-0.14500,4.3730e+02,1.860e+01,-1.860e+01,2.61,5.700e-01,-3.100e-01,346.0,,,3.41,2.06,-1.06,27.00,1,q1_q17_dr25_tce,6551.00,129.00,-194.00,4.337,0.073,-0.147,1.2360,0.2710,-0.1460,296.338130,45.545109,11.154
8558,5196851,K06539.01,,FALSE POSITIVE,FALSE POSITIVE,,1,0,0,0,0.541396363,2.1680000e-06,-2.1680000e-06,131.5974000,3.250000e-03,-3.250000e-03,0.0783,0.4031,-0.0783,2.38400,0.11700,-0.11700,1.8100e+02,1.130e+01,-1.130e+01,2.04,1.210e+00,-3.800e-01,3204.0,,,24909.05,45507.54,-10821.75,20.40,2,q1_q17_dr24_tce,7118.00,187.00,-279.00,4.212,0.117,-0.117,1.4890,0.8880,-0.2760,294.541050,40.308029,12.509
8559,5269407,K06548.01,,FALSE POSITIVE,FALSE POSITIVE,0.0000,0,1,0,0,0.958871144,6.4000000e-08,-6.4000000e-08,131.6864267,5.450000e-05,-5.450000e-05,0.5330,0.0170,-0.0120,2.74361,0.00226,-0.00226,2.3235e+05,2.280e+02,-2.280e+02,45.91,1.168e+01,-6.790e+00,1743.0,,,2174.51,1674.66,-759.33,1191.20,1,q1_q17_dr25_tce,5530.00,165.00,-149.00,4.425,0.144,-0.198,0.8920,0.2270,-0.1320,290.090790,40.461830,14.164
8560,5298620,K06558.01,,FALSE POSITIVE,FALSE POSITIVE,0.0000,1,0,1,1,12.423967700,8.5460000e-04,-8.5460000e-04,141.6760000,6.390000e-02,-6.390000e-02,0.0070,0.4470,-0.0070,16.01000,1.70000,-1.70000,1.6240e+02,1.340e+01,-1.340e+01,0.87,8.000e-02,-9.000e-02,606.0,,,31.93,11.05,-9.22,12.80,1,q1_q17_dr25_tce,4995.00,151.00,-151.00,4.580,0.072,-0.039,0.6980,0.0650,-0.0720,297.639400,40.490452,15.706
8561,5347784,K06567.01,,FALSE POSITIVE,FALSE POSITIVE,0.0000,0,1,0,0,9.584056670,7.1900000e-07,-7.1900000e-07,138.8710106,6.160000e-05,-6.160000e-05,0.7980,0.0180,-0.0050,6.82752,0.00425,-0.00425,1.1963e+05,6.990e+01,-6.990e+01,99.66,2.432e+01,-5.673e+01,1212.0,,,510.85,378.77,-425.87,2595.90,1,q1_q17_dr25_tce,5605.00,168.00,-151.00,3.813,0.608,-0.152,2.2750,0.5550,-1.2950,286.822510,40.513222,13.094
8562,5389184,K06575.01,,FALSE POSITIVE,FALSE POSITIVE,0.0000,0,0,1,0,1.069951360,5.4810000e-06,-5.4810000e-06,132.3046900,4.660000e-03,-4.660000e-03,0.1760,0.2920,-0.1760,1.32200,0.14700,-0.14700,5.4800e+01,6.100e+00,-6.100e+00,0.90,2.700e-01,-1.900e-01,1991.0,,,3730.45,3282.05,-1718.47,10.80,1,q1_q17_dr25_tce,5869.00,176.00,-176.00,4.274,0.185,-0.185,1.2210,0.3570,-0.2680,298.400090,40.585670,14.174
8563,9529294,K07184.01,,FALSE POSITIVE,FALSE POSITIVE,0.0000,0,1,1,0,2.516901330,2.9260000e-05,-2.9260000e-05,133.4935300,9.720000e-03,-9.720000e-03,0.0930,0.3630,-0.0920,2.52100,0.24900,-0.24900,5.9600e+01,6.900e+00,-6.900e+00,0.97,2.800e-01,-2.800e-01,1430.0,,,986.60,863.00,-540.86,10.00,1,q1_q17_dr25_tce,5403.00,164.00,-147.00,4.201,0.282,-0.188,1.2840,0.3720,-0.3720,293.013000,46.166561,14.587
8564,9541163,K07189.01,,FALSE POSITIVE,FALSE POSITIVE,0.0000,1,0,1,1,0.536649700,6.2670000e-06,-6.2670000e-06,131.7177100,9.070000e-03,-9.070000e-03,0.0420,0.4470,-0.0420,2.88700,0.38100,-0.38100,1.0540e+02,1.350e+01,-1.350e+01,0.92,2.300e-01,-8.000e-02,2142.0,,,4982.76,3678.56,-1340.69,10.60,1,q1_q17_dr25_tce,5822.00,140.00,-192.00,4.529,0.042,-0.178,0.8980,0.2310,-0.0770,297.293950,46.102341,15.449
8565,9630640,K07204.01,,FALSE POSITIVE,FALSE POSITIVE,0.0000,1,0,0,0,3.661895766,,,132.5316735,,,2.9590,,,35.63740,,,3.5477e+04,,,374.78,1.002e+02,-1.104e+02,1708.0,,,2012.26,1548.12,-1143.92,291.70,1,q1_q17_dr25_tce,6793.00,166.00,-238.00,4.101,0.246,-0.164,1.5890,0.4250,-0.4680,281.630190,46.321152,13.658
8566,9640123,K07209.01,,CANDIDATE,CANDIDATE,0.9910,0,0,0,0,8.255349900,1.3620000e-04,-1.3620000e-04,135.1700000,1.770000e-02,-1.770000e-02,0.9180,0.0260,-0.6510,3.95900,0.44500,-0.44500,5.4500e+01,6.600e+00,-6.600e+00,3.28,5.400e-01,-1.250e+00,1462.0,,,1079.27,478.08,-689.77,10.00,1,q1_q17_dr25_tce,5403.00,86.00,-75.00,3.559,0.296,-0.111,3.6000,0.5900,-1.3760,287.510710,46.389950,13.816
8567,8590776,K07900.01,,FALSE POSITIVE,FALSE POSITIVE,0.0340,1,0,0,0,33.893817700,6.1900000e-04,-6.1900000e-04,135.3496000,1.610000e-02,-1.610000e-02,0.3320,0.1240,-0.3320,2.01200,0.62300,-0.62300,2.0510e+02,4.020e+01,-4.020e+01,1.22,3.500e-01,-1.100e-01,527.0,,,18.27,15.16,-5.00,6.80,1,q1_q17_dr25_tce,5818.00,156.00,-174.00,4.554,0.036,-0.192,0.8480,0.2400,-0.0800,301.165560,44.664108,14.517
8568,9657636,K07219.01,,FALSE POSITIVE,FALSE POSITIVE,,1,0,0,0,542.528290000,2.2910000e-02,-2.2910000e-02,278.3920000,3.440000e-02,-3.440000e-02,0.3252,0.1405,-0.3250,11.06000,1.70000,-1.70000,7.5200e+01,1.100e+01,-1.100e+01,1.07,3.400e-01,-2.500e-01,266.0,,,1.19,1.10,-0.56,11.20,1,q1_q17_dr24_tce,6099.00,159.00,-152.00,4.204,0.238,-0.238,1.2120,0.3860,-0.2830,295.192780,46.371880,11.253
8569,8487838,K04596.01,,FALSE POSITIVE,FALSE POSITIVE,0.0000,0,0,1,1,1.061937837,6.1500000e-06,-6.1500000e-06,131.7269000,4.250000e-03,-4.250000e-03,0.1250,0.3530,-0.1250,2.31000,0.21700,-0.21700,5.2000e+01,4.200e+00,-4.200e+00,0.68,1.900e-01,-7.000e-02,1757.0,,,2252.16,1820.78,-635.89,16.30,1,q1_q17_dr25_tce,5893.00,146.00,-176.00,4.505,0.048,-0.204,0.9410,0.2640,-0.0940,288.958250,44.577999,14.171
8570,7821010,K02938.01,,FALSE POSITIVE,FALSE POSITIVE,0.0000,0,1,0,0,24.238241803,2.4940000e-06,-2.4940000e-06,136.6165689,8.590000e-05,-8.590000e-05,0.4260,0.0070,-0.0070,4.16665,0.00528,-0.00528,4.6196e+05,4.800e+02,-4.800e+02,102.31,1.897e+01,-1.169e+01,793.0,,,93.68,43.75,-23.89,1126.40,1,q1_q17_dr25_tce,6457.00,70.00,-83.00,4.259,0.080,-0.120,1.3650,0.2530,-0.1560,291.319850,43.595470,10.816
8571,3230805,K03068.02,,CANDIDATE,CANDIDATE,1.0000,0,0,0,0,6.651714590,5.7450000e-05,-5.7450000e-05,137.6781000,7.850000e-03,-7.850000e-03,0.4080,0.0510,-0.4080,2.32500,0.23900,-0.23900,1.5150e+02,1.750e+01,-1.750e+01,0.84,9.000e-02,-6.000e-02,713.0,,,61.01,23.23,-13.82,10.00,2,q1_q17_dr25_tce,4889.00,146.00,-131.00,4.637,0.032,-0.059,0.6860,0.0740,-0.0490,290.260280,38.354988,14.976
8572,7592529,K06889.01,,CANDIDATE,CANDIDATE,,0,0,0,0,75.906736000,3.8780000e-03,-3.8780000e-03,185.6963000,4.080000e-02,-4.080000e-02,0.0506,0.4031,-0.0506,11.64000,1.60000,-1.60000,2.6900e+01,4.800e+00,-4.800e+00,0.63,2.300e-01,-1.200e-01,507.0,,,15.65,16.64,-6.60,9.20,1,q1_q17_dr24_tce,6140.00,151.00,-170.00,4.248,0.189,-0.189,1.2060,0.4440,-0.2360,286.142910,43.236351,11.649
8573,7630658,K06895.01,,FALSE POSITIVE,FALSE POSITIVE,0.0000,0,1,1,0,1.075577069,7.8000000e-08,-7.8000000e-08,131.5585510,6.150000e-05,-6.150000e-05,0.8860,0.0290,-0.0270,4.11779,0.00227,-0.00227,1.4058e+05,6.290e+01,-6.290e+01,69.11,1.866e+01,-1.865e+01,2094.0,,,4551.51,3756.45,-2447.20,1589.60,1,q1_q17_dr25_tce,6011.00,189.00,-210.00,4.217,0.246,-0.184,1.2670,0.3420,-0.3420,297.915190,43.256203,13.893
8574,7691527,K06905.01,,FALSE POSITIVE,FALSE POSITIVE,0.0000,1,0,0,0,4.800232532,5.4400000e-07,-5.4400000e-07,135.7829072,9.470000e-05,-9.470000e-05,0.6690,0.0270,-0.0260,3.57105,0.00480,-0.00480,2.7700e+05,2.520e+02,-2.520e+02,48.67,1.017e+01,-3.600e+00,941.0,,,184.84,119.52,-44.68,893.60,1,q1_q17_dr25_tce,5591.00,169.00,-169.00,4.590,0.043,-0.136,0.7560,0.1580,-0.0560,294.732600,43.349522,15.431
8575,7755741,K06913.02,,CANDIDATE,CANDIDATE,,0,0,0,0,1.751736470,3.7630000e-05,-3.7630000e-05,132.2995000,2.100000e-02,-2.100000e-02,0.6637,0.2752,-0.4477,5.12200,0.67500,-0.67500,6.8400e+01,8.200e+00,-8.200e+00,3.86,5.300e-01,-1.360e+00,4900.0,,,136315.31,57819.63,-88097.08,10.20,3,q1_q17_dr24_tce,10894.00,261.00,-461.00,3.667,0.303,-0.303,4.3780,0.6050,-1.5390,292.787020,43.416039,13.752
8576,11923819,K07496.01,,FALSE POSITIVE,FALSE POSITIVE,0.0000,0,1,0,0,33.159475806,2.3240000e-06,-2.3240000e-06,159.8126411,5.490000e-05,-5.490000e-05,0.7680,0.0060,-0.0060,9.01353,0.00283,-0.00283,2.2217e+05,6.220e+01,-6.220e+01,146.47,4.889e+01,-3.257e+01,1068.0,,,307.53,375.30,-188.70,3733.60,1,q1_q17_dr25_tce,7967.00,454.00,-844.00,4.001,0.162,-0.198,2.3790,0.7940,-0.5290,296.464290,50.286152,11.562
8577,11970288,K07501.01,,FALSE POSITIVE,FALSE POSITIVE,0.0000,0,1,0,0,20.710685300,1.6970000e-04,-1.6970000e-04,134.0319200,6.730000e-03,-6.730000e-03,1.2520,0.6460,-0.0950,42.73700,0.35700,-0.35700,1.0030e+03,7.800e+00,-7.800e+00,89.55,1.327e+01,-2.874e+01,1246.0,,,570.64,254.71,-339.96,154.40,1,q1_q17_dr25_tce,6956.00,163.00,-225.00,3.738,0.278,-0.093,2.8880,0.4280,-0.9270,295.212550,50.316910,11.308
8578,12105785,K07512.01,,FALSE POSITIVE,FALSE POSITIVE,0.0000,0,1,0,0,31.953038766,5.6340000e-06,-5.6340000e-06,142.7080540,1.450000e-04,-1.450000e-04,0.9070,0.0070,-0.0020,8.04610,0.01320,-0.01320,1.7703e+04,2.170e+01,-2.170e+01,47.96,9.480e+00,-1.759e+01,864.0,,,131.55,80.67,-84.84,1364.90,1,q1_q17_dr25_tce,5524.00,165.00,-165.00,3.693,0.287,-0.123,2.7340,0.5400,-1.0030,288.487400,50.675461,13.032
8579,8625732,K04701.01,,FALSE POSITIVE,FALSE POSITIVE,0.0000,0,0,1,1,31.971810000,1.5690000e-03,-1.5690000e-03,133.8728000,3.850000e-02,-3.850000e-02,0.5320,0.0180,-0.4640,12.27700,0.80800,-0.80800,1.1740e+02,1.320e+01,-1.320e+01,0.95,2.600e-01,-8.000e-02,521.0,,,17.43,14.11,-4.37,11.10,1,q1_q17_dr25_tce,5632.00,152.00,-152.00,4.554,0.033,-0.187,0.8530,0.2350,-0.0730,292.148040,44.704140,14.817
8580,8377197,K04727.01,,FALSE POSITIVE,FALSE POSITIVE,,0,0,1,0,1.215181097,6.1730000e-06,-6.1730000e-06,131.5090400,4.130000e-03,-4.130000e-03,0.1356,0.3088,-0.1356,1.29500,0.17700,-0.17700,3.9700e+01,4.600e+00,-4.600e+00,0.87,4.800e-01,-1.500e-01,2230.0,,,5844.41,9448.24,-2396.00,11.80,1,q1_q17_dr24_tce,6717.00,151.00,-241.00,4.268,0.105,-0.314,1.3650,0.7470,-0.2370,295.854980,44.301601,13.516
8581,8295671,K04593.01,,FALSE POSITIVE,FALSE POSITIVE,0.0000,1,0,1,0,0.981399749,1.8770000e-06,-1.8770000e-06,132.1249300,1.440000e-03,-1.440000e-03,0.4080,0.0470,-0.4080,0.50510,0.07020,-0.07020,1.5830e+02,1.080e+01,-1.080e+01,1.21,3.500e-01,-1.200e-01,1820.0,,,2602.14,2228.10,-746.04,16.20,1,q1_q17_dr25_tce,6038.00,163.00,-199.00,4.524,0.048,-0.204,0.8980,0.2620,-0.0870,290.360200,44.273361,14.652
8582,8937762,K04668.01,,CANDIDATE,CANDIDATE,0.9780,0,0,0,0,15.072772870,3.8450000e-05,-3.8450000e-05,143.9695500,2.100000e-03,-2.100000e-03,0.8910,0.0470,-0.6460,0.77940,0.09420,-0.09420,3.4500e+02,3.600e+01,-3.600e+01,1.73,3.600e-01,-1.300e-01,635.0,,,38.57,24.93,-9.02,13.00,1,q1_q17_dr25_tce,5521.00,167.00,-150.00,4.594,0.034,-0.136,0.7710,0.1610,-0.0580,285.212830,45.251400,14.269
8583,3438976,K04527.01,,FALSE POSITIVE,FALSE POSITIVE,0.0000,0,0,1,1,2.975993680,5.1920000e-05,-5.1920000e-05,132.9759000,1.300000e-02,-1.300000e-02,0.2430,0.2340,-0.2430,4.02300,0.49600,-0.49600,5.5000e+01,5.000e+00,-5.000e+00,0.79,2.400e-01,-1.100e-01,1395.0,,,894.10,818.31,-303.01,13.00,1,q1_q17_dr25_tce,6202.00,175.00,-197.00,4.394,0.090,-0.210,1.0550,0.3260,-0.1400,290.120210,38.534821,14.110
8584,7416306,K05388.01,,FALSE POSITIVE,FALSE POSITIVE,0.0860,1,0,0,0,137.396194000,6.1330000e-03,-6.1330000e-03,158.9242000,3.340000e-02,-3.340000e-02,0.5250,0.4530,-0.3110,17.61000,1.40000,-1.40000,1.5540e+02,1.360e+01,-1.360e+01,3.38,1.000e+00,-2.160e+00,517.0,,,16.87,15.30,-14.90,13.20,1,q1_q17_dr25_tce,5425.00,177.00,-145.00,3.704,0.784,-0.196,2.6550,0.7830,-1.6970,280.521330,43.077068,13.668
8585,8414914,K05513.01,,FALSE POSITIVE,FALSE POSITIVE,0.0000,0,1,0,0,100.303613000,1.6720000e-04,-1.6720000e-04,176.7582700,1.870000e-03,-1.870000e-03,0.3880,0.0300,-0.0280,10.57800,0.03470,-0.03470,4.8804e+05,1.604e+03,-1.604e+03,78.77,2.433e+01,-1.220e+01,421.0,,,7.41,7.14,-2.88,354.70,1,q1_q17_dr25_tce,6060.00,210.00,-231.00,4.397,0.105,-0.195,1.0460,0.3230,-0.1620,284.520870,44.455078,17.908
8586,10132908,K05767.01,,FALSE POSITIVE,FALSE POSITIVE,,1,0,0,0,386.599460000,1.2550000e-02,-1.2550000e-02,221.2945000,2.360000e-02,-2.360000e-02,0.2307,0.2537,-0.2306,3.30500,0.76000,-0.76000,3.8070e+02,9.490e+01,-9.490e+01,1.89,7.000e-01,-1.900e-01,259.0,,,1.06,1.22,-0.34,5.80,1,q1_q16_tce,6137.00,212.00,-276.00,4.487,0.049,-0.269,0.9630,0.3540,-0.0970,288.509310,47.120701,14.790
8587,8474892,K05520.01,,CANDIDATE,CANDIDATE,,0,0,0,0,199.442413400,2.0460000e-04,-2.0460000e-04,240.8521000,1.040000e-03,-1.040000e-03,1.1877,0.1605,-0.1407,7.25330,0.01700,-0.01700,3.2172e+04,7.100e+01,-7.100e+01,56.11,2.115e+01,-1.017e+01,344.0,,,3.32,3.80,-1.37,486.40,1,q1_q16_tce,5869.00,183.00,-194.00,4.288,0.164,-0.230,1.1700,0.4410,-0.2120,281.763120,44.577190,14.372
8588,8499922,K05525.01,,FALSE POSITIVE,FALSE POSITIVE,,1,0,0,0,45.680876000,1.0080000e-03,-1.0080000e-03,142.3574000,2.050000e-02,-2.050000e-02,0.2060,0.2770,-0.2060,2.29300,0.63000,-0.63000,3.5030e+02,8.580e+01,-8.580e+01,14.50,2.120e+00,-6.700e-01,1215.0,,,514.91,227.75,-89.28,3.70,1,q1_q16_tce,4835.00,114.00,-115.00,2.608,0.030,-0.033,7.9170,1.1580,-0.3640,293.662450,44.527512,13.409
8589,5466109,K06582.01,,CANDIDATE,CANDIDATE,0.7860,0,0,0,0,2.431355420,1.5000000e-05,-1.5000000e-05,133.9207700,5.500000e-03,-5.500000e-03,0.1200,0.3420,-0.1200,1.40100,0.15500,-0.15500,1.2360e+02,1.630e+01,-1.630e+01,1.07,3.300e-01,-1.100e-01,1422.0,,,965.40,863.66,-292.75,9.30,1,q1_q17_dr25_tce,6231.00,169.00,-225.00,4.488,0.052,-0.208,0.9550,0.2910,-0.0970,296.471800,40.681622,15.225
8590,5479973,K06589.01,,FALSE POSITIVE,FALSE POSITIVE,0.0000,0,1,0,0,1.795273026,4.3000000e-07,-4.3000000e-07,131.8703910,1.990000e-04,-1.990000e-04,0.9350,0.0160,-0.0120,7.32320,0.01410,-0.01410,1.2542e+05,1.760e+02,-1.760e+02,55.26,1.742e+01,-5.780e+00,1642.0,,,1714.88,1593.58,-537.90,877.80,1,q1_q17_dr25_tce,6363.00,176.00,-242.00,4.456,0.054,-0.202,1.0120,0.3190,-0.1060,299.380460,40.694759,14.889
8591,5534476,K06595.01,,FALSE POSITIVE,FALSE POSITIVE,0.0000,1,0,0,1,1.025472710,1.0650000e-05,-1.0650000e-05,131.6002000,1.030000e-02,-1.030000e-02,0.6510,0.0150,-0.5040,1.99600,0.27800,-0.27800,2.7000e+01,3.300e+00,-3.300e+00,0.94,1.500e-01,-1.500e-01,2657.0,,,11800.82,4840.19,-3967.44,10.90,2,q1_q17_dr25_tce,6862.00,72.00,-92.00,4.114,0.132,-0.108,1.7120,0.2790,-0.2790,292.113620,40.792179,12.407
8592,5622250,K06608.01,,FALSE POSITIVE,FALSE POSITIVE,0.0000,0,1,0,0,16.294213708,3.8300000e-07,-3.8300000e-07,143.1937219,1.920000e-05,-1.920000e-05,0.6120,0.0030,-0.0010,6.01687,0.00039,-0.00039,1.7401e+05,2.960e+01,-2.960e+01,68.05,1.358e+01,-1.237e+01,929.0,,,176.22,89.62,-64.16,7486.20,1,q1_q17_dr25_tce,6237.00,74.00,-80.00,4.145,0.154,-0.126,1.5080,0.3010,-0.2740,292.513210,40.827560,14.203
8593,5702770,K06617.01,,CANDIDATE,CANDIDATE,0.8520,0,0,0,0,8.001889700,1.0450000e-04,-1.0450000e-04,135.4193000,1.180000e-02,-1.180000e-02,0.4420,0.0120,-0.4420,3.42500,0.27200,-0.27200,1.0270e+02,1.270e+01,-1.270e+01,0.90,2.600e-01,-8.000e-02,864.0,,,131.75,108.63,-35.93,9.80,1,q1_q17_dr25_tce,5830.00,157.00,-175.00,4.540,0.046,-0.195,0.8760,0.2460,-0.0820,290.915040,40.988499,15.032
8594,9674320,K07223.01,,CANDIDATE,CANDIDATE,0.9470,0,0,0,0,317.062416000,2.4250000e-03,-2.4250000e-03,297.8371000,1.090000e-02,-1.090000e-02,0.6730,0.2690,-0.4450,7.43800,0.65000,-0.65000,4.4290e+02,4.380e+01,-4.380e+01,1.59,2.700e-01,-1.200e-01,218.0,,,0.54,0.29,-0.13,9.80,1,q1_q17_dr25_tce,5366.00,160.00,-144.00,4.625,0.032,-0.104,0.7150,0.1220,-0.0520,300.345250,46.339882,14.634
8595,9790965,K07231.01,,FALSE POSITIVE,FALSE POSITIVE,0.0000,1,0,0,0,0.822067610,1.9800000e-07,-1.9800000e-07,132.2430220,1.880000e-04,-1.880000e-04,1.2160,0.0240,-0.0270,3.82810,0.02390,-0.02390,2.6190e+04,7.160e+01,-7.160e+01,91.21,2.431e+01,-3.343e+01,2941.0,,,17747.85,13897.55,-11513.42,486.30,1,q1_q17_dr25_tce,6531.00,175.00,-214.00,3.962,0.350,-0.150,1.9210,0.5120,-0.7040,298.911620,46.586578,13.388
8596,9906489,K07249.01,,FALSE POSITIVE,FALSE POSITIVE,0.0000,1,0,0,0,8.964881300,1.3840000e-04,-1.3840000e-04,137.5394000,1.240000e-02,-1.240000e-02,1.2080,0.1610,-0.0460,61.23000,1.10000,-1.10000,4.5450e+02,5.500e+00,-5.500e+00,28.97,5.800e+00,-3.120e+00,1040.0,,,276.30,154.79,-81.82,109.90,1,q1_q17_dr25_tce,6543.00,132.00,-198.00,4.382,0.057,-0.133,1.1590,0.2320,-0.1250,297.523590,46.703129,12.039
8597,10020423,K07273.01,,FALSE POSITIVE,FALSE POSITIVE,0.0000,0,1,0,0,7.448375935,8.9000000e-07,-8.9000000e-07,137.6945130,1.020000e-04,-1.020000e-04,0.3500,0.0240,-0.0110,4.23892,0.00235,-0.00235,1.5267e+05,9.700e+01,-9.700e+01,34.37,2.020e+00,-2.030e+00,871.0,,,136.18,27.74,-24.85,1837.90,1,q1_q17_dr25_tce,5636.00,101.00,-112.00,4.489,0.045,-0.045,0.8670,0.0510,-0.0510,295.297910,46.920471,15.178
8598,10031409,K07276.01,,FALSE POSITIVE,FALSE POSITIVE,0.0000,0,1,0,0,2.071939672,1.1000000e-07,-1.1000000e-07,132.8368962,4.130000e-05,-4.130000e-05,0.8060,0.0150,-0.0220,4.45367,0.00169,-0.00169,1.9877e+05,4.350e+01,-4.350e+01,75.64,2.184e+01,-1.586e+01,1696.0,,,1953.33,1692.60,-884.76,2409.80,1,q1_q17_dr25_tce,6140.00,182.00,-200.00,4.247,0.190,-0.190,1.2540,0.3620,-0.2630,298.684840,46.949970,13.553
8599,4843592,K04683.01,,FALSE POSITIVE,FALSE POSITIVE,0.0000,1,0,1,0,0.967073359,8.2200000e-07,-8.2200000e-07,131.6046020,6.880000e-04,-6.880000e-04,1.2220,0.6760,-0.1450,2.48750,0.05030,-0.05030,7.7350e+02,1.080e+01,-1.080e+01,28.15,7.880e+00,-3.630e+00,1867.0,,,2870.56,2362.35,-967.18,92.40,2,q1_q17_dr25_tce,5755.00,156.00,-190.00,4.402,0.105,-0.195,1.0220,0.2860,-0.1320,294.023470,39.924080,15.120
8600,3858919,K05990.01,,FALSE POSITIVE,FALSE POSITIVE,0.0000,1,0,1,1,25.952291300,8.4630000e-04,-8.4630000e-04,154.8689000,2.050000e-02,-2.050000e-02,0.1420,0.3170,-0.1420,10.97700,0.62200,-0.62200,5.5780e+02,4.710e+01,-4.710e+01,2.03,5.100e-01,-1.800e-01,567.0,,,24.49,18.81,-6.88,14.00,2,q1_q17_dr25_tce,5692.00,177.00,-197.00,4.547,0.032,-0.179,0.8660,0.2170,-0.0780,293.702910,38.956291,15.999
8601,7100673,K04032.05,,CANDIDATE,CANDIDATE,0.7900,0,0,0,0,7.235242210,4.5860000e-05,-4.5860000e-05,135.2317300,5.190000e-03,-5.190000e-03,0.1820,0.2640,-0.1820,2.68500,0.16900,-0.16900,6.0000e+01,4.400e+00,-4.400e+00,0.82,1.200e-01,-1.200e-01,948.0,,,191.14,85.18,-59.91,15.20,5,q1_q17_dr25_tce,5574.00,111.00,-100.00,4.354,0.132,-0.108,1.0650,0.1660,-0.1500,285.728490,42.654530,12.639
8602,3765917,K04526.02,,CANDIDATE,CANDIDATE,1.0000,0,0,0,0,11.818728800,1.1480000e-04,-1.1480000e-04,132.5100000,1.010000e-02,-1.010000e-02,0.2820,0.1910,-0.2820,4.01700,0.35800,-0.35800,2.4900e+02,2.200e+01,-2.200e+01,2.09,3.500e-01,-3.800e-01,919.0,,,168.38,73.59,-62.10,10.30,2,q1_q17_dr25_tce,5803.00,78.00,-78.00,4.211,0.162,-0.108,1.3280,0.2220,-0.2440,295.968930,38.867168,15.271
8603,7816680,K06920.01,,FALSE POSITIVE,FALSE POSITIVE,0.0000,0,1,0,0,4.292599454,3.9300000e-07,-3.9300000e-07,131.7702811,7.640000e-05,-7.640000e-05,0.8900,0.0210,-0.0080,4.73293,0.00256,-0.00256,1.4003e+05,9.880e+01,-9.880e+01,64.04,1.882e+01,-8.070e+00,1319.0,,,715.83,616.01,-237.04,1329.60,1,q1_q17_dr25_tce,6467.00,173.00,-211.00,4.377,0.062,-0.188,1.1740,0.3450,-0.1480,289.921330,43.508221,15.573
8604,7960295,K06939.01,,FALSE POSITIVE,FALSE POSITIVE,0.0000,0,1,1,0,2.104134870,2.1310000e-05,-2.1310000e-05,132.6363800,8.630000e-03,-8.630000e-03,0.6110,0.1090,-0.0870,4.22690,0.06030,-0.06030,3.2124e+05,5.102e+03,-5.102e+03,67.03,0.000e+00,0.000e+00,1421.0,,,963.40,0.00,0.00,86.40,1,q1_q17_dr25_tce,5780.00,,,4.438,,,1.0000,,,291.893430,43.730251,19.485
8605,8007675,K06949.01,,FALSE POSITIVE,FALSE POSITIVE,0.1260,1,0,0,0,2.352446342,,,131.9380482,,,0.7550,,,1.68020,,,3.2500e+01,,,1.24,2.800e-01,-3.500e-01,2173.0,,,5269.29,3512.39,-2848.99,7.20,1,q1_q17_dr25_tce,6749.00,169.00,-203.00,3.941,0.247,-0.114,2.0030,0.4580,-0.5600,282.154850,43.867352,12.047
8606,8098300,K06964.01,,FALSE POSITIVE,FALSE POSITIVE,0.0000,0,1,0,0,4.305917719,1.0900000e-07,-1.0900000e-07,132.3501939,2.060000e-05,-2.060000e-05,0.5490,0.0020,-0.0030,5.61993,0.00043,-0.00043,3.6139e+05,0.000e+00,0.000e+00,71.49,2.186e+01,-7.300e+00,1266.0,,,607.76,524.60,-169.38,6104.80,1,q1_q17_dr25_tce,6502.00,146.00,-178.00,4.440,0.052,-0.208,1.0370,0.3170,-0.1060,292.058720,43.925228,12.817
8607,12302391,K07519.01,,FALSE POSITIVE,FALSE POSITIVE,0.0000,0,1,0,0,25.321698729,5.0090000e-06,-5.0090000e-06,139.6875250,1.590000e-04,-1.590000e-04,0.9540,0.0230,-0.0220,4.45367,0.00841,-0.00841,1.1959e+05,1.970e+02,-1.970e+02,56.62,1.876e+01,-6.280e+00,655.0,,,43.39,43.72,-14.08,673.30,1,q1_q17_dr25_tce,6109.00,193.00,-236.00,4.455,0.056,-0.210,1.0290,0.3410,-0.1140,288.403780,51.073761,15.128
8608,12367310,K07530.01,,FALSE POSITIVE,FALSE POSITIVE,0.0000,0,1,0,0,8.627475562,1.1640000e-06,-1.1640000e-06,139.9908385,9.620000e-05,-9.620000e-05,1.1410,0.0560,-0.0590,4.65505,0.00516,-0.00516,3.6784e+04,3.180e+01,-3.180e+01,188.55,5.569e+01,-1.392e+02,1446.0,,,1031.92,959.31,-971.68,1157.50,1,q1_q17_dr25_tce,5146.00,183.00,-203.00,3.475,0.872,-0.218,4.0630,1.2000,-2.9990,296.349950,51.123440,13.835
8609,12504353,K07537.01,,FALSE POSITIVE,FALSE POSITIVE,,1,0,0,0,498.688450000,4.3380000e-02,-4.3380000e-02,556.5161000,2.950000e-02,-2.950000e-02,0.1119,0.3643,-0.1119,17.88000,1.50000,-1.50000,5.4830e+02,6.650e+01,-6.650e+01,2.44,1.210e+00,-2.300e-01,246.0,,,0.87,1.28,-0.24,9.40,1,q1_q17_dr24_tce,6184.00,149.00,-204.00,4.448,0.046,-0.046,1.0380,0.5170,-0.0960,287.863310,51.488522,15.166
8610,3123418,K07542.01,,FALSE POSITIVE,FALSE POSITIVE,,1,0,0,0,563.948540000,1.8210000e-02,-1.8210000e-02,145.5541000,1.530000e-02,-1.530000e-02,0.0504,0.3628,-0.0504,15.63100,0.81600,-0.81600,8.7290e+02,6.700e+01,-6.700e+01,2.55,1.100e+00,-1.900e-01,209.0,,,0.45,0.58,-0.10,16.30,1,q1_q17_dr24_tce,5853.00,158.00,-166.00,4.544,0.028,-0.028,0.8680,0.3720,-0.0670,293.025450,38.213261,14.574
8611,2576224,K04465.01,,FALSE POSITIVE,FALSE POSITIVE,,0,0,1,1,2.217010250,1.5860000e-05,-1.5860000e-05,131.8030500,6.750000e-03,-6.750000e-03,0.0662,0.3830,-0.0661,2.14800,0.19300,-0.19300,2.9400e+01,3.200e+00,-3.200e+00,1.16,8.000e-01,-1.700e-01,2371.0,,,7467.21,16639.04,-2880.44,11.70,1,q1_q17_dr24_tce,7524.00,217.00,-317.00,4.067,0.086,-0.403,2.0920,1.4590,-0.3050,291.546260,37.817749,12.734
8612,7281484,K04536.01,,FALSE POSITIVE,FALSE POSITIVE,0.0000,1,0,0,1,0.566800593,9.7030000e-06,-9.7030000e-06,131.8233000,1.830000e-02,-1.830000e-02,0.2000,0.2860,-0.2000,3.90900,0.83500,-0.83500,1.2300e+01,1.900e+00,-1.900e+00,0.48,1.000e-01,-8.000e-02,2783.0,,,14091.55,8460.99,-5443.19,10.40,1,q1_q17_dr25_tce,6476.00,144.00,-176.00,4.255,0.117,-0.143,1.3530,0.2850,-0.2330,291.610110,42.810459,12.318
8613,12108293,K04540.01,,FALSE POSITIVE,FALSE POSITIVE,0.0000,0,1,1,1,0.705455349,4.0780000e-06,-4.0780000e-06,131.6776400,5.010000e-03,-5.010000e-03,0.4470,0.0290,-0.4470,2.46900,0.14800,-0.14800,7.4900e+01,5.000e+00,-5.000e+00,0.64,1.100e-01,-4.000e-02,1693.0,,,1936.09,1019.96,-456.52,18.00,1,q1_q17_dr25_tce,5383.00,159.00,-143.00,4.614,0.035,-0.105,0.7360,0.1220,-0.0570,289.940190,50.652771,14.837
8614,10140122,K04545.01,,CANDIDATE,CANDIDATE,0.6190,0,0,0,0,0.849362238,4.8030000e-06,-4.8030000e-06,132.1419100,4.720000e-03,-4.720000e-03,0.4530,0.5300,-0.2560,1.36000,0.11500,-0.11500,1.1490e+02,1.160e+01,-1.160e+01,0.85,8.000e-02,-6.000e-02,1498.0,,,1190.04,473.29,-295.91,11.90,1,q1_q17_dr25_tce,4973.00,179.00,-179.00,4.595,0.020,-0.080,0.7880,0.0800,-0.0530,291.458130,47.158630,15.357
8615,3962684,K04908.01,,FALSE POSITIVE,FALSE POSITIVE,0.0000,0,1,1,1,25.949641315,,,148.9825267,,,0.9450,,,11.64110,,,6.7800e+01,,,2.06,1.150e+00,-1.150e+00,753.0,,,76.14,134.58,-62.86,7.60,1,q1_q17_dr25_tce,5109.00,169.00,-138.00,3.873,0.693,-0.297,1.9220,1.0740,-1.0740,293.682070,39.011120,13.956
8616,8761550,K07912.01,,FALSE POSITIVE,FALSE POSITIVE,0.0100,1,0,0,0,224.591055000,3.4900000e-03,-3.4900000e-03,208.7904000,1.590000e-02,-1.590000e-02,0.7680,0.0070,-0.5540,3.23200,0.61200,-0.61200,1.2520e+02,2.240e+01,-2.240e+01,2.17,3.600e-01,-6.800e-01,392.0,,,5.56,2.91,-3.22,8.20,2,q1_q17_dr25_tce,5786.00,157.00,-157.00,3.992,0.285,-0.095,1.7710,0.3000,-0.5570,294.866390,44.980991,12.238
8617,5289857,K05150.01,,CANDIDATE,CANDIDATE,1.0000,0,0,0,0,26.524553000,2.5330000e-04,-2.5330000e-04,156.1678400,7.500000e-03,-7.500000e-03,0.2180,0.2570,-0.2180,2.35900,0.25300,-0.25300,1.7450e+02,2.010e+01,-2.010e+01,2.19,1.390e+00,-1.130e+00,695.0,,,55.06,109.86,-43.67,10.20,1,q1_q17_dr25_tce,4995.00,149.00,-149.00,3.954,0.617,-0.332,1.7030,1.0760,-0.8800,295.785860,40.479771,13.681
8618,4068391,K05036.01,,FALSE POSITIVE,FALSE POSITIVE,,1,0,0,0,289.490952000,7.2760000e-03,-7.2760000e-03,363.4177000,1.230000e-02,-1.230000e-02,0.1458,0.3167,-0.1458,3.91000,0.66300,-0.66300,7.7300e+02,1.600e+02,-1.600e+02,2.87,1.130e+00,-3.500e-01,290.0,,,1.66,1.98,-0.55,6.60,1,q1_q16_tce,5978.00,178.00,-210.00,4.408,0.082,-0.269,1.0320,0.4070,-0.1260,294.400050,39.171589,15.140
8619,4077252,K05038.01,,FALSE POSITIVE,FALSE POSITIVE,0.0000,0,1,1,0,0.534109403,6.5300000e-07,-6.5300000e-07,131.8050100,1.050000e-03,-1.050000e-03,0.4760,0.0000,-0.4760,0.95130,0.03790,-0.03790,7.8300e+01,2.800e+00,-2.800e+00,2.28,8.200e-01,-6.700e-01,5513.0,,,217941.01,237022.59,-127490.71,37.00,1,q1_q17_dr25_tce,10747.00,331.00,-478.00,4.100,0.215,-0.215,2.4320,0.8750,-0.7160,296.307160,39.117119,12.314
8620,5440651,K05168.01,,FALSE POSITIVE,FALSE POSITIVE,,0,1,0,0,0.502807253,5.1000000e-08,-5.1000000e-08,131.6152743,8.700000e-05,-8.700000e-05,1.2503,0.3768,-0.0600,1.01493,0.00637,-0.00637,4.6587e+03,1.790e+01,-1.790e+01,26.81,5.100e+00,-2.590e+00,1825.0,,,2623.68,1603.33,-707.24,240.00,1,q1_q17_dr24_tce,5109.00,167.00,-140.00,4.564,0.065,-0.163,0.7150,0.1360,-0.0690,289.390780,40.654781,15.341
8621,1297263,K04922.01,,FALSE POSITIVE,FALSE POSITIVE,,1,0,0,0,153.521361000,4.3350000e-03,-4.3350000e-03,281.2973000,2.260000e-02,-2.260000e-02,0.1485,0.3172,-0.1484,3.89300,0.70500,-0.70500,2.5520e+02,5.190e+01,-5.190e+01,3.09,1.130e+00,-1.200e+00,493.0,,,13.99,15.60,-9.47,5.70,1,q1_q16_tce,6233.00,193.00,-225.00,3.951,0.339,-0.184,1.9210,0.7080,-0.7460,291.948520,36.952080,13.636
8622,11444974,K05898.01,,FALSE POSITIVE,FALSE POSITIVE,,1,0,0,0,76.379240000,1.0230000e-03,-1.0230000e-03,205.0612000,1.130000e-02,-1.130000e-02,0.7333,0.0854,-0.6096,0.64500,0.37800,-0.37800,2.7630e+02,6.580e+01,-6.580e+01,1.73,9.800e-01,-2.500e-01,406.0,,,6.41,11.45,-2.18,5.70,1,q1_q16_tce,5451.00,170.00,-141.00,4.404,0.131,-0.354,0.9360,0.5330,-0.1350,285.829830,49.394310,13.717
8623,11456256,K05901.01,,CANDIDATE,CANDIDATE,0.9250,0,0,0,0,61.611129000,1.3720000e-03,-1.3720000e-03,133.8909000,1.860000e-02,-1.860000e-02,0.3640,0.0780,-0.3640,14.96000,0.58000,-0.58000,8.2900e+01,4.500e+00,-4.500e+00,1.29,2.600e-01,-2.200e-01,597.0,,,30.02,17.90,-11.53,22.00,1,q1_q17_dr25_tce,6533.00,149.00,-182.00,4.227,0.135,-0.135,1.3860,0.2880,-0.2350,292.431370,49.368561,12.332
8624,5735878,K06622.01,,FALSE POSITIVE,FALSE POSITIVE,0.0000,0,1,0,0,16.832079803,6.9900000e-07,-6.9900000e-07,133.1746947,3.510000e-05,-3.510000e-05,0.2180,0.0270,-0.0080,7.79748,0.00285,-0.00285,4.8375e+04,1.130e+01,-1.130e+01,61.35,1.305e+01,-2.423e+01,1243.0,,,565.17,359.40,-381.98,5156.60,1,q1_q17_dr25_tce,6300.00,170.00,-189.00,3.646,0.322,-0.115,2.7550,0.5860,-1.0880,299.161740,40.927010,13.125
8625,5809372,K06630.01,,CANDIDATE,CANDIDATE,0.9700,0,0,0,0,34.650636800,5.1680000e-04,-5.1680000e-04,143.0279000,1.330000e-02,-1.330000e-02,0.9730,3.8300,-0.1140,10.28700,0.71300,-0.71300,5.0250e+02,3.290e+01,-3.290e+01,12.35,1.640e+00,-4.940e+00,1191.0,,,476.15,204.06,-324.24,21.60,1,q1_q17_dr25_tce,6681.00,180.00,-200.00,3.465,0.360,-0.090,4.1850,0.5580,-1.6730,296.736760,41.000660,12.954
8626,5952457,K06637.01,,FALSE POSITIVE,FALSE POSITIVE,0.0000,0,0,1,1,0.905672916,3.9100000e-06,-3.9100000e-06,132.2045300,3.420000e-03,-3.420000e-03,0.0330,0.4120,-0.0330,1.00000,0.15100,-0.15100,1.1040e+02,1.240e+01,-1.240e+01,0.76,7.000e-02,-7.000e-02,1468.0,,,1096.04,366.38,-296.88,12.10,1,q1_q17_dr25_tce,4949.00,151.00,-136.00,4.552,0.072,-0.044,0.7410,0.0650,-0.0720,289.299770,41.278751,15.283
8627,5977541,K06642.01,,FALSE POSITIVE,FALSE POSITIVE,0.0000,0,1,1,0,1.140735280,2.4520000e-05,-2.4520000e-05,132.5852000,1.980000e-02,-1.980000e-02,0.7680,0.2280,-0.5210,2.39400,0.52300,-0.52300,1.3500e+01,2.100e+00,-2.100e+00,0.68,1.400e-01,-1.400e-01,3190.0,,,24512.67,16034.25,-11157.51,7.80,1,q1_q17_dr25_tce,8847.00,247.00,-371.00,4.200,0.130,-0.159,1.6850,0.3660,-0.3300,296.475460,41.241116,12.500
8628,6029130,K06647.01,,FALSE POSITIVE,FALSE POSITIVE,0.0000,0,1,0,0,12.591656377,5.0600000e-07,-5.0600000e-07,134.7421233,3.260000e-05,-3.260000e-05,0.6290,0.0060,-0.0060,5.53385,0.00112,-0.00112,3.0258e+05,4.430e+01,-4.430e+01,49.21,7.940e+00,-3.710e+00,642.0,,,40.23,20.85,-9.41,3990.50,1,q1_q17_dr25_tce,5293.00,159.00,-143.00,4.604,0.032,-0.097,0.7560,0.1220,-0.0570,287.039790,41.328869,14.832
8629,8686761,K07904.01,,FALSE POSITIVE,FALSE POSITIVE,0.0000,1,0,0,1,374.939990980,,,137.9851608,,,0.6400,,,17.08490,,,2.3510e+02,,,4.67,1.430e+00,-3.100e+00,381.0,,,4.99,4.63,-4.50,8.40,1,q1_q17_dr25_tce,5382.00,169.00,-187.00,3.645,0.856,-0.214,2.9090,0.8900,-1.9290,290.877350,44.861591,13.917
8630,10066755,K07281.01,,CANDIDATE,CANDIDATE,,0,0,0,0,2.465065010,5.7620000e-05,-5.7620000e-05,132.8845000,1.800000e-02,-1.800000e-02,0.6323,0.3373,-0.4099,6.21800,0.56800,-0.56800,3.9800e+01,4.500e+00,-4.500e+00,1.14,5.800e-01,-3.000e-01,1999.0,,,3777.82,5853.10,-2070.96,10.30,1,q1_q17_dr24_tce,6881.00,199.00,-296.00,4.101,0.186,-0.186,1.7140,0.8710,-0.4560,288.219760,47.041279,12.446
8631,10098534,K07287.01,,FALSE POSITIVE,FALSE POSITIVE,,1,0,0,0,41.811450000,7.0410000e-03,-7.0410000e-03,166.5262000,4.220000e-02,-4.220000e-02,0.0121,0.8093,-0.0121,2.20800,0.80100,-0.80100,3.0200e+02,1.384e+04,-1.384e+04,1.40,7.000e-01,-1.700e-01,483.0,,,12.88,20.17,-4.06,5.90,1,q1_q17_dr24_tce,5593.00,196.00,-152.00,4.478,0.109,-0.109,0.8120,0.4020,-0.1020,299.583530,47.022888,15.017
8632,10274244,K07303.01,,FALSE POSITIVE,FALSE POSITIVE,0.0000,0,1,0,0,13.683692590,4.6200000e-07,-4.6200000e-07,135.2108067,2.670000e-05,-2.670000e-05,0.0890,0.0600,-0.0310,4.22504,0.00190,-0.00190,1.8551e+05,5.530e+01,-5.530e+01,30.60,3.240e+00,-3.240e+00,635.0,,,38.37,13.81,-10.87,3641.60,1,q1_q17_dr25_tce,5359.00,144.00,-144.00,4.566,0.090,-0.060,0.7080,0.0750,-0.0750,291.936400,47.309689,11.544
8633,10292465,K07307.01,,FALSE POSITIVE,FALSE POSITIVE,0.0000,0,1,0,0,1.353370910,3.0300000e-07,-3.0300000e-07,131.9369540,1.780000e-04,-1.780000e-04,0.5790,0.0280,-0.0340,2.23960,0.01350,-0.01350,1.0456e+05,5.360e+02,-5.360e+02,26.69,3.980e+00,-3.270e+00,1444.0,,,1031.53,518.62,-319.26,303.00,1,q1_q17_dr25_tce,5426.00,178.00,-146.00,4.511,0.100,-0.100,0.7840,0.1170,-0.0960,298.136320,47.384529,14.956
8634,10332789,K07311.01,,FALSE POSITIVE,FALSE POSITIVE,0.0000,0,1,0,0,18.740725340,9.2000000e-07,-9.2000000e-07,135.2072208,4.060000e-05,-4.060000e-05,0.2030,0.0250,-0.0050,5.19791,0.00148,-0.00148,1.2548e+05,4.940e+01,-4.940e+01,35.61,1.040e+01,-3.720e+00,717.0,,,62.46,53.98,-19.01,2964.70,1,q1_q17_dr25_tce,6122.00,171.00,-214.00,4.471,0.050,-0.200,0.9960,0.2910,-0.1040,289.036800,47.465950,15.861
8635,4753561,K05996.01,,FALSE POSITIVE,FALSE POSITIVE,0.0000,0,1,1,0,4.944927575,8.0880000e-06,-8.0880000e-06,131.6112400,1.360000e-03,-1.360000e-03,1.2150,6.7540,-0.0180,3.46480,0.07020,-0.07020,1.0287e+03,1.960e+01,-1.960e+01,19.43,5.500e-01,-9.400e-01,728.0,,,66.56,9.01,-10.49,62.50,1,q1_q17_dr25_tce,4428.00,79.00,-79.00,4.590,0.042,-0.012,0.7010,0.0200,-0.0340,293.737150,39.825859,14.928
8636,5470960,K06007.01,,FALSE POSITIVE,FALSE POSITIVE,0.0000,1,0,1,1,12.422791800,9.3030000e-04,-9.3030000e-04,141.7972000,7.650000e-02,-7.650000e-02,0.9790,1.7350,-0.0110,27.29000,2.10000,-2.10000,2.0260e+02,1.620e+01,-1.620e+01,1.44,2.300e-01,-1.200e-01,634.0,,,38.29,19.25,-9.79,15.50,1,q1_q17_dr25_tce,5279.00,158.00,-158.00,4.620,0.036,-0.090,0.7200,0.1120,-0.0600,297.534300,40.653389,15.955
8637,10843203,K01287.01,,FALSE POSITIVE,FALSE POSITIVE,0.0000,0,1,0,0,4.429633087,3.0780000e-06,-3.0780000e-06,355.1435460,5.310000e-04,-5.310000e-04,1.2640,4.8220,-0.1500,3.02570,0.02510,-0.02510,6.1201e+03,4.480e+01,-4.480e+01,32.12,5.680e+00,-3.050e+00,950.0,,,192.62,117.24,-55.65,166.30,1,q1_q17_dr25_tce,5344.00,204.00,-185.00,4.545,0.051,-0.111,0.8090,0.1430,-0.0770,282.232730,48.271198,15.910
8638,11176166,K05875.02,,FALSE POSITIVE,FALSE POSITIVE,0.0360,1,0,0,0,4.274260500,1.2080000e-04,-1.2080000e-04,133.0463000,2.550000e-02,-2.550000e-02,0.0890,0.3490,-0.0890,2.68700,0.17500,-0.17500,2.6380e+02,2.650e+01,-2.650e+01,1.88,5.900e-01,-2.500e-01,1326.0,,,730.69,662.25,-263.64,11.40,2,q1_q17_dr25_tce,6477.00,159.00,-250.00,4.361,0.087,-0.203,1.1480,0.3620,-0.1550,283.068630,48.802078,14.496
8639,2012722,K06257.01,,FALSE POSITIVE,FALSE POSITIVE,0.0000,1,0,0,0,2.325399680,1.5350000e-05,-1.5350000e-05,132.1298500,6.720000e-03,-6.720000e-03,1.0040,0.0870,-0.0180,16.79100,0.36400,-0.36400,2.8810e+02,5.000e+00,-5.000e+00,9.76,1.660e+00,-3.080e+00,2501.0,,,9234.82,4664.22,-5456.68,79.90,2,q1_q17_dr25_tce,7046.00,168.00,-232.00,3.831,0.234,-0.108,2.7240,0.4640,-0.8610,291.011470,37.433640,11.661
8640,2438061,K06270.01,,FALSE POSITIVE,FALSE POSITIVE,0.0000,0,1,0,0,2.442941283,1.7910000e-06,-1.7910000e-06,132.0114680,7.250000e-04,-7.250000e-04,1.1640,1.7920,-0.1330,4.18470,0.03100,-0.03100,3.7338e+04,1.930e+02,-1.930e+02,48.18,0.000e+00,0.000e+00,1352.0,,,788.17,0.00,0.00,229.70,1,q1_q17_dr25_tce,5780.00,,,4.438,,,1.0000,,,290.277010,37.790970,
8641,2557350,K06276.01,,CANDIDATE,CANDIDATE,0.9600,0,0,0,0,3.098728340,2.5330000e-05,-2.5330000e-05,134.3928100,6.720000e-03,-6.720000e-03,0.1330,0.3390,-0.1330,1.89000,0.23700,-0.23700,2.4800e+02,3.000e+01,-3.000e+01,0.64,5.000e-02,-6.000e-02,579.0,,,26.60,6.64,-6.55,10.10,1,q1_q17_dr25_tce,3628.00,58.00,-65.00,4.842,0.044,-0.036,0.4100,0.0340,-0.0410,286.819150,37.859009,15.870
8642,8120820,K06971.01,,CANDIDATE,CANDIDATE,0.3580,0,0,0,0,129.222771000,2.6820000e-03,-2.6820000e-03,255.1859000,1.180000e-02,-1.180000e-02,0.8670,0.0870,-0.6600,7.27200,0.41500,-0.41500,4.4530e+02,4.220e+01,-4.220e+01,2.01,8.000e-02,-1.300e-01,288.0,,,1.63,0.25,-0.30,12.00,1,q1_q17_dr25_tce,4934.00,81.00,-81.00,4.515,0.067,-0.022,0.8090,0.0310,-0.0540,298.700010,43.976490,14.784
8643,8145958,K06978.01,,CANDIDATE,CANDIDATE,0.9780,0,0,0,0,3.075510680,1.9150000e-05,-1.9150000e-05,134.4685700,5.360000e-03,-5.360000e-03,0.0050,0.4650,-0.0050,1.68300,0.17500,-0.17500,4.6100e+01,5.900e+00,-5.900e+00,0.84,1.300e-01,-1.400e-01,1389.0,,,879.95,371.75,-293.44,10.10,1,q1_q17_dr25_tce,5763.00,78.00,-78.00,4.256,0.143,-0.117,1.2420,0.2000,-0.2000,282.841030,44.049728,13.359
8644,8192861,K06987.01,,FALSE POSITIVE,FALSE POSITIVE,,1,0,1,0,0.552141897,4.1020000e-06,-4.1020000e-06,131.7719900,6.160000e-03,-6.160000e-03,1.0910,0.0140,-0.0895,4.98500,0.68100,-0.68100,1.0560e+02,5.020e+01,-5.020e+01,10.04,4.070e+00,-1.000e+00,2206.0,,,5602.43,6684.53,-1540.33,42.80,1,q1_q17_dr24_tce,5952.00,159.00,-164.00,4.486,0.059,-0.059,0.9040,0.3660,-0.0900,299.714080,44.037189,13.866
8645,8227464,K06994.01,,CANDIDATE,CANDIDATE,0.9940,0,0,0,0,4.259078410,5.8550000e-05,-5.8550000e-05,135.5815000,1.310000e-02,-1.310000e-02,0.3620,0.0980,-0.3620,4.51300,0.33500,-0.33500,2.8100e+01,2.900e+00,-2.900e+00,0.70,1.000e-01,-1.500e-01,1253.0,,,583.12,241.46,-235.93,11.50,1,q1_q17_dr25_tce,5560.00,89.00,-66.00,4.173,0.201,-0.108,1.3160,0.2000,-0.2760,289.771210,44.139969,12.832
8646,8248103,K07002.01,,CANDIDATE,CANDIDATE,0.7800,0,0,0,0,4.830141590,1.8610000e-05,-1.8610000e-05,134.6440700,3.420000e-03,-3.420000e-03,0.0340,0.4270,-0.0340,0.95700,0.13300,-0.13300,1.9200e+02,2.400e+01,-2.400e+01,1.30,3.500e-01,-1.500e-01,1039.0,,,275.02,218.25,-84.55,11.70,1,q1_q17_dr25_tce,5693.00,152.00,-169.00,4.467,0.078,-0.182,0.9390,0.2540,-0.1090,296.695740,44.150761,14.991
8647,4380560,K07548.01,,FALSE POSITIVE,FALSE POSITIVE,0.0000,1,0,1,1,0.705816203,6.2570000e-06,-6.2570000e-06,131.9449900,8.210000e-03,-8.210000e-03,1.1330,0.1180,-0.1150,5.55000,1.00000,-1.00000,1.4900e+02,2.260e+02,-2.260e+02,15.33,4.830e+00,-1.600e+00,2109.0,,,4650.24,4435.49,-1456.78,19.60,1,q1_q17_dr25_tce,6106.00,190.00,-232.00,4.487,0.052,-0.208,0.9660,0.3040,-0.1010,295.381500,39.453732,15.062
8648,6508734,K07568.01,,FALSE POSITIVE,FALSE POSITIVE,,1,0,0,0,480.037590000,3.7250000e-02,-3.7250000e-02,318.4745000,3.770000e-02,-3.770000e-02,0.2596,0.1759,-0.2596,16.25000,1.80000,-1.80000,7.1740e+02,9.130e+01,-9.130e+01,1.14,1.600e-01,-1.300e-01,109.0,,,0.03,0.02,-0.01,9.00,1,q1_q17_dr24_tce,3622.00,59.00,-50.00,4.826,0.060,-0.060,0.4300,0.0600,-0.0500,287.084380,41.954060,15.644
8649,7032568,K07576.01,,FALSE POSITIVE,FALSE POSITIVE,0.0000,1,0,1,1,0.566792936,7.8910000e-06,-7.8910000e-06,131.8166000,1.020000e-02,-1.020000e-02,0.4670,0.4950,-0.2440,2.84600,0.40400,-0.40400,2.3000e+01,2.100e+00,-2.100e+00,0.79,2.100e-01,-3.000e-01,3114.0,,,22251.32,16932.14,-14943.05,14.30,1,q1_q17_dr25_tce,6432.00,175.00,-214.00,4.018,0.385,-0.165,1.6030,0.4130,-0.6200,291.460330,42.581261,13.831
8650,8579684,K07594.01,,CANDIDATE,CANDIDATE,,0,0,0,0,2.088027990,2.3650000e-05,-2.3650000e-05,132.0847500,8.240000e-03,-8.240000e-03,0.9865,0.0014,-0.0017,24.01700,0.86900,-0.86900,7.0800e+01,2.100e+00,-2.100e+00,1.93,1.100e+00,-4.900e-01,2003.0,,,3806.17,6502.33,-1954.15,60.50,1,q1_q17_dr24_tce,6593.00,166.00,-213.00,4.117,0.180,-0.180,1.6700,0.9450,-0.4260,298.200160,44.608501,12.579
8651,10253638,K07608.01,,FALSE POSITIVE,FALSE POSITIVE,0.0000,1,0,0,0,7.453929700,,,137.3319600,,,,,,14.21000,,,,,,,,,,,,520.65,952.40,-226.63,,1,q1_q17_dr25_tce,,,,,,,,,,281.638890,47.314121,13.272
8652,8873450,K07913.01,,FALSE POSITIVE,FALSE POSITIVE,0.0000,0,0,1,0,24.278380100,3.5880000e-04,-3.5880000e-04,154.5132500,9.720000e-03,-9.720000e-03,0.7170,0.2290,-0.4850,4.56400,0.25800,-0.25800,7.1440e+02,6.050e+01,-6.050e+01,2.03,8.000e-02,-1.700e-01,432.0,,,8.27,1.81,-2.11,13.60,6,q1_q17_dr25_tce,4450.00,132.00,-132.00,4.583,0.056,-0.020,0.7070,0.0290,-0.0590,286.748570,45.158741,14.164
8653,7889486,K03300.01,,FALSE POSITIVE,FALSE POSITIVE,0.0000,1,1,1,1,24.238251900,2.9170000e-04,-2.9170000e-04,136.6211800,8.590000e-03,-8.590000e-03,0.8200,0.0030,-0.5850,2.70300,0.24000,-0.24000,4.6550e+02,4.950e+01,-4.950e+01,2.19,6.600e-01,-1.800e-01,597.0,,,29.92,27.52,-8.00,11.30,2,q1_q17_dr25_tce,5763.00,182.00,-202.00,4.527,0.036,-0.204,0.9040,0.2730,-0.0730,291.282960,43.608238,15.752
8654,9291039,K03230.01,,FALSE POSITIVE,FALSE POSITIVE,0.0000,1,0,0,0,8.808541830,6.0620000e-05,-6.0620000e-05,134.0271200,3.610000e-03,-3.610000e-03,0.9930,0.1160,-0.1360,34.75640,0.00000,0.00000,1.7470e+02,7.800e+00,-7.800e+00,2.69,5.500e-01,-4.400e-01,1000.0,,,236.05,143.78,-90.50,137.30,1,q1_q17_dr25_tce,6017.00,163.00,-181.00,4.300,0.135,-0.135,1.2100,0.2450,-0.2000,295.719420,45.747559,12.239
8655,3849187,K04780.01,,CANDIDATE,CANDIDATE,1.0000,0,0,0,0,6.601800030,8.9710000e-05,-8.9710000e-05,137.4760000,1.070000e-02,-1.070000e-02,0.2040,0.2610,-0.2040,2.62400,0.32200,-0.32200,2.1340e+02,3.150e+01,-3.150e+01,1.25,2.900e-01,-1.000e-01,875.0,,,138.25,98.33,-34.58,8.10,1,q1_q17_dr25_tce,5591.00,150.00,-166.00,4.559,0.032,-0.179,0.8600,0.2070,-0.0690,291.135740,38.905430,15.414
8656,9827596,K04855.01,,FALSE POSITIVE,FALSE POSITIVE,0.0000,0,0,0,1,1.457289970,1.6800000e-05,-1.6800000e-05,131.5882000,1.110000e-02,-1.110000e-02,0.7490,0.2060,-0.5060,3.58200,0.30500,-0.30500,7.1300e+01,6.000e+00,-6.000e+00,0.93,1.400e-01,-4.000e-02,1665.0,,,1818.19,757.06,-235.37,15.50,1,q1_q17_dr25_tce,6063.00,78.00,-78.00,4.476,0.021,-0.112,1.0120,0.1620,-0.0430,290.361420,46.661331,14.561
8657,3343281,K04860.01,,FALSE POSITIVE,FALSE POSITIVE,0.2730,0,0,1,0,21.866092200,2.4760000e-04,-2.4760000e-04,138.5170000,7.890000e-03,-7.890000e-03,0.0570,0.4010,-0.0570,2.03000,0.30900,-0.30900,3.0160e+02,3.800e+01,-3.800e+01,1.88,6.400e-01,-2.500e-01,730.0,,,67.15,66.97,-23.49,9.20,1,q1_q17_dr25_tce,6309.00,175.00,-219.00,4.402,0.072,-0.203,1.0770,0.3640,-0.1450,291.730260,38.411461,15.019
8658,8880317,K07915.01,,CANDIDATE,CANDIDATE,0.3240,0,0,0,0,382.589100000,1.0960000e-01,-1.0960000e-01,372.8314000,8.880000e-02,-8.880000e-02,0.0420,0.4160,-0.0420,11.70000,10.40000,-10.40000,2.9820e+02,3.670e+01,-3.670e+01,2.15,6.500e-01,-4.300e-01,305.0,,,2.05,1.81,-0.91,10.50,1,q1_q17_dr25_tce,6337.00,176.00,-220.00,4.261,0.175,-0.175,1.2390,0.3710,-0.2470,289.921970,45.103920,13.678
8659,6599305,K05301.01,,FALSE POSITIVE,FALSE POSITIVE,,1,0,0,0,42.026460000,1.2830000e-02,-1.2830000e-02,172.2280000,1.540000e-01,-1.540000e-01,0.7156,2.0980,-0.4446,2.55300,0.58800,-0.58800,1.9000e+02,1.241e+04,-1.241e+04,1.50,6.500e-01,-1.500e-01,561.0,,,23.47,29.62,-6.85,6.00,1,q1_q16_tce,6158.00,157.00,-196.00,4.431,0.061,-0.291,1.0160,0.4370,-0.1040,289.724610,42.006050,14.519
8660,2163226,K04933.01,,FALSE POSITIVE,FALSE POSITIVE,,1,0,0,0,452.100930000,5.4070000e-02,-5.4070000e-02,460.4884000,5.070000e-02,-5.070000e-02,0.1063,0.3973,-0.1063,12.69000,4.20000,-4.20000,4.6400e+02,1.910e+02,-1.910e+02,2.08,8.000e-01,-2.300e-01,254.0,,,0.99,1.13,-0.31,6.20,1,q1_q16_tce,6276.00,181.00,-214.00,4.456,0.066,-0.281,0.9560,0.3700,-0.1030,292.102450,37.566910,15.107
8661,4455763,K05061.01,,FALSE POSITIVE,FALSE POSITIVE,0.0000,0,1,0,0,0.766298172,1.3200000e-07,-1.3200000e-07,131.6875690,1.500000e-04,-1.500000e-04,0.8130,0.0200,-0.0060,1.78462,0.00732,-0.00732,1.9401e+04,9.320e+01,-9.320e+01,15.64,4.880e+00,-2.090e+00,2163.0,,,5154.54,4761.46,-1800.15,368.90,1,q1_q17_dr25_tce,6267.00,176.00,-220.00,4.431,0.084,-0.196,0.9960,0.3110,-0.1330,289.076510,39.570438,15.581
8662,5603270,K05182.01,,FALSE POSITIVE,FALSE POSITIVE,,1,0,0,0,103.284757000,1.1790000e-03,-1.1790000e-03,147.7902200,9.880000e-03,-9.880000e-03,0.6314,0.0935,-0.4644,1.67400,0.31500,-0.31500,7.8400e+01,2.600e+01,-2.600e+01,1.96,5.800e-01,-8.400e-01,583.0,,,27.31,24.08,-19.40,5.50,1,q1_q16_tce,6185.00,170.00,-186.00,3.878,0.381,-0.152,2.1010,0.6290,-0.8990,286.042630,40.860291,12.970
8663,4470888,K05065.01,,FALSE POSITIVE,FALSE POSITIVE,,1,0,0,0,523.369210000,1.3430000e-03,-1.3430000e-03,185.1740000,2.490000e-03,-2.490000e-03,1.0046,0.3263,-0.0171,1.00700,0.39100,-0.39100,9.9180e+03,1.844e+03,-1.844e+03,17.45,6.710e+00,-1.510e+00,240.0,,,0.78,0.91,-0.21,8.40,1,q1_q16_tce,6397.00,191.00,-224.00,4.508,0.043,-0.287,0.9130,0.3510,-0.0790,293.402590,39.567131,15.577
8664,12170767,K05960.01,,CANDIDATE,CANDIDATE,,0,0,0,0,32.418526500,8.0690000e-04,-8.0690000e-04,161.4252000,1.690000e-02,-1.690000e-02,0.7105,0.0784,-0.5043,5.15400,0.53300,-0.53300,1.1070e+02,1.590e+01,-1.590e+01,1.62,8.700e-01,-6.300e-01,687.0,,,52.70,88.01,-34.81,7.90,1,q1_q16_tce,5622.00,172.00,-140.00,4.044,0.422,-0.300,1.4410,0.7760,-0.5580,297.021700,50.769112,13.325
8665,6060580,K06658.01,,FALSE POSITIVE,FALSE POSITIVE,0.0000,0,1,0,0,2.313367981,2.4000000e-07,-2.4000000e-07,133.1999763,8.530000e-05,-8.530000e-05,1.2470,0.0470,-0.0490,2.42645,0.00286,-0.00286,1.3438e+04,1.120e+01,-1.120e+01,33.55,6.580e+00,-2.810e+00,1180.0,,,458.02,271.88,-113.73,733.60,1,q1_q17_dr25_tce,5508.00,150.00,-150.00,4.598,0.034,-0.127,0.7640,0.1500,-0.0640,296.768620,41.319538,13.460
8666,6128245,K06666.01,,CANDIDATE,CANDIDATE,0.9550,0,0,0,0,1.118510435,7.0690000e-06,-7.0690000e-06,131.6088200,4.890000e-03,-4.890000e-03,0.2510,0.2140,-0.2510,1.11100,0.20000,-0.20000,7.2700e+01,9.800e+00,-9.800e+00,0.75,2.100e-01,-8.000e-02,1684.0,,,1898.51,1579.81,-521.77,9.90,1,q1_q17_dr25_tce,5918.00,160.00,-178.00,4.544,0.036,-0.204,0.8650,0.2450,-0.0820,293.279300,41.403679,14.796
8667,6187508,K06672.01,,CANDIDATE,CANDIDATE,1.0000,0,0,0,0,2.284943010,1.0430000e-05,-1.0430000e-05,132.9234300,3.310000e-03,-3.310000e-03,0.0130,0.4480,-0.0130,1.01000,0.14000,-0.14000,1.6180e+02,1.990e+01,-1.990e+01,1.00,1.800e-01,-9.000e-02,1180.0,,,458.39,260.01,-121.59,10.60,1,q1_q17_dr25_tce,5396.00,159.00,-159.00,4.571,0.040,-0.112,0.7890,0.1430,-0.0710,285.339630,41.539749,15.181
8668,6209225,K06676.01,,CANDIDATE,CANDIDATE,,0,0,0,0,439.219780000,1.3540000e-02,-1.3540000e-02,523.3139000,2.000000e-02,-2.000000e-02,0.2863,0.1998,-0.2862,9.39200,0.60100,-0.60100,3.4230e+02,3.350e+01,-3.350e+01,1.81,6.200e-01,-1.700e-01,266.0,,,1.18,1.17,-0.32,10.30,1,q1_q17_dr24_tce,6553.00,161.00,-206.00,4.479,0.048,-0.048,0.9620,0.3310,-0.0880,293.161680,41.538158,13.993
8669,6285094,K06683.01,,FALSE POSITIVE,FALSE POSITIVE,0.0000,0,0,1,1,5.243978300,2.9320000e-04,-2.9320000e-04,132.6829000,5.520000e-02,-5.520000e-02,0.8200,0.1440,-0.5760,10.10000,1.10000,-1.10000,9.3500e+01,8.600e+00,-8.600e+00,1.03,3.300e-01,-1.100e-01,1068.0,,,307.32,298.22,-97.41,13.10,1,q1_q17_dr25_tce,6029.00,188.00,-230.00,4.481,0.054,-0.216,0.9560,0.3060,-0.1020,291.820010,41.697842,14.967
8670,10346522,K07316.01,,FALSE POSITIVE,FALSE POSITIVE,0.0000,0,1,0,0,3.989144446,9.1200000e-07,-9.1200000e-07,132.5724370,1.890000e-04,-1.890000e-04,0.2520,0.0030,-0.0020,20.79470,0.01660,-0.01660,6.3052e+05,3.660e+02,-3.660e+02,60.26,7.370e+00,-6.630e+00,996.0,,,233.19,97.41,-69.60,2055.90,1,q1_q17_dr25_tce,5538.00,166.00,-166.00,4.555,0.095,-0.086,0.7190,0.0880,-0.0790,294.483370,47.452660,14.404
8671,10407047,K07321.01,,FALSE POSITIVE,FALSE POSITIVE,0.0000,0,0,1,1,0.933746990,7.3880000e-06,-7.3880000e-06,131.5240600,7.250000e-03,-7.250000e-03,1.1670,0.1250,-0.1810,6.16800,0.40900,-0.40900,1.7210e+02,8.600e+00,-8.600e+00,103.98,4.311e+01,-4.312e+01,3442.0,,,33070.30,40521.06,-22909.50,25.50,1,q1_q17_dr25_tce,4909.00,132.00,-132.00,3.136,0.402,-0.268,5.2720,2.1860,-2.1860,292.776950,47.539391,13.327
8672,10420279,K07325.01,,FALSE POSITIVE,FALSE POSITIVE,0.0000,0,1,0,0,45.433248620,1.3350000e-05,-1.3350000e-05,159.8704730,2.220000e-04,-2.220000e-04,0.4890,0.0060,-0.0060,14.24200,0.01410,-0.01410,4.1435e+05,3.700e+02,-3.700e+02,77.25,2.210e+01,-1.359e+01,529.0,,,18.46,15.49,-7.36,1337.00,1,q1_q17_dr25_tce,5731.00,154.00,-171.00,4.359,0.128,-0.192,1.0800,0.3090,-0.1900,297.380310,47.545029,14.774
8673,10481054,K07333.01,,FALSE POSITIVE,FALSE POSITIVE,0.0000,0,0,0,1,2.037427120,3.0570000e-05,-3.0570000e-05,131.5592000,1.350000e-02,-1.350000e-02,0.7910,0.1890,-0.5500,3.93900,0.28100,-0.28100,3.6000e+01,3.700e+00,-3.700e+00,0.90,1.500e-01,-1.600e-01,1812.0,,,2550.21,1139.11,-894.09,11.40,1,q1_q17_dr25_tce,6356.00,76.00,-76.00,4.215,0.143,-0.117,1.3580,0.2370,-0.2370,295.844480,47.652119,13.929
8674,10549576,K07341.01,,FALSE POSITIVE,FALSE POSITIVE,0.0000,0,1,0,0,9.089355023,2.2080000e-06,-2.2080000e-06,139.0837140,1.940000e-04,-1.940000e-04,0.6470,0.0030,-0.0030,6.40060,0.01220,-0.01220,1.0148e+05,2.020e+02,-2.020e+02,68.91,1.682e+01,-1.683e+01,1511.0,,,1233.59,922.96,-629.49,756.40,1,q1_q17_dr25_tce,7675.00,237.00,-290.00,4.051,0.165,-0.165,2.0150,0.4920,-0.4920,297.118260,47.741611,13.015
8675,10597164,K07347.01,,FALSE POSITIVE,FALSE POSITIVE,,0,0,1,1,4.563853700,1.3260000e-04,-1.3260000e-04,133.2096000,2.790000e-02,-2.790000e-02,0.9866,0.0020,-0.6946,13.05000,1.30000,-1.30000,7.1900e+01,5.200e+00,-5.200e+00,2.97,1.410e+00,-1.560e+00,1533.0,,,1305.08,1967.04,-1049.27,16.80,1,q1_q17_dr24_tce,5446.00,196.00,-183.00,3.793,0.510,-0.510,2.3900,1.1360,-1.2570,290.678770,47.845261,13.984
8676,7877820,K06046.01,,FALSE POSITIVE,FALSE POSITIVE,0.0000,1,0,1,1,9.449438672,7.1380000e-06,-7.1380000e-06,136.0257790,5.930000e-04,-5.930000e-04,1.2430,0.1120,-0.0620,5.54790,0.03150,-0.03150,1.2867e+04,6.930e+01,-6.930e+01,60.59,1.626e+01,-1.465e+01,1152.0,,,415.72,321.61,-203.78,231.40,1,q1_q17_dr25_tce,6558.00,162.00,-194.00,4.167,0.209,-0.171,1.4310,0.3840,-0.3460,286.286930,43.613640,13.099
8677,2580872,K06283.01,,FALSE POSITIVE,FALSE POSITIVE,0.0000,1,0,0,0,15.926632768,1.5710000e-06,-1.5710000e-06,145.5519669,7.800000e-05,-7.800000e-05,0.6720,0.0090,-0.0090,7.42888,0.00415,-0.00415,2.7186e+05,1.320e+02,-1.320e+02,57.95,1.403e+01,-7.010e+00,670.0,,,47.68,35.07,-15.05,2278.90,1,q1_q17_dr25_tce,5496.00,164.00,-164.00,4.471,0.075,-0.163,0.9170,0.2220,-0.1110,292.528590,37.810020,14.880
8678,2716979,K06291.01,,CANDIDATE,CANDIDATE,,0,0,0,0,8.832419300,1.2000000e-04,-1.2000000e-04,137.7004000,1.150000e-02,-1.150000e-02,0.1850,0.2842,-0.1848,2.25200,0.32900,-0.32900,7.4100e+01,1.060e+01,-1.060e+01,0.98,3.300e-01,-1.800e-01,999.0,,,234.99,227.94,-94.21,8.10,1,q1_q17_dr24_tce,6060.00,161.00,-169.00,4.290,0.172,-0.172,1.1330,0.3760,-0.2050,292.296260,37.933060,13.303
8679,2969638,K06298.01,,FALSE POSITIVE,FALSE POSITIVE,0.0000,1,0,0,0,1.973621590,,,131.9016800,,,,,,3.29000,,,,,,,,,,,,1767.45,2046.45,-777.12,,1,q1_q17_dr25_tce,,,,,,,,,,285.729710,38.164829,13.954
8680,3115480,K06306.01,,FALSE POSITIVE,FALSE POSITIVE,0.0000,0,1,0,0,3.693702974,6.5400000e-07,-6.5400000e-07,135.1949060,1.470000e-04,-1.470000e-04,1.1900,0.1100,-0.0560,3.37146,0.00707,-0.00707,2.5208e+04,4.510e+01,-4.510e+01,62.55,1.097e+01,-5.070e+00,1453.0,,,1054.10,472.96,-209.14,568.70,1,q1_q17_dr25_tce,6309.00,75.00,-82.00,4.265,0.063,-0.117,1.3960,0.2450,-0.1130,291.193210,38.244652,14.469
8681,3247294,K06316.01,,FALSE POSITIVE,FALSE POSITIVE,0.0000,0,1,0,0,67.419585420,1.8600000e-05,-1.8600000e-05,133.4311220,1.960000e-04,-1.960000e-04,0.7200,0.0760,-0.0340,7.64500,0.01340,-0.01340,1.8217e+05,3.290e+02,-3.290e+02,49.46,1.285e+01,-6.890e+00,470.0,,,11.48,8.79,-3.94,836.00,1,q1_q17_dr25_tce,6071.00,163.00,-181.00,4.425,0.116,-0.188,0.9620,0.2500,-0.1340,294.439910,38.380840,13.924
8682,8750503,K07910.01,,FALSE POSITIVE,FALSE POSITIVE,0.0740,1,0,0,0,11.928319400,3.2030000e-04,-3.2030000e-04,142.1270000,2.300000e-02,-2.300000e-02,0.0520,0.4000,-0.0520,6.69000,0.68400,-0.68400,1.8250e+02,1.970e+01,-1.970e+01,0.98,1.000e-01,-1.000e-01,632.0,,,37.80,13.21,-11.03,10.60,1,q1_q17_dr25_tce,5010.00,151.00,-151.00,4.545,0.071,-0.052,0.7500,0.0710,-0.0790,290.645450,44.904202,15.577
8683,8296467,K07012.01,,FALSE POSITIVE,FALSE POSITIVE,0.0000,0,1,0,0,10.303356001,8.2100000e-07,-8.2100000e-07,137.1682892,6.540000e-05,-6.540000e-05,0.3640,0.0040,-0.0030,5.98633,0.00359,-0.00359,5.2007e+05,2.230e+02,-2.230e+02,69.66,1.633e+01,-1.091e+01,787.0,,,90.76,65.02,-32.93,2039.10,1,q1_q17_dr25_tce,5497.00,166.00,-149.00,4.423,0.149,-0.182,0.9000,0.2110,-0.1410,290.592560,44.206589,15.177
8684,8330575,K07020.01,,FALSE POSITIVE,FALSE POSITIVE,0.0000,0,1,0,0,0.957079167,3.6000000e-08,-3.6000000e-08,131.7737065,3.090000e-05,-3.090000e-05,1.1350,0.0140,-0.0240,3.85011,0.00094,-0.00094,4.8674e+04,2.070e+01,-2.070e+01,72.76,1.992e+01,-1.993e+01,2441.0,,,8421.62,6809.43,-4548.45,3062.60,1,q1_q17_dr25_tce,6367.00,175.00,-214.00,4.133,0.252,-0.168,1.4680,0.4020,-0.4020,301.020900,44.232239,13.484
8685,8381592,K07030.01,,FALSE POSITIVE,FALSE POSITIVE,0.0000,0,1,0,0,2.892087553,4.3000000e-07,-4.3000000e-07,133.2017420,1.260000e-04,-1.260000e-04,1.0620,0.0430,-0.0390,3.16757,0.00549,-0.00549,7.1631e+04,1.240e+02,-1.240e+02,47.55,1.307e+01,-6.530e+00,1225.0,,,531.42,440.96,-181.48,563.90,1,q1_q17_dr25_tce,5622.00,169.00,-169.00,4.443,0.101,-0.174,0.9240,0.2540,-0.1270,297.110500,44.399872,15.599
8686,8443812,K07041.01,,CANDIDATE,CANDIDATE,0.8880,0,0,0,0,8.361373200,1.3080000e-04,-1.3080000e-04,139.2515000,1.430000e-02,-1.430000e-02,0.0670,0.4050,-0.0670,3.64900,0.38000,-0.38000,1.0470e+02,1.320e+01,-1.320e+01,0.79,1.200e-01,-9.000e-02,793.0,,,93.31,46.67,-29.43,9.50,1,q1_q17_dr25_tce,5470.00,180.00,-163.00,4.509,0.105,-0.105,0.7770,0.1150,-0.0940,296.384220,44.433418,15.122
8687,11559304,K07617.01,,CANDIDATE,CANDIDATE,,0,0,0,0,12.928455300,1.3780000e-04,-1.3780000e-04,137.1856400,9.500000e-03,-9.500000e-03,0.2446,0.2216,-0.2445,2.49000,0.26600,-0.26600,2.9790e+02,3.780e+01,-3.780e+01,0.64,1.100e-01,-1.200e-01,343.0,,,3.26,1.45,-1.28,8.20,1,q1_q17_dr24_tce,3578.00,63.00,-76.00,4.893,0.090,-0.090,0.3750,0.0600,-0.0700,291.976350,49.575771,15.720
8688,10118266,K04755.01,,CANDIDATE,CANDIDATE,0.9990,0,0,0,0,3.743180050,1.6120000e-05,-1.6120000e-05,135.1381600,3.500000e-03,-3.500000e-03,0.9520,0.0270,-0.6420,1.11100,0.12800,-0.12800,2.3750e+02,3.090e+01,-3.090e+01,1.75,1.200e-01,-1.000e-01,999.0,,,235.28,52.59,-39.81,10.50,1,q1_q17_dr25_tce,5207.00,83.00,-83.00,4.516,0.050,-0.055,0.8510,0.0610,-0.0500,280.665190,47.114059,14.924
8689,8044608,K03523.01,,FALSE POSITIVE,FALSE POSITIVE,0.0000,0,1,0,0,106.175938130,4.7370000e-06,-4.7370000e-06,234.6409876,3.250000e-05,-3.250000e-05,0.7180,0.0030,-0.0030,10.41680,0.00250,-0.00250,1.6474e+05,3.850e+01,-3.850e+01,54.91,1.593e+01,-1.444e+01,441.0,,,8.94,7.60,-4.64,7056.80,1,q1_q17_dr25_tce,6038.00,163.00,-181.00,4.254,0.258,-0.172,1.1410,0.3310,-0.3000,296.904050,43.823891,13.742
8690,6426592,K03554.01,,CANDIDATE,CANDIDATE,0.5220,0,0,0,0,394.678162670,4.7390000e-05,-4.7390000e-05,346.1399939,8.610000e-05,-8.610000e-05,0.7080,0.0160,-0.0190,6.05443,0.00461,-0.00461,2.5338e+05,1.840e+02,-1.840e+02,52.16,1.250e+01,-6.230e+00,235.0,,,0.72,0.51,-0.22,1500.70,1,q1_q17_dr25_tce,5780.00,157.00,-157.00,4.505,0.084,-0.156,0.8300,0.1990,-0.0990,285.601620,41.817532,15.207
8691,8263746,K03581.01,,FALSE POSITIVE,FALSE POSITIVE,0.0000,0,1,0,0,10.993826800,5.8030000e-06,-5.8030000e-06,138.8052260,5.360000e-04,-5.360000e-04,0.4710,0.0200,-0.0180,5.07460,0.01420,-0.01420,4.1921e+05,1.191e+03,-1.191e+03,52.69,4.390e+00,-5.320e+00,627.0,,,36.46,12.85,-11.01,469.50,1,q1_q17_dr25_tce,4856.00,175.00,-175.00,4.554,0.072,-0.048,0.7430,0.0620,-0.0750,300.781920,44.194050,16.751
8692,3954227,K03766.01,,FALSE POSITIVE,FALSE POSITIVE,,1,0,0,0,0.594276199,1.5200000e-07,-1.5200000e-07,131.8352380,2.240000e-04,-2.240000e-04,4.0380,3.7920,-0.4730,2.01880,0.01610,-0.01610,2.2074e+05,1.077e+03,-1.077e+03,266.99,3.163e+01,-2.601e+01,1564.0,,,1414.70,648.46,-407.97,285.20,1,q1_q17_dr24_tce,4756.00,186.00,-158.00,4.603,0.058,-0.046,0.6670,0.0790,-0.0650,291.492860,39.050152,15.985
8693,2569516,K04945.01,,FALSE POSITIVE,FALSE POSITIVE,0.0000,1,0,1,0,45.582711900,5.3860000e-04,-5.3860000e-04,138.6761000,1.010000e-02,-1.010000e-02,0.2530,0.2040,-0.2530,3.19300,0.28100,-0.28100,7.6500e+01,9.500e+00,-9.500e+00,2.42,4.500e-01,-1.040e+00,957.0,,,198.31,116.30,-144.90,9.60,1,q1_q17_dr25_tce,7266.00,230.00,-345.00,3.828,0.353,-0.118,2.7150,0.4980,-1.1620,290.182400,37.818760,12.661
8694,4586482,K05073.01,,FALSE POSITIVE,FALSE POSITIVE,0.0000,1,0,0,0,623.005238000,1.4450000e-04,-1.4450000e-04,201.3862990,1.790000e-04,-1.790000e-04,0.8950,0.0330,-0.0270,23.56150,0.01330,-0.01330,1.4033e+05,6.940e+01,-6.940e+01,66.64,1.849e+01,-1.232e+01,229.0,,,0.64,0.54,-0.26,2386.60,2,q1_q17_dr25_tce,5689.00,171.00,-171.00,4.299,0.170,-0.187,1.2070,0.3350,-0.2230,297.483860,39.636490,14.023
8695,6681473,K05312.01,,FALSE POSITIVE,FALSE POSITIVE,0.0000,1,0,1,0,396.048721000,6.4330000e-03,-6.4330000e-03,471.2280200,8.190000e-03,-8.190000e-03,0.9780,0.7980,-0.0260,16.37600,0.54500,-0.54500,9.3180e+02,2.920e+01,-2.920e+01,13.52,2.730e+00,-4.110e+00,370.0,,,4.43,2.72,-2.54,39.40,1,q1_q17_dr25_tce,5327.00,148.00,-167.00,3.643,0.198,-0.162,2.8820,0.5830,-0.8750,288.727420,42.121441,12.992
8696,2711123,K04953.01,,FALSE POSITIVE,FALSE POSITIVE,0.0000,0,1,1,1,2.858879267,5.9260000e-06,-5.9260000e-06,134.1760600,1.700000e-03,-1.700000e-03,1.2620,6.7980,-0.0540,2.37530,0.08270,-0.08270,6.4450e+02,2.040e+01,-2.040e+01,515.07,3.371e+01,-2.023e+02,3638.0,,,41379.77,8379.47,-28781.52,37.10,1,q1_q17_dr25_tce,4893.00,71.00,-229.00,2.501,0.030,-0.027,16.2740,1.0650,-6.3910,291.015290,37.967770,12.529
8697,8639155,K07902.01,,FALSE POSITIVE,FALSE POSITIVE,0.0000,0,1,1,0,0.603351522,1.2810000e-06,-1.2810000e-06,131.9890200,1.780000e-03,-1.780000e-03,0.4600,0.0010,-0.4600,0.83580,0.08390,-0.08390,1.6410e+02,1.200e+01,-1.200e+01,3.91,6.000e-01,-1.480e+00,3730.0,,,45493.51,22533.21,-29626.98,20.60,1,q1_q17_dr25_tce,6240.00,190.00,-152.00,3.679,0.312,-0.078,2.9480,0.4470,-1.1190,296.788020,44.769600,12.959
8698,10991389,K05850.01,,CANDIDATE,CANDIDATE,,0,0,0,0,303.226376000,2.4610000e-03,-2.4610000e-03,344.0540900,7.850000e-03,-7.850000e-03,0.1097,0.3787,-0.1096,1.80200,0.14400,-0.14400,1.4640e+03,1.700e+02,-1.700e+02,3.66,1.480e+00,-3.800e-01,274.0,,,1.33,1.61,-0.39,12.70,1,q1_q17_dr24_tce,5952.00,173.00,-194.00,4.469,0.057,-0.284,0.9550,0.3870,-0.0980,298.291810,48.465691,14.897
8699,12735793,K05979.01,,FALSE POSITIVE,FALSE POSITIVE,,1,0,0,0,37.793511300,5.6080000e-04,-5.6080000e-04,167.4179000,1.190000e-02,-1.190000e-02,0.0794,0.3883,-0.0793,1.71800,0.44900,-0.44900,6.7200e+01,1.340e+01,-1.340e+01,0.89,4.800e-01,-9.000e-02,592.0,,,29.06,47.29,-8.07,6.90,1,q1_q16_tce,6178.00,141.00,-183.00,4.417,0.056,-0.329,1.0760,0.5910,-0.1050,289.791660,51.993721,11.982
8700,11080702,K05863.01,,CANDIDATE,CANDIDATE,,0,0,0,0,8.672379680,7.6920000e-05,-7.6920000e-05,132.5507300,7.150000e-03,-7.150000e-03,0.1385,0.3109,-0.1385,2.82600,0.25800,-0.25800,9.9100e+01,1.060e+01,-1.060e+01,0.87,3.600e-01,-8.000e-02,825.0,,,109.61,132.51,-28.23,12.30,1,q1_q17_dr24_tce,5620.00,156.00,-139.00,4.498,0.054,-0.271,0.8820,0.3590,-0.0830,290.002080,48.655361,14.219
8701,6367628,K06696.01,,FALSE POSITIVE,FALSE POSITIVE,0.0000,0,1,0,0,1.889849570,2.1960000e-06,-2.1960000e-06,131.9109440,9.480000e-04,-9.480000e-04,1.1820,0.1860,-0.1180,19.45000,0.46100,-0.46100,2.4967e+05,1.217e+03,-1.217e+03,73.04,8.370e+00,-6.830e+00,1221.0,,,526.50,209.67,-138.83,401.50,1,q1_q17_dr25_tce,5328.00,160.00,-144.00,4.571,0.070,-0.063,0.7160,0.0820,-0.0670,292.985260,41.716888,13.035
8702,6421188,K06702.01,,FALSE POSITIVE,FALSE POSITIVE,0.0000,0,1,0,0,16.434352831,1.1050000e-06,-1.1050000e-06,136.2884989,5.610000e-05,-5.610000e-05,0.5720,0.0090,-0.0010,5.15682,0.00212,-0.00212,4.5700e+04,2.610e+01,-2.610e+01,25.25,8.570e+00,-7.020e+00,789.0,,,91.80,126.36,-58.80,2171.40,1,q1_q17_dr25_tce,5963.00,434.00,-530.00,4.322,0.205,-0.205,1.1340,0.3850,-0.3150,282.906040,41.831841,13.814
8703,6437993,K06708.01,,FALSE POSITIVE,FALSE POSITIVE,0.0000,1,0,0,0,1.397975420,4.0390000e-05,-4.0390000e-05,131.6767000,2.300000e-02,-2.300000e-02,0.0770,0.4000,-0.0770,9.06000,1.00000,-1.00000,4.3200e+01,4.100e+00,-4.100e+00,0.49,5.000e-02,-6.000e-02,1316.0,,,709.80,267.62,-208.87,15.50,1,q1_q17_dr25_tce,5074.00,136.00,-136.00,4.536,0.075,-0.067,0.7610,0.0860,-0.0860,290.185210,41.867222,12.763
8704,6464285,K06716.01,,FALSE POSITIVE,FALSE POSITIVE,0.0000,0,1,0,0,0.843651274,4.3000000e-08,-4.3000000e-08,131.9478111,4.240000e-05,-4.240000e-05,0.4050,0.0110,-0.0070,2.80468,0.00133,-0.00133,3.0545e+05,1.690e+02,-1.690e+02,39.98,3.850e+00,-3.850e+00,1553.0,,,1371.12,462.54,-367.76,1509.30,1,q1_q17_dr25_tce,5220.00,141.00,-141.00,4.578,0.084,-0.052,0.6950,0.0670,-0.0670,297.670960,41.875980,13.826
8705,6522750,K06724.01,,FALSE POSITIVE,FALSE POSITIVE,0.0000,0,1,0,0,17.445640466,7.2400000e-07,-7.2400000e-07,135.7462627,3.440000e-05,-3.440000e-05,0.5880,0.0040,-0.0060,6.08966,0.00131,-0.00131,3.3416e+05,4.280e+01,-4.280e+01,63.46,9.000e+00,-3.830e+00,682.0,,,51.15,19.22,-8.62,4093.90,1,q1_q17_dr25_tce,5759.00,78.00,-86.00,4.481,0.040,-0.120,0.9450,0.1340,-0.0570,291.928920,41.956371,11.230
8706,6551106,K06731.01,,CANDIDATE,CANDIDATE,0.9980,0,0,0,0,3.846151710,4.4670000e-05,-4.4670000e-05,133.3817000,1.190000e-02,-1.190000e-02,0.1530,0.2920,-0.1530,2.24000,0.35400,-0.35400,1.3710e+02,1.880e+01,-1.880e+01,1.14,3.400e-01,-1.200e-01,1199.0,,,487.47,445.56,-144.75,9.30,1,q1_q17_dr25_tce,6106.00,190.00,-211.00,4.487,0.050,-0.200,0.9660,0.2910,-0.0970,299.075070,41.942230,15.256
8707,10661976,K07356.01,,FALSE POSITIVE,FALSE POSITIVE,0.0000,1,0,1,1,0.615660960,1.1280000e-05,-1.1280000e-05,131.8348000,1.700000e-02,-1.700000e-02,0.1610,0.3390,-0.1610,2.66900,0.57900,-0.57900,1.3900e+01,2.000e+00,-2.000e+00,0.84,2.000e-01,-3.900e-01,3459.0,,,33790.36,23862.99,-25583.88,8.50,1,q1_q17_dr25_tce,6619.00,187.00,-234.00,3.890,0.424,-0.133,2.2300,0.5250,-1.0490,290.375580,47.996696,13.740
8708,10686930,K07364.01,,FALSE POSITIVE,FALSE POSITIVE,0.0000,0,0,1,1,2.618441780,2.4610000e-05,-2.4610000e-05,134.0378200,6.880000e-03,-6.880000e-03,0.1820,0.2720,-0.1820,3.20300,0.24500,-0.24500,4.5100e+01,4.200e+00,-4.200e+00,2.16,4.700e-01,-4.600e-01,2033.0,,,4044.74,2495.93,-1800.68,12.70,1,q1_q17_dr25_tce,5088.00,114.00,-127.00,3.502,0.170,-0.170,3.2930,0.7130,-0.7130,299.075590,47.920780,12.388
8709,10753734,K07371.01,,FALSE POSITIVE,FALSE POSITIVE,0.0000,0,1,0,0,19.406693920,1.9010000e-06,-1.9010000e-06,149.8078260,7.670000e-05,-7.670000e-05,0.4240,0.0060,-0.0040,5.27765,0.00439,-0.00439,4.6452e+05,2.860e+02,-2.860e+02,57.97,1.357e+01,-4.540e+00,597.0,,,30.05,20.85,-7.18,1496.80,1,q1_q17_dr25_tce,5622.00,152.00,-152.00,4.588,0.038,-0.152,0.7780,0.1820,-0.0610,299.078280,48.021969,13.564
8710,10812541,K07375.01,,CANDIDATE,CANDIDATE,0.9960,0,0,0,0,4.848472450,1.6880000e-05,-1.6880000e-05,131.9095400,2.750000e-03,-2.750000e-03,0.1910,0.2770,-0.1910,0.87400,0.12500,-0.12500,5.5470e+02,6.740e+01,-6.740e+01,1.51,7.000e-02,-1.400e-01,667.0,,,46.85,11.70,-13.29,11.40,4,q1_q17_dr25_tce,4137.00,136.00,-148.00,4.625,0.053,-0.018,0.6470,0.0310,-0.0580,297.304380,48.195271,14.849
8711,10849244,K07381.01,,FALSE POSITIVE,FALSE POSITIVE,0.0000,0,1,0,0,24.261683827,9.5800000e-07,-9.5800000e-07,147.2417593,3.090000e-05,-3.090000e-05,0.8140,0.0070,-0.0080,7.16170,0.00128,-0.00128,1.9228e+05,2.300e+01,-2.300e+01,58.48,1.291e+01,-6.480e+00,659.0,,,44.55,28.37,-13.70,5083.90,1,q1_q17_dr25_tce,6151.00,146.00,-200.00,4.473,0.050,-0.150,0.9830,0.2170,-0.1090,285.978270,48.225491,12.325
8712,9048145,K06063.01,,FALSE POSITIVE,FALSE POSITIVE,0.0000,0,1,0,0,8.667826242,2.8400000e-07,-2.8400000e-07,137.3415297,2.680000e-05,-2.680000e-05,0.8220,0.0030,-0.0010,5.06514,0.00075,-0.00075,4.3491e+04,1.280e+01,-1.280e+01,37.51,1.163e+01,-8.730e+00,1225.0,,,531.63,471.65,-261.44,4638.10,1,q1_q17_dr25_tce,6712.00,161.00,-242.00,4.174,0.175,-0.193,1.5380,0.4770,-0.3580,299.397950,45.318230,13.089
8713,9549471,K06070.01,,FALSE POSITIVE,FALSE POSITIVE,0.0000,0,1,1,1,15.713773750,7.2660000e-05,-7.2660000e-05,132.0997300,4.000000e-03,-4.000000e-03,0.8640,0.3120,-0.0530,7.46400,0.33100,-0.33100,9.4820e+03,1.660e+02,-1.660e+02,10.85,2.970e+00,-1.360e+00,728.0,,,66.24,53.08,-21.44,98.10,1,q1_q17_dr25_tce,5812.00,156.00,-174.00,4.434,0.101,-0.188,0.9600,0.2620,-0.1210,299.608980,46.115662,14.292
8714,12266636,K01522.02,,CANDIDATE,CANDIDATE,0.9580,0,0,0,0,12.654896000,1.7400000e-04,-1.7400000e-04,134.6826000,1.300000e-02,-1.300000e-02,0.0090,0.4320,-0.0090,4.32500,0.28100,-0.28100,1.0060e+02,1.080e+01,-1.080e+01,1.02,2.800e-01,-1.600e-01,801.0,,,97.41,80.57,-35.35,10.40,2,q1_q17_dr25_tce,5833.00,157.00,-175.00,4.407,0.101,-0.188,1.0220,0.2880,-0.1550,295.806580,50.909801,14.264
8715,3337438,K06324.01,,FALSE POSITIVE,FALSE POSITIVE,0.0000,0,0,1,1,2.976062980,5.6320000e-05,-5.6320000e-05,132.9637000,1.550000e-02,-1.550000e-02,0.3630,0.0900,-0.3630,4.12400,0.59700,-0.59700,7.2200e+01,5.200e+00,-5.200e+00,5.65,1.620e+00,-3.790e+00,2615.0,,,11065.06,10028.44,-10084.94,17.80,1,q1_q17_dr25_tce,5321.00,189.00,-260.00,3.158,0.696,-0.174,6.6690,1.9180,-4.4750,290.140840,38.493809,13.498
8716,3356193,K06331.01,,CANDIDATE,CANDIDATE,0.4520,0,0,0,0,5.822981500,1.0060000e-04,-1.0060000e-04,133.9990000,1.580000e-02,-1.580000e-02,0.3950,0.0740,-0.3950,2.80000,0.54200,-0.54200,2.8160e+02,4.930e+01,-4.930e+01,1.36,3.300e-01,-1.100e-01,914.0,,,165.12,119.67,-44.26,8.10,1,q1_q17_dr25_tce,5704.00,169.00,-186.00,4.575,0.040,-0.160,0.8040,0.1920,-0.0690,294.872560,38.434460,15.902
8717,3644174,K06347.01,,FALSE POSITIVE,FALSE POSITIVE,0.0000,0,0,1,0,1.806631432,8.0920000e-06,-8.0920000e-06,132.2366300,3.930000e-03,-3.930000e-03,0.5360,0.0220,-0.4580,1.10200,0.13500,-0.13500,2.1750e+02,2.580e+01,-2.580e+01,1.05,7.000e-02,-9.000e-02,1059.0,,,297.98,81.92,-77.49,10.40,1,q1_q17_dr25_tce,4606.00,138.00,-138.00,4.591,0.052,-0.028,0.6990,0.0450,-0.0600,291.062260,38.787151,15.278
8718,3748855,K06355.01,,CANDIDATE,CANDIDATE,1.0000,0,0,0,0,4.371989050,4.8560000e-05,-4.8560000e-05,131.9092300,9.050000e-03,-9.050000e-03,0.1770,0.2810,-0.1770,2.17700,0.34200,-0.34200,1.0370e+02,1.310e+01,-1.310e+01,0.93,2.700e-01,-1.100e-01,1085.0,,,327.65,269.53,-102.92,9.90,1,q1_q17_dr25_tce,5823.00,158.00,-175.00,4.489,0.062,-0.188,0.9190,0.2570,-0.1100,291.933560,38.827202,14.701
8719,3851134,K06366.01,,FALSE POSITIVE,FALSE POSITIVE,0.0000,1,0,0,1,0.918493330,1.1290000e-05,-1.1290000e-05,131.8481000,1.340000e-02,-1.340000e-02,0.2760,0.1810,-0.2760,2.39900,0.22900,-0.22900,5.8700e+01,5.600e+00,-5.600e+00,0.93,3.300e-01,-1.200e-01,2205.0,,,5576.70,5777.04,-1803.03,13.00,1,q1_q17_dr25_tce,6469.00,154.00,-212.00,4.385,0.056,-0.238,1.1930,0.4310,-0.1440,291.694270,38.986462,13.476
8720,8479107,K07045.01,,CANDIDATE,CANDIDATE,0.6700,0,1,0,0,0.767576690,1.1500000e-07,-1.1500000e-07,131.8190820,1.210000e-04,-1.210000e-04,0.8210,0.0870,-0.0170,2.04757,0.00578,-0.00578,1.5761e+05,2.410e+02,-2.410e+02,34.23,2.730e+00,-2.730e+00,1530.0,,,1294.42,406.05,-312.74,431.30,1,q1_q17_dr25_tce,5182.00,157.00,-141.00,4.635,0.066,-0.039,0.6270,0.0500,-0.0500,284.125610,44.550571,14.952
8721,8552500,K07053.01,,FALSE POSITIVE,FALSE POSITIVE,0.0000,0,0,1,1,0.530972263,4.9880000e-06,-4.9880000e-06,131.7212000,9.350000e-03,-9.350000e-03,1.0790,0.2270,-0.7710,3.65300,0.65800,-0.65800,4.8600e+01,6.300e+00,-6.300e+00,9.32,3.150e+00,-1.050e+00,2373.0,,,7495.00,7508.09,-2314.52,12.10,1,q1_q17_dr25_tce,6185.00,175.00,-197.00,4.472,0.054,-0.216,0.9910,0.3350,-0.1120,288.867610,44.648022,15.016
8722,8581658,K07064.01,,FALSE POSITIVE,FALSE POSITIVE,0.0000,0,1,0,0,3.481657589,6.3000000e-08,-6.3000000e-08,134.1835162,1.490000e-05,-1.490000e-05,0.2450,0.0010,-0.0010,4.75315,0.00104,-0.00104,3.4701e+05,6.730e+01,-6.730e+01,78.24,2.116e+01,-2.115e+01,1485.0,,,1151.70,941.75,-609.30,7428.70,1,q1_q17_dr25_tce,6225.00,188.00,-188.00,4.191,0.258,-0.172,1.2910,0.3490,-0.3490,298.683290,44.636810,13.396
8723,8625408,K07073.01,,CANDIDATE,CANDIDATE,0.9510,0,0,0,0,279.036565000,8.7880000e-03,-8.7880000e-03,246.6289000,1.910000e-02,-1.910000e-02,1.1980,6.7280,-0.0190,31.92000,1.60000,-1.60000,3.9520e+02,1.570e+01,-1.570e+01,30.25,5.320e+00,-3.870e+00,323.0,,,2.58,1.19,-0.73,31.70,1,q1_q17_dr25_tce,6072.00,81.00,-90.00,4.285,0.103,-0.126,1.2730,0.2240,-0.1630,292.017330,44.713268,13.054
8724,11811382,K05934.01,,FALSE POSITIVE,FALSE POSITIVE,,1,0,0,0,19.385489400,6.3560000e-04,-6.3560000e-04,142.3485900,5.120000e-03,-5.120000e-03,0.0074,0.5030,-0.0073,1.03100,0.23800,-0.23800,4.5600e+03,1.128e+03,-1.128e+03,6.13,2.970e+00,-8.300e-01,632.0,,,37.73,56.56,-12.21,2.70,1,q1_q17_dr24_tce,5432.00,172.00,-133.00,4.420,0.122,-0.314,0.9130,0.4430,-0.1240,290.363650,50.052608,13.891
8725,3241344,K05984.01,,FALSE POSITIVE,FALSE POSITIVE,0.0000,0,1,0,0,3.912679136,,,133.4288498,,,23.1270,,,3.55600,,,2.9151e+05,,,1794.20,2.143e+02,-1.944e+02,1018.0,,,253.12,107.99,-74.89,1229.90,1,q1_q17_dr25_tce,5616.00,185.00,-168.00,4.553,0.099,-0.081,0.7200,0.0860,-0.0780,293.016540,38.318451,14.756
8726,3347485,K05985.01,,FALSE POSITIVE,FALSE POSITIVE,0.0000,0,1,0,0,7.544804312,3.2080000e-06,-3.2080000e-06,137.1196300,3.440000e-04,-3.440000e-04,1.2660,0.0970,-0.0660,8.26780,0.01780,-0.01780,6.5017e+03,1.330e+01,-1.330e+01,63.99,1.877e+01,-2.816e+01,1233.0,,,546.03,468.91,-392.38,587.20,1,q1_q17_dr25_tce,5953.00,159.00,-159.00,3.984,0.495,-0.165,1.6090,0.4720,-0.7080,292.779720,38.448551,12.920
8727,4912991,K05997.01,,FALSE POSITIVE,FALSE POSITIVE,0.0000,0,1,0,0,4.442517008,8.4400000e-07,-8.4400000e-07,133.6081140,1.580000e-04,-1.580000e-04,0.9360,0.2100,-0.0020,2.43922,0.00983,-0.00983,2.5342e+04,7.870e+01,-7.870e+01,26.08,5.730e+00,-3.340e+00,1258.0,,,593.85,379.79,-197.16,396.20,1,q1_q17_dr25_tce,6316.00,155.00,-202.00,4.387,0.066,-0.154,1.1190,0.2460,-0.1430,288.472140,40.087662,11.297
8728,11564013,K03714.01,,FALSE POSITIVE,FALSE POSITIVE,0.0000,0,1,0,0,0.875267982,1.2470000e-06,-1.2470000e-06,132.0322400,1.300000e-03,-1.300000e-03,1.2580,18.2400,-0.2920,1.60380,0.05520,-0.05520,1.1701e+04,3.270e+02,-3.270e+02,39.19,9.650e+00,-7.020e+00,1910.0,,,3157.34,2424.83,-1273.76,44.90,1,q1_q17_dr25_tce,5821.00,192.00,-174.00,4.402,0.167,-0.185,0.8980,0.2210,-0.1610,294.319120,49.532131,15.207
8729,9661869,K03647.01,,FALSE POSITIVE,FALSE POSITIVE,0.0000,0,1,0,0,20.427232317,8.2290000e-06,-8.2290000e-06,135.8628070,4.440000e-04,-4.440000e-04,5.4990,29.5600,-0.8440,3.46429,0.00881,-0.00881,1.2181e+05,2.730e+02,-2.730e+02,601.32,1.904e+02,-8.797e+01,749.0,,,74.27,71.37,-27.97,526.60,1,q1_q17_dr25_tce,6167.00,193.00,-236.00,4.354,0.108,-0.201,1.1210,0.3550,-0.1640,296.657070,46.380520,16.677
8730,10879656,K01642.01,,FALSE POSITIVE,FALSE POSITIVE,0.0000,0,1,1,0,0.364860478,1.0660000e-06,-1.0660000e-06,132.0702900,2.300000e-03,-2.300000e-03,0.2670,0.2080,-0.2660,1.47360,0.09280,-0.09280,1.1260e+02,6.100e+00,-6.100e+00,0.68,6.000e-02,-6.000e-02,1993.0,,,3703.08,1225.05,-972.61,23.50,1,q1_q17_dr25_tce,5220.00,157.00,-157.00,4.622,0.072,-0.044,0.6420,0.0560,-0.0560,298.397740,48.212318,14.823
8731,4750406,K05082.01,,FALSE POSITIVE,FALSE POSITIVE,,1,0,0,0,379.631350000,1.4860000e-02,-1.4860000e-02,245.0035000,2.440000e-02,-2.440000e-02,0.1257,0.3244,-0.1256,16.78000,1.20000,-1.20000,1.0362e+03,9.040e+01,-9.040e+01,1.67,1.100e-01,-8.000e-02,168.0,,,0.19,0.05,-0.04,13.80,1,q1_q16_tce,4847.00,143.00,-152.00,4.755,0.026,-0.049,0.5270,0.0360,-0.0260,292.891050,39.883980,15.370
8732,5869272,K05208.01,,FALSE POSITIVE,FALSE POSITIVE,,1,0,0,0,186.594660000,1.5550000e-02,-1.5550000e-02,317.7130000,7.060000e-02,-7.060000e-02,0.1328,0.3235,-0.1328,16.57000,1.60000,-1.60000,6.8500e+02,9.930e+01,-9.930e+01,2.66,1.030e+00,-2.600e-01,338.0,,,3.07,3.56,-0.91,8.80,1,q1_q16_tce,6163.00,175.00,-229.00,4.461,0.049,-0.275,1.0130,0.3940,-0.0980,289.534390,41.157532,15.899
8733,6762188,K05323.01,,CANDIDATE,CANDIDATE,1.0000,0,0,0,0,7.155547398,7.8020000e-06,-7.8020000e-06,133.9981010,8.840000e-04,-8.840000e-04,0.8830,0.0090,-0.0110,4.57110,0.06950,-0.06950,2.5688e+03,2.520e+01,-2.520e+01,48.93,1.583e+01,-2.941e+01,2049.0,,,4166.27,3723.50,-3578.50,124.60,1,q1_q17_dr25_tce,4992.00,98.00,-148.00,2.947,0.511,-0.219,8.0520,2.6060,-4.8400,286.551120,42.234798,13.672
8734,3222680,K04966.01,,FALSE POSITIVE,FALSE POSITIVE,0.0000,0,1,1,0,2.311640740,1.0510000e-05,-1.0510000e-05,132.1213300,2.900000e-03,-2.900000e-03,0.2520,0.1940,-0.2510,2.31700,0.12600,-0.12600,4.8870e+02,2.480e+01,-2.480e+01,39.73,1.660e+00,-1.492e+01,4074.0,,,65140.27,10541.54,-43990.64,24.60,1,q1_q17_dr25_tce,4883.00,84.00,-219.00,2.439,0.035,-0.031,18.4270,0.7690,-6.9180,287.861300,38.372292,13.041
8735,4813750,K05088.01,,CANDIDATE,CANDIDATE,0.6270,0,0,0,0,49.178224400,8.3150000e-04,-8.3150000e-04,165.7659000,1.330000e-02,-1.330000e-02,0.3150,0.1270,-0.3150,5.80000,0.33300,-0.33300,4.4900e+02,5.400e+01,-5.400e+01,1.79,3.700e-01,-2.500e-01,468.0,,,11.32,7.32,-3.90,9.40,1,q1_q17_dr25_tce,5674.00,170.00,-170.00,4.473,0.121,-0.148,0.8390,0.1760,-0.1170,283.678190,39.964279,15.527
8736,11098704,K05868.01,,CANDIDATE,CANDIDATE,,0,0,0,0,22.778312100,1.6990000e-04,-1.6990000e-04,145.9679800,5.400000e-03,-5.400000e-03,0.3499,0.1412,-0.3497,1.03700,0.25200,-0.25200,1.5560e+02,3.200e+01,-3.200e+01,1.89,1.010e+00,-4.500e-01,863.0,,,130.87,211.18,-64.79,7.30,1,q1_q16_tce,6538.00,166.00,-226.00,4.162,0.188,-0.287,1.4770,0.7940,-0.3510,298.021360,48.626141,13.787
8737,11145391,K05871.01,,FALSE POSITIVE,FALSE POSITIVE,,1,0,0,0,623.234400000,1.4150000e-02,-1.4150000e-02,274.3089000,1.780000e-02,-1.780000e-02,0.0831,0.3252,-0.0830,14.44800,0.65200,-0.65200,6.0280e+02,4.670e+01,-4.670e+01,2.04,9.000e-01,-2.100e-01,196.0,,,0.35,0.47,-0.10,15.80,1,q1_q16_tce,5600.00,180.00,-145.00,4.496,0.071,-0.275,0.8390,0.3680,-0.0890,295.476900,48.765079,14.645
8738,6593363,K06736.01,,FALSE POSITIVE,FALSE POSITIVE,0.0000,0,1,0,0,18.527824075,5.6000000e-07,-5.6000000e-07,139.2576071,2.460000e-05,-2.460000e-05,0.1710,0.0360,-0.0210,5.88678,0.00152,-0.00152,7.6231e+04,1.620e+01,-1.620e+01,64.66,1.067e+01,-2.309e+01,1080.0,,,322.19,163.93,-202.77,5547.20,1,q1_q17_dr25_tce,6154.00,165.00,-165.00,3.793,0.315,-0.105,2.3210,0.3830,-0.8290,287.672760,42.059158,12.893
8739,6607610,K06742.01,,FALSE POSITIVE,FALSE POSITIVE,0.0000,0,1,0,0,63.520175250,1.7600000e-05,-1.7600000e-05,162.1636050,2.220000e-04,-2.220000e-04,0.3750,0.0100,-0.0040,17.17590,0.01850,-0.01850,3.2548e+04,2.210e+01,-2.210e+01,77.10,1.176e+01,-2.356e+01,745.0,,,72.92,28.59,-40.71,1708.10,1,q1_q17_dr25_tce,4938.00,58.00,-107.00,3.388,0.188,-0.101,4.3300,0.6610,-1.3230,292.276120,42.037739,14.985
8740,6697716,K06758.01,,FALSE POSITIVE,FALSE POSITIVE,0.0000,0,1,0,0,0.721624431,1.0500000e-07,-1.0500000e-07,131.8596720,1.210000e-04,-1.210000e-04,0.8550,0.0400,-0.0320,2.54242,0.00612,-0.00612,1.5775e+05,2.410e+02,-2.410e+02,40.61,4.940e+00,-4.030e+00,1604.0,,,1560.97,647.76,-438.96,514.40,1,q1_q17_dr25_tce,5067.00,151.00,-151.00,4.565,0.071,-0.065,0.7150,0.0870,-0.0710,293.594670,42.143082,14.424
8741,6778289,K06767.01,,FALSE POSITIVE,FALSE POSITIVE,0.0000,0,1,0,0,30.130130001,4.3660000e-06,-4.3660000e-06,152.2311150,1.160000e-04,-1.160000e-04,0.6310,0.0150,-0.0150,13.49190,0.00630,-0.00630,2.8075e+05,1.420e+02,-1.420e+02,83.75,1.866e+01,-1.243e+01,753.0,,,76.07,48.23,-27.78,2583.70,1,q1_q17_dr25_tce,6674.00,150.00,-218.00,4.286,0.088,-0.143,1.3470,0.3000,-0.2000,292.102360,42.252239,13.076
8742,6842345,K06774.01,,CANDIDATE,CANDIDATE,0.9460,0,0,0,0,17.381622400,1.2550000e-06,-1.2550000e-06,142.4067834,6.180000e-05,-6.180000e-05,0.6660,0.0150,-0.0020,2.73456,0.00508,-0.00508,5.9099e+04,7.240e+01,-7.240e+01,26.55,7.700e+00,-4.140e+00,756.0,,,77.09,67.29,-29.03,1149.70,1,q1_q17_dr25_tce,6116.00,183.00,-201.00,4.407,0.090,-0.195,1.0200,0.2960,-0.1590,284.132080,42.350441,15.567
8743,10991989,K07398.01,,FALSE POSITIVE,FALSE POSITIVE,0.0000,0,1,0,0,0.974477904,9.6000000e-08,-9.6000000e-08,132.3709030,7.950000e-05,-7.950000e-05,1.2520,0.0510,-0.0590,2.69834,0.00350,-0.00350,8.8469e+03,7.000e+00,-7.000e+00,618.37,1.188e+02,-4.751e+02,5205.0,,,172916.96,99487.91,-165297.77,801.70,1,q1_q17_dr25_tce,5210.00,136.00,-250.00,2.631,0.824,-0.145,15.0040,2.8820,-11.5290,298.527130,48.418591,10.282
8744,11029877,K07403.01,,FALSE POSITIVE,FALSE POSITIVE,0.0000,0,1,1,0,2.069415479,2.9500000e-07,-2.9500000e-07,132.6453560,1.170000e-04,-1.170000e-04,1.2410,0.0690,-0.0680,5.71941,0.00613,-0.00613,1.6188e+04,1.620e+01,-1.620e+01,55.45,8.780e+00,-2.930e+00,1768.0,,,2310.53,920.85,-346.48,1148.30,1,q1_q17_dr25_tce,6640.00,69.00,-89.00,4.343,0.028,-0.105,1.2500,0.1980,-0.0660,291.952670,48.568878,13.681
8745,11092783,K07408.01,,CANDIDATE,CANDIDATE,1.0000,0,0,0,0,5.159981780,5.1000000e-05,-5.1000000e-05,132.6954500,7.390000e-03,-7.390000e-03,1.3060,6.6770,-0.1050,3.35600,0.43700,-0.43700,4.1240e+02,5.140e+01,-5.140e+01,19.07,8.500e-01,-7.500e-01,574.0,,,25.63,3.69,-3.17,9.90,1,q1_q17_dr25_tce,3900.00,46.00,-50.00,4.727,0.017,-0.022,0.5340,0.0240,-0.0210,295.830510,48.602261,15.949
8746,11233911,K07422.01,,FALSE POSITIVE,FALSE POSITIVE,0.0000,0,1,0,0,2.479948394,8.5200000e-07,-8.5200000e-07,133.6431690,2.770000e-04,-2.770000e-04,0.6700,0.0300,-0.0150,5.72190,0.02040,-0.02040,1.5068e+05,5.170e+02,-5.170e+02,35.62,6.760e+00,-3.120e+00,1169.0,,,441.85,261.24,-111.77,489.60,1,q1_q17_dr25_tce,5391.00,160.00,-144.00,4.539,0.051,-0.119,0.8220,0.1560,-0.0720,286.122680,48.923439,14.742
8747,11282568,K07430.01,,CANDIDATE,CANDIDATE,1.0000,0,0,0,0,1.320499473,5.7820000e-06,-5.7820000e-06,132.6148800,3.920000e-03,-3.920000e-03,0.1500,0.2960,-0.1500,1.18400,0.13900,-0.13900,2.0400e+02,2.230e+01,-2.230e+01,18.94,3.990e+00,-9.980e+00,4477.0,,,95168.65,56930.15,-78336.29,12.00,1,q1_q17_dr25_tce,5172.00,113.00,-296.00,2.693,0.252,-0.147,13.4540,2.8350,-7.0880,282.939940,49.050289,11.466
8748,9966115,K06075.01,,FALSE POSITIVE,FALSE POSITIVE,0.0000,0,1,0,0,8.947426242,1.5300000e-07,-1.5300000e-07,132.0457395,1.330000e-05,-1.330000e-05,0.5170,0.0070,-0.0050,4.89701,0.00141,-0.00141,8.5995e+04,9.800e+00,-9.800e+00,45.87,1.039e+01,-1.142e+01,1141.0,,,401.11,272.96,-205.01,7878.00,1,q1_q17_dr25_tce,6297.00,177.00,-221.00,4.155,0.198,-0.132,1.5060,0.3410,-0.3750,297.447940,46.884319,12.985
8749,11404644,K06085.01,,FALSE POSITIVE,FALSE POSITIVE,0.0190,0,1,0,0,5.902596818,1.7660000e-06,-1.7660000e-06,136.3889940,2.470000e-04,-2.470000e-04,0.1680,0.0790,-0.0130,5.57110,0.02050,-0.02050,5.4894e+04,1.250e+02,-1.250e+02,25.80,8.450e+00,-3.630e+00,1123.0,,,376.53,369.76,-136.36,533.90,1,q1_q17_dr25_tce,6184.00,185.00,-222.00,4.371,0.090,-0.210,1.0940,0.3580,-0.1540,292.756100,49.264561,15.179
8750,8804845,K02039.02,Kepler-1067 b,CONFIRMED,CANDIDATE,0.9940,0,0,0,0,0.762132307,3.7990000e-06,-3.7990000e-06,131.6154200,3.750000e-03,-3.750000e-03,0.3990,0.0520,-0.3990,1.22000,0.15500,-0.15500,6.3700e+01,8.000e+00,-8.000e+00,0.75,1.100e-01,-4.000e-02,1872.0,,,2913.14,1051.78,-477.21,11.50,2,q1_q17_dr25_tce,5594.00,75.00,-83.00,4.489,0.038,-0.113,0.9340,0.1270,-0.0540,285.387420,45.049049,14.305
8751,10916600,K02623.02,,CANDIDATE,CANDIDATE,0.9930,0,0,0,0,4.026646250,6.7640000e-05,-6.7640000e-05,134.3954000,1.260000e-02,-1.260000e-02,0.0940,0.3570,-0.0940,3.77100,0.32400,-0.32400,3.0000e+01,3.900e+00,-3.900e+00,0.68,1.400e-01,-5.000e-02,1318.0,,,715.51,377.27,-132.48,8.90,2,q1_q17_dr25_tce,6187.00,74.00,-80.00,4.341,0.050,-0.150,1.2380,0.2560,-0.0910,290.025910,48.335949,13.383
8752,3936061,K06372.01,,CANDIDATE,CANDIDATE,,0,0,0,0,71.008017000,3.0610000e-03,-3.0610000e-03,140.8650000,3.130000e-02,-3.130000e-02,0.1788,0.2744,-0.1788,5.39500,0.90300,-0.90300,1.7020e+02,3.280e+01,-3.280e+01,1.11,4.800e-01,-1.000e-01,419.0,,,7.27,9.38,-1.84,6.60,1,q1_q17_dr24_tce,5847.00,161.00,-150.00,4.526,0.045,-0.045,0.8490,0.3680,-0.0760,285.278230,39.088428,14.603
8753,3973504,K06377.01,,FALSE POSITIVE,FALSE POSITIVE,0.0000,0,1,0,0,4.318726936,8.6800000e-07,-8.6800000e-07,131.6056750,1.720000e-04,-1.720000e-04,0.8670,0.4100,-0.0580,2.67349,0.00993,-0.00993,5.9429e+04,1.810e+02,-1.810e+02,29.74,9.150e+00,-3.050e+00,1091.0,,,334.31,308.93,-98.65,394.40,1,q1_q17_dr25_tce,5896.00,176.00,-193.00,4.518,0.050,-0.213,0.9160,0.2820,-0.0940,296.095060,39.055439,15.690
8754,4150703,K06389.01,,FALSE POSITIVE,FALSE POSITIVE,0.0000,0,0,1,1,8.653237800,1.3610000e-04,-1.3610000e-04,134.3027000,1.070000e-02,-1.070000e-02,0.3590,0.0880,-0.3590,2.97400,0.40200,-0.40200,1.2600e+02,1.800e+01,-1.800e+01,0.96,1.200e-01,-4.000e-02,793.0,,,93.75,32.28,-12.37,9.00,1,q1_q17_dr25_tce,5561.00,75.00,-83.00,4.561,0.012,-0.108,0.8540,0.1100,-0.0340,289.764370,39.246231,14.815
8755,4261960,K06397.01,,FALSE POSITIVE,FALSE POSITIVE,0.0000,1,0,1,0,1.461270059,5.7350000e-06,-5.7350000e-06,131.7815400,3.640000e-03,-3.640000e-03,1.2880,0.1930,-0.0970,16.46700,0.84900,-0.84900,3.3487e+03,5.400e+01,-5.400e+01,26.29,4.130e+00,-1.760e+00,1253.0,,,583.36,312.57,-142.46,131.00,1,q1_q17_dr25_tce,5226.00,182.00,-182.00,4.651,0.030,-0.090,0.6740,0.1060,-0.0450,291.490630,39.388592,15.722
8756,8738115,K07083.01,,FALSE POSITIVE,FALSE POSITIVE,0.0000,0,1,0,0,37.594066670,1.6700000e-05,-1.6700000e-05,168.5788150,3.740000e-04,-3.740000e-04,1.1970,0.0640,-0.0470,8.99430,0.01890,-0.01890,2.8618e+04,7.550e+01,-7.550e+01,43.08,1.086e+01,-6.670e+00,554.0,,,22.20,16.47,-8.15,485.80,1,q1_q17_dr25_tce,5941.00,159.00,-177.00,4.426,0.124,-0.171,0.9170,0.2310,-0.1420,284.448270,44.963360,15.632
8757,8760760,K07088.01,,CANDIDATE,CANDIDATE,1.0000,0,0,0,0,2.688140590,1.5690000e-05,-1.5690000e-05,132.6686900,4.800000e-03,-4.800000e-03,0.5320,0.4520,-0.3200,1.12000,0.17100,-0.17100,1.4520e+02,2.160e+01,-2.160e+01,0.92,1.700e-01,-7.000e-02,1135.0,,,392.64,222.36,-95.16,9.10,1,q1_q17_dr25_tce,5636.00,152.00,-169.00,4.613,0.032,-0.120,0.7340,0.1370,-0.0550,294.599180,44.927689,15.563
8758,8823397,K07096.01,,FALSE POSITIVE,FALSE POSITIVE,0.0000,0,1,0,0,1.506503686,5.7000000e-08,-5.7000000e-08,132.9914262,3.110000e-05,-3.110000e-05,0.4010,0.0040,-0.0020,5.02151,0.00108,-0.00108,4.7710e+05,1.380e+02,-1.380e+02,178.15,4.370e+01,-5.340e+01,3250.0,,,26341.29,19178.73,-15690.67,3289.10,1,q1_q17_dr25_tce,8751.00,240.00,-412.00,4.026,0.198,-0.132,2.3520,0.5770,-0.7050,293.609860,45.018631,13.249
8759,8957572,K07115.01,,FALSE POSITIVE,FALSE POSITIVE,0.0000,1,0,0,0,1.576587400,2.9410000e-05,-2.9410000e-05,132.4469000,1.460000e-02,-1.460000e-02,1.0400,0.0710,-0.0450,15.18000,1.60000,-1.60000,2.9200e+01,4.300e+00,-4.300e+00,15.68,1.980e+00,-5.940e+00,2946.0,,,17781.51,6989.33,-11694.29,27.90,1,q1_q17_dr25_tce,6742.00,160.00,-200.00,3.688,0.304,-0.076,3.1380,0.3960,-1.1880,293.548400,45.201000,12.232
8760,9007918,K07122.01,,FALSE POSITIVE,FALSE POSITIVE,0.0000,0,1,0,0,1.387206724,8.6000000e-08,-8.6000000e-08,132.8469146,5.090000e-05,-5.090000e-05,0.8560,0.0020,-0.0500,3.82527,0.00281,-0.00281,1.5143e+05,4.570e+01,-4.570e+01,103.41,3.145e+01,-2.571e+01,2619.0,,,11126.98,9998.04,-5757.38,1752.60,1,q1_q17_dr25_tce,7207.00,201.00,-277.00,4.060,0.198,-0.162,1.8940,0.5760,-0.4710,286.008450,45.356030,11.658
8761,5471217,K06010.01,,FALSE POSITIVE,FALSE POSITIVE,0.0000,1,0,1,1,12.424747000,2.4570000e-04,-2.4570000e-04,141.6151000,1.740000e-02,-1.740000e-02,0.9760,0.0110,-0.6840,25.24000,1.80000,-1.80000,1.3900e+02,5.200e+00,-5.200e+00,1.35,3.200e-01,-1.100e-01,691.0,,,53.94,39.94,-13.64,30.70,1,q1_q17_dr25_tce,5514.00,166.00,-166.00,4.569,0.030,-0.170,0.8260,0.2010,-0.0670,297.595310,40.660728,14.418
8762,4285087,K06112.01,,FALSE POSITIVE,FALSE POSITIVE,0.0000,0,1,0,0,2.243015737,4.5000000e-08,-4.5000000e-08,133.4508250,1.740000e-05,-1.740000e-05,0.6610,0.0040,-0.0060,4.31675,0.00095,-0.00095,2.7795e+05,6.040e+01,-6.040e+01,92.34,2.564e+01,-3.421e+01,1813.0,,,2547.31,2085.03,-1654.61,5552.20,1,q1_q17_dr25_tce,6181.00,169.00,-187.00,4.084,0.364,-0.156,1.4440,0.4010,-0.5350,296.648830,39.318588,12.785
8763,6948815,K05339.01,,FALSE POSITIVE,FALSE POSITIVE,0.0000,0,1,0,0,1.541530919,2.6080000e-06,-2.6080000e-06,131.9845400,2.090000e-03,-2.090000e-03,0.7590,0.0320,-0.0320,4.86910,0.01090,-0.01090,2.1326e+05,3.950e+02,-3.950e+02,115.49,3.035e+01,-2.730e+01,2689.0,,,12320.99,9883.00,-6255.66,601.50,1,q1_q17_dr25_tce,7631.00,237.00,-316.00,4.059,0.192,-0.157,1.9370,0.5090,-0.4580,291.887050,42.430149,15.348
8764,3341760,K04973.01,,FALSE POSITIVE,FALSE POSITIVE,0.0000,0,1,1,0,0.523493764,8.7800000e-07,-8.7800000e-07,131.6968000,1.390000e-03,-1.390000e-03,0.0830,0.3600,-0.0830,0.90150,0.04770,-0.04770,5.4000e+01,3.000e+00,-3.000e+00,1.82,3.000e-01,-6.300e-01,3565.0,,,38110.61,18975.22,-23580.71,23.50,1,q1_q17_dr25_tce,6122.00,165.00,-165.00,3.791,0.293,-0.098,2.4550,0.3940,-0.8540,291.345950,38.464378,13.085
8765,5981058,K05219.01,,FALSE POSITIVE,FALSE POSITIVE,0.1130,1,0,0,0,27.765596000,1.3540000e-03,-1.3540000e-03,132.0878000,3.040000e-02,-3.040000e-02,0.0690,0.4060,-0.0690,19.49000,1.10000,-1.10000,1.4760e+02,1.110e+01,-1.110e+01,1.20,1.600e-01,-7.000e-02,605.0,,,31.66,10.66,-5.26,14.20,1,q1_q17_dr25_tce,5897.00,70.00,-88.00,4.476,0.028,-0.105,0.9990,0.1290,-0.0590,297.261810,41.255508,15.197
8766,4918303,K05104.01,,CANDIDATE,CANDIDATE,0.9990,0,0,0,0,21.157957300,3.5020000e-04,-3.5020000e-04,150.5824000,1.360000e-02,-1.360000e-02,0.7750,0.1790,-0.5690,4.70600,0.37900,-0.37900,2.1590e+02,2.450e+01,-2.450e+01,1.63,4.500e-01,-1.600e-01,682.0,,,51.22,43.53,-15.20,10.20,1,q1_q17_dr25_tce,6063.00,190.00,-211.00,4.476,0.050,-0.200,1.0120,0.2820,-0.1010,290.124970,40.098381,15.531
8767,11340218,K05885.01,,CANDIDATE,CANDIDATE,,0,0,0,0,111.149082000,2.3760000e-03,-2.3760000e-03,193.6316000,1.420000e-02,-1.420000e-02,0.1665,0.3080,-0.1664,2.91100,0.67600,-0.67600,3.9420e+02,8.420e+01,-8.420e+01,1.87,8.000e-01,-1.500e-01,364.0,,,4.16,5.30,-1.05,5.90,1,q1_q16_tce,5763.00,157.00,-181.00,4.511,0.032,-0.309,0.9480,0.4070,-0.0740,286.123570,49.105289,14.889
8768,11393248,K05892.01,,CANDIDATE,CANDIDATE,,0,0,0,0,37.959659000,1.0950000e-03,-1.0950000e-03,145.2340000,1.700000e-02,-1.700000e-02,0.3842,0.1241,-0.3492,2.79300,0.48700,-0.48700,2.8790e+02,5.580e+01,-5.580e+01,1.41,4.700e-01,-1.100e-01,484.0,,,12.93,12.58,-3.09,6.90,1,q1_q16_tce,5573.00,154.00,-146.00,4.558,0.030,-0.223,0.8270,0.2730,-0.0660,286.300840,49.211319,15.337
8769,10055126,K01608.03,,CANDIDATE,CANDIDATE,0.9600,0,0,0,0,232.040326000,6.9020000e-03,-6.9020000e-03,262.2531000,2.650000e-02,-2.650000e-02,0.6100,0.3410,-0.3880,12.23500,0.76500,-0.76500,2.9080e+02,2.190e+01,-2.190e+01,2.05,3.300e-01,-2.900e-01,327.0,,,2.71,1.20,-0.88,15.20,3,q1_q17_dr25_tce,5903.00,106.00,-117.00,4.300,0.150,-0.100,1.1560,0.1850,-0.1660,282.061280,47.085491,13.797
8770,8653134,K06186.01,Kepler-1643 b,CONFIRMED,CANDIDATE,1.0000,0,0,0,0,5.342641430,2.0740000e-05,-2.0740000e-05,134.3812200,3.160000e-03,-3.160000e-03,0.0210,0.4400,-0.0210,2.45300,0.10000,-0.10000,6.9130e+02,3.950e+01,-3.950e+01,1.72,2.100e-01,-1.300e-01,799.0,,,96.47,42.82,-25.84,19.90,1,q1_q17_dr25_tce,5101.00,184.00,-184.00,4.630,0.045,-0.060,0.6700,0.0800,-0.0530,300.431000,44.751015,13.116
8771,6867219,K06783.01,,CANDIDATE,CANDIDATE,0.8660,0,0,0,0,11.849635100,2.0420000e-04,-2.0420000e-04,140.3663000,1.270000e-02,-1.270000e-02,0.6070,0.3660,-0.3940,3.31900,0.37200,-0.37200,1.8380e+02,2.260e+01,-2.260e+01,1.31,4.000e-01,-1.300e-01,802.0,,,97.71,87.81,-28.47,9.60,1,q1_q17_dr25_tce,6032.00,180.00,-198.00,4.508,0.050,-0.200,0.9290,0.2780,-0.0930,293.024720,42.325089,15.472
8772,6929016,K06790.01,,FALSE POSITIVE,FALSE POSITIVE,0.0000,0,1,0,1,0.733726452,6.0560000e-06,-6.0560000e-06,132.0200500,7.950000e-03,-7.950000e-03,0.2910,0.1930,-0.2910,2.30900,0.28200,-0.28200,1.1460e+02,9.300e+00,-9.300e+00,0.86,2.300e-01,-6.000e-02,1867.0,,,2891.64,2253.61,-677.78,13.80,1,q1_q17_dr25_tce,5855.00,158.00,-175.00,4.578,0.033,-0.187,0.7970,0.2110,-0.0560,284.503910,42.463860,15.770
8773,6947837,K06794.01,,FALSE POSITIVE,FALSE POSITIVE,,1,0,0,0,1.170338480,4.8810000e-05,-4.8810000e-05,132.4153000,4.130000e-02,-4.130000e-02,0.1381,0.3486,-0.1380,11.56000,3.20000,-3.20000,1.7300e+01,2.900e+00,-2.900e+00,0.98,4.600e-01,-2.200e-01,3272.0,,,27090.00,39086.30,-13188.75,13.40,1,q1_q17_dr24_tce,8027.00,230.00,-324.00,3.997,0.149,-0.149,2.3140,1.1040,-0.5140,291.563600,42.476871,12.331
8774,6967430,K06801.01,,FALSE POSITIVE,FALSE POSITIVE,0.0000,0,0,0,1,2.003837030,2.6630000e-05,-2.6630000e-05,132.8086000,1.210000e-02,-1.210000e-02,0.2680,0.1900,-0.2680,3.47300,0.65600,-0.65600,4.2300e+01,5.500e+00,-5.500e+00,0.67,2.200e-01,-7.000e-02,1518.0,,,1256.78,1168.34,-391.58,10.50,1,q1_q17_dr25_tce,6045.00,163.00,-199.00,4.439,0.070,-0.224,1.0280,0.3260,-0.1160,296.803190,42.477970,14.467
8775,7032117,K06809.01,,FALSE POSITIVE,FALSE POSITIVE,0.0000,1,0,0,1,0.566809491,3.7670000e-06,-3.7670000e-06,131.7969500,3.160000e-03,-3.160000e-03,0.4840,0.4500,-0.2600,3.15600,0.29400,-0.29400,6.9500e+01,4.600e+00,-4.600e+00,0.55,6.000e-02,-5.000e-02,1656.0,,,1790.30,671.14,-473.35,21.00,1,q1_q17_dr25_tce,4987.00,149.00,-149.00,4.611,0.066,-0.048,0.6540,0.0690,-0.0580,291.319400,42.549500,14.873
8776,11350389,K07438.01,,FALSE POSITIVE,FALSE POSITIVE,0.0000,0,1,0,0,1.512642080,3.2400000e-07,-3.2400000e-07,132.0259840,1.720000e-04,-1.720000e-04,1.1920,1.0480,-0.1300,1.87100,0.01330,-0.01330,2.3842e+04,8.170e+01,-8.170e+01,36.72,5.070e+00,-4.120e+00,1357.0,,,801.00,366.96,-235.15,262.60,1,q1_q17_dr25_tce,5258.00,158.00,-142.00,4.508,0.090,-0.090,0.8110,0.1120,-0.0910,291.842900,49.119099,15.724
8777,11411639,K07445.01,,CANDIDATE,CANDIDATE,0.9480,0,0,0,0,6.933574000,1.1990000e-04,-1.1990000e-04,134.5580000,1.430000e-02,-1.430000e-02,0.0500,0.4010,-0.0500,2.43000,0.54300,-0.54300,2.7670e+02,4.940e+01,-4.940e+01,1.30,2.500e-01,-1.000e-01,829.0,,,111.53,64.69,-28.36,8.00,1,q1_q17_dr25_tce,5510.00,149.00,-166.00,4.584,0.034,-0.127,0.7930,0.1520,-0.0650,295.924040,49.220188,15.804
8778,11501774,K07451.01,,FALSE POSITIVE,FALSE POSITIVE,,0,1,0,0,0.691823991,8.0100000e-06,-8.0100000e-06,131.5700000,1.080000e-02,-1.080000e-02,0.3501,0.1463,-0.3501,5.96500,0.54100,-0.54100,1.6590e+02,1.860e+01,-1.860e+01,1.23,5.800e-01,-1.700e-01,1878.0,,,2938.32,4424.05,-980.89,18.00,1,q1_q17_dr24_tce,5226.00,182.00,-140.00,4.404,0.127,-0.127,0.9620,0.4600,-0.1330,288.876370,49.490528,15.247
8779,11551652,K07455.01,,CANDIDATE,CANDIDATE,,0,0,0,0,3.773744000,1.8330000e-04,-1.8330000e-04,131.8309000,3.240000e-02,-3.240000e-02,0.9606,0.0188,-0.6664,15.20000,2.30000,-2.30000,8.5200e+01,1.020e+01,-1.020e+01,2.44,8.200e-01,-8.100e-01,2001.0,,,3791.11,3898.65,-2362.11,5.70,2,q1_q17_dr24_tce,7302.00,232.00,-309.00,3.965,0.248,-0.248,2.0690,0.6990,-0.6840,287.575010,49.551167,11.419
8780,11616631,K07463.01,,FALSE POSITIVE,FALSE POSITIVE,0.0000,1,0,1,1,7.294917500,4.2050000e-04,-4.2050000e-04,136.0798000,5.260000e-02,-5.260000e-02,1.1320,0.4020,-0.1440,41.04000,4.20000,-4.20000,1.8280e+02,1.270e+01,-1.270e+01,11.67,1.790e+00,-9.500e-01,763.0,,,79.99,39.77,-19.59,18.90,1,q1_q17_dr25_tce,5289.00,159.00,-143.00,4.614,0.036,-0.096,0.7310,0.1120,-0.0600,294.765750,49.664719,15.848
8781,5952403,K06139.01,,FALSE POSITIVE,FALSE POSITIVE,0.0000,0,1,0,1,0.905677864,5.3900000e-07,-5.3900000e-07,132.1976870,4.030000e-04,-4.030000e-04,1.3210,1.4940,-0.1000,2.24320,0.03040,-0.03040,3.6704e+03,4.200e+01,-4.200e+01,325.51,9.215e+01,-1.229e+02,3989.0,,,60020.95,42771.27,-39069.91,107.40,1,q1_q17_dr25_tce,5037.00,50.00,-130.00,3.002,0.201,-0.108,7.5530,2.1380,-2.8510,289.287410,41.264809,6.966
8782,7174617,K06156.01,,CANDIDATE,CANDIDATE,0.8690,0,1,0,0,1.608363345,3.6000000e-07,-3.6000000e-07,131.5843200,1.870000e-04,-1.870000e-04,0.6080,0.0250,-0.0320,2.19880,0.01250,-0.01250,9.6134e+04,4.860e+02,-4.860e+02,19.36,1.340e+00,-1.220e+00,1133.0,,,390.10,112.35,-86.86,312.30,1,q1_q17_dr25_tce,5022.00,151.00,-151.00,4.668,0.052,-0.036,0.5890,0.0410,-0.0370,281.593810,42.710011,13.819
8783,6606438,K02860.01,,CANDIDATE,CANDIDATE,1.0000,0,0,0,0,103.426987300,8.6760000e-04,-8.6760000e-04,220.2286900,7.610000e-03,-7.610000e-03,0.0130,0.4210,-0.0130,5.03000,0.19700,-0.19700,9.5010e+02,6.260e+01,-6.260e+01,3.16,9.700e-01,-3.900e-01,416.0,,,7.08,6.58,-2.49,17.80,1,q1_q17_dr25_tce,6208.00,194.00,-259.00,4.454,0.052,-0.195,1.0240,0.3140,-0.1260,291.922550,42.002560,15.549
8784,4349935,K06403.01,,FALSE POSITIVE,FALSE POSITIVE,0.0000,1,0,0,0,0.792023257,2.2240000e-06,-2.2240000e-06,131.9289600,2.810000e-03,-2.810000e-03,0.2050,0.2050,-0.2050,3.26040,0.08430,-0.08430,1.7660e+02,4.400e+00,-4.400e+00,0.81,7.000e-02,-7.000e-02,1300.0,,,678.05,201.71,-180.34,49.60,1,q1_q17_dr25_tce,4447.00,120.00,-133.00,4.632,0.052,-0.024,0.6250,0.0500,-0.0560,286.829830,39.469559,14.498
8785,4482738,K06418.01,,FALSE POSITIVE,FALSE POSITIVE,0.0000,1,0,1,1,0.866344816,1.6010000e-06,-1.6010000e-06,132.0635800,1.630000e-03,-1.630000e-03,0.3180,0.1350,-0.3180,1.91880,0.05470,-0.05470,2.3360e+02,6.000e+00,-6.000e+00,6.85,1.520e+00,-1.600e-01,3569.0,,,38575.44,24242.58,-3799.76,46.50,1,q1_q17_dr25_tce,4936.00,109.00,-69.00,3.055,0.028,-0.031,4.5270,1.0030,-0.1060,296.139010,39.579632,12.945
8786,4565985,K06424.01,,FALSE POSITIVE,FALSE POSITIVE,0.0000,0,1,0,0,17.511915340,9.5750000e-05,-9.5750000e-05,134.3906500,4.570000e-03,-4.570000e-03,0.0080,0.9290,-0.0080,5.67800,0.91800,-0.91800,7.2880e+02,4.220e+01,-4.220e+01,52.64,2.666e+01,-1.143e+01,2246.0,,,6014.16,9891.63,-2666.95,41.00,1,q1_q17_dr25_tce,4029.00,157.00,-96.00,1.786,0.255,-0.255,20.8880,10.5810,-4.5350,292.926820,39.613361,9.242
8787,9085039,K07129.01,,CANDIDATE,CANDIDATE,,0,0,0,0,64.198372100,4.5310000e-04,-4.5310000e-04,147.9837800,5.270000e-03,-5.270000e-03,0.3470,0.3820,-0.2661,0.93400,0.29700,-0.29700,2.4820e+02,5.530e+01,-5.530e+01,1.74,5.700e-01,-2.900e-01,506.0,,,15.49,15.00,-5.89,6.80,1,q1_q17_dr24_tce,6088.00,161.00,-172.00,4.329,0.148,-0.148,1.0770,0.3570,-0.1790,290.380250,45.445419,13.839
8788,9159301,K07138.01,,FALSE POSITIVE,FALSE POSITIVE,0.0000,0,1,0,0,3.044771557,2.1700000e-07,-2.1700000e-07,132.4369070,5.910000e-05,-5.910000e-05,0.2950,0.0020,-0.0010,11.05930,0.00412,-0.00412,4.8782e+05,2.370e+02,-2.370e+02,231.93,5.616e+01,-1.123e+02,2816.0,,,14849.39,10369.99,-11566.93,3684.90,1,q1_q17_dr25_tce,8199.00,199.00,-370.00,3.747,0.416,-0.104,3.1630,0.7660,-1.5320,293.693330,45.517021,12.146
8789,9181340,K07143.01,,FALSE POSITIVE,FALSE POSITIVE,0.0000,0,0,1,0,2.131225773,1.6390000e-06,-1.6390000e-06,133.2997800,6.580000e-04,-6.580000e-04,1.2640,0.6180,-0.0320,5.49320,0.03540,-0.03540,2.3371e+03,1.340e+01,-1.340e+01,35.68,1.006e+01,-6.220e+00,1555.0,,,1382.47,1189.02,-564.59,215.60,1,q1_q17_dr25_tce,6181.00,194.00,-216.00,4.380,0.128,-0.192,1.0280,0.2900,-0.1790,300.399020,45.521111,14.818
8790,9291748,K07156.01,,FALSE POSITIVE,FALSE POSITIVE,0.0000,0,1,0,0,15.926990634,1.6390000e-06,-1.6390000e-06,144.4526221,8.660000e-05,-8.660000e-05,1.3680,0.0110,-0.0230,11.51420,0.00848,-0.00848,3.9423e+05,1.680e+02,-1.680e+02,93.94,8.240e+00,-8.240e+00,566.0,,,24.16,8.02,-6.36,3458.30,1,q1_q17_dr25_tce,5191.00,156.00,-156.00,4.615,0.071,-0.044,0.6500,0.0570,-0.0570,295.947050,45.741562,15.538
8791,9353182,K07164.01,,FALSE POSITIVE,FALSE POSITIVE,0.0000,0,1,0,0,10.476258265,2.8800000e-07,-2.8800000e-07,136.5282906,2.210000e-05,-2.210000e-05,0.3180,0.0080,-0.0020,7.77203,0.00138,-0.00138,1.2021e+05,1.750e+01,-1.750e+01,54.13,1.195e+01,-1.459e+01,1077.0,,,318.44,210.12,-168.29,8251.50,1,q1_q17_dr25_tce,6109.00,167.00,-186.00,4.097,0.228,-0.123,1.5360,0.3390,-0.4140,295.854430,45.892208,12.421
8792,4346875,K06113.01,,FALSE POSITIVE,FALSE POSITIVE,0.0000,0,1,0,0,4.694218481,8.1700000e-07,-8.1700000e-07,133.7803340,1.440000e-04,-1.440000e-04,0.6160,0.0160,-0.0050,4.53365,0.00955,-0.00955,1.7547e+05,3.980e+02,-3.980e+02,35.81,8.000e+00,-3.190e+00,946.0,,,189.23,129.80,-48.47,739.80,1,q1_q17_dr25_tce,5512.00,166.00,-149.00,4.575,0.036,-0.135,0.7870,0.1760,-0.0700,285.585780,39.479130,15.584
8793,8957954,K06189.01,,FALSE POSITIVE,FALSE POSITIVE,0.0000,0,1,0,0,2.179924994,6.5000000e-08,-6.5000000e-08,132.1293516,2.480000e-05,-2.480000e-05,0.7110,0.0040,-0.0080,4.87581,0.00085,-0.00085,2.5315e+05,6.910e+01,-6.910e+01,60.99,2.046e+01,-6.380e+00,1448.0,,,1040.63,1021.36,-309.80,4541.10,1,q1_q17_dr25_tce,6106.00,163.00,-199.00,4.487,0.054,-0.229,0.9660,0.3240,-0.1010,293.685910,45.238609,13.960
8794,3459529,K04984.01,,FALSE POSITIVE,FALSE POSITIVE,,1,0,0,0,231.364508000,4.0130000e-03,-4.0130000e-03,299.7290000,1.820000e-02,-1.820000e-02,0.6598,0.0713,-0.4814,4.74700,0.79600,-0.79600,1.4880e+03,2.330e+02,-2.330e+02,2.45,2.700e-01,-2.000e-01,202.0,,,0.40,0.16,-0.11,9.20,1,q1_q16_tce,4691.00,173.00,-157.00,4.673,0.042,-0.055,0.6040,0.0660,-0.0480,295.274540,38.564781,15.267
8795,3548645,K04991.01,,CANDIDATE,CANDIDATE,,0,0,0,0,211.330867000,7.4690000e-03,-7.4690000e-03,244.9530000,3.390000e-02,-3.390000e-02,0.0550,0.4073,-0.0549,4.66000,1.20000,-1.20000,5.3100e+02,1.030e+02,-1.030e+02,2.09,7.000e-01,-1.800e-01,300.0,,,1.92,1.90,-0.54,7.50,1,q1_q16_tce,5941.00,172.00,-213.00,4.519,0.036,-0.250,0.9110,0.3030,-0.0800,292.480900,38.654121,15.270
8796,5016163,K05115.01,,FALSE POSITIVE,FALSE POSITIVE,0.0000,0,1,0,0,2.622830100,9.2000000e-08,-9.2000000e-08,131.8572135,2.850000e-05,-2.850000e-05,0.4880,0.0020,-0.0020,7.29719,0.00177,-0.00177,4.0971e+05,9.500e+01,-9.500e+01,70.62,2.180e+01,-8.720e+00,1403.0,,,917.98,838.39,-315.63,5312.70,1,q1_q17_dr25_tce,6233.00,175.00,-241.00,4.472,0.052,-0.195,0.9880,0.3050,-0.1220,293.278170,40.157082,15.768
8797,3730176,K05002.01,,FALSE POSITIVE,FALSE POSITIVE,,1,0,0,0,399.496710000,2.0310000e-02,-2.0310000e-02,368.4202000,1.470000e-02,-1.470000e-02,0.0814,0.3941,-0.0813,5.35100,0.98700,-0.98700,1.3930e+02,3.930e+01,-3.930e+01,1.39,8.200e-01,-1.900e-01,286.0,,,1.59,2.79,-0.55,6.90,1,q1_q16_tce,6224.00,149.00,-183.00,4.321,0.110,-0.320,1.1770,0.6870,-0.1650,285.857300,38.820068,12.796
8798,5110453,K05126.01,,CANDIDATE,CANDIDATE,,0,0,0,0,418.043550000,7.7290000e-03,-7.7290000e-03,194.7139000,1.630000e-02,-1.630000e-02,0.8391,0.1068,-0.6023,10.77700,0.48300,-0.48300,4.8160e+02,4.200e+01,-4.200e+01,13.73,1.350e+00,-3.010e+00,463.0,,,10.83,3.25,-4.99,10.80,1,q1_q16_tce,5110.00,96.00,-155.00,3.184,0.031,-0.029,5.4690,0.5390,-1.1970,294.848020,40.240879,13.637
8799,3229028,K06100.02,,FALSE POSITIVE,FALSE POSITIVE,,1,0,0,0,117.684591000,2.1070000e-03,-2.1070000e-03,157.4182000,1.430000e-02,-1.430000e-02,0.4466,0.0822,-0.4257,2.21900,0.54300,-0.54300,1.3460e+02,3.070e+01,-3.070e+01,1.52,8.200e-01,-2.800e-01,459.0,,,10.46,16.71,-4.43,5.30,2,q1_q16_tce,6362.00,158.00,-211.00,4.248,0.158,-0.283,1.2790,0.6840,-0.2400,289.811430,38.324951,13.036
8800,9145861,K06194.01,,CANDIDATE,CANDIDATE,0.9540,0,0,0,0,42.294739000,1.5690000e-03,-1.5690000e-03,133.8808000,3.230000e-02,-3.230000e-02,1.1450,6.9270,-0.0170,34.63000,1.80000,-1.80000,2.5420e+02,1.240e+01,-1.240e+01,140.14,5.600e+00,-3.180e+01,1083.0,,,324.71,40.09,-157.77,25.20,1,q1_q17_dr25_tce,4926.00,47.00,-182.00,3.020,0.033,-0.027,7.8490,0.3140,-1.7810,287.840420,45.599751,12.057
8801,3645438,K04385.03,,CANDIDATE,CANDIDATE,0.9460,0,0,0,0,17.369511200,4.8960000e-04,-4.8960000e-04,136.6159000,2.390000e-02,-2.390000e-02,0.2800,0.1820,-0.2800,4.01200,0.74000,-0.74000,3.1400e+02,5.640e+01,-5.640e+01,1.45,8.000e-02,-9.000e-02,588.0,,,28.35,5.36,-4.99,8.60,3,q1_q17_dr25_tce,5119.00,82.00,-82.00,4.508,0.060,-0.040,0.8340,0.0470,-0.0520,291.399380,38.787750,15.825
8802,4740676,K06119.01,,FALSE POSITIVE,FALSE POSITIVE,0.0000,0,1,0,0,3.454241684,7.2000000e-08,-7.2000000e-08,131.7112530,1.730000e-05,-1.730000e-05,0.5050,0.0090,-0.0050,4.69505,0.00153,-0.00153,8.8195e+04,1.310e+01,-1.310e+01,75.11,1.592e+01,-2.587e+01,2010.0,,,3867.02,2448.66,-2394.00,6581.30,1,q1_q17_dr25_tce,6562.00,176.00,-195.00,3.822,0.292,-0.097,2.4330,0.5160,-0.8380,289.964360,39.811352,13.198
8803,7115878,K06825.01,,FALSE POSITIVE,FALSE POSITIVE,0.0000,1,0,1,1,0.566790294,3.4180000e-06,-3.4180000e-06,131.8348100,5.510000e-03,-5.510000e-03,0.3930,0.1130,-0.3930,3.64100,0.17600,-0.17600,6.4000e+01,4.000e+00,-4.000e+00,0.89,2.600e-01,-1.400e-01,2432.0,,,8244.38,7287.58,-3143.59,22.60,1,q1_q17_dr25_tce,6100.00,181.00,-200.00,4.358,0.128,-0.192,1.0930,0.3220,-0.1740,291.199550,42.686722,14.897
8804,7128918,K06833.01,,FALSE POSITIVE,FALSE POSITIVE,0.0000,0,1,0,0,7.118798480,6.0400000e-07,-6.0400000e-07,137.1575204,6.940000e-05,-6.940000e-05,0.9830,0.0070,-0.0190,4.11282,0.00309,-0.00309,1.0766e+05,5.710e+01,-5.710e+01,41.17,8.030e+00,-3.440e+00,819.0,,,106.52,64.88,-26.41,1483.20,1,q1_q17_dr25_tce,5578.00,169.00,-152.00,4.601,0.040,-0.120,0.7540,0.1470,-0.0630,294.998230,42.693920,15.758
8805,7200102,K06842.01,,FALSE POSITIVE,FALSE POSITIVE,0.0000,0,1,0,0,14.665759784,1.3210000e-06,-1.3210000e-06,139.5741023,7.350000e-05,-7.350000e-05,0.5760,0.0130,-0.0160,3.65814,0.00325,-0.00325,3.3698e+05,2.000e+02,-2.000e+02,67.17,1.971e+01,-1.213e+01,712.0,,,60.89,53.62,-24.21,1143.60,1,q1_q17_dr25_tce,5385.00,160.00,-144.00,4.369,0.162,-0.198,1.0020,0.2940,-0.1810,291.708280,42.797001,15.213
8806,7204073,K06847.01,,FALSE POSITIVE,FALSE POSITIVE,0.0000,1,0,0,1,0.566801906,1.7990000e-06,-1.7990000e-06,131.7967300,2.330000e-03,-2.330000e-03,0.1550,0.3220,-0.1550,1.62600,0.09360,-0.09360,8.9700e+01,4.200e+00,-4.200e+00,0.55,4.000e-02,-6.000e-02,1344.0,,,774.11,221.37,-231.01,27.00,2,q1_q17_dr25_tce,4208.00,113.00,-138.00,4.662,0.059,-0.023,0.5830,0.0440,-0.0610,292.959260,42.799252,12.663
8807,7335514,K06860.01,,CANDIDATE,CANDIDATE,0.9970,0,0,0,0,0.576732089,5.0710000e-06,-5.0710000e-06,132.0737800,8.010000e-03,-8.010000e-03,0.5180,0.0190,-0.4720,1.85600,0.25400,-0.25400,3.5400e+01,5.100e+00,-5.100e+00,0.43,1.000e-02,-2.000e-02,1537.0,,,1316.33,188.96,-209.20,9.10,1,q1_q17_dr25_tce,4524.00,81.00,-72.00,4.576,0.042,-0.012,0.7170,0.0230,-0.0380,280.776860,42.924541,13.291
8808,11773625,K07479.01,,CANDIDATE,CANDIDATE,0.8750,0,0,0,0,7.196916800,1.4830000e-04,-1.4830000e-04,133.4145000,1.270000e-02,-1.270000e-02,0.5020,0.4630,-0.3010,4.52500,0.42900,-0.42900,4.7100e+01,5.600e+00,-5.600e+00,1.10,1.800e-01,-2.700e-01,1132.0,,,388.54,170.24,-178.56,10.40,1,q1_q17_dr25_tce,5530.00,82.00,-66.00,4.045,0.217,-0.093,1.5750,0.2590,-0.3890,296.739170,49.978352,13.440
8809,11873166,K07487.01,,FALSE POSITIVE,FALSE POSITIVE,0.0000,0,1,0,0,0.734426335,1.4000000e-07,-1.4000000e-07,131.9317390,1.570000e-04,-1.570000e-04,0.9710,0.2150,-0.0940,2.74150,0.01080,-0.01080,9.9056e+04,2.250e+02,-2.250e+02,51.42,1.609e+01,-5.370e+00,2106.0,,,4660.36,4277.08,-1389.94,429.70,1,q1_q17_dr25_tce,6108.00,165.00,-201.00,4.471,0.052,-0.208,0.9970,0.3120,-0.1040,296.193510,50.129219,13.470
8810,11922648,K07494.01,,FALSE POSITIVE,FALSE POSITIVE,0.0000,0,0,1,1,1.756431850,2.4960000e-05,-2.4960000e-05,132.0575000,1.400000e-02,-1.400000e-02,0.1150,0.3470,-0.1150,2.39700,0.29000,-0.29000,5.1600e+01,5.900e+00,-5.900e+00,0.58,1.600e-01,-5.000e-02,1366.0,,,821.36,660.50,-205.07,9.60,1,q1_q17_dr25_tce,5696.00,154.00,-154.00,4.570,0.044,-0.176,0.8120,0.2220,-0.0690,295.949250,50.208920,14.529
8811,11966557,K07498.01,,FALSE POSITIVE,FALSE POSITIVE,0.0000,0,1,0,0,60.297677400,1.6200000e-04,-1.6200000e-04,161.8546910,3.350000e-04,-3.350000e-04,0.5960,0.0220,-0.0210,14.25610,0.01460,-0.01460,3.1589e+05,3.170e+02,-3.170e+02,63.57,1.854e+01,-9.240e+00,481.0,,,12.63,11.09,-4.46,1215.80,1,q1_q17_dr25_tce,5995.00,180.00,-180.00,4.434,0.084,-0.196,0.9770,0.2850,-0.1420,293.480350,50.347488,15.680
8812,12004679,K07502.01,,FALSE POSITIVE,FALSE POSITIVE,0.0000,0,1,0,0,2.521245368,1.8000000e-07,-1.8000000e-07,132.8563627,5.740000e-05,-5.740000e-05,0.2310,0.0090,-0.0110,4.24027,0.00254,-0.00254,4.1838e+05,3.680e+02,-3.680e+02,56.59,1.253e+01,-6.760e+00,1241.0,,,560.57,370.03,-166.30,1495.40,1,q1_q17_dr25_tce,5605.00,152.00,-135.00,4.486,0.096,-0.156,0.8540,0.1890,-0.1020,286.425690,50.417019,13.231
8813,3458919,K06337.01,,FALSE POSITIVE,FALSE POSITIVE,0.0000,0,1,1,0,0.892061734,1.4500000e-07,-1.4500000e-07,131.8156030,1.340000e-04,-1.340000e-04,1.0790,0.0990,-0.1420,2.24307,0.00799,-0.00799,7.5590e+04,1.560e+02,-1.560e+02,46.75,1.072e+01,-4.920e+00,1724.0,,,2090.54,1462.74,-608.01,398.10,1,q1_q17_dr25_tce,5561.00,166.00,-166.00,4.512,0.066,-0.154,0.8550,0.1960,-0.0900,295.140290,38.597542,13.815
8814,4661634,K06432.01,,FALSE POSITIVE,FALSE POSITIVE,0.0000,0,1,0,0,73.894163515,5.0030000e-06,-5.0030000e-06,159.9005068,5.230000e-05,-5.230000e-05,0.2700,0.0040,-0.0050,9.48995,0.00353,-0.00353,2.1390e+05,7.010e+01,-7.010e+01,39.18,7.170e+00,-5.360e+00,392.0,,,5.61,3.32,-1.91,3902.30,1,q1_q17_dr25_tce,5442.00,178.00,-162.00,4.469,0.113,-0.137,0.8410,0.1540,-0.1150,293.681700,39.758839,15.329
8815,4737302,K06441.01,,FALSE POSITIVE,FALSE POSITIVE,0.0000,0,1,0,0,9.455586047,1.2230000e-06,-1.2230000e-06,133.6703880,1.080000e-04,-1.080000e-04,0.7910,0.0140,-0.0070,8.42272,0.00800,-0.00800,1.1517e+05,9.790e+01,-9.790e+01,178.47,1.200e+01,-1.079e+02,1972.0,,,3576.17,964.82,-3104.35,1876.90,1,q1_q17_dr25_tce,7221.00,199.00,-299.00,3.488,0.604,-0.071,4.2400,0.2850,-2.5640,288.926670,39.811790,11.554
8816,4764969,K06450.01,,CANDIDATE,CANDIDATE,,0,0,0,0,0.602277579,8.6830000e-06,-8.6830000e-06,131.5303000,1.120000e-02,-1.120000e-02,0.7502,0.0469,-0.5325,2.38000,0.54800,-0.54800,3.4600e+01,6.000e+00,-6.000e+00,0.78,2.900e-01,-1.400e-01,2699.0,,,12545.82,13176.69,-5080.38,26.70,1,q1_q17_dr24_tce,6510.00,162.00,-196.00,4.256,0.162,-0.162,1.2280,0.4460,-0.2210,296.322020,39.856049,12.361
8817,4851338,K06461.01,,FALSE POSITIVE,FALSE POSITIVE,0.0000,0,0,1,1,1.235164160,1.5680000e-05,-1.5680000e-05,131.9930100,9.510000e-03,-9.510000e-03,0.6780,0.2740,-0.4570,4.71300,0.45100,-0.45100,6.4600e+01,6.200e+00,-6.200e+00,0.92,2.500e-01,-1.100e-01,1866.0,,,2861.14,2330.83,-928.95,13.00,1,q1_q17_dr25_tce,6249.00,174.00,-217.00,4.428,0.060,-0.180,1.0760,0.2960,-0.1270,295.862850,39.967110,15.005
8818,9418994,K07172.01,,FALSE POSITIVE,FALSE POSITIVE,0.0000,0,1,0,0,32.003815635,5.7980000e-06,-5.7980000e-06,136.4948200,1.410000e-04,-1.410000e-04,1.2260,0.0480,-0.0470,4.31197,0.00748,-0.00748,1.7120e+04,2.630e+01,-2.630e+01,180.25,5.005e+01,-1.252e+02,960.0,,,201.25,175.18,-185.16,711.40,1,q1_q17_dr25_tce,5260.00,182.00,-200.00,3.459,0.808,-0.202,4.0620,1.1280,-2.8210,297.283870,45.953110,13.396
8819,9509207,K07181.01,,FALSE POSITIVE,FALSE POSITIVE,0.0000,1,0,0,0,14.199840087,1.7900000e-06,-1.7900000e-06,135.7480910,1.020000e-04,-1.020000e-04,0.7720,0.0080,-0.0080,5.98531,0.00551,-0.00551,2.1460e+05,1.660e+02,-1.660e+02,85.76,2.220e+01,-2.711e+01,907.0,,,159.99,125.37,-94.54,1408.60,1,q1_q17_dr25_tce,5864.00,176.00,-193.00,4.139,0.299,-0.161,1.4140,0.3660,-0.4470,282.668210,46.160130,13.135
8820,9536048,K07186.01,,FALSE POSITIVE,FALSE POSITIVE,0.2770,0,0,1,0,3.711862430,1.3360000e-05,-1.3360000e-05,132.6486000,2.670000e-03,-2.670000e-03,0.4690,0.5400,-0.1000,1.03200,0.19800,-0.19800,5.3900e+01,1.090e+01,-1.090e+01,0.95,3.100e-01,-1.600e-01,1406.0,,,922.90,868.92,-371.39,7.00,1,q1_q17_dr25_tce,6302.00,170.00,-208.00,4.299,0.112,-0.208,1.2580,0.4040,-0.2180,295.613490,46.190689,13.787
8821,9579789,K07193.01,,FALSE POSITIVE,FALSE POSITIVE,0.0000,0,0,1,1,2.178141860,1.5660000e-05,-1.5660000e-05,132.0294600,7.090000e-03,-7.090000e-03,0.0120,0.4540,-0.0120,1.98800,0.21400,-0.21400,1.2770e+02,1.370e+01,-1.370e+01,0.92,9.000e-02,-9.000e-02,1174.0,,,447.79,158.53,-120.18,11.20,1,q1_q17_dr25_tce,5101.00,154.00,-138.00,4.506,0.070,-0.070,0.8400,0.0810,-0.0810,287.975460,46.289631,15.458
8822,10989274,K06233.01,Kepler-1645 b,CONFIRMED,CANDIDATE,1.0000,0,0,0,0,16.178030000,5.0990000e-02,-5.0990000e-02,132.3260000,3.450000e-01,-3.450000e-01,0.0810,0.2650,-0.0810,5.18000,5.90000,-5.90000,4.4900e+02,2.273e+03,-2.273e+03,2.25,7.000e-01,-3.000e-01,754.0,,,76.54,69.28,-26.12,6.00,1,q1_q17_dr25_tce,5929.00,160.00,-196.00,4.413,0.070,-0.210,1.0690,0.3300,-0.1410,297.479460,48.418571,14.472
8823,4075064,K06383.01,,FALSE POSITIVE,FALSE POSITIVE,0.0000,0,1,0,0,61.422526570,7.3210000e-06,-7.3210000e-06,161.2406686,9.790000e-05,-9.790000e-05,0.5740,0.0160,-0.0130,3.76585,0.00529,-0.00529,3.3754e+05,3.600e+02,-3.600e+02,41.01,4.690e+00,-2.340e+00,326.0,,,2.66,1.05,-0.56,850.40,1,q1_q17_dr25_tce,4867.00,145.00,-145.00,4.687,0.025,-0.065,0.6130,0.0700,-0.0350,295.869260,39.148201,14.951
8824,6205384,K05250.01,,FALSE POSITIVE,FALSE POSITIVE,0.0000,1,0,1,1,3.722736830,6.9790000e-05,-6.9790000e-05,134.6473000,1.650000e-02,-1.650000e-02,0.5200,0.4510,-0.3210,8.55200,0.55800,-0.55800,3.7800e+01,3.100e+00,-3.100e+00,0.52,6.000e-02,-3.000e-02,1104.0,,,350.89,105.99,-49.33,14.70,1,q1_q17_dr25_tce,5898.00,79.00,-79.00,4.567,0.022,-0.088,0.8190,0.0910,-0.0390,291.960270,41.578609,13.945
8825,3836450,K05010.01,,FALSE POSITIVE,FALSE POSITIVE,0.0000,0,0,1,1,1.540399732,7.3060000e-06,-7.3060000e-06,131.9929600,5.020000e-03,-5.020000e-03,0.1060,0.3640,-0.1060,1.63000,0.17400,-0.17400,5.7600e+01,5.000e+00,-5.000e+00,0.58,7.000e-02,-6.000e-02,1312.0,,,700.19,273.40,-205.07,14.80,1,q1_q17_dr25_tce,5160.00,153.00,-138.00,4.518,0.088,-0.064,0.7840,0.0880,-0.0880,286.952060,38.960941,13.328
8826,6281127,K05256.01,,FALSE POSITIVE,FALSE POSITIVE,,1,0,0,0,588.105040000,2.9140000e-02,-2.9140000e-02,289.5538000,2.440000e-02,-2.440000e-02,0.3168,0.1449,-0.3167,15.47400,0.93300,-0.93300,3.2660e+02,3.670e+01,-3.670e+01,1.77,7.000e-01,-1.900e-01,231.0,,,0.67,0.78,-0.20,11.00,1,q1_q16_tce,6214.00,166.00,-197.00,4.457,0.061,-0.286,0.9650,0.3830,-0.1000,290.473750,41.627548,14.514
8827,6289459,K05259.01,,FALSE POSITIVE,FALSE POSITIVE,,1,0,0,0,39.593105300,6.1530000e-04,-6.1530000e-04,141.0746000,1.400000e-02,-1.400000e-02,0.0044,0.4757,-0.0043,2.30600,0.59800,-0.59800,1.5660e+02,4.230e+01,-4.230e+01,1.22,5.100e-01,-1.100e-01,546.0,,,21.06,26.65,-6.05,5.70,1,q1_q16_tce,6046.00,172.00,-218.00,4.486,0.044,-0.298,0.9720,0.4110,-0.0890,293.249360,41.659611,13.804
8828,6850665,K03244.01,,FALSE POSITIVE,FALSE POSITIVE,0.0000,1,0,0,0,214.715417000,1.4260000e-03,-1.4260000e-03,275.4982300,5.530000e-03,-5.530000e-03,0.9810,0.1560,-0.0540,34.14600,0.53600,-0.53600,5.2112e+03,4.300e+01,-4.300e+01,71.79,1.505e+01,-2.257e+01,602.0,,,31.00,18.08,-17.67,161.30,1,q1_q17_dr25_tce,5022.00,100.00,-110.00,3.060,0.240,-0.160,5.8260,1.2210,-1.8320,287.766270,42.322720,12.391
8829,4933476,K06122.01,,FALSE POSITIVE,FALSE POSITIVE,0.0000,0,1,1,0,1.286196710,1.5300000e-05,-1.5300000e-05,131.8746200,7.760000e-03,-7.760000e-03,0.8740,0.1510,-0.5860,1.11400,0.33800,-0.33800,1.3720e+02,3.820e+01,-3.820e+01,1.27,3.500e-01,-2.300e-01,1646.0,,,1740.01,1428.24,-694.58,5.90,2,q1_q17_dr25_tce,5650.00,169.00,-152.00,4.391,0.167,-0.204,0.9260,0.2520,-0.1680,294.443360,40.061340,14.256
8830,6191945,K06024.01,,FALSE POSITIVE,FALSE POSITIVE,0.0000,0,1,0,0,6.807284200,1.7350000e-04,-1.7350000e-04,135.5474000,3.280000e-02,-3.280000e-02,0.9230,6.9980,-0.3050,1.94770,0.07960,-0.07960,1.4578e+04,5.200e+02,-5.200e+02,31.15,1.365e+01,-1.667e+01,1156.0,,,421.16,592.24,-342.26,32.90,1,q1_q17_dr25_tce,5182.00,200.00,-182.00,3.935,0.595,-0.255,1.8240,0.7990,-0.9760,287.332700,41.506672,14.044
8831,5385778,K06129.01,,FALSE POSITIVE,FALSE POSITIVE,0.0000,1,0,1,1,12.425922470,4.6360000e-05,-4.6360000e-05,141.5484800,3.230000e-03,-3.230000e-03,0.8850,0.0030,-0.0040,31.50000,0.24900,-0.24900,8.7076e+03,5.090e+01,-5.090e+01,79.21,1.422e+01,-2.844e+01,1547.0,,,1353.90,605.42,-848.59,190.80,1,q1_q17_dr25_tce,4849.00,48.00,-115.00,3.060,0.180,-0.105,6.9520,1.2480,-2.4960,297.667880,40.580280,12.696
8832,6694186,K06031.01,,FALSE POSITIVE,FALSE POSITIVE,0.0000,0,1,0,0,5.554227226,4.9900000e-07,-4.9900000e-07,135.1620300,7.460000e-05,-7.460000e-05,0.1740,0.0360,-0.0110,4.77434,0.00376,-0.00376,1.4231e+05,1.150e+02,-1.150e+02,31.71,6.810e+00,-4.550e+00,930.0,,,176.70,113.00,-60.38,1517.70,1,q1_q17_dr25_tce,5433.00,145.00,-145.00,4.465,0.124,-0.171,0.8430,0.1810,-0.1210,292.631130,42.180779,12.376
8833,9021047,K07919.01,,FALSE POSITIVE,FALSE POSITIVE,0.0000,0,1,0,0,31.972800450,9.0390000e-05,-9.0390000e-05,261.7671300,2.240000e-03,-2.240000e-03,0.9350,0.0100,-0.0170,4.90000,0.17100,-0.17100,2.2364e+03,7.570e+01,-7.570e+01,5.88,1.870e+00,-6.200e-01,626.0,,,36.33,33.96,-11.48,44.80,1,q1_q17_dr25_tce,6340.00,176.00,-242.00,4.457,0.067,-0.202,1.0100,0.3200,-0.1070,291.495450,45.378941,15.248
8834,7366036,K06867.01,,FALSE POSITIVE,FALSE POSITIVE,0.0000,1,0,0,1,0.566801506,2.9400000e-06,-2.9400000e-06,131.7969000,3.720000e-03,-3.720000e-03,0.3690,0.1150,-0.3690,1.73800,0.14800,-0.14800,2.9500e+01,2.000e+00,-2.000e+00,0.62,1.300e-01,-8.000e-02,2557.0,,,10156.53,6352.44,-3294.17,19.20,1,q1_q17_dr25_tce,6398.00,158.00,-174.00,4.358,0.092,-0.138,1.1110,0.2380,-0.1460,292.799620,42.990330,11.656
8835,7381695,K06873.01,,FALSE POSITIVE,FALSE POSITIVE,0.0860,0,0,1,0,0.948683571,7.3040000e-06,-7.3040000e-06,131.8890100,7.490000e-03,-7.490000e-03,0.6910,0.2490,-0.4760,1.67600,0.14300,-0.14300,1.5090e+02,1.350e+01,-1.350e+01,1.12,2.400e-01,-1.100e-01,1665.0,,,1815.32,1237.38,-521.75,13.80,1,q1_q17_dr25_tce,5576.00,174.00,-194.00,4.556,0.038,-0.152,0.8520,0.1870,-0.0800,296.935940,42.954231,15.800
8836,7455553,K06879.01,,FALSE POSITIVE,FALSE POSITIVE,0.0000,0,1,0,0,3.258249472,1.2780000e-06,-1.2780000e-06,134.5965600,3.250000e-04,-3.250000e-04,1.2640,4.7870,-0.0820,2.63580,0.01710,-0.01710,1.6435e+03,9.400e+00,-9.400e+00,79.23,1.489e+01,-2.765e+01,2057.0,,,4234.38,2417.45,-2665.76,202.00,1,q1_q17_dr25_tce,6712.00,182.00,-222.00,3.859,0.292,-0.097,2.3610,0.4440,-0.8240,294.839840,43.019718,13.059
8837,7597703,K06891.01,,FALSE POSITIVE,FALSE POSITIVE,0.0000,0,1,0,0,4.608901433,4.0400000e-07,-4.0400000e-07,133.9949845,7.310000e-05,-7.310000e-05,0.3860,0.0030,-0.0010,8.73393,0.00391,-0.00391,3.7855e+05,2.720e+02,-2.720e+02,48.72,1.020e+01,-3.420e+00,1007.0,,,242.90,152.41,-54.77,2624.60,1,q1_q17_dr25_tce,5938.00,161.00,-161.00,4.605,0.036,-0.153,0.7550,0.1580,-0.0530,288.374110,43.294319,15.322
8838,7695445,K06906.01,,CANDIDATE,CANDIDATE,,0,0,0,0,1.743366270,2.7890000e-05,-2.7890000e-05,132.8574000,1.270000e-02,-1.270000e-02,1.8550,0.0034,-0.6454,10.40500,0.77000,-0.77000,4.5100e+02,2.870e+01,-2.870e+01,140.49,8.554e+01,-2.995e+01,2029.0,,,4006.15,7393.99,-1866.64,20.80,1,q1_q17_dr24_tce,6640.00,159.00,-241.00,4.208,0.141,-0.141,1.4780,0.9000,-0.3150,295.907440,43.385979,13.142
8839,12067960,K07510.01,,CANDIDATE,CANDIDATE,0.9720,0,0,0,0,5.606820010,5.7900000e-05,-5.7900000e-05,135.8446600,8.980000e-03,-8.980000e-03,0.1560,0.2850,-0.1560,2.71400,0.27800,-0.27800,1.5070e+02,1.830e+01,-1.830e+01,1.04,2.400e-01,-8.000e-02,942.0,,,186.43,125.04,-46.81,9.90,1,q1_q17_dr25_tce,5699.00,152.00,-169.00,4.553,0.040,-0.160,0.8530,0.1930,-0.0690,294.739620,50.566841,15.289
8840,12164751,K07515.01,,FALSE POSITIVE,FALSE POSITIVE,0.0000,0,1,0,0,2.630090609,6.7800000e-07,-6.7800000e-07,132.2247410,1.720000e-04,-1.720000e-04,0.2850,0.0040,-0.0030,13.68170,0.01310,-0.01310,5.1693e+05,6.130e+02,-6.130e+02,83.50,2.186e+01,-1.786e+01,1551.0,,,1371.02,1056.29,-620.75,1694.60,1,q1_q17_dr25_tce,6315.00,170.00,-189.00,4.292,0.204,-0.167,1.1080,0.2900,-0.2370,294.387420,50.717098,14.187
8841,12306808,K07521.01,,FALSE POSITIVE,FALSE POSITIVE,0.0000,0,1,0,0,37.878483588,9.4330000e-06,-9.4330000e-06,138.1286180,2.040000e-04,-2.040000e-04,0.7630,0.0220,-0.0210,10.59720,0.01070,-0.01070,2.2223e+05,2.090e+02,-2.090e+02,46.42,1.041e+01,-3.490e+00,503.0,,,15.19,9.84,-3.54,1157.60,1,q1_q17_dr25_tce,5985.00,143.00,-161.00,4.603,0.028,-0.161,0.7580,0.1700,-0.0570,291.110570,51.058929,13.265
8842,12365000,K07527.01,,FALSE POSITIVE,FALSE POSITIVE,0.0000,1,0,0,0,1.262742487,1.1260000e-06,-1.1260000e-06,132.1979200,7.710000e-04,-7.710000e-04,1.2130,26.4800,-0.7450,1.74330,0.04230,-0.04230,1.5911e+04,3.230e+02,-3.230e+02,134.45,4.041e+01,-9.429e+01,2548.0,,,9925.41,9348.17,-9146.66,60.80,1,q1_q17_dr25_tce,5273.00,185.00,-167.00,3.621,0.840,-0.210,3.1500,0.9470,-2.2090,295.329070,51.137798,13.573
8843,12418662,K07532.01,,FALSE POSITIVE,FALSE POSITIVE,0.0000,0,1,0,0,2.751566365,2.3530000e-06,-2.3530000e-06,131.5622670,7.110000e-04,-7.110000e-04,1.0410,1.0670,-0.1690,5.24030,0.05390,-0.05390,7.2609e+04,4.930e+02,-4.930e+02,42.98,9.180e+00,-4.950e+00,1171.0,,,445.35,293.11,-132.60,180.00,1,q1_q17_dr25_tce,5461.00,164.00,-147.00,4.497,0.074,-0.137,0.8610,0.1840,-0.0990,296.380130,51.209721,15.311
8844,5022440,K06491.01,,FALSE POSITIVE,FALSE POSITIVE,0.0000,0,1,0,0,3.693951168,1.4210000e-06,-1.4210000e-06,133.6105200,3.160000e-04,-3.160000e-04,0.9170,2.9030,-0.0540,2.25340,0.02090,-0.02090,2.8290e+04,1.920e+02,-1.920e+02,20.88,5.370e+00,-1.920e+00,1148.0,,,411.07,312.17,-114.70,173.20,1,q1_q17_dr25_tce,5968.00,161.00,-197.00,4.534,0.044,-0.187,0.8810,0.2270,-0.0810,294.902560,40.169979,15.286
8845,5181455,K06536.01,,FALSE POSITIVE,FALSE POSITIVE,0.0000,0,1,0,0,5.579631021,4.3800000e-07,-4.3800000e-07,133.5534687,6.430000e-05,-6.430000e-05,1.3230,0.0190,-0.2390,3.38646,0.00530,-0.00530,1.1832e+05,9.200e+01,-9.200e+01,90.32,2.882e+01,-1.025e+01,1108.0,,,356.56,336.95,-117.52,1268.70,1,q1_q17_dr25_tce,6188.00,175.00,-241.00,4.427,0.072,-0.203,1.0220,0.3260,-0.1160,290.140930,40.319141,15.473
8846,4931073,K06473.01,,FALSE POSITIVE,FALSE POSITIVE,0.0000,0,1,0,0,26.951237675,4.5480000e-06,-4.5480000e-06,150.9232110,1.260000e-04,-1.260000e-04,1.0400,0.0120,-0.0140,8.27486,0.00722,-0.00722,8.6749e+04,6.930e+01,-6.930e+01,146.33,2.605e+01,-4.837e+01,1082.0,,,324.38,170.50,-195.66,1451.70,1,q1_q17_dr25_tce,6675.00,160.00,-200.00,3.748,0.285,-0.095,2.7470,0.4890,-0.9080,293.829710,40.031189,11.957
8847,4950341,K06482.01,,FALSE POSITIVE,FALSE POSITIVE,,1,0,0,0,611.092990000,3.0920000e-02,-3.0920000e-02,134.3101000,3.820000e-02,-3.820000e-02,0.2171,0.2377,-0.2170,15.22000,1.30000,-1.30000,2.7000e+02,3.100e+01,-3.100e+01,1.53,5.900e-01,-1.300e-01,215.0,,,0.51,0.56,-0.13,12.20,1,q1_q17_dr24_tce,6032.00,146.00,-177.00,4.508,0.039,-0.039,0.9290,0.3540,-0.0810,298.165470,40.005249,13.604
8848,5025294,K06498.01,,FALSE POSITIVE,FALSE POSITIVE,0.0000,0,1,1,0,5.462689263,6.5430000e-06,-6.5430000e-06,134.2651600,9.710000e-04,-9.710000e-04,1.2980,6.7200,-0.2070,3.26050,0.05230,-0.05230,4.1846e+03,6.130e+01,-6.130e+01,36.25,9.720e+00,-4.160e+00,1024.0,,,260.14,204.83,-77.33,82.60,1,q1_q17_dr25_tce,5929.00,159.00,-159.00,4.479,0.078,-0.182,0.8880,0.2380,-0.1020,295.451050,40.175652,13.266
8849,5078879,K06508.01,,FALSE POSITIVE,FALSE POSITIVE,0.0000,0,1,1,0,1.039370613,2.2300000e-07,-2.2300000e-07,131.6241900,1.760000e-04,-1.760000e-04,0.9760,0.0670,-0.0020,1.07130,0.01310,-0.01310,7.4360e+02,2.700e+00,-2.700e+00,12.60,2.030e+00,-5.100e+00,3320.0,,,28690.60,14463.62,-19586.35,182.90,1,q1_q17_dr25_tce,6429.00,176.00,-176.00,3.615,0.360,-0.090,3.1370,0.5080,-1.2690,284.115140,40.243561,13.028
8850,9665503,K07221.01,,FALSE POSITIVE,FALSE POSITIVE,0.0000,0,1,0,0,11.567974732,8.1400000e-07,-8.1400000e-07,137.3409726,5.270000e-05,-5.270000e-05,0.4580,0.0060,-0.0070,5.96595,0.00287,-0.00287,4.1603e+05,1.530e+02,-1.530e+02,45.65,5.990e+00,-2.750e+00,628.0,,,36.66,16.14,-7.64,2341.50,1,q1_q17_dr25_tce,5290.00,159.00,-143.00,4.669,0.028,-0.083,0.6480,0.0850,-0.0390,297.737640,46.358101,15.217
8851,9762514,K07227.01,,FALSE POSITIVE,FALSE POSITIVE,0.0000,0,0,1,1,7.515097130,6.1570000e-05,-6.1570000e-05,138.0940800,7.590000e-03,-7.590000e-03,0.9340,0.0380,-0.6900,2.62000,0.20000,-0.20000,1.8710e+02,2.190e+01,-2.190e+01,1.23,1.400e-01,-9.000e-02,685.0,,,51.99,21.13,-11.58,10.10,1,q1_q17_dr25_tce,4867.00,146.00,-131.00,4.630,0.027,-0.063,0.6960,0.0820,-0.0480,287.934660,46.580421,15.520
8852,9913481,K07253.01,,FALSE POSITIVE,FALSE POSITIVE,0.0000,0,1,0,0,3.504742650,8.2400000e-07,-8.2400000e-07,133.3195360,1.870000e-04,-1.870000e-04,1.0490,0.0550,-0.0450,8.28520,0.01060,-0.01060,8.8625e+04,1.090e+02,-1.090e+02,200.24,3.312e+01,-1.059e+02,2689.0,,,12355.55,6370.99,-10044.66,977.20,1,q1_q17_dr25_tce,7624.00,212.00,-318.00,3.622,0.476,-0.084,3.6820,0.6090,-1.9480,299.586550,46.765541,10.862
8853,9944421,K07260.01,,FALSE POSITIVE,FALSE POSITIVE,0.0000,0,1,0,0,7.095205430,3.7700000e-07,-3.7700000e-07,135.3715105,4.420000e-05,-4.420000e-05,0.7780,0.0030,-0.0610,3.69044,0.00221,-0.00221,2.3268e+05,4.760e+01,-4.760e+01,50.23,1.058e+01,-3.810e+00,813.0,,,103.28,67.33,-24.28,1959.20,1,q1_q17_dr25_tce,5481.00,166.00,-149.00,4.592,0.034,-0.136,0.7780,0.1640,-0.0590,288.619200,46.802971,15.137
8854,5115688,K06526.01,,CANDIDATE,CANDIDATE,,0,0,0,0,486.778320000,1.9700000e-02,-1.9700000e-02,529.0865000,2.450000e-02,-2.450000e-02,0.1737,0.3112,-0.1736,15.29000,1.30000,-1.30000,3.7080e+02,3.870e+01,-3.870e+01,9.30,5.700e-01,-2.360e+00,409.0,,,6.60,1.45,-3.29,10.40,1,q1_q17_dr24_tce,5039.00,103.00,-131.00,3.295,0.032,-0.032,4.9500,0.3020,-1.2560,295.949250,40.247829,13.892
8855,3962728,K05028.01,,FALSE POSITIVE,FALSE POSITIVE,0.0000,0,1,1,1,25.949325300,5.8510000e-04,-5.8510000e-04,155.0240000,1.470000e-02,-1.470000e-02,0.6550,0.0120,-0.5290,12.17000,1.00000,-1.00000,3.5450e+02,3.480e+01,-3.480e+01,1.04,7.000e-02,-5.000e-02,409.0,,,6.62,1.85,-1.31,13.10,1,q1_q17_dr25_tce,4835.00,145.00,-145.00,4.758,0.021,-0.049,0.5260,0.0350,-0.0250,293.692500,39.022141,15.742
8856,9274431,K05650.01,,FALSE POSITIVE,FALSE POSITIVE,,1,0,0,0,117.844963000,2.0240000e-03,-2.0240000e-03,229.8693000,1.490000e-02,-1.490000e-02,0.4594,0.0091,-0.4591,1.95100,0.35200,-0.35200,1.0430e+03,1.810e+02,-1.810e+02,2.52,5.100e-01,-2.000e-01,308.0,,,2.13,1.44,-0.55,6.60,1,q1_q16_tce,5317.00,195.00,-173.00,4.595,0.029,-0.128,0.7690,0.1570,-0.0610,288.970700,45.732079,15.844
8857,10199984,K05776.01,,CANDIDATE,CANDIDATE,,0,0,0,0,198.600400000,3.4840000e-03,-3.4840000e-03,163.5660000,1.410000e-02,-1.410000e-02,0.6480,0.3126,-0.4289,3.53000,0.40700,-0.40700,3.0080e+02,3.680e+01,-3.680e+01,4.60,2.630e+00,-1.300e+00,458.0,,,10.45,18.21,-5.69,9.80,1,q1_q16_tce,5357.00,141.00,-160.00,3.641,0.256,-0.336,2.5220,1.4440,-0.7140,288.473180,47.247921,13.183
8858,8516349,K05531.01,,FALSE POSITIVE,FALSE POSITIVE,,1,0,0,0,559.283320000,1.2510000e-02,-1.2510000e-02,228.2959000,1.510000e-02,-1.510000e-02,0.3058,0.1483,-0.3057,4.24500,0.69500,-0.69500,1.3600e+03,2.620e+02,-2.620e+02,2.54,1.000e-01,-2.000e-01,150.0,,,0.12,0.03,-0.03,6.70,1,q1_q16_tce,4386.00,140.00,-132.00,4.586,0.042,-0.018,0.7090,0.0300,-0.0540,298.514470,44.500278,15.669
8859,9357578,K05658.01,,FALSE POSITIVE,FALSE POSITIVE,,1,0,0,0,171.697990000,4.1210000e-03,-4.1210000e-03,221.3451700,7.840000e-03,-7.840000e-03,0.2266,0.2233,-0.2265,2.90400,0.34400,-0.34400,8.7800e+02,1.240e+02,-1.240e+02,39.78,1.920e+00,-1.502e+01,878.0,,,140.73,21.42,-94.68,7.70,1,q1_q16_tce,5033.00,60.00,-208.00,2.645,0.031,-0.027,13.6790,0.6600,-5.1650,297.297420,45.881748,13.318
8860,4078157,K01319.02,,FALSE POSITIVE,FALSE POSITIVE,,1,0,0,0,142.685885000,7.1640000e-03,-7.1640000e-03,175.9722000,3.800000e-02,-3.800000e-02,0.1086,0.3769,-0.1085,3.79200,0.78500,-0.78500,1.1950e+03,3.030e+02,-3.030e+02,2.76,1.170e+00,-2.200e-01,319.0,,,2.43,3.22,-0.59,9.30,3,q1_q16_tce,5767.00,197.00,-167.00,4.570,0.034,-0.281,0.7990,0.3390,-0.0630,296.479370,39.127571,15.484
8861,5816144,K06137.01,,CANDIDATE,CANDIDATE,1.0000,0,0,0,0,12.497059900,1.5330000e-04,-1.5330000e-04,140.8987000,1.030000e-02,-1.030000e-02,0.6500,0.3030,-0.4490,3.87700,0.28300,-0.28300,1.8000e+02,1.890e+01,-1.890e+01,1.44,5.000e-01,-1.600e-01,839.0,,,117.30,120.38,-36.67,10.60,1,q1_q17_dr25_tce,6174.00,185.00,-203.00,4.445,0.070,-0.224,1.0210,0.3490,-0.1160,298.194120,41.029331,14.191
8862,10743597,K00989.04,,FALSE POSITIVE,FALSE POSITIVE,,0,0,1,0,4.080293280,1.0590000e-05,-1.0590000e-05,131.7047000,2.010000e-03,-2.010000e-03,0.2428,0.2128,-0.2427,2.83430,0.07020,-0.07020,1.1284e+03,3.490e+01,-3.490e+01,2.92,1.220e+00,-2.300e-01,1044.0,,,280.40,356.79,-66.81,43.10,2,q1_q17_dr24_tce,5619.00,173.00,-156.00,4.536,0.030,-0.291,0.8740,0.3660,-0.0670,296.382290,48.045311,15.488
8863,9008737,K02768.03,,CANDIDATE,CANDIDATE,1.0000,0,0,0,0,11.832710130,5.3470000e-05,-5.3470000e-05,137.5928634,8.310000e-05,-8.310000e-05,0.5480,0.0410,-0.4440,6.15200,0.92200,-0.92200,1.7630e+02,2.800e+01,-2.800e+01,1.17,3.000e-01,-1.000e-01,728.0,,,66.51,51.58,-17.21,12.70,1,q1_q17_dr25_tce,5639.00,169.00,-169.00,4.551,0.031,-0.178,0.8590,0.2200,-0.0730,286.398620,45.343529,15.228
8864,6182093,K06143.01,,FALSE POSITIVE,FALSE POSITIVE,,1,0,0,0,297.113395000,6.4560000e-03,-6.4560000e-03,309.1459000,1.330000e-02,-1.330000e-02,0.0322,0.4265,-0.0321,4.52900,0.75800,-0.75800,2.7540e+02,3.640e+01,-3.640e+01,5.37,9.800e-01,-2.300e+00,509.0,,,15.89,8.39,-11.30,10.10,2,q1_q16_tce,6626.00,146.00,-201.00,3.676,0.351,-0.111,3.2060,0.5880,-1.3740,282.719910,41.519379,9.666
8865,7769815,K06915.01,,FALSE POSITIVE,FALSE POSITIVE,0.0000,0,0,1,0,4.435296750,5.3280000e-05,-5.3280000e-05,134.7488000,1.150000e-02,-1.150000e-02,0.3530,0.1150,-0.3530,2.11700,0.34800,-0.34800,1.8190e+02,2.470e+01,-2.470e+01,1.15,2.900e-01,-1.300e-01,1026.0,,,261.33,207.37,-79.93,9.60,1,q1_q17_dr25_tce,5659.00,186.00,-186.00,4.511,0.069,-0.161,0.8420,0.2150,-0.0920,297.019290,43.478802,15.738
8866,7846730,K06923.01,,FALSE POSITIVE,FALSE POSITIVE,0.0000,0,1,0,0,11.028226740,3.9550000e-05,-3.9550000e-05,136.9673200,2.970000e-03,-2.970000e-03,0.3510,2.7990,-0.3500,8.27500,0.23000,-0.23000,2.7804e+05,7.095e+03,-7.095e+03,75.47,2.215e+01,-1.812e+01,1028.0,,,264.14,236.59,-133.91,4680.20,1,q1_q17_dr25_tce,6271.00,199.00,-243.00,4.199,0.190,-0.190,1.3870,0.4070,-0.3330,298.856020,43.536968,12.956
8867,7955301,K06938.01,,FALSE POSITIVE,FALSE POSITIVE,0.0000,0,1,0,0,15.327634110,2.3670000e-05,-2.3670000e-05,134.9229100,1.290000e-03,-1.290000e-03,1.2040,0.3210,-0.2030,6.06620,0.06540,-0.06540,1.7749e+04,1.820e+02,-1.820e+02,291.01,4.495e+01,-8.348e+01,1472.0,,,1108.58,439.96,-580.32,117.00,1,q1_q17_dr25_tce,4830.00,57.00,-78.00,2.987,0.188,-0.101,6.7840,1.0480,-1.9460,290.186250,43.723850,12.672
8868,7987749,K06948.01,,FALSE POSITIVE,FALSE POSITIVE,0.0000,0,1,0,0,17.030857558,1.1130000e-06,-1.1130000e-06,145.5427270,5.270000e-05,-5.270000e-05,1.0470,0.0250,-0.0270,4.24308,0.00195,-0.00195,7.7832e+04,2.460e+01,-2.460e+01,73.80,2.464e+01,-3.008e+01,836.0,,,115.15,115.38,-79.37,1947.80,1,q1_q17_dr25_tce,5575.00,167.00,-167.00,4.066,0.476,-0.204,1.4230,0.4750,-0.5800,299.821620,43.760342,14.461
8869,8081389,K06958.01,,FALSE POSITIVE,FALSE POSITIVE,0.0000,0,1,0,0,1.489442254,9.2000000e-08,-9.2000000e-08,132.0042975,5.160000e-05,-5.160000e-05,0.4550,0.0060,-0.0060,5.51392,0.00269,-0.00269,4.1790e+05,1.210e+02,-1.210e+02,115.45,3.634e+01,-2.722e+01,2328.0,,,6938.66,6435.44,-3516.54,2309.20,1,q1_q17_dr25_tce,6962.00,192.00,-288.00,4.148,0.162,-0.198,1.6200,0.5100,-0.3820,284.621980,43.971981,13.990
8870,12555616,K07540.01,,CANDIDATE,CANDIDATE,0.3470,0,0,0,0,21.980467000,4.5230000e-04,-4.5230000e-04,150.7280000,1.800000e-02,-1.800000e-02,0.4170,0.0460,-0.4140,4.78000,0.50700,-0.50700,9.6000e+01,1.140e+01,-1.140e+01,0.92,2.400e-01,-1.400e-01,625.0,,,36.07,27.10,-13.07,10.10,1,q1_q17_dr25_tce,5573.00,149.00,-149.00,4.418,0.139,-0.186,0.9360,0.2390,-0.1470,289.824220,51.552029,13.852
8871,10341777,K07610.01,,FALSE POSITIVE,FALSE POSITIVE,0.0000,0,0,1,1,0.933746709,5.0920000e-06,-5.0920000e-06,132.4539000,5.640000e-03,-5.640000e-03,0.0570,0.4010,-0.0570,3.43500,0.16600,-0.16600,1.8600e+01,1.600e+00,-1.600e+00,0.36,8.000e-02,-3.000e-02,1893.0,,,3026.99,2045.31,-740.83,14.30,1,q1_q17_dr25_tce,6302.00,171.00,-190.00,4.535,0.058,-0.173,0.8150,0.1850,-0.0620,292.718170,47.469891,13.087
8872,11296798,K07615.01,,FALSE POSITIVE,FALSE POSITIVE,,1,0,0,0,677.357940000,1.6400000e-02,-1.6400000e-02,234.6340000,2.480000e-02,-2.480000e-02,0.8359,0.0063,-0.5877,9.69800,0.76600,-0.76600,3.2240e+02,3.530e+01,-3.530e+01,7.12,1.640e+00,-2.950e+00,388.0,,,5.35,3.71,-3.77,11.20,2,q1_q17_dr24_tce,6335.00,177.00,-229.00,3.593,0.352,-0.352,3.5230,0.8150,-1.4600,291.769380,49.075165,10.808
8873,5003670,K04524.03,,CANDIDATE,CANDIDATE,0.9890,0,0,0,0,3.339309570,2.4980000e-05,-2.4980000e-05,134.1509800,5.460000e-03,-5.460000e-03,0.9340,0.0290,-0.7050,2.59700,0.16800,-0.16800,9.1300e+01,9.500e+00,-9.500e+00,1.20,1.800e-01,-9.000e-02,1205.0,,,498.37,193.59,-97.60,10.70,3,q1_q17_dr25_tce,5700.00,77.00,-77.00,4.434,0.063,-0.117,1.0060,0.1480,-0.0790,289.548400,40.164200,14.955
8874,7935997,K05447.02,Kepler-1629 b,CONFIRMED,FALSE POSITIVE,0.0000,1,0,0,0,3.875943160,2.6650000e-05,-2.6650000e-05,134.8475800,6.850000e-03,-6.850000e-03,0.0250,0.4430,-0.0250,2.31400,0.25400,-0.25400,5.8600e+01,5.100e+00,-5.100e+00,0.68,9.000e-02,-3.000e-02,1081.0,,,323.21,117.17,-40.89,14.20,1,q1_q17_dr25_tce,5713.00,68.00,-85.00,4.541,0.013,-0.117,0.8930,0.1250,-0.0330,280.206600,43.774288,12.750
8875,4737267,K06117.01,,FALSE POSITIVE,FALSE POSITIVE,0.0000,0,1,0,0,9.524076544,1.4510000e-06,-1.4510000e-06,134.8038050,1.250000e-04,-1.250000e-04,0.3130,0.0050,-0.0020,10.48910,0.00858,-0.00858,1.9840e+05,1.290e+02,-1.290e+02,151.00,2.872e+01,-2.584e+01,1390.0,,,882.28,428.35,-309.18,1942.50,1,q1_q17_dr25_tce,5180.00,62.00,-72.00,3.428,0.130,-0.130,3.3710,0.6410,-0.5770,288.915310,39.804981,15.145
8876,5343976,K06565.01,,FALSE POSITIVE,FALSE POSITIVE,0.0000,0,1,0,0,4.331392455,3.7100000e-07,-3.7100000e-07,134.7274476,6.880000e-05,-6.880000e-05,0.3060,0.0210,-0.0080,3.72780,0.00320,-0.00320,2.0040e+05,2.050e+02,-2.050e+02,38.82,9.050e+00,-5.590e+00,1051.0,,,288.51,210.75,-103.59,1234.30,1,q1_q17_dr25_tce,5655.00,186.00,-186.00,4.472,0.108,-0.162,0.8540,0.1990,-0.1230,285.085690,40.527630,12.612
8877,5385469,K06571.01,,FALSE POSITIVE,FALSE POSITIVE,0.0000,1,0,0,1,12.422524000,1.2350000e-03,-1.2350000e-03,141.8750000,7.970000e-02,-7.970000e-02,0.5660,0.4180,-0.3590,13.55000,1.60000,-1.60000,3.3900e+01,6.000e+00,-6.000e+00,0.86,3.100e-01,-1.100e-01,1107.0,,,354.37,392.42,-129.89,6.70,1,q1_q17_dr25_tce,7225.00,228.00,-314.00,4.281,0.072,-0.217,1.4140,0.5150,-0.1840,297.594850,40.512299,13.087
8878,5700330,K06616.01,,FALSE POSITIVE,FALSE POSITIVE,0.0000,0,1,0,0,53.220416998,5.7520000e-06,-5.7520000e-06,138.5798799,8.960000e-05,-8.960000e-05,0.2480,0.0050,-0.0010,17.73440,0.00653,-0.00653,7.2895e+04,1.930e+01,-1.930e+01,55.22,7.840e+00,-1.570e+01,655.0,,,43.63,16.73,-22.46,4563.50,1,q1_q17_dr25_tce,5653.00,84.00,-76.00,3.905,0.217,-0.093,2.0570,0.2920,-0.5850,290.153350,40.901630,13.613
8879,6048106,K06655.01,,FALSE POSITIVE,FALSE POSITIVE,0.0000,0,1,0,0,1.559360638,4.1350000e-06,-4.1350000e-06,132.5395500,3.300000e-03,-3.300000e-03,0.6470,0.0310,-0.0290,5.44580,0.01840,-0.01840,2.8007e+05,7.560e+02,-7.560e+02,94.20,2.710e+01,-1.975e+01,2234.0,,,5905.62,5151.19,-2831.72,419.90,1,q1_q17_dr25_tce,7002.00,216.00,-312.00,4.193,0.153,-0.187,1.4880,0.4280,-0.3120,293.558440,41.395351,14.091
8880,5091614,K06515.01,,FALSE POSITIVE,FALSE POSITIVE,0.0000,0,1,0,0,21.142458554,7.9100000e-07,-7.9100000e-07,138.3916328,3.170000e-05,-3.170000e-05,0.9710,0.1710,-0.0030,5.17846,0.00221,-0.00221,7.3961e+04,1.500e+01,-1.500e+01,41.68,1.341e+01,-4.450e+00,672.0,,,48.12,45.69,-14.31,3830.90,1,q1_q17_dr25_tce,6079.00,169.00,-190.00,4.495,0.054,-0.229,0.9450,0.3040,-0.1010,289.482970,40.292751,14.083
8881,5174492,K06534.01,,FALSE POSITIVE,FALSE POSITIVE,0.0000,1,0,0,0,0.720589427,,,131.9829699,,,0.6400,,,4.32900,,,7.0000e+01,,,1.95,5.600e-01,-4.500e-01,3927.0,,,56448.93,47593.61,-29155.29,1.70,2,q1_q17_dr25_tce,8497.00,237.00,-407.00,4.070,0.140,-0.171,2.2110,0.6300,-0.5150,287.888820,40.386768,12.051
8882,5263167,K06546.01,,CANDIDATE,CANDIDATE,0.7830,0,0,0,0,3.394019630,2.9490000e-05,-2.9490000e-05,134.3716400,7.070000e-03,-7.070000e-03,0.1660,0.2910,-0.1660,2.98400,0.23000,-0.23000,9.8400e+01,1.180e+01,-1.180e+01,1.03,3.200e-01,-1.200e-01,1306.0,,,689.16,643.11,-222.12,10.00,1,q1_q17_dr25_tce,6181.00,168.00,-224.00,4.431,0.070,-0.210,1.0290,0.3270,-0.1170,288.030580,40.418301,15.420
8883,5295206,K06557.01,,CANDIDATE,CANDIDATE,0.9890,0,0,0,0,6.634480230,9.8140000e-05,-9.8140000e-05,137.0694000,1.020000e-02,-1.020000e-02,0.1160,0.3390,-0.1160,3.60300,0.28400,-0.28400,7.1200e+01,8.000e+00,-8.000e+00,1.04,3.300e-01,-1.600e-01,1177.0,,,453.27,406.47,-171.57,10.30,1,q1_q17_dr25_tce,6463.00,155.00,-214.00,4.313,0.105,-0.195,1.2250,0.3840,-0.1920,296.927730,40.429661,13.805
8884,5460835,K06580.01,,FALSE POSITIVE,FALSE POSITIVE,0.0000,0,1,0,0,21.539269242,1.1840000e-06,-1.1840000e-06,144.1542761,4.440000e-05,-4.440000e-05,0.9080,0.0140,-0.0160,5.32432,0.00192,-0.00192,1.4375e+05,3.700e+01,-3.700e+01,53.00,1.619e+01,-5.400e+00,674.0,,,48.89,43.76,-14.39,2642.20,1,q1_q17_dr25_tce,6136.00,165.00,-202.00,4.487,0.054,-0.202,0.9330,0.2850,-0.0950,295.296910,40.661560,14.293
8885,10053138,K07279.01,,CANDIDATE,CANDIDATE,0.7690,0,0,0,0,11.772814600,1.6360000e-04,-1.6360000e-04,138.7858600,9.670000e-03,-9.670000e-03,0.4070,0.0670,-0.4070,4.13200,0.33700,-0.33700,7.7100e+01,9.200e+00,-9.200e+00,0.93,1.700e-01,-1.500e-01,788.0,,,90.86,43.60,-30.65,9.90,1,q1_q17_dr25_tce,5410.00,81.00,-72.00,4.333,0.154,-0.126,1.0560,0.1910,-0.1730,280.719480,47.072220,13.717
8886,10093664,K07285.01,,FALSE POSITIVE,FALSE POSITIVE,0.0000,1,0,0,0,1.206939630,9.4770000e-06,-9.4770000e-06,132.6395300,6.300000e-03,-6.300000e-03,0.7010,0.0300,-0.5230,6.88100,0.20800,-0.20800,2.0000e+01,1.100e+00,-1.100e+00,0.97,2.600e-01,-2.200e-01,2847.0,,,15568.09,12398.10,-7974.37,24.30,1,q1_q17_dr25_tce,7331.00,228.00,-330.00,4.041,0.170,-0.170,2.0410,0.5320,-0.4780,298.200290,47.062920,12.317
8887,10189523,K07293.01,,FALSE POSITIVE,FALSE POSITIVE,0.0000,1,0,0,0,1.013922622,7.0300000e-07,-7.0300000e-07,132.4141570,5.450000e-04,-5.450000e-04,1.1780,6.7270,-0.0970,1.63930,0.03300,-0.03300,3.4957e+04,5.070e+02,-5.070e+02,31.98,3.070e+00,-2.820e+00,1392.0,,,883.90,325.05,-233.04,79.80,1,q1_q17_dr25_tce,5110.00,169.00,-153.00,4.618,0.066,-0.044,0.6470,0.0620,-0.0570,283.011960,47.238602,15.856
8888,10290447,K07306.01,,FALSE POSITIVE,FALSE POSITIVE,,1,0,0,0,0.691561191,5.0430000e-06,-5.0430000e-06,131.6477000,8.170000e-03,-8.170000e-03,1.0183,0.0048,-0.6841,5.23000,0.68600,-0.68600,1.9010e+03,1.470e+02,-1.470e+02,5.91,6.200e-01,-4.300e-01,1460.0,,,1074.31,472.57,-271.30,3.40,1,q1_q17_dr24_tce,4892.00,204.00,-171.00,4.669,0.052,-0.052,0.5860,0.0620,-0.0420,297.592320,47.345360,14.353
8889,6531485,K06726.01,,FALSE POSITIVE,FALSE POSITIVE,0.0000,0,1,0,0,0.676990194,3.7000000e-08,-3.7000000e-08,131.8017098,4.640000e-05,-4.640000e-05,1.2230,0.0430,-0.0440,1.69459,0.00303,-0.00303,2.0506e+04,8.700e+00,-8.700e+00,37.50,9.790e+00,-3.260e+00,1919.0,,,3192.15,2455.01,-835.89,997.00,1,q1_q17_dr25_tce,5813.00,157.00,-174.00,4.568,0.044,-0.176,0.8160,0.2130,-0.0710,294.587890,41.914261,15.553
8890,7499571,K06883.01,,FALSE POSITIVE,FALSE POSITIVE,,1,0,0,0,533.659300000,2.6510000e-02,-2.6510000e-02,375.2280000,3.380000e-02,-3.380000e-02,0.1083,0.3601,-0.1082,12.81000,1.90000,-1.90000,5.3350e+02,8.180e+01,-8.180e+01,1.92,7.400e-01,-1.500e-01,205.0,,,0.42,0.48,-0.10,7.80,1,q1_q17_dr24_tce,5695.00,152.00,-148.00,4.556,0.030,-0.030,0.8390,0.3220,-0.0660,280.462590,43.142052,14.931
8891,7674050,K05412.01,,FALSE POSITIVE,FALSE POSITIVE,0.0000,0,1,0,0,472.226570600,1.2300000e-04,-1.2300000e-04,363.7136050,1.540000e-04,-1.540000e-04,0.8760,0.0390,-0.0430,4.87320,0.01040,-0.01040,1.5614e+05,3.040e+02,-3.040e+02,48.18,1.367e+01,-4.300e+00,217.0,,,0.52,0.43,-0.14,584.60,1,q1_q17_dr25_tce,5763.00,155.00,-172.00,4.557,0.035,-0.184,0.8420,0.2390,-0.0750,288.743590,43.351089,15.911
8892,8547213,K05536.01,,FALSE POSITIVE,FALSE POSITIVE,,1,0,0,0,392.728110000,3.0370000e-02,-3.0370000e-02,371.4110000,4.610000e-02,-4.610000e-02,0.4505,0.0740,-0.4188,12.48000,1.40000,-1.40000,4.9970e+02,5.480e+01,-5.480e+01,1.85,8.400e-01,-1.500e-01,226.0,,,0.62,0.85,-0.15,12.00,1,q1_q16_tce,5701.00,165.00,-142.00,4.558,0.035,-0.295,0.8150,0.3680,-0.0660,286.112340,44.657581,15.033
8893,9391817,K05663.01,,CANDIDATE,CANDIDATE,0.9650,0,0,0,0,140.884533000,2.6150000e-03,-2.6150000e-03,243.1411000,1.910000e-02,-1.910000e-02,0.0130,0.4350,-0.0130,10.24500,0.47500,-0.47500,1.5800e+02,1.100e+01,-1.100e+01,1.52,2.600e-01,-2.000e-01,392.0,,,5.60,2.54,-1.61,16.40,1,q1_q17_dr25_tce,5960.00,77.00,-83.00,4.306,0.103,-0.126,1.2130,0.2130,-0.1600,285.606750,45.990318,13.060
8894,7750342,K05420.01,,FALSE POSITIVE,FALSE POSITIVE,,1,0,0,0,66.247851000,1.5680000e-03,-1.5680000e-03,162.2694000,1.780000e-02,-1.780000e-02,0.2847,0.1735,-0.2846,4.04000,0.54700,-0.54700,6.6600e+02,8.730e+01,-8.730e+01,16.67,5.360e+00,-7.610e+00,925.0,,,172.74,157.52,-128.86,8.30,1,q1_q16_tce,5214.00,120.00,-193.00,3.109,0.333,-0.300,6.5190,2.0940,-2.9760,290.857730,43.484550,13.234
8895,9456887,K05677.01,,CANDIDATE,CANDIDATE,0.8840,0,0,0,0,20.514264200,2.6400000e-04,-2.6400000e-04,148.7293000,1.100000e-02,-1.100000e-02,0.2560,0.2050,-0.2560,3.52400,0.30600,-0.30600,1.5320e+02,2.000e+01,-2.000e+01,1.14,1.200e-01,-1.200e-01,598.0,,,30.28,9.16,-7.73,9.00,1,q1_q17_dr25_tce,5221.00,78.00,-86.00,4.422,0.099,-0.081,0.9360,0.1010,-0.1010,288.136840,46.038380,14.900
8896,7830321,K06044.01,,FALSE POSITIVE,FALSE POSITIVE,0.0000,0,1,0,0,2.027383251,8.4700000e-07,-8.4700000e-07,131.6861170,3.410000e-04,-3.410000e-04,1.2480,6.0550,-0.0530,1.55280,0.01850,-0.01850,3.8562e+03,3.260e+01,-3.260e+01,31.12,8.280e+00,-4.840e+00,1352.0,,,791.38,653.61,-291.52,126.10,1,q1_q17_dr25_tce,5544.00,183.00,-166.00,4.435,0.158,-0.228,0.8750,0.2330,-0.1360,294.454440,43.500511,15.476
8897,6362386,K06146.01,,FALSE POSITIVE,FALSE POSITIVE,0.0000,0,1,0,0,4.592401261,1.1200000e-07,-1.1200000e-07,133.1397910,1.980000e-05,-1.980000e-05,0.2720,0.0020,-0.0020,4.96038,0.00157,-0.00157,8.7426e+04,1.830e+01,-1.830e+01,52.18,1.652e+01,-1.102e+01,1678.0,,,1872.74,1805.19,-897.69,5784.80,1,q1_q17_dr25_tce,7201.00,228.00,-314.00,4.138,0.132,-0.198,1.7240,0.5460,-0.3640,291.264160,41.748840,12.930
8898,11516930,K06240.01,,FALSE POSITIVE,FALSE POSITIVE,0.0000,0,1,1,0,4.768540307,,,133.8648842,,,0.8060,,,0.99380,,,3.4760e+02,,,1.84,4.900e-01,-2.800e-01,1010.0,,,246.11,196.87,-90.25,4.00,1,q1_q17_dr25_tce,5491.00,164.00,-164.00,4.432,0.130,-0.222,0.8870,0.2350,-0.1370,296.206210,49.472050,14.189
8899,11856178,K06246.01,,CANDIDATE,CANDIDATE,1.0000,0,0,0,0,9.133150620,3.1830000e-05,-3.1830000e-05,139.9861000,2.800000e-03,-2.800000e-03,0.2750,0.1760,-0.2750,2.15570,0.08350,-0.08350,2.3120e+02,1.170e+01,-1.170e+01,1.48,4.900e-01,-1.600e-01,900.0,,,155.42,149.48,-45.03,23.00,1,q1_q17_dr25_tce,6122.00,151.00,-182.00,4.487,0.054,-0.216,0.9640,0.3220,-0.1010,287.165040,50.113232,11.767
8900,7622059,K06161.01,,FALSE POSITIVE,FALSE POSITIVE,0.0000,1,0,0,0,10.403239900,2.6400000e-05,-2.6400000e-05,138.1844300,2.140000e-03,-2.140000e-03,1.2960,0.1680,-0.1880,23.85000,0.12200,-0.12200,1.0562e+03,4.800e+00,-4.800e+00,51.47,1.114e+01,-1.226e+01,1104.0,,,350.59,220.19,-170.58,272.80,1,q1_q17_dr25_tce,6428.00,155.00,-194.00,4.144,0.204,-0.119,1.4360,0.3110,-0.3420,295.919980,43.281750,13.272
8901,8094221,K06962.01,,FALSE POSITIVE,FALSE POSITIVE,0.0000,1,0,0,0,10.863253100,4.8520000e-04,-4.8520000e-04,141.6569000,3.560000e-02,-3.560000e-02,1.1870,0.6550,-0.1650,37.68000,1.90000,-1.90000,1.8820e+02,9.000e+00,-9.000e+00,19.93,6.280e+00,-2.090e+00,802.0,,,98.04,90.56,-29.35,25.40,1,q1_q17_dr25_tce,5896.00,159.00,-194.00,4.516,0.052,-0.208,0.9140,0.2880,-0.0960,290.585510,43.972160,15.429
8902,8098960,K06966.01,,CANDIDATE,CANDIDATE,0.9800,0,0,0,0,8.474846770,7.1980000e-05,-7.1980000e-05,138.4773300,7.520000e-03,-7.520000e-03,0.8720,0.0320,-0.5980,2.06700,0.20900,-0.20900,2.1780e+02,2.630e+01,-2.630e+01,1.35,2.800e-01,-1.100e-01,780.0,,,87.55,53.87,-21.34,9.70,1,q1_q17_dr25_tce,5564.00,150.00,-150.00,4.587,0.032,-0.128,0.7850,0.1610,-0.0640,292.303380,43.983810,15.381
8903,8123937,K06973.01,,FALSE POSITIVE,FALSE POSITIVE,,1,0,1,0,0.503201954,1.5870000e-06,-1.5870000e-06,131.7843600,2.420000e-03,-2.420000e-03,0.3279,0.5432,-0.1843,0.16700,0.46000,-0.46000,4.3000e+01,9.000e+00,-9.000e+00,2.99,7.900e-01,-1.370e+00,3550.0,,,37526.28,30096.85,-28001.38,8.00,1,q1_q17_dr24_tce,6157.00,190.00,-226.00,3.827,0.403,-0.403,2.3060,0.6070,-1.0540,299.482060,43.916603,11.626
8904,8158324,K06981.01,,FALSE POSITIVE,FALSE POSITIVE,,1,0,0,0,593.195210000,4.5970000e-02,-4.5970000e-02,333.7320000,1.010000e-01,-1.010000e-01,0.6192,0.0779,-0.4432,25.65000,5.50000,-5.50000,2.2730e+02,5.630e+01,-5.630e+01,1.63,5.800e-01,-2.200e-01,234.0,,,0.71,0.75,-0.23,7.10,1,q1_q17_dr24_tce,6103.00,163.00,-186.00,4.391,0.096,-0.096,1.0300,0.3710,-0.1350,289.187870,44.006969,14.733
8905,8231877,K06996.01,,FALSE POSITIVE,FALSE POSITIVE,0.0000,0,1,0,0,1.307761491,1.6700000e-07,-1.6700000e-07,131.7777690,1.060000e-04,-1.060000e-04,1.2370,0.1110,-0.0610,2.22271,0.00418,-0.00418,1.3941e+04,1.820e+01,-1.820e+01,29.17,2.910e+00,-2.600e+00,1298.0,,,671.75,242.79,-178.62,531.50,1,q1_q17_dr25_tce,5112.00,154.00,-154.00,4.596,0.072,-0.048,0.6730,0.0670,-0.0600,291.266970,44.197269,14.932
8906,4483235,K07550.01,,FALSE POSITIVE,FALSE POSITIVE,0.0000,1,0,0,0,1.760927600,1.5970000e-05,-1.5970000e-05,132.3026300,9.010000e-03,-9.010000e-03,0.2900,0.1940,-0.2900,5.18900,0.21100,-0.21100,5.7300e+01,2.600e+00,-2.600e+00,1.53,5.300e-01,-2.700e-01,2860.0,,,15818.72,16464.82,-6996.05,26.10,1,q1_q17_dr25_tce,8784.00,246.00,-422.00,4.156,0.098,-0.182,1.9670,0.6920,-0.3460,296.233890,39.560089,13.505
8907,6590362,K07570.01,,FALSE POSITIVE,FALSE POSITIVE,0.0000,1,0,1,0,0.592618966,1.6420000e-06,-1.6420000e-06,132.0989200,2.380000e-03,-2.380000e-03,0.0830,0.3720,-0.0830,0.81100,0.11200,-0.11200,9.1400e+01,9.100e+00,-9.100e+00,0.86,2.600e-01,-9.000e-02,2103.0,,,4626.58,4221.60,-1286.95,14.90,1,q1_q17_dr25_tce,5926.00,160.00,-178.00,4.532,0.039,-0.221,0.8870,0.2760,-0.0860,286.451260,42.012489,14.973
8908,7031208,K07574.01,,FALSE POSITIVE,FALSE POSITIVE,0.0000,1,0,0,1,0.566796331,6.3390000e-06,-6.3390000e-06,131.8335000,1.060000e-02,-1.060000e-02,0.9810,0.0130,-0.5640,5.19400,0.44600,-0.44600,1.1480e+02,1.360e+01,-1.360e+01,1.50,4.900e-01,-1.600e-01,2411.0,,,7979.99,7851.11,-2551.64,33.30,1,q1_q17_dr25_tce,6319.00,197.00,-241.00,4.447,0.054,-0.216,1.0320,0.3350,-0.1120,291.011600,42.553822,15.322
8909,7115384,K07578.01,,FALSE POSITIVE,FALSE POSITIVE,,1,0,0,1,0.566793614,1.9980000e-06,-1.9980000e-06,131.6537600,3.470000e-03,-3.470000e-03,0.9476,0.0072,-0.0119,5.72300,0.21900,-0.21900,3.1400e+01,7.000e-01,-7.000e-01,21.63,1.280e+01,-3.370e+00,7584.0,,,781981.98,1474755.93,-280320.15,79.80,1,q1_q17_dr24_tce,3789.00,125.00,-99.00,1.549,0.160,-0.160,27.3840,16.2120,-4.2580,291.032260,42.650471,10.628
8910,8106973,K07588.01,,FALSE POSITIVE,FALSE POSITIVE,,0,1,0,0,439.107696900,5.4480000e-04,-5.4480000e-04,222.7449000,1.090000e-03,-1.090000e-03,0.7777,0.0059,-0.0086,26.22590,0.06130,-0.06130,6.9792e+04,1.690e+02,-1.690e+02,24.70,1.093e+01,-2.010e+00,221.0,,,0.57,0.77,-0.15,884.90,1,q1_q17_dr24_tce,5810.00,186.00,-176.00,4.567,0.034,-0.034,0.8110,0.3590,-0.0660,295.019070,43.959839,15.862
8911,6698670,K06760.01,,FALSE POSITIVE,FALSE POSITIVE,0.0000,0,1,0,0,10.815890540,3.3200000e-07,-3.3200000e-07,139.7935811,2.550000e-05,-2.550000e-05,0.2190,0.0680,-0.0480,4.73495,0.00302,-0.00302,4.5400e+04,1.310e+01,-1.310e+01,32.48,6.870e+00,-8.400e+00,1086.0,,,328.64,208.24,-166.81,4313.40,1,q1_q17_dr25_tce,6269.00,170.00,-170.00,4.109,0.228,-0.123,1.5080,0.3190,-0.3900,293.838260,42.122211,12.960
8912,7116043,K06826.01,,FALSE POSITIVE,FALSE POSITIVE,0.0000,0,0,1,1,0.566799725,8.9410000e-06,-8.9410000e-06,131.8211000,1.610000e-02,-1.610000e-02,0.3300,0.1480,-0.3300,4.09700,0.63700,-0.63700,4.6700e+01,7.100e+00,-7.100e+00,0.77,2.200e-01,-1.700e-01,2289.0,,,6460.25,5534.47,-3082.69,12.50,1,q1_q17_dr25_tce,5576.00,183.00,-183.00,4.297,0.195,-0.195,1.1320,0.3140,-0.2570,291.247070,42.626389,14.530
8913,7125636,K06832.01,,FALSE POSITIVE,FALSE POSITIVE,0.0000,0,1,0,0,6.490662140,3.8200000e-07,-3.8200000e-07,132.0676273,4.850000e-05,-4.850000e-05,0.7980,0.0200,-0.0330,3.47128,0.00174,-0.00174,1.9509e+05,4.520e+01,-4.520e+01,33.46,2.670e+00,-2.680e+00,621.0,,,35.28,10.97,-8.80,1680.00,1,q1_q17_dr25_tce,4448.00,132.00,-132.00,4.684,0.052,-0.032,0.5630,0.0450,-0.0450,294.107910,42.617321,15.507
8914,5475712,K06588.01,,FALSE POSITIVE,FALSE POSITIVE,0.0000,0,1,0,0,2.991884392,5.1000000e-07,-5.1000000e-07,134.1758920,1.400000e-04,-1.400000e-04,0.4960,0.0030,-0.0030,7.55830,0.01040,-0.01040,1.2388e+05,1.260e+02,-1.260e+02,40.11,1.188e+01,-5.090e+00,1486.0,,,1154.88,984.37,-382.63,1280.30,1,q1_q17_dr25_tce,6596.00,163.00,-212.00,4.400,0.067,-0.202,1.0940,0.3240,-0.1390,298.573820,40.676601,13.280
8915,5529560,K06593.01,,FALSE POSITIVE,FALSE POSITIVE,0.0000,0,0,1,1,0.759755409,7.7980000e-06,-7.7980000e-06,131.7960200,9.370000e-03,-9.370000e-03,0.4550,0.0640,-0.4550,2.73400,0.25500,-0.25500,7.0000e+01,5.700e+00,-5.700e+00,0.91,3.300e-01,-1.000e-01,2121.0,,,4773.08,5106.22,-1583.78,15.90,1,q1_q17_dr25_tce,6090.00,190.00,-253.00,4.447,0.044,-0.232,1.0710,0.3780,-0.1180,290.490570,40.722191,15.259
8916,5621299,K06607.01,,FALSE POSITIVE,FALSE POSITIVE,0.0000,0,0,1,1,0.938915320,1.1560000e-05,-1.1560000e-05,131.8342400,9.370000e-03,-9.370000e-03,0.0690,0.3950,-0.0690,2.13400,0.37000,-0.37000,3.9100e+01,5.800e+00,-5.800e+00,1.13,2.000e-01,-2.400e-01,2667.0,,,11944.88,5291.33,-4896.68,8.20,1,q1_q17_dr25_tce,6534.00,78.00,-85.00,4.074,0.168,-0.112,1.7970,0.3110,-0.3800,292.220490,40.885670,13.910
8917,5725851,K06620.01,,FALSE POSITIVE,FALSE POSITIVE,0.0000,1,0,0,1,1.140133012,4.7910000e-06,-4.7910000e-06,132.3407700,3.390000e-03,-3.390000e-03,1.1810,0.0370,-0.1610,9.25100,0.40400,-0.40400,2.2320e+02,4.800e+00,-4.800e+00,126.77,3.255e+01,-6.511e+01,4370.0,,,86385.22,65994.82,-68659.66,63.40,1,q1_q17_dr25_tce,6715.00,188.00,-235.00,3.211,0.488,-0.122,5.9700,1.5330,-3.0660,297.131160,40.921341,13.411
8918,5802285,K06627.01,,FALSE POSITIVE,FALSE POSITIVE,0.0000,0,1,1,0,1.208524388,3.8100000e-07,-3.8100000e-07,131.9851950,2.380000e-04,-2.380000e-04,1.2590,2.6440,-0.1670,1.84780,0.01490,-0.01490,4.7596e+03,2.750e+01,-2.750e+01,26.71,2.700e+00,-2.210e+00,1286.0,,,647.48,227.48,-166.04,181.30,1,q1_q17_dr25_tce,4963.00,136.00,-151.00,4.630,0.030,-0.060,0.7010,0.0710,-0.0580,295.108430,41.074059,15.349
8919,4157488,K06390.01,,FALSE POSITIVE,FALSE POSITIVE,0.0000,0,1,0,0,5.197420145,2.4400000e-07,-2.4400000e-07,132.5674705,3.930000e-05,-3.930000e-05,1.0250,0.0130,-0.0140,6.78534,0.00171,-0.00171,9.1307e+04,1.990e+01,-1.990e+01,81.49,2.054e+01,-3.082e+01,1416.0,,,949.86,735.81,-626.86,4262.10,1,q1_q17_dr25_tce,6248.00,197.00,-197.00,4.050,0.405,-0.162,1.5280,0.3850,-0.5780,291.603180,39.228329,13.961
8920,5111801,K06521.01,,FALSE POSITIVE,FALSE POSITIVE,0.0000,1,0,0,0,0.562006231,7.2040000e-06,-7.2040000e-06,132.0289000,1.250000e-02,-1.250000e-02,0.6780,0.0200,-0.5300,3.49600,0.44200,-0.44200,1.4200e+01,1.600e+00,-1.600e+00,0.58,1.600e-01,-1.400e-01,2978.0,,,18708.86,15237.89,-9507.76,12.80,1,q1_q17_dr25_tce,6609.00,188.00,-235.00,4.170,0.209,-0.171,1.4550,0.3980,-0.3580,295.173680,40.290157,9.807
8921,6523216,K06725.01,,FALSE POSITIVE,FALSE POSITIVE,0.0000,0,1,0,0,14.313157391,7.8000000e-07,-7.8000000e-07,138.2205171,4.470000e-05,-4.470000e-05,0.0040,0.0080,-0.0040,8.90236,0.00138,-0.00138,2.1567e+04,5.800e+00,-5.800e+00,34.98,8.040e+00,-8.050e+00,1144.0,,,404.48,240.82,-178.65,4262.90,1,q1_q17_dr25_tce,5750.00,77.00,-86.00,3.703,0.162,-0.108,2.3790,0.5470,-0.5470,292.083830,41.915031,13.254
8922,7870250,K06926.01,,FALSE POSITIVE,FALSE POSITIVE,0.0000,1,0,1,1,0.580724809,3.8290000e-06,-3.8290000e-06,131.7295600,6.630000e-03,-6.630000e-03,0.2920,0.1930,-0.2920,1.82000,0.21200,-0.21200,6.4200e+01,4.400e+00,-4.400e+00,0.75,2.400e-01,-8.000e-02,2191.0,,,5418.89,4985.38,-1574.68,16.90,1,q1_q17_dr25_tce,5989.00,161.00,-179.00,4.492,0.054,-0.202,0.9330,0.2930,-0.0980,282.157440,43.689152,14.569
8923,9780149,K05713.01,,FALSE POSITIVE,FALSE POSITIVE,0.1330,1,0,0,0,2.530210000,4.0230000e-03,-4.0230000e-03,132.0918000,2.500000e-02,-2.500000e-02,1.2750,0.0370,-0.2740,21.79000,5.60000,-5.60000,3.6790e+02,3.490e+01,-3.490e+01,41.44,1.192e+01,-1.193e+01,1543.0,,,1338.82,1157.88,-744.73,24.20,1,q1_q17_dr25_tce,5780.00,172.00,-190.00,4.178,0.306,-0.165,1.2960,0.3730,-0.3730,295.602600,46.517567,12.294
8924,8417078,K04693.01,Kepler-1619 b,CONFIRMED,CANDIDATE,0.9910,0,0,0,0,23.622357100,5.3630000e-04,-5.3630000e-04,146.9643000,1.950000e-02,-1.950000e-02,0.3690,0.0980,-0.3690,6.85200,0.54200,-0.54200,5.7000e+01,5.800e+00,-5.800e+00,1.07,2.200e-01,-2.700e-01,797.0,,,95.35,59.89,-48.03,11.40,1,q1_q17_dr25_tce,6144.00,170.00,-170.00,4.149,0.216,-0.126,1.3930,0.2900,-0.3550,285.703460,44.422001,13.341
8925,12735830,K03311.01,Kepler-1465 b,CONFIRMED,CANDIDATE,1.0000,0,0,0,0,31.827649000,1.3550000e-04,-1.3550000e-04,134.5999500,3.530000e-03,-3.530000e-03,0.7850,0.1510,-0.5380,1.63900,0.11500,-0.11500,5.2000e+02,3.900e+01,-3.900e+01,4.98,7.900e-01,-3.150e+00,668.0,,,47.21,19.19,-41.46,16.40,1,q1_q17_dr25_tce,4774.00,57.00,-114.00,3.838,0.765,-0.128,1.9540,0.3090,-1.2380,289.819340,51.904850,14.410
8926,3858767,K06370.01,,FALSE POSITIVE,FALSE POSITIVE,,0,0,0,1,3.495503350,9.2090000e-05,-9.2090000e-05,132.0754000,2.770000e-02,-2.770000e-02,0.0843,0.3691,-0.0842,3.79900,0.45100,-0.45100,6.0900e+01,8.200e+00,-8.200e+00,0.66,2.600e-01,-5.000e-02,1081.0,,,322.80,382.84,-73.27,9.60,1,q1_q17_dr24_tce,5582.00,152.00,-139.00,4.551,0.028,-0.028,0.8500,0.3410,-0.0640,293.661770,38.964748,14.248
8927,10924400,K07388.01,,FALSE POSITIVE,FALSE POSITIVE,0.0000,0,1,1,1,0.750737313,4.8070000e-06,-4.8070000e-06,131.8214300,6.060000e-03,-6.060000e-03,0.4630,0.0160,-0.4470,1.71200,0.17100,-0.17100,3.8800e+01,3.900e+00,-3.900e+00,0.48,4.000e-02,-2.000e-02,1603.0,,,1558.69,387.19,-198.44,13.40,1,q1_q17_dr25_tce,5151.00,72.00,-92.00,4.602,0.010,-0.070,0.7610,0.0660,-0.0240,293.825870,48.344360,12.306
8928,7103300,K06819.01,,CANDIDATE,CANDIDATE,,0,0,0,0,3.226232203,9.0050000e-06,-9.0050000e-06,134.4192400,2.310000e-03,-2.310000e-03,0.1450,0.4350,-0.1448,0.40220,0.09820,-0.09820,3.6300e+01,3.800e+00,-3.800e+00,1.01,5.400e-01,-2.200e-01,1620.0,,,1627.10,2541.56,-756.19,9.90,1,q1_q17_dr24_tce,6534.00,147.00,-195.00,4.203,0.163,-0.163,1.4370,0.7630,-0.3200,286.845340,42.676960,11.429
8929,11672354,K07471.01,,CANDIDATE,CANDIDATE,0.9530,0,0,0,0,5.296555910,8.5200000e-05,-8.5200000e-05,131.8704000,1.410000e-02,-1.410000e-02,0.3700,0.0800,-0.3700,3.93000,0.31500,-0.31500,1.3540e+02,1.720e+01,-1.720e+01,1.30,4.300e-01,-1.500e-01,1156.0,,,421.14,411.80,-140.13,9.30,1,q1_q17_dr25_tce,6268.00,173.00,-260.00,4.429,0.054,-0.216,1.1000,0.3650,-0.1220,296.820370,49.750450,15.591
8930,9644411,K07213.01,,FALSE POSITIVE,FALSE POSITIVE,0.0160,0,0,1,0,0.379412331,3.0030000e-06,-3.0030000e-06,131.6115900,8.550000e-03,-8.550000e-03,0.2430,0.2160,-0.2430,1.56100,0.10800,-0.10800,5.9400e+02,3.840e+01,-3.840e+01,1.59,9.000e-02,-1.400e-01,1643.0,,,1724.34,504.35,-483.07,20.20,1,q1_q17_dr25_tce,4331.00,151.00,-166.00,4.620,0.042,-0.025,0.6660,0.0410,-0.0550,289.879150,46.322498,14.785
8931,7663804,K06898.01,,FALSE POSITIVE,FALSE POSITIVE,,1,0,0,0,321.007420000,2.0800000e-02,-2.0800000e-02,301.0957000,3.650000e-02,-3.650000e-02,0.6639,0.0057,-0.5141,13.01000,1.60000,-1.60000,3.0710e+02,3.520e+01,-3.520e+01,3.70,2.940e+00,-2.240e+00,351.0,,,3.59,9.19,-3.09,11.10,1,q1_q17_dr24_tce,5258.00,133.00,-137.00,3.771,0.745,-0.745,2.0040,1.5920,-1.2130,283.690980,43.367691,13.636
8932,8195877,K06989.01,,FALSE POSITIVE,FALSE POSITIVE,0.0000,1,0,0,0,0.755098610,1.5600000e-07,-1.5600000e-07,131.9621070,1.700000e-04,-1.700000e-04,1.0910,0.2550,-0.0640,2.64230,0.01060,-0.01060,6.0334e+04,1.540e+02,-1.540e+02,60.74,1.673e+01,-1.838e+01,2359.0,,,7285.15,6050.29,-4108.89,385.40,2,q1_q17_dr25_tce,6038.00,181.00,-163.00,4.206,0.276,-0.184,1.2130,0.3340,-0.3670,300.568300,44.029549,13.441
8933,8258103,K07590.01,,FALSE POSITIVE,FALSE POSITIVE,,0,1,0,0,0.594003994,1.9750000e-06,-1.9750000e-06,132.0705900,2.680000e-03,-2.680000e-03,0.4978,0.0045,-0.4839,5.55700,0.50700,-0.50700,2.5400e+01,1.800e+00,-1.800e+00,1.55,3.000e-01,-5.600e-01,4952.0,,,142174.84,82613.38,-93281.31,51.10,1,q1_q17_dr24_tce,8596.00,240.00,-360.00,3.793,0.306,-0.306,2.9680,0.5640,-1.0720,299.202390,44.141750,11.548
8934,10208894,K08199.01,,FALSE POSITIVE,FALSE POSITIVE,0.0000,1,0,0,0,183.836254000,5.3930000e-03,-5.3930000e-03,149.3728000,1.650000e-02,-1.650000e-02,0.9560,0.0040,-0.6800,13.08800,0.56700,-0.56700,1.0462e+03,7.050e+01,-7.050e+01,51.64,8.930e+00,-1.339e+01,852.0,,,124.46,58.93,-64.02,15.70,1,q1_q17_dr25_tce,4959.00,86.00,-149.00,2.569,0.030,-0.030,11.9630,2.0680,-3.1020,292.322330,47.255112,13.993
8935,10253977,K08201.01,,CANDIDATE,CANDIDATE,0.2160,0,0,0,0,392.601892000,8.9110000e-03,-8.9110000e-03,496.9922000,1.430000e-02,-1.430000e-02,0.7130,0.2440,-0.4940,3.21000,0.48200,-0.48200,7.7900e+02,1.240e+02,-1.240e+02,2.25,3.400e-01,-2.000e-01,204.0,,,0.41,0.20,-0.10,7.80,1,q1_q17_dr25_tce,5307.00,159.00,-143.00,4.605,0.032,-0.097,0.7530,0.1120,-0.0690,281.870150,47.394989,14.382
8936,10268714,K08202.01,,FALSE POSITIVE,FALSE POSITIVE,0.1410,1,0,0,0,452.652060000,4.7040000e-02,-4.7040000e-02,495.3170000,1.300000e-01,-1.300000e-01,0.6460,0.0490,-0.4750,19.87000,5.70000,-5.70000,1.7510e+02,1.420e+01,-1.420e+01,2.41,5.300e-01,-6.300e-01,345.0,,,3.33,2.10,-1.74,17.00,1,q1_q17_dr25_tce,6664.00,161.00,-202.00,4.075,0.204,-0.136,1.7300,0.3750,-0.4580,289.640590,47.346439,12.568
8937,10281311,K08203.01,,FALSE POSITIVE,FALSE POSITIVE,0.0370,1,0,0,0,234.663191860,,,166.0293811,,,0.0290,,,7.62700,,,2.4350e+02,,,1.68,5.300e-01,-2.000e-01,328.0,,,2.73,2.48,-0.92,5.00,2,q1_q17_dr25_tce,6306.00,169.00,-225.00,4.426,0.065,-0.208,1.0760,0.3350,-0.1340,294.644930,47.338921,14.790
8938,10341876,K08204.01,,FALSE POSITIVE,FALSE POSITIVE,0.0000,1,0,0,0,351.204993000,6.9860000e-03,-6.9860000e-03,184.9276000,1.620000e-02,-1.620000e-02,0.7770,0.1750,-0.5230,22.41400,0.69300,-0.69300,1.2579e+03,6.580e+01,-6.580e+01,3.57,9.100e-01,-5.000e-01,258.0,,,1.04,0.79,-0.35,21.30,1,q1_q17_dr25_tce,5845.00,158.00,-175.00,4.435,0.120,-0.180,0.9180,0.2360,-0.1270,292.759280,47.430401,15.506
8939,10351947,K08205.01,,CANDIDATE,CANDIDATE,0.3250,0,0,0,0,260.446151000,3.9770000e-03,-3.9770000e-03,235.4690000,1.240000e-02,-1.240000e-02,0.8960,0.0660,-0.6440,9.31400,0.39100,-0.39100,7.1390e+02,4.830e+01,-4.830e+01,25.39,1.600e+00,-4.800e+00,608.0,,,32.37,5.54,-12.68,16.80,1,q1_q17_dr25_tce,4845.00,43.00,-93.00,2.897,0.030,-0.033,7.7960,0.4920,-1.4750,296.382780,47.409592,12.766
8940,1026032,K06252.01,,FALSE POSITIVE,FALSE POSITIVE,0.0000,0,1,0,0,8.460438928,6.2900000e-07,-6.2900000e-07,133.7744903,6.270000e-05,-6.270000e-05,1.0610,0.0170,-0.0080,4.73492,0.00252,-0.00252,7.6413e+04,3.280e+01,-3.280e+01,36.62,6.360e+00,-2.140e+00,804.0,,,98.60,52.46,-21.18,1797.40,1,q1_q17_dr25_tce,5951.00,160.00,-178.00,4.638,0.032,-0.128,0.7020,0.1220,-0.0410,291.044070,36.729271,14.813
8941,2583777,K06284.01,,FALSE POSITIVE,FALSE POSITIVE,0.0000,0,1,1,0,0.958116585,2.2000000e-07,-2.2000000e-07,132.0529190,2.090000e-04,-2.090000e-04,1.2750,0.1620,-0.1020,2.34960,0.01150,-0.01150,2.3741e+03,1.020e+01,-1.020e+01,49.16,1.311e+01,-1.599e+01,2271.0,,,6312.99,5087.41,-3737.26,296.00,1,q1_q17_dr25_tce,6032.00,181.00,-163.00,4.147,0.299,-0.161,1.3650,0.3640,-0.4440,293.167270,37.841389,12.735
8942,2834463,K06293.01,,CANDIDATE,CANDIDATE,0.7940,0,0,0,0,5.888369410,3.2340000e-05,-3.2340000e-05,136.0279900,5.030000e-03,-5.030000e-03,0.2490,0.2260,-0.2490,1.05000,0.22400,-0.22400,1.1990e+02,2.110e+01,-2.110e+01,1.21,3.900e-01,-1.500e-01,1125.0,,,379.27,362.39,-120.25,8.30,1,q1_q17_dr25_tce,6243.00,169.00,-206.00,4.390,0.087,-0.203,1.0840,0.3530,-0.1260,286.587010,38.001080,14.199
8943,3343866,K06328.01,,FALSE POSITIVE,FALSE POSITIVE,0.0040,0,0,1,0,0.555973803,1.3260000e-06,-1.3260000e-06,131.9658900,2.060000e-03,-2.060000e-03,0.5630,0.3920,-0.3380,1.27100,0.07520,-0.07520,7.5300e+01,4.000e+00,-4.000e+00,1.90,9.500e-01,-1.260e+00,3049.0,,,20544.64,32228.30,-18476.16,23.30,1,q1_q17_dr25_tce,5445.00,190.00,-171.00,3.776,0.780,-0.260,2.1170,1.0510,-1.4010,291.866550,38.409081,13.755
8944,3973002,K06376.01,,FALSE POSITIVE,FALSE POSITIVE,0.0000,0,1,0,0,1.992098705,1.9300000e-07,-1.9300000e-07,132.8910520,8.060000e-05,-8.060000e-05,1.0690,0.0410,-0.0200,4.03833,0.00379,-0.00379,6.9414e+04,5.250e+01,-5.250e+01,45.85,1.339e+01,-4.490e+00,1435.0,,,1006.31,863.45,-290.16,1186.00,1,q1_q17_dr25_tce,6024.00,163.00,-199.00,4.523,0.050,-0.200,0.9000,0.2630,-0.0880,296.002110,39.000511,14.985
8945,12600735,K00548.02,,CANDIDATE,CANDIDATE,0.8130,0,0,0,0,6.079945700,1.1250000e-04,-1.1250000e-04,136.4440000,1.500000e-02,-1.500000e-02,0.0970,0.3540,-0.0970,2.70600,0.65500,-0.65500,5.5100e+01,7.800e+00,-7.800e+00,0.86,1.400e-01,-8.000e-02,1101.0,,,348.11,144.15,-77.43,7.30,2,q1_q17_dr25_tce,6008.00,77.00,-83.00,4.350,0.076,-0.123,1.1680,0.1860,-0.1090,289.500670,51.685730,14.020
8946,1434395,K07623.01,,FALSE POSITIVE,FALSE POSITIVE,0.0140,0,0,1,0,2.222728900,2.4440000e-05,-2.4440000e-05,131.8950000,6.430000e-03,-6.430000e-03,0.2540,0.2050,-0.2540,2.61700,0.29100,-0.29100,2.7910e+02,3.250e+01,-3.250e+01,34.14,7.600e-01,-1.443e+01,4454.0,,,93172.12,12806.48,-67878.27,10.50,1,q1_q17_dr25_tce,4996.00,107.00,-250.00,2.354,0.027,-0.030,20.8480,0.4640,-8.8110,291.856480,37.065651,12.552
8947,2299738,K07628.01,,CANDIDATE,CANDIDATE,0.9010,0,0,0,0,1.813437800,2.6430000e-05,-2.6430000e-05,132.6703000,1.100000e-02,-1.100000e-02,0.4180,0.0490,-0.4180,7.77600,0.31200,-0.31200,9.7400e+01,6.200e+00,-6.200e+00,0.69,9.000e-02,-6.000e-02,1158.0,,,423.67,176.71,-103.86,19.10,1,q1_q17_dr25_tce,5094.00,151.00,-136.00,4.618,0.040,-0.065,0.7000,0.0860,-0.0580,290.717250,37.649010,13.961
8948,2302758,K07629.01,,FALSE POSITIVE,FALSE POSITIVE,0.0000,0,1,1,0,0.542122617,2.2290000e-06,-2.2290000e-06,131.9840800,3.560000e-03,-3.560000e-03,0.1080,0.3690,-0.1080,1.28300,0.10700,-0.10700,8.8300e+01,6.700e+00,-6.700e+00,0.94,1.400e-01,-5.000e-02,2238.0,,,5914.13,2276.79,-890.37,16.30,1,q1_q17_dr25_tce,5875.00,70.00,-88.00,4.476,0.030,-0.120,0.9980,0.1490,-0.0500,291.402890,37.676689,14.661
8949,2449053,K07633.01,,FALSE POSITIVE,FALSE POSITIVE,0.0000,0,1,1,1,0.739753450,1.4910000e-06,-1.4910000e-06,131.8173900,1.620000e-03,-1.620000e-03,0.5250,0.6220,-0.4620,4.20000,1.70000,-1.70000,4.8180e+02,4.030e+01,-4.030e+01,2.09,4.200e-01,-2.500e-01,1818.0,,,2580.00,1673.26,-805.88,86.20,1,q1_q17_dr25_tce,5271.00,174.00,-158.00,4.436,0.104,-0.156,0.9350,0.1900,-0.1110,292.689850,37.774361,15.141
8950,8587439,K07899.01,,FALSE POSITIVE,FALSE POSITIVE,0.0020,0,0,1,0,8.391400240,5.8620000e-05,-5.8620000e-05,139.0286400,5.490000e-03,-5.490000e-03,0.3420,0.1260,-0.3420,1.19300,0.27900,-0.27900,1.3440e+02,2.780e+01,-2.780e+01,1.10,2.800e-01,-2.000e-01,921.0,,,169.89,127.52,-67.42,9.20,1,q1_q17_dr25_tce,5892.00,177.00,-159.00,4.389,0.175,-0.175,0.9350,0.2310,-0.1680,300.185030,44.635578,14.130
8951,8703506,K07907.01,,FALSE POSITIVE,FALSE POSITIVE,0.0190,0,1,0,0,352.710091000,7.7400000e-03,-7.7400000e-03,251.1931000,1.510000e-02,-1.510000e-02,0.3290,0.1330,-0.3290,2.90100,0.36400,-0.36400,1.6580e+03,2.120e+02,-2.120e+02,3.75,1.190e+00,-4.000e-01,261.0,,,1.09,1.05,-0.34,9.60,1,q1_q17_dr25_tce,6112.00,192.00,-234.00,4.513,0.052,-0.221,0.9080,0.2870,-0.0960,296.823610,44.855309,15.672
8952,8712863,K07908.01,,FALSE POSITIVE,FALSE POSITIVE,0.1680,1,0,0,0,0.532493086,2.6010000e-06,-2.6010000e-06,131.9024400,3.810000e-03,-3.810000e-03,0.5580,0.3960,-0.3360,2.14500,0.50400,-0.50400,1.9900e+01,2.000e+00,-2.000e+00,1.87,2.200e-01,-8.600e-01,4893.0,,,135046.96,62033.26,-104048.97,8.90,1,q1_q17_dr25_tce,6894.00,280.00,-385.00,3.476,0.408,-0.072,4.0320,0.4660,-1.8650,299.250920,44.856091,11.238
8953,8962007,K07917.01,,FALSE POSITIVE,FALSE POSITIVE,0.0020,0,0,1,0,1.414358610,1.4400000e-05,-1.4400000e-05,132.6983800,8.460000e-03,-8.460000e-03,0.1890,0.2960,-0.1890,2.28500,0.26200,-0.26200,5.6800e+01,7.300e+00,-7.300e+00,0.74,2.500e-01,-1.300e-01,1578.0,,,1458.20,1479.90,-594.53,9.50,1,q1_q17_dr25_tce,5470.00,164.00,-164.00,4.366,0.168,-0.231,0.9940,0.3360,-0.1810,294.948730,45.210251,14.842
8954,9079915,K07922.01,,FALSE POSITIVE,FALSE POSITIVE,0.0070,0,0,1,0,0.812678859,4.1410000e-06,-4.1410000e-06,132.2081700,4.130000e-03,-4.130000e-03,0.6640,0.1050,-0.5190,0.84100,0.19200,-0.19200,3.9300e+01,7.500e+00,-7.500e+00,0.83,2.700e-01,-9.000e-02,2403.0,,,7917.14,7293.49,-2401.06,7.40,1,q1_q17_dr25_tce,6636.00,161.00,-221.00,4.349,0.065,-0.195,1.2360,0.3970,-0.1320,287.899350,45.417488,13.513
8955,10383687,K00334.01,,FALSE POSITIVE,FALSE POSITIVE,0.0000,0,1,1,1,8.487944400,5.0820000e-05,-5.0820000e-05,176.9250500,5.930000e-03,-5.930000e-03,0.7520,0.0360,-0.5330,3.22400,0.16100,-0.16100,1.1930e+02,7.200e+00,-7.200e+00,1.23,3.800e-01,-1.900e-01,969.0,,,208.99,194.87,-80.67,19.50,1,q1_q17_dr25_tce,6134.00,192.00,-234.00,4.396,0.105,-0.195,1.0390,0.3190,-0.1590,280.881840,47.564243,13.301
8956,8248939,K00061.01,,FALSE POSITIVE,FALSE POSITIVE,0.0000,0,0,1,0,1.633454020,2.8820000e-05,-2.8820000e-05,181.8556000,1.320000e-02,-1.320000e-02,1.1900,11.2400,-0.0790,3.81700,0.75500,-0.75500,3.5900e+02,6.170e+01,-6.170e+01,24.87,8.040e+00,-3.450e+00,1750.0,,,2211.18,2171.51,-807.44,7.40,1,q1_q17_dr25_tce,6283.00,197.00,-241.00,4.372,0.105,-0.195,1.0910,0.3530,-0.1510,296.935940,44.161045,12.179
8957,7137213,K03907.01,,CANDIDATE,CANDIDATE,1.0000,0,0,0,0,28.643388390,6.2140000e-05,-6.2140000e-05,141.2293300,1.790000e-03,-1.790000e-03,0.9680,0.0120,-0.6720,1.22460,0.08120,-0.08120,6.2430e+02,3.730e+01,-3.730e+01,5.82,1.150e+00,-1.740e+00,871.0,,,136.32,78.88,-76.84,23.10,1,q1_q17_dr25_tce,6507.00,155.00,-194.00,4.002,0.253,-0.117,1.7670,0.3510,-0.5270,296.997800,42.653320,12.642
8958,3764714,K03963.01,,FALSE POSITIVE,FALSE POSITIVE,0.0000,1,0,0,0,6.634497210,2.5850000e-05,-2.5850000e-05,134.1654500,3.270000e-03,-3.270000e-03,1.2460,0.5250,-0.0830,22.98200,0.19200,-0.19200,9.1910e+02,6.900e+00,-6.900e+00,85.25,1.365e+01,-3.410e+01,1719.0,,,2067.13,1031.16,-1401.08,160.10,1,q1_q17_dr25_tce,6487.00,177.00,-177.00,3.696,0.328,-0.082,2.8170,0.4510,-1.1270,295.739960,38.862282,12.842
8959,8823833,K03968.01,,FALSE POSITIVE,FALSE POSITIVE,0.0000,0,1,0,1,1.506501360,4.6790000e-06,-4.6790000e-06,132.9895200,2.850000e-03,-2.850000e-03,0.5560,0.0400,-0.4550,3.11260,0.08430,-0.08430,6.6900e+01,1.900e+00,-1.900e+00,0.80,1.700e-01,-1.400e-01,1562.0,,,1403.44,909.44,-553.82,41.90,1,q1_q17_dr25_tce,5607.00,151.00,-151.00,4.381,0.176,-0.144,0.9480,0.2060,-0.1690,293.774900,45.087639,12.903
8960,10352333,K03991.01,,CANDIDATE,CANDIDATE,1.0000,0,0,0,0,1.570592397,1.6030000e-06,-1.6030000e-06,131.5303770,8.120000e-04,-8.120000e-04,0.0310,0.4380,-0.0310,0.62300,0.04660,-0.04660,2.1440e+02,9.200e+00,-9.200e+00,1.37,1.400e-01,-1.500e-01,1480.0,,,1135.98,325.72,-284.90,29.70,1,q1_q17_dr25_tce,5519.00,83.00,-74.00,4.431,0.108,-0.072,0.9210,0.0930,-0.1020,296.503540,47.486919,13.140
8961,1870398,K04927.01,,FALSE POSITIVE,FALSE POSITIVE,0.0000,1,0,0,0,43.142257000,2.9670000e-03,-2.9670000e-03,132.3007000,6.150000e-02,-6.150000e-02,1.1790,4.7500,-0.0450,61.73000,3.00000,-3.00000,2.8320e+02,1.140e+01,-1.140e+01,37.88,6.940e+00,-8.460e+00,706.0,,,58.68,27.45,-25.07,30.50,1,q1_q17_dr25_tce,6198.00,74.00,-80.00,4.069,0.174,-0.116,1.7690,0.3240,-0.3950,291.915560,37.322578,14.756
8962,10160922,K07990.01,,CANDIDATE,CANDIDATE,0.7890,0,0,0,0,87.487573000,2.6340000e-03,-2.6340000e-03,154.5163000,1.820000e-02,-1.820000e-02,0.1270,0.3380,-0.1270,5.88100,0.66000,-0.66000,5.2870e+02,7.760e+01,-7.760e+01,1.87,4.900e-01,-1.600e-01,377.0,,,4.79,3.66,-1.25,8.40,1,q1_q17_dr25_tce,5774.00,155.00,-172.00,4.567,0.033,-0.176,0.8180,0.2120,-0.0710,298.315860,47.105091,15.626
8963,10198225,K07991.01,,CANDIDATE,CANDIDATE,0.9890,0,0,0,0,11.945137600,2.1600000e-04,-2.1600000e-04,142.3107000,1.670000e-02,-1.670000e-02,0.4430,0.5400,-0.2480,6.89300,0.54100,-0.54100,6.3300e+01,6.100e+00,-6.100e+00,3.32,6.400e-01,-1.050e+00,1337.0,,,755.16,408.67,-438.05,12.40,1,q1_q17_dr25_tce,5094.00,100.00,-138.00,3.380,0.210,-0.157,4.1630,0.8080,-1.3130,287.551820,47.244862,12.609
8964,10214341,K07992.01,,CANDIDATE,CANDIDATE,0.1260,0,0,0,0,277.133670000,1.5850000e-02,-1.5850000e-02,400.4719000,4.400000e-02,-4.400000e-02,0.6620,0.3070,-0.4520,9.67000,1.60000,-1.60000,3.2120e+02,5.320e+01,-5.320e+01,1.84,5.600e-01,-1.800e-01,307.0,,,2.09,1.81,-0.61,8.70,1,q1_q17_dr25_tce,6461.00,155.00,-213.00,4.474,0.052,-0.208,0.9710,0.2940,-0.0980,294.382540,47.205769,14.635
8965,10219288,K07993.01,,FALSE POSITIVE,FALSE POSITIVE,0.0000,1,0,0,0,3.381607000,1.8280000e-03,-1.8280000e-03,132.9265600,9.200000e-03,-9.200000e-03,0.0880,0.3620,-0.0880,7.62700,0.38100,-0.38100,4.4060e+02,3.030e+01,-3.030e+01,117.25,2.779e+01,-3.820e+01,6037.0,,,314164.85,232594.75,-187591.92,16.60,1,q1_q17_dr25_tce,3974.00,130.00,-118.00,1.056,0.318,-0.212,59.4370,14.0850,-19.3660,296.081360,47.275814,12.798
8966,10226343,K07994.01,,FALSE POSITIVE,FALSE POSITIVE,0.0000,1,0,0,1,0.660655454,1.4700000e-06,-1.4700000e-06,131.6909000,1.910000e-03,-1.910000e-03,1.0980,0.1890,-0.0400,7.11100,0.35700,-0.35700,5.6690e+02,1.360e+01,-1.360e+01,16.81,5.010e+00,-2.140e+00,2497.0,,,9210.84,8092.05,-3291.30,77.70,1,q1_q17_dr25_tce,6520.00,180.00,-270.00,4.375,0.062,-0.200,1.2150,0.3620,-0.1550,298.137850,47.258560,15.666
8967,4763020,K08097.01,,FALSE POSITIVE,FALSE POSITIVE,0.0170,1,0,0,0,384.097810000,2.4470000e-02,-2.4470000e-02,418.6723000,5.730000e-02,-5.730000e-02,0.0160,0.4190,-0.0160,12.55000,1.40000,-1.40000,1.0010e+02,1.350e+01,-1.350e+01,1.63,3.400e-01,-5.100e-01,330.0,,,2.80,1.82,-1.59,8.70,1,q1_q17_dr25_tce,5884.00,177.00,-133.00,3.979,0.323,-0.129,1.6280,0.3410,-0.5110,295.940160,39.849072,12.578
8968,5288744,K08099.01,,FALSE POSITIVE,FALSE POSITIVE,0.0570,1,0,0,0,333.716340480,,,336.7917544,,,0.0930,,,4.82360,,,4.2020e+02,,,3.53,7.700e-01,-1.140e+00,362.0,,,4.05,2.69,-2.39,3.10,1,q1_q17_dr25_tce,6045.00,181.00,-163.00,3.956,0.315,-0.126,1.7190,0.3720,-0.5580,295.538850,40.409279,13.435
8969,5305225,K08100.01,,FALSE POSITIVE,FALSE POSITIVE,0.0000,1,0,1,1,322.507410000,2.0040000e-02,-2.0040000e-02,350.3646000,4.090000e-02,-4.090000e-02,0.9120,0.0040,-0.6400,20.68800,0.99200,-0.99200,3.4950e+02,2.840e+01,-2.840e+01,2.11,5.800e-01,-2.500e-01,257.0,,,1.03,0.82,-0.32,13.70,1,q1_q17_dr25_tce,5708.00,152.00,-169.00,4.465,0.078,-0.182,0.9330,0.2540,-0.1090,298.893590,40.437752,14.013
8970,5598216,K08101.01,,FALSE POSITIVE,FALSE POSITIVE,0.0000,1,0,0,0,373.871600000,3.7630000e-02,-3.7630000e-02,186.6688000,4.940000e-02,-4.940000e-02,0.2460,0.2230,-0.2460,16.78000,3.10000,-3.10000,3.8270e+02,4.260e+01,-4.260e+01,2.19,6.200e-01,-5.500e-01,279.0,,,1.44,1.18,-0.72,10.30,2,q1_q17_dr25_tce,5846.00,158.00,-158.00,4.258,0.276,-0.184,1.1160,0.3140,-0.2830,283.568660,40.865761,13.683
8971,5637036,K08102.01,,FALSE POSITIVE,FALSE POSITIVE,0.1570,1,0,0,0,171.046664000,1.6130000e-03,-1.6130000e-03,293.0263700,6.020000e-03,-6.020000e-03,0.3870,0.0820,-0.3870,2.43800,0.32300,-0.32300,7.3100e+02,1.020e+02,-1.020e+02,32.31,2.300e+00,-8.640e+00,827.0,,,110.64,25.65,-57.60,9.80,1,q1_q17_dr25_tce,4932.00,88.00,-137.00,2.697,0.033,-0.027,12.0480,0.8590,-3.2230,296.423370,40.892471,12.769
8972,5647008,K08103.01,,FALSE POSITIVE,FALSE POSITIVE,0.4930,0,1,0,0,0.799868354,5.9700000e-07,-5.9700000e-07,131.9972090,6.130000e-04,-6.130000e-04,1.2740,0.0640,-0.0550,6.61300,0.15600,-0.15600,4.9288e+03,2.620e+01,-2.620e+01,34.70,8.740e+00,-3.730e+00,1816.0,,,2581.61,1967.48,-760.55,251.40,1,q1_q17_dr25_tce,5568.00,166.00,-166.00,4.488,0.081,-0.161,0.8820,0.2220,-0.0950,298.526790,40.858391,14.335
8973,10385708,K08206.01,,FALSE POSITIVE,FALSE POSITIVE,0.0000,1,0,0,0,345.767100000,3.1290000e-02,-3.1290000e-02,320.3812000,5.020000e-02,-5.020000e-02,0.3910,0.0660,-0.3910,15.38000,1.20000,-1.20000,2.1270e+02,1.940e+01,-1.940e+01,2.50,1.800e-01,-1.200e-01,336.0,,,3.02,0.63,-0.43,12.30,4,q1_q17_dr25_tce,5845.00,79.00,-79.00,4.024,0.025,-0.020,1.7020,0.1200,-0.0830,282.211880,47.577000,11.153
8974,10404545,K08207.01,,FALSE POSITIVE,FALSE POSITIVE,0.0000,1,0,0,0,350.341140000,1.7140000e-02,-1.7140000e-02,184.8100000,1.950000e-02,-1.950000e-02,0.0100,0.5040,-0.0100,16.97000,1.10000,-1.10000,1.3638e+03,9.880e+01,-9.880e+01,2.50,3.300e-01,-1.900e-01,202.0,,,0.39,0.18,-0.09,16.40,1,q1_q17_dr25_tce,5188.00,153.00,-153.00,4.642,0.033,-0.083,0.6900,0.0930,-0.0530,291.754970,47.549332,15.901
8975,10425070,K08208.01,,FALSE POSITIVE,FALSE POSITIVE,0.0030,1,0,0,0,363.971650000,1.1440000e-02,-1.1440000e-02,198.9835000,1.860000e-02,-1.860000e-02,1.3940,6.6640,-0.1590,5.70200,0.86800,-0.86800,1.9660e+03,2.800e+02,-2.800e+02,40.48,1.121e+01,-3.760e+00,231.0,,,0.68,0.56,-0.18,8.50,3,q1_q17_dr25_tce,5648.00,169.00,-152.00,4.559,0.034,-0.184,0.8410,0.2330,-0.0780,298.688320,47.513821,14.977
8976,10425070,K08208.02,,FALSE POSITIVE,FALSE POSITIVE,0.0000,1,0,0,0,395.237530000,2.6290000e-02,-2.6290000e-02,186.5360000,4.920000e-02,-4.920000e-02,0.6290,0.0450,-0.4590,18.49400,0.85000,-0.85000,1.2980e+03,1.070e+02,-1.070e+02,3.17,8.700e-01,-3.000e-01,225.0,,,0.61,0.50,-0.16,13.40,4,q1_q17_dr25_tce,5648.00,169.00,-152.00,4.559,0.034,-0.184,0.8410,0.2330,-0.0780,298.688320,47.513821,14.977
8977,10461045,K08209.01,,FALSE POSITIVE,FALSE POSITIVE,0.0880,1,0,0,0,385.972410000,1.3100000e-02,-1.3100000e-02,315.6247000,2.290000e-02,-2.290000e-02,0.4440,0.0200,-0.4440,12.16700,0.92900,-0.92900,1.6200e+02,1.880e+01,-1.880e+01,1.72,5.000e-01,-2.900e-01,325.0,,,2.65,2.18,-1.05,10.80,1,q1_q17_dr25_tce,6732.00,162.00,-223.00,4.271,0.120,-0.195,1.3160,0.3800,-0.2220,287.822390,47.690208,13.161
8978,10493253,K08210.01,,FALSE POSITIVE,FALSE POSITIVE,0.1680,1,0,0,0,89.667675000,6.1580000e-03,-6.1580000e-03,183.0360000,4.140000e-02,-4.140000e-02,0.3240,0.1390,-0.3240,3.72600,0.81900,-0.81900,1.4150e+03,2.760e+02,-2.760e+02,78.77,1.680e+01,-3.920e+01,1364.0,,,818.91,498.03,-632.05,7.00,1,q1_q17_dr25_tce,4742.00,106.00,-118.00,2.099,0.385,-0.165,21.2910,4.5410,-10.5950,299.405090,47.620991,12.393
8979,4160669,K06391.01,,FALSE POSITIVE,FALSE POSITIVE,0.0000,0,1,1,0,2.183517999,1.8910000e-06,-1.8910000e-06,132.6929380,8.070000e-04,-8.070000e-04,1.2140,1.4640,-0.0520,4.27030,0.03630,-0.03630,1.3216e+03,1.080e+01,-1.080e+01,4633.66,2.023e+02,-6.070e+02,9791.0,,,2169685.72,467872.58,-642965.70,147.70,1,q1_q17_dr25_tce,3198.00,89.00,-56.00,0.047,0.160,-0.040,162.7250,7.1050,-21.3150,292.323910,39.299351,11.296
8980,4269252,K06398.01,,FALSE POSITIVE,FALSE POSITIVE,0.0000,0,0,1,0,9.402233300,1.0980000e-04,-1.0980000e-04,134.8876000,1.020000e-02,-1.020000e-02,0.0190,0.4500,-0.0190,2.79000,0.39700,-0.39700,3.1600e+02,4.020e+01,-4.020e+01,23.61,5.220e+00,-4.690e+00,2309.0,,,6719.57,4121.83,-2772.79,9.80,1,q1_q17_dr25_tce,4597.00,92.00,-101.00,2.420,0.033,-0.030,13.8740,3.0640,-2.7580,293.279790,39.393318,10.590
8981,4574310,K06427.01,,FALSE POSITIVE,FALSE POSITIVE,0.0000,0,1,0,0,1.306220168,7.8000000e-08,-7.8000000e-08,132.1122056,4.940000e-05,-4.940000e-05,0.3520,0.0060,-0.0050,5.14519,0.00297,-0.00297,4.8137e+05,2.280e+02,-2.280e+02,83.16,1.827e+01,-2.235e+01,2095.0,,,4556.14,2983.83,-2425.75,2019.40,1,q1_q17_dr25_tce,6600.00,178.00,-218.00,4.238,0.270,-0.180,1.1240,0.2470,-0.3020,294.993650,39.642830,13.242
8982,4773155,K06453.01,,FALSE POSITIVE,FALSE POSITIVE,0.0000,0,1,0,0,25.706001174,4.1250000e-06,-4.1250000e-06,156.6442150,1.320000e-04,-1.320000e-04,0.4300,0.0040,-0.0040,10.96900,0.00758,-0.00758,4.6496e+05,2.770e+02,-2.770e+02,67.11,1.798e+01,-7.730e+00,579.0,,,26.55,20.92,-8.15,2008.10,1,q1_q17_dr25_tce,5642.00,152.00,-169.00,4.498,0.060,-0.180,0.9030,0.2420,-0.1040,297.982640,39.894081,13.592
8983,4862625,K06464.01,,FALSE POSITIVE,FALSE POSITIVE,0.0000,0,1,0,0,20.000242814,4.7130000e-06,-4.7130000e-06,134.8202100,1.930000e-04,-1.930000e-04,1.0040,0.0320,-0.0360,5.00420,0.01850,-0.01850,1.3138e+04,3.070e+01,-3.070e+01,21.57,6.140e+00,-2.180e+00,746.0,,,73.09,59.38,-20.75,796.50,1,q1_q17_dr25_tce,6373.00,151.00,-189.00,4.438,0.062,-0.188,1.0470,0.2980,-0.1060,298.215090,39.955101,13.718
8984,2834805,K07638.01,,CANDIDATE,CANDIDATE,0.7600,0,0,0,0,25.003202300,2.6480000e-04,-2.6480000e-04,140.9010600,9.920000e-03,-9.920000e-03,0.7560,0.2220,-0.5100,5.49800,0.55700,-0.55700,6.4100e+01,7.300e+00,-7.300e+00,1.47,3.300e-01,-3.800e-01,837.0,,,116.27,79.06,-59.05,12.60,1,q1_q17_dr25_tce,6148.00,167.00,-186.00,4.055,0.234,-0.126,1.6850,0.3850,-0.4280,286.701450,38.042191,12.550
8985,2859299,K07640.01,,FALSE POSITIVE,FALSE POSITIVE,0.0000,1,0,1,0,0.643703667,6.3100000e-07,-6.3100000e-07,131.9849080,8.100000e-04,-8.100000e-04,0.0360,0.4200,-0.0360,0.80100,0.03210,-0.03210,1.7200e+02,6.000e+00,-6.000e+00,1.48,4.900e-01,-2.100e-01,2358.0,,,7305.66,7026.93,-2587.18,40.30,1,q1_q17_dr25_tce,6161.00,165.00,-202.00,4.362,0.105,-0.195,1.1140,0.3660,-0.1570,292.883420,38.074951,13.791
8986,2984990,K07641.01,,CANDIDATE,CANDIDATE,0.9790,0,0,0,0,3.794372770,5.8250000e-05,-5.8250000e-05,132.1265000,1.220000e-02,-1.220000e-02,0.0500,0.4010,-0.0500,2.28900,0.34000,-0.34000,8.3200e+01,1.340e+01,-1.340e+01,1.36,4.900e-01,-6.100e-01,1383.0,,,865.53,967.11,-625.60,7.70,1,q1_q17_dr25_tce,5455.00,180.00,-147.00,4.025,0.540,-0.216,1.5070,0.5480,-0.6690,290.324010,38.111111,14.816
8987,3230095,K07647.01,,FALSE POSITIVE,FALSE POSITIVE,0.0000,0,0,1,1,7.047161750,7.6630000e-05,-7.6630000e-05,132.7504000,1.020000e-02,-1.020000e-02,0.8560,0.1010,-0.6550,2.69300,0.43000,-0.43000,1.5080e+02,2.550e+01,-2.550e+01,1.10,2.000e-01,-9.000e-02,817.0,,,105.10,58.24,-27.06,9.40,1,q1_q17_dr25_tce,5496.00,149.00,-166.00,4.592,0.037,-0.120,0.7760,0.1410,-0.0650,290.083100,38.398472,15.130
8988,3235282,K07649.01,,FALSE POSITIVE,FALSE POSITIVE,0.0110,1,0,0,0,494.165759000,8.7920000e-03,-8.7920000e-03,472.0427000,1.300000e-02,-1.300000e-02,0.4100,0.0730,-0.4100,2.23900,0.47700,-0.47700,1.4400e+03,2.460e+02,-2.460e+02,4.50,1.270e+00,-5.400e-01,265.0,,,1.17,0.98,-0.39,7.40,1,q1_q17_dr25_tce,6392.00,179.00,-224.00,4.399,0.060,-0.180,1.1620,0.3270,-0.1400,291.513950,38.365471,15.404
8989,9142714,K07928.01,,CANDIDATE,CANDIDATE,1.0000,0,0,0,0,1.126259750,,,132.2963460,,,,,,3.62000,,,,,,,,,,,,,,,,4,q1_q17_dr25_tce,,,,,,,,,,286.042760,45.511211,15.375
8990,9278575,K07932.01,,CANDIDATE,CANDIDATE,0.2300,0,0,0,0,502.256480000,4.1970000e-02,-4.1970000e-02,162.5842000,7.600000e-02,-7.600000e-02,0.0500,0.4030,-0.0500,14.84000,1.70000,-1.70000,1.5320e+02,2.430e+01,-2.430e+01,1.03,2.200e-01,-1.500e-01,215.0,,,0.51,0.33,-0.18,8.10,1,q1_q17_dr25_tce,5637.00,169.00,-152.00,4.460,0.135,-0.165,0.8330,0.1800,-0.1200,290.893950,45.716640,13.339
8991,9592831,K07947.01,,FALSE POSITIVE,FALSE POSITIVE,0.0000,1,0,1,1,0.609668222,9.1700000e-06,-9.1700000e-06,131.9340000,1.660000e-02,-1.660000e-02,0.1350,0.3290,-0.1350,2.83600,0.26700,-0.26700,2.8760e+02,2.270e+01,-2.270e+01,1.35,2.300e-01,-1.000e-01,1805.0,,,2491.57,1431.05,-640.58,15.70,1,q1_q17_dr25_tce,5296.00,190.00,-174.00,4.576,0.030,-0.120,0.8150,0.1380,-0.0640,293.760860,46.231201,16.678
8992,9770983,K07961.01,,FALSE POSITIVE,FALSE POSITIVE,0.3820,0,0,1,0,7.029323390,7.9830000e-05,-7.9830000e-05,134.6643400,8.990000e-03,-8.990000e-03,0.0980,0.3650,-0.0980,2.85300,0.25600,-0.25600,8.1600e+01,1.080e+01,-1.080e+01,0.92,2.400e-01,-8.000e-02,974.0,,,212.66,172.31,-61.09,8.70,1,q1_q17_dr25_tce,5977.00,182.00,-223.00,4.473,0.044,-0.187,1.0220,0.2730,-0.0910,291.993500,46.516071,14.270
8993,9777089,K07962.01,,FALSE POSITIVE,FALSE POSITIVE,0.0000,1,0,1,1,19.229478000,1.2620000e-03,-1.2620000e-03,132.5889000,4.070000e-02,-4.070000e-02,0.6990,0.0090,-0.5260,4.68000,3.80000,-3.80000,1.1580e+02,1.410e+01,-1.410e+01,1.97,6.100e-01,-5.100e-01,970.0,,,209.42,193.27,-110.26,8.10,1,q1_q17_dr25_tce,6654.00,187.00,-258.00,4.113,0.204,-0.185,1.7120,0.5340,-0.4370,294.470920,46.592979,14.429
8994,8561063,K00961.03,Kepler-42 d,CONFIRMED,CANDIDATE,1.0000,0,0,0,0,1.865114193,1.0050000e-06,-1.0050000e-06,133.7923440,4.760000e-04,-4.760000e-04,0.7850,0.1290,-0.5410,0.42790,0.02210,-0.02210,1.1248e+03,2.210e+01,-2.210e+01,0.66,1.700e-01,-8.000e-02,455.0,,,10.10,6.90,-2.42,56.90,2,q1_q17_dr25_tce,3292.00,44.00,-24.00,5.215,0.053,-0.098,0.1480,0.0390,-0.0170,292.219060,44.619160,15.920
8995,6233890,K01624.01,,FALSE POSITIVE,FALSE POSITIVE,0.0000,0,0,1,1,2.995404390,1.3520000e-05,-1.3520000e-05,132.7812800,3.050000e-03,-3.050000e-03,1.1790,1.2840,-0.1280,6.17200,0.17000,-0.17000,2.2320e+02,5.800e+00,-5.800e+00,65.37,1.107e+01,-2.581e+01,2195.0,,,5493.46,3148.36,-3753.83,45.60,1,q1_q17_dr25_tce,6106.00,218.00,-218.00,3.633,0.345,-0.115,3.0900,0.5230,-1.2200,299.128510,41.587540,13.173
8996,4844004,K01662.01,,FALSE POSITIVE,FALSE POSITIVE,0.0000,0,1,0,0,0.784031658,1.0000000e-06,-1.0000000e-06,133.3839100,1.000000e-03,-1.000000e-03,0.1020,0.3560,-0.1020,0.77730,0.05150,-0.05150,3.5220e+02,1.860e+01,-1.860e+01,1.55,3.200e-01,-1.100e-01,1705.0,,,1995.65,1336.95,-468.82,28.20,1,q1_q17_dr25_tce,5435.00,179.00,-163.00,4.578,0.027,-0.144,0.8240,0.1740,-0.0580,294.132020,39.981979,15.479
8997,6604328,K01736.01,Kepler-945 b,CONFIRMED,CANDIDATE,1.0000,0,0,0,0,31.003307200,1.8950000e-04,-1.8950000e-04,143.2908500,4.080000e-03,-4.080000e-03,0.1510,0.2940,-0.1510,5.25300,0.14200,-0.14200,6.4520e+02,3.350e+01,-3.350e+01,2.72,7.200e-01,-3.100e-01,616.0,,,34.03,27.86,-11.22,22.10,1,q1_q17_dr25_tce,6090.00,193.00,-236.00,4.447,0.058,-0.173,1.0710,0.2860,-0.1220,291.269740,42.096039,15.898
8998,8396405,K01733.01,,CANDIDATE,CANDIDATE,0.9380,0,0,0,0,19.181095250,9.1540000e-05,-9.1540000e-05,141.3709700,3.640000e-03,-3.640000e-03,0.0070,0.4210,-0.0070,2.42400,0.10400,-0.10400,8.6540e+02,5.570e+01,-5.570e+01,1.72,9.000e-02,-1.000e-01,513.0,,,16.42,4.31,-3.51,17.60,1,q1_q17_dr25_tce,5214.00,172.00,-156.00,4.673,0.059,-0.027,0.5870,0.0310,-0.0340,301.085720,44.380192,15.730
8999,10321972,K07998.01,,CANDIDATE,CANDIDATE,0.6920,0,0,0,0,122.115550000,1.8980000e-02,-1.8980000e-02,228.3800000,1.900000e-01,-1.900000e-01,0.2300,0.2140,-0.2300,16.07000,1.30000,-1.30000,1.1040e+03,1.060e+02,-1.060e+02,2.96,9.000e-01,-5.600e-01,351.0,,,3.60,3.44,-1.54,12.20,1,q1_q17_dr25_tce,5592.00,195.00,-195.00,4.418,0.156,-0.214,0.8940,0.2730,-0.1680,283.204800,47.478271,15.546
9000,10322797,K07999.01,,FALSE POSITIVE,FALSE POSITIVE,0.0000,0,0,0,1,1.213742728,8.8220000e-06,-8.8220000e-06,131.7412300,7.790000e-03,-7.790000e-03,0.6270,0.0560,-0.4700,3.59600,0.19800,-0.19800,3.1700e+01,1.900e+00,-1.900e+00,1.18,2.500e-01,-3.800e-01,2599.0,,,10804.60,6649.07,-6360.33,20.30,1,q1_q17_dr25_tce,6532.00,156.00,-195.00,3.961,0.266,-0.114,1.9870,0.4220,-0.6330,283.664280,47.400970,13.203
9001,10331279,K08000.01,,CANDIDATE,CANDIDATE,0.9750,0,0,0,0,225.488050000,1.8660000e-02,-1.8660000e-02,224.2023000,7.720000e-02,-7.720000e-02,0.8170,0.0240,-0.5680,19.46000,2.30000,-2.30000,3.7990e+02,4.210e+01,-4.210e+01,1.70,4.300e-01,-1.400e-01,267.0,,,1.20,0.90,-0.30,11.60,1,q1_q17_dr25_tce,5663.00,169.00,-152.00,4.579,0.040,-0.160,0.7820,0.1940,-0.0650,288.274570,47.495781,15.306
9002,10338529,K08002.01,,FALSE POSITIVE,FALSE POSITIVE,0.0870,1,0,0,0,366.748660000,1.9030000e-02,-1.9030000e-02,308.3136000,3.760000e-02,-3.760000e-02,0.6630,0.2840,-0.4390,12.44600,0.87400,-0.87400,4.1910e+02,5.490e+01,-5.490e+01,2.35,7.500e-01,-3.800e-01,281.0,,,1.48,1.44,-0.57,9.10,1,q1_q17_dr25_tce,6136.00,190.00,-212.00,4.368,0.108,-0.201,1.0870,0.3470,-0.1740,291.468380,47.467400,15.216
9003,10340212,K08003.01,,FALSE POSITIVE,FALSE POSITIVE,0.0000,1,0,1,1,0.933748940,1.4500000e-05,-1.4500000e-05,131.5260000,1.530000e-02,-1.530000e-02,0.4570,0.0280,-0.4570,4.63700,0.67000,-0.67000,2.2620e+02,4.060e+01,-4.060e+01,0.18,0.000e+00,0.000e+00,433.0,,,8.36,0.00,0.00,9.30,1,q1_q17_dr25_tce,2661.00,0.00,0.00,5.283,0.000,0.000,0.1160,0.0000,0.0000,292.111150,47.452293,13.810
9004,10383729,K08004.01,,FALSE POSITIVE,FALSE POSITIVE,0.0000,0,1,0,1,0.734548624,5.6820000e-06,-5.6820000e-06,132.1682600,9.060000e-03,-9.060000e-03,0.7470,0.0130,-0.5480,2.20700,0.16600,-0.16600,5.8600e+01,3.000e+00,-3.000e+00,0.84,2.600e-01,-9.000e-02,2082.0,,,4454.22,4156.44,-1315.92,25.10,1,q1_q17_dr25_tce,6046.00,169.00,-190.00,4.478,0.054,-0.216,1.0070,0.3180,-0.1060,280.901790,47.526241,13.594
9005,5709226,K08104.01,,FALSE POSITIVE,FALSE POSITIVE,0.0500,1,0,0,0,317.994840000,1.1310000e-02,-1.1310000e-02,393.0306000,2.120000e-02,-2.120000e-02,0.4050,0.0420,-0.4050,7.28000,1.10000,-1.10000,7.1900e+02,1.180e+02,-1.180e+02,2.22,5.800e-01,-2.000e-01,241.0,,,0.79,0.64,-0.20,8.40,1,q1_q17_dr25_tce,5665.00,169.00,-169.00,4.568,0.031,-0.178,0.8200,0.2160,-0.0720,292.968350,40.954239,15.181
9006,5775090,K08105.01,,FALSE POSITIVE,FALSE POSITIVE,0.0210,1,0,0,0,432.967320000,2.8190000e-02,-2.8190000e-02,173.2686000,5.590000e-02,-5.590000e-02,0.1890,0.2870,-0.1890,10.85000,1.30000,-1.30000,8.6600e+02,1.100e+02,-1.100e+02,1.64,1.700e-01,-1.300e-01,151.0,,,0.12,0.05,-0.03,10.00,1,q1_q17_dr25_tce,4403.00,131.00,-144.00,4.700,0.036,-0.049,0.5760,0.0610,-0.0450,286.240230,41.022572,15.848
9007,5791705,K08106.01,,FALSE POSITIVE,FALSE POSITIVE,0.2170,1,0,0,0,614.390540000,1.6910000e-02,-1.6910000e-02,332.5045000,2.080000e-02,-2.080000e-02,0.1100,0.3560,-0.1100,9.31200,0.85600,-0.85600,2.8910e+02,3.430e+01,-3.430e+01,2.43,4.500e-01,-4.400e-01,269.0,,,1.24,0.58,-0.45,10.20,1,q1_q17_dr25_tce,6228.00,74.00,-80.00,4.193,0.149,-0.122,1.4270,0.2620,-0.2620,292.069310,41.042858,13.541
9008,5802205,K08107.01,,CANDIDATE,CANDIDATE,0.3810,0,0,0,0,578.887610000,2.1970000e-02,-2.1970000e-02,219.2878000,2.300000e-02,-2.300000e-02,0.2400,0.2120,-0.2400,18.52100,0.95900,-0.95900,7.6800e+01,5.800e+00,-5.800e+00,1.69,4.500e-01,-6.700e-01,315.0,,,2.32,1.88,-1.60,15.10,1,q1_q17_dr25_tce,6180.00,195.00,-238.00,3.946,0.405,-0.135,1.9170,0.5070,-0.7600,295.087490,41.037395,11.402
9009,5812648,K08108.01,,FALSE POSITIVE,FALSE POSITIVE,0.0800,1,0,0,0,238.561202000,7.7500000e-03,-7.7500000e-03,273.2378000,2.570000e-02,-2.570000e-02,0.7320,0.2010,-0.4930,11.90000,1.30000,-1.30000,2.6020e+02,1.990e+01,-1.990e+01,5.75,9.600e-01,-2.410e+00,568.0,,,24.55,12.70,-17.32,16.40,6,q1_q17_dr25_tce,6565.00,178.00,-218.00,3.573,0.345,-0.115,3.3080,0.5550,-1.3870,297.445070,41.010571,12.995
9010,5858919,K08109.01,,CANDIDATE,CANDIDATE,0.2240,0,0,0,0,218.771117000,2.8180000e-03,-2.8180000e-03,250.9246900,8.690000e-03,-8.690000e-03,0.9500,0.0080,-0.6560,3.20100,0.34400,-0.34400,1.4010e+02,2.100e+01,-2.100e+01,250.20,8.200e+00,-2.625e+01,1997.0,,,3757.91,711.61,-1065.95,8.40,1,q1_q17_dr25_tce,3297.00,91.00,-91.00,0.236,0.027,-0.033,151.1840,4.9560,-15.8590,285.293880,41.102600,12.429
9011,10519701,K08212.01,,FALSE POSITIVE,FALSE POSITIVE,0.0790,1,0,0,0,334.874020000,2.4120000e-02,-2.4120000e-02,426.2844000,4.780000e-02,-4.780000e-02,1.1650,6.8910,-0.3310,35.42000,4.10000,-4.10000,3.8780e+02,2.800e+01,-2.800e+01,47.48,8.780e+00,-1.630e+01,408.0,,,6.52,3.78,-4.00,19.10,1,q1_q17_dr25_tce,6122.00,183.00,-165.00,3.811,0.293,-0.098,2.3480,0.4340,-0.8060,284.426330,47.737759,13.381
9012,10664150,K08213.01,,FALSE POSITIVE,FALSE POSITIVE,0.1290,1,0,0,0,370.240200000,2.0500000e-02,-2.0500000e-02,307.3322000,2.890000e-02,-2.890000e-02,1.2390,7.0560,-0.3410,31.46000,2.20000,-2.20000,1.2726e+03,7.670e+01,-7.670e+01,29.24,9.230e+00,-3.090e+00,270.0,,,1.26,1.17,-0.39,20.50,1,q1_q17_dr25_tce,6296.00,169.00,-226.00,4.481,0.052,-0.208,0.9660,0.3050,-0.1020,291.294250,47.944511,15.590
9013,10735575,K08214.01,,FALSE POSITIVE,FALSE POSITIVE,0.0000,0,1,1,1,1.674981200,1.7980000e-05,-1.7980000e-05,131.7928800,9.240000e-03,-9.240000e-03,0.3820,0.0770,-0.3820,2.70700,0.41100,-0.41100,9.4000e+01,1.310e+01,-1.310e+01,79.51,1.046e+01,-1.941e+01,8986.0,,,1540745.80,561012.86,-715515.02,8.90,1,q1_q17_dr25_tce,3940.00,63.00,-63.00,0.760,0.137,-0.112,84.4610,11.1050,-20.6230,293.578950,48.006020,11.709
9014,10753394,K08215.01,,FALSE POSITIVE,FALSE POSITIVE,0.0100,1,0,0,0,288.678554000,5.9320000e-03,-5.9320000e-03,143.8403000,1.460000e-02,-1.460000e-02,0.7170,0.2500,-0.4970,9.19700,0.67500,-0.67500,2.4250e+02,2.500e+01,-2.500e+01,0.96,7.000e-02,-9.000e-02,172.0,,,0.21,0.06,-0.06,10.80,1,q1_q17_dr25_tce,4326.00,131.00,-131.00,4.667,0.054,-0.027,0.5750,0.0450,-0.0560,298.989320,48.077171,13.145
9015,10875937,K08216.01,,FALSE POSITIVE,FALSE POSITIVE,0.0000,1,0,0,0,307.947357180,2.7780000e-02,-2.7780000e-02,316.0192261,1.000000e-01,-1.000000e-01,0.9660,6.7930,-0.2930,15.00000,4.40000,-4.40000,1.1296e+04,9.630e+02,-9.630e+02,76.66,4.757e+01,-2.560e+01,492.0,,,13.83,27.06,-8.26,16.50,7,q1_q17_dr25_tce,4878.00,147.00,-117.00,3.080,0.413,-0.413,4.4610,2.7680,-1.4900,297.230990,48.223919,14.092
9016,10907307,K08217.01,,FALSE POSITIVE,FALSE POSITIVE,0.0000,1,0,0,0,277.251180000,1.2690000e-02,-1.2690000e-02,400.0395000,3.220000e-02,-3.220000e-02,0.9320,0.0290,-0.6420,8.74200,0.49000,-0.49000,1.5174e+03,9.790e+01,-9.790e+01,5.02,1.360e+00,-9.100e-01,304.0,,,2.02,1.61,-0.81,15.30,1,q1_q17_dr25_tce,6046.00,164.00,-164.00,4.357,0.136,-0.187,1.0480,0.2850,-0.1900,284.741270,48.343670,12.349
9017,4908495,K06468.01,,FALSE POSITIVE,FALSE POSITIVE,0.0000,0,1,0,0,1.560158562,3.3200000e-07,-3.3200000e-07,132.3685180,1.780000e-04,-1.780000e-04,0.7120,0.0650,-0.0540,3.42480,0.01070,-0.01070,2.4016e+05,6.150e+02,-6.150e+02,45.91,3.860e+00,-4.720e+00,1223.0,,,530.79,163.20,-152.60,459.90,1,q1_q17_dr25_tce,4926.00,133.00,-148.00,4.548,0.072,-0.044,0.7490,0.0630,-0.0770,286.657680,40.027260,13.871
9018,4914737,K06471.01,,FALSE POSITIVE,FALSE POSITIVE,0.0000,0,1,0,1,8.653119030,6.0390000e-05,-6.0390000e-05,134.3012800,6.270000e-03,-6.270000e-03,0.7010,0.2500,-0.4570,1.27300,0.36500,-0.36500,2.0680e+02,4.170e+01,-4.170e+01,0.85,3.000e-02,-5.000e-02,493.0,,,13.95,2.36,-2.44,8.90,1,q1_q17_dr25_tce,3929.00,70.00,-78.00,4.705,0.027,-0.020,0.5500,0.0240,-0.0300,289.088750,40.018162,15.109
9019,5083252,K06512.01,,FALSE POSITIVE,FALSE POSITIVE,0.0000,1,0,0,0,2.500560859,,,131.6761907,,,0.1040,,,7.59020,,,2.0400e+01,,,0.48,1.600e-01,-6.000e-02,1486.0,,,1149.55,1116.77,-352.76,4.50,1,q1_q17_dr25_tce,6305.00,169.00,-206.00,4.422,0.070,-0.210,1.0520,0.3490,-0.1160,286.277890,40.273029,15.039
9020,5272571,K06550.01,,FALSE POSITIVE,FALSE POSITIVE,0.0000,0,0,1,1,1.288046428,9.2650000e-06,-9.2650000e-06,132.0008800,7.630000e-03,-7.630000e-03,0.2190,0.2490,-0.2190,3.63700,0.17100,-0.17100,3.2300e+01,1.900e+00,-1.900e+00,2.18,4.800e-01,-3.900e-01,2945.0,,,17822.99,9957.03,-6335.25,20.30,1,q1_q17_dr25_tce,5216.00,67.00,-62.00,3.287,0.143,-0.130,3.8710,0.8400,-0.6880,291.052920,40.447670,12.479
9021,5288543,K06555.01,,FALSE POSITIVE,FALSE POSITIVE,0.0000,0,1,0,0,3.457078812,8.0000000e-08,-8.0000000e-08,131.8058069,1.930000e-05,-1.930000e-05,0.3170,0.0060,-0.0010,5.24058,0.00250,-0.00250,3.1552e+05,3.990e+01,-3.990e+01,86.12,2.569e+01,-2.103e+01,1603.0,,,1560.40,1373.70,-798.11,6009.00,1,q1_q17_dr25_tce,6526.00,181.00,-250.00,4.182,0.180,-0.180,1.4820,0.4420,-0.3620,295.494110,40.406204,13.585
9022,3241647,K07650.01,,FALSE POSITIVE,FALSE POSITIVE,0.0000,0,0,1,1,0.851678507,8.3830000e-06,-8.3830000e-06,131.6231700,7.810000e-03,-7.810000e-03,0.4180,0.0440,-0.4180,2.02800,0.28000,-0.28000,6.7900e+01,9.200e+00,-9.200e+00,0.85,2.200e-01,-1.400e-01,1840.0,,,2698.28,2163.05,-1028.28,9.10,1,q1_q17_dr25_tce,5403.00,164.00,-164.00,4.389,0.124,-0.186,1.0290,0.2720,-0.1680,293.101530,38.340618,15.250
9023,3448456,K07656.01,,FALSE POSITIVE,FALSE POSITIVE,0.0000,1,0,1,0,0.776950288,2.0280000e-06,-2.0280000e-06,132.0396000,2.460000e-03,-2.460000e-03,0.0470,0.4050,-0.0470,1.28800,0.06050,-0.06050,3.9600e+02,1.860e+01,-1.860e+01,1.72,5.200e-01,-1.700e-01,1882.0,,,2974.07,2726.23,-888.99,25.80,1,q1_q17_dr25_tce,5861.00,186.00,-206.00,4.546,0.036,-0.204,0.8650,0.2600,-0.0870,292.672940,38.589970,15.832
9024,3644631,K07659.01,,FALSE POSITIVE,FALSE POSITIVE,0.0000,1,0,1,0,358.962470000,3.6240000e-02,-3.6240000e-02,295.9933000,5.830000e-02,-5.830000e-02,0.4240,0.0260,-0.4240,23.49000,2.00000,-2.00000,6.7080e+02,6.700e+01,-6.700e+01,2.37,7.200e-01,-2.300e-01,242.0,,,0.81,0.73,-0.23,12.10,1,q1_q17_dr25_tce,5743.00,156.00,-190.00,4.527,0.048,-0.204,0.9040,0.2750,-0.0860,291.195590,38.788078,15.389
9025,3644738,K07660.01,,FALSE POSITIVE,FALSE POSITIVE,0.0000,1,0,1,0,358.968440000,2.9220000e-02,-2.9220000e-02,295.8289000,4.730000e-02,-4.730000e-02,0.1510,0.3020,-0.1510,21.71000,1.40000,-1.40000,8.0780e+02,7.040e+01,-7.040e+01,2.70,7.000e-01,-3.000e-01,263.0,,,1.13,0.86,-0.35,13.30,1,q1_q17_dr25_tce,6117.00,170.00,-212.00,4.496,0.046,-0.184,0.9470,0.2440,-0.1040,291.227600,38.771351,15.360
9026,3848083,K07670.01,,CANDIDATE,CANDIDATE,0.9990,0,0,0,0,8.479526600,3.5400000e-04,-3.5400000e-04,138.1276000,4.090000e-02,-4.090000e-02,0.1360,0.3250,-0.1360,6.05200,0.90000,-0.90000,1.6330e+02,2.420e+01,-2.420e+01,1.18,3.300e-01,-1.100e-01,865.0,,,132.02,109.18,-39.30,8.00,1,q1_q17_dr25_tce,5841.00,163.00,-225.00,4.520,0.046,-0.196,0.9310,0.2600,-0.0870,290.815890,38.970921,15.994
9027,6209677,K01750.01,Kepler-948 b,CONFIRMED,CANDIDATE,0.9990,0,0,0,0,7.768456390,4.1110000e-05,-4.1110000e-05,138.0660200,4.030000e-03,-4.030000e-03,0.3530,0.1240,-0.3530,3.68900,0.12800,-0.12800,2.1780e+02,1.020e+01,-1.020e+01,1.35,1.500e-01,-1.000e-01,841.0,,,118.09,36.60,-21.63,23.60,1,q1_q17_dr25_tce,5447.00,81.00,-81.00,4.481,0.053,-0.098,0.9170,0.1020,-0.0630,293.300230,41.523338,14.800
9028,9529744,K01806.01,,FALSE POSITIVE,FALSE POSITIVE,0.0000,1,0,1,1,2.404556949,3.7340000e-06,-3.7340000e-06,131.6761600,1.440000e-03,-1.440000e-03,0.9700,0.0010,-0.0010,7.49180,0.07420,-0.07420,4.0870e+02,3.700e+00,-3.700e+00,4.69,1.080e+00,-1.330e+00,1958.0,,,3474.41,2393.20,-1876.71,147.10,1,q1_q17_dr25_tce,6426.00,175.00,-175.00,4.013,0.259,-0.130,1.7750,0.4110,-0.5030,293.213560,46.175129,13.474
9029,2860114,K02170.01,,FALSE POSITIVE,FALSE POSITIVE,0.0000,0,0,1,0,0.941603153,9.2500000e-07,-9.2500000e-07,132.9761710,8.140000e-04,-8.140000e-04,0.9300,0.0030,-0.6570,1.18860,0.02840,-0.02840,4.6210e+02,1.190e+01,-1.190e+01,2.29,3.500e-01,-2.900e-01,1608.0,,,1575.78,788.16,-509.55,46.20,1,q1_q17_dr25_tce,5237.00,158.00,-158.00,4.481,0.096,-0.120,0.8370,0.1290,-0.1050,293.065980,38.042011,14.834
9030,5125347,K02241.01,,CANDIDATE,CANDIDATE,0.9840,0,0,0,0,7.165204280,2.6730000e-05,-2.6730000e-05,132.9692100,3.020000e-03,-3.020000e-03,0.1420,0.3150,-0.1420,1.70500,0.10800,-0.10800,4.3380e+02,2.900e+01,-2.900e+01,2.31,7.400e-01,-2.700e-01,1034.0,,,270.34,259.40,-92.50,17.60,1,q1_q17_dr25_tce,6174.00,173.00,-260.00,4.417,0.054,-0.216,1.1030,0.3580,-0.1280,298.084530,40.283249,15.302
9031,9156585,K02054.01,,FALSE POSITIVE,FALSE POSITIVE,0.0000,0,0,1,0,22.324236570,9.4360000e-05,-9.4360000e-05,134.4476300,3.660000e-03,-3.660000e-03,0.9650,0.8590,-0.0350,3.66900,0.17000,-0.17000,1.2993e+03,5.600e+01,-5.600e+01,4.56,1.210e+00,-5.200e-01,611.0,,,32.87,26.35,-10.02,29.90,1,q1_q17_dr25_tce,5648.00,169.00,-169.00,4.489,0.062,-0.188,0.9120,0.2420,-0.1040,292.630520,45.574219,15.612
9032,10389280,K08005.01,,FALSE POSITIVE,FALSE POSITIVE,0.0750,1,0,0,0,375.408923000,9.4580000e-03,-9.4580000e-03,364.4869000,2.350000e-02,-2.350000e-02,0.5290,0.0230,-0.4410,11.43800,0.40100,-0.40100,8.7300e+01,6.400e+00,-6.400e+00,4.48,4.100e-01,-2.470e+00,858.0,,,128.15,39.46,-107.31,15.30,1,q1_q17_dr25_tce,11357.00,265.00,-575.00,3.667,0.495,-0.055,4.5280,0.4170,-2.5020,284.341030,47.553780,10.250
9033,10397315,K08006.01,,FALSE POSITIVE,FALSE POSITIVE,0.0000,0,0,0,1,2.178127690,1.6860000e-05,-1.6860000e-05,132.0292200,5.520000e-03,-5.520000e-03,0.5330,0.0630,-0.4380,1.64500,0.20900,-0.20900,6.1700e+01,7.300e+00,-7.300e+00,0.78,2.400e-01,-8.000e-02,1421.0,,,963.16,884.00,-287.41,10.40,1,q1_q17_dr25_tce,6014.00,162.00,-198.00,4.494,0.054,-0.216,0.9580,0.3000,-0.1000,288.618590,47.557201,14.358
9034,10403228,K08007.01,,CANDIDATE,CANDIDATE,0.8040,0,0,0,0,67.176626864,,,144.1192641,,,1.2360,,,3.11470,,,1.6899e+03,,,9.66,1.180e+00,-1.050e+00,179.0,,,0.24,0.08,-0.06,5.90,3,q1_q17_dr25_tce,3391.00,44.00,-40.00,4.936,0.048,-0.032,0.3110,0.0380,-0.0340,291.226720,47.549980,16.064
9035,10405482,K08009.01,,FALSE POSITIVE,FALSE POSITIVE,0.0000,1,0,1,1,0.933738950,2.6590000e-05,-2.6590000e-05,132.4707000,3.040000e-02,-3.040000e-02,0.2590,0.2260,-0.2590,4.15600,0.51500,-0.51500,3.9600e+01,4.700e+00,-4.700e+00,0.64,2.100e-01,-7.000e-02,1993.0,,,3723.37,3729.13,-1153.35,10.50,1,q1_q17_dr25_tce,6223.00,188.00,-206.00,4.459,0.056,-0.224,1.0060,0.3350,-0.1120,292.131930,47.563740,15.194
9036,10405546,K08010.01,,FALSE POSITIVE,FALSE POSITIVE,0.0000,0,0,1,1,0.933737180,1.2020000e-05,-1.2020000e-05,132.4634000,1.190000e-02,-1.190000e-02,0.2900,0.1670,-0.2900,2.58200,0.32100,-0.32100,1.8900e+01,2.900e+00,-2.900e+00,0.48,1.400e-01,-6.000e-02,2097.0,,,4570.22,3788.06,-1414.86,8.40,1,q1_q17_dr25_tce,6367.00,141.00,-188.00,4.419,0.062,-0.188,1.0870,0.3200,-0.1280,292.154880,47.562019,13.685
9037,10407191,K08011.01,,CANDIDATE,CANDIDATE,1.0000,0,0,0,0,0.934206960,,,131.7425690,,,,,,3.50000,,,,,,,,,,,,,,,,1,q1_q17_dr25_tce,,,,,,,,,,292.832000,47.507389,17.305
9038,5955197,K08111.01,,CANDIDATE,CANDIDATE,0.2230,0,0,0,0,359.338310000,1.1730000e-02,-1.1730000e-02,152.5082000,3.090000e-02,-3.090000e-02,0.1760,0.2790,-0.1760,18.56600,0.90800,-0.90800,9.7790e+02,7.170e+01,-7.170e+01,2.33,3.100e-01,-2.900e-01,216.0,,,0.52,0.26,-0.17,15.80,1,q1_q17_dr25_tce,5316.00,204.00,-186.00,4.539,0.085,-0.076,0.7530,0.1020,-0.0920,290.143040,41.277550,15.825
9039,5955427,K08112.01,,FALSE POSITIVE,FALSE POSITIVE,0.0000,1,0,0,0,213.201978000,6.6320000e-03,-6.6320000e-03,309.9395000,2.790000e-02,-2.790000e-02,0.2140,0.2410,-0.2140,15.39600,0.83900,-0.83900,6.9690e+02,6.210e+01,-6.210e+01,1.91,8.000e-02,-1.600e-01,221.0,,,0.56,0.13,-0.14,12.90,1,q1_q17_dr25_tce,4594.00,138.00,-138.00,4.557,0.060,-0.020,0.7520,0.0310,-0.0620,290.219600,41.246811,15.599
9040,5956977,K08113.01,,FALSE POSITIVE,FALSE POSITIVE,0.1080,1,0,0,0,77.773042000,1.0910000e-03,-1.0910000e-03,168.8387000,1.220000e-02,-1.220000e-02,0.5580,0.4120,-0.3490,2.28500,0.39100,-0.39100,4.3260e+02,7.240e+01,-7.240e+01,15.03,3.130e+00,-5.200e-01,955.0,,,196.50,109.88,-19.91,7.70,1,q1_q17_dr25_tce,4763.00,79.00,-43.00,2.685,0.030,-0.030,7.0680,1.4720,-0.2450,290.717830,41.247318,12.393
9041,6043574,K08114.01,,FALSE POSITIVE,FALSE POSITIVE,0.1020,1,0,0,0,381.782641000,7.2630000e-03,-7.2630000e-03,241.1226000,1.150000e-02,-1.150000e-02,1.2040,7.0050,-0.0480,4.52000,1.10000,-1.10000,3.6760e+02,6.010e+01,-6.010e+01,55.75,1.056e+01,-2.113e+01,384.0,,,5.12,3.03,-3.35,8.60,1,q1_q17_dr25_tce,6056.00,183.00,-165.00,3.816,0.300,-0.100,2.2900,0.4340,-0.8680,292.190370,41.311440,12.428
9042,6049470,K08115.01,,FALSE POSITIVE,FALSE POSITIVE,0.0480,1,0,0,0,354.789700000,1.3400000e-01,-1.3400000e-01,434.3940000,1.560000e-01,-1.560000e-01,0.4490,0.0200,-0.4490,12.62000,7.70000,-7.70000,8.1000e+01,1.050e+01,-1.050e+01,0.47,4.000e-02,-7.000e-02,134.0,,,0.08,0.02,-0.03,9.20,1,q1_q17_dr25_tce,3778.00,76.00,-83.00,4.742,0.071,-0.038,0.5150,0.0480,-0.0710,293.964230,41.318802,10.067
9043,6105359,K08116.01,,FALSE POSITIVE,FALSE POSITIVE,0.2530,1,0,0,0,235.544698000,8.2290000e-03,-8.2290000e-03,191.2774000,2.240000e-02,-2.240000e-02,0.0050,0.4530,-0.0050,8.93000,0.82500,-0.82500,2.9930e+02,3.590e+01,-3.590e+01,2.13,5.500e-01,-5.500e-01,316.0,,,2.36,1.84,-1.21,9.20,1,q1_q17_dr25_tce,5533.00,166.00,-166.00,4.244,0.220,-0.160,1.2550,0.3250,-0.3250,284.932160,41.454010,14.489
9044,11099109,K08219.01,,FALSE POSITIVE,FALSE POSITIVE,0.0000,1,0,0,0,115.284150000,3.7390000e-02,-3.7390000e-02,219.6120000,3.070000e-01,-3.070000e-01,0.3900,0.0440,-0.3900,11.39000,7.60000,-7.60000,4.1510e+02,4.130e+01,-4.130e+01,2.05,0.000e+00,0.000e+00,374.0,,,4.63,0.00,0.00,9.50,1,q1_q17_dr25_tce,5780.00,,,4.438,,,1.0000,,,298.186190,48.685757,13.652
9045,11338091,K08221.01,,FALSE POSITIVE,FALSE POSITIVE,0.0920,1,0,0,0,293.386410000,1.8110000e-02,-1.8110000e-02,308.6624000,3.490000e-02,-3.490000e-02,0.5370,0.4150,-0.3240,15.23000,3.30000,-3.30000,9.4900e+01,6.900e+00,-6.900e+00,1.35,3.900e-01,-3.100e-01,347.0,,,3.43,2.91,-1.69,13.40,1,q1_q17_dr25_tce,6392.00,181.00,-227.00,4.213,0.185,-0.185,1.3400,0.3820,-0.3130,284.790710,49.125359,11.097
9046,11400356,K08222.01,,FALSE POSITIVE,FALSE POSITIVE,0.1120,1,0,0,0,677.562820000,3.2860000e-02,-3.2860000e-02,214.2391000,4.450000e-02,-4.450000e-02,0.5370,0.4380,-0.3230,10.53000,2.40000,-2.40000,6.3100e+02,1.190e+02,-1.190e+02,2.24,5.100e-01,-2.700e-01,190.0,,,0.31,0.22,-0.10,8.50,1,q1_q17_dr25_tce,5511.00,166.00,-166.00,4.477,0.096,-0.144,0.8720,0.1960,-0.1050,290.476230,49.202610,15.721
9047,11446424,K08223.01,,CANDIDATE,CANDIDATE,0.5220,0,0,0,0,66.716453000,1.9380000e-03,-1.9380000e-03,150.0569000,2.440000e-02,-2.440000e-02,0.5480,0.0060,-0.4880,3.85500,0.91200,-0.91200,6.2600e+02,1.250e+02,-1.250e+02,2.20,4.800e-01,-2.300e-01,402.0,,,6.18,4.14,-1.83,8.10,1,q1_q17_dr25_tce,5447.00,164.00,-164.00,4.506,0.074,-0.137,0.8590,0.1870,-0.0930,286.794620,49.347591,15.968
9048,11449696,K08224.01,,FALSE POSITIVE,FALSE POSITIVE,0.0270,1,0,0,0,371.212050000,2.2120000e-02,-2.2120000e-02,307.6693000,5.420000e-02,-5.420000e-02,0.3570,0.1160,-0.3570,19.95000,1.60000,-1.60000,7.1990e+02,6.810e+01,-6.810e+01,2.55,8.100e-01,-2.800e-01,259.0,,,1.07,1.01,-0.35,12.90,1,q1_q17_dr25_tce,6106.00,191.00,-233.00,4.497,0.054,-0.216,0.9400,0.2950,-0.1050,288.814090,49.355610,15.402
9049,11456839,K08225.01,,FALSE POSITIVE,FALSE POSITIVE,0.0000,1,0,0,0,190.783023000,5.0170000e-03,-5.0170000e-03,213.6601000,1.210000e-02,-1.210000e-02,0.0880,0.3840,-0.0880,4.06900,0.42000,-0.42000,1.3850e+03,1.770e+02,-1.770e+02,71.66,2.880e+00,-2.596e+01,989.0,,,226.51,38.74,-154.58,9.50,1,q1_q17_dr25_tce,5013.00,100.00,-301.00,2.394,0.039,-0.024,19.8130,0.7970,-7.1760,292.735110,49.330639,13.716
9050,5462901,K06581.01,,FALSE POSITIVE,FALSE POSITIVE,0.0000,0,1,0,0,5.270733213,1.0380000e-06,-1.0380000e-06,136.1808530,1.690000e-04,-1.690000e-04,0.4280,1.1660,-0.1280,2.78220,0.03520,-0.03520,2.9364e+05,1.334e+03,-1.334e+03,37.93,2.010e+00,-3.470e+00,693.0,,,54.59,14.81,-16.03,553.00,1,q1_q17_dr25_tce,4348.00,151.00,-166.00,4.601,0.053,-0.021,0.6780,0.0360,-0.0620,295.755550,40.618660,15.953
9051,5513833,K06591.01,,FALSE POSITIVE,FALSE POSITIVE,0.0000,1,0,1,1,0.755101141,6.1140000e-06,-6.1140000e-06,131.8211000,8.110000e-03,-8.110000e-03,0.5230,0.0040,-0.4910,3.37100,0.23800,-0.23800,7.6700e+01,7.100e+00,-7.100e+00,0.19,2.000e-02,-2.000e-02,680.0,,,50.92,20.28,-12.10,13.40,1,q1_q17_dr25_tce,3256.00,39.00,-29.00,5.071,0.044,-0.044,0.2070,0.0320,-0.0230,284.330020,40.736401,15.237
9052,5632781,K06609.01,,FALSE POSITIVE,FALSE POSITIVE,0.0000,1,0,0,0,11.025202050,1.4140000e-06,-1.4140000e-06,131.7156310,1.060000e-04,-1.060000e-04,0.4390,0.0090,-0.0040,12.80970,0.00640,-0.00640,4.2976e+05,2.150e+02,-2.150e+02,164.02,5.248e+01,-1.050e+02,1294.0,,,663.18,652.98,-586.18,2585.50,1,q1_q17_dr25_tce,6047.00,200.00,-164.00,3.724,0.720,-0.180,2.3000,0.7360,-1.4720,295.438290,40.843578,12.113
9053,6044064,K06652.01,,FALSE POSITIVE,FALSE POSITIVE,0.0000,0,1,0,0,5.063188030,1.2100000e-06,-1.2100000e-06,133.7072850,1.960000e-04,-1.960000e-04,3.4000,0.1080,-0.1310,13.89130,0.02100,-0.02100,6.6268e+05,5.050e+02,-5.050e+02,302.18,4.098e+01,-3.697e+01,908.0,,,160.52,77.18,-51.79,1602.70,1,q1_q17_dr25_tce,5375.00,189.00,-170.00,4.531,0.099,-0.081,0.7520,0.1020,-0.0920,292.353150,41.324242,15.001
9054,4072271,K07680.01,,CANDIDATE,CANDIDATE,0.4270,0,0,0,0,219.205790000,1.4660000e-02,-1.4660000e-02,327.8910000,3.800000e-02,-3.800000e-02,0.5170,0.0070,-0.4670,14.50000,1.50000,-1.50000,2.0780e+02,1.670e+01,-1.670e+01,2.66,8.500e-01,-5.600e-01,456.0,,,10.18,9.55,-4.89,15.20,1,q1_q17_dr25_tce,6990.00,194.00,-305.00,4.115,0.148,-0.181,1.7850,0.5670,-0.3780,295.315120,39.141048,12.449
9055,4073089,K07682.01,,FALSE POSITIVE,FALSE POSITIVE,0.0000,1,0,0,0,58.873429000,2.0720000e-03,-2.0720000e-03,153.9076000,4.500000e-02,-4.500000e-02,0.0000,0.0550,0.0000,17.48700,0.15300,-0.15300,2.2647e+05,2.519e+03,-2.519e+03,76.18,2.546e+01,-1.564e+01,679.0,,,50.35,51.38,-23.84,106.80,1,q1_q17_dr25_tce,7078.00,228.00,-314.00,4.192,0.128,-0.192,1.5680,0.5240,-0.3220,295.490110,39.105862,14.048
9056,4252671,K07687.01,,CANDIDATE,CANDIDATE,0.9500,0,0,0,0,23.266633000,4.2170000e-04,-4.2170000e-04,132.4386000,1.600000e-02,-1.600000e-02,0.0920,0.3570,-0.0920,8.31500,0.39100,-0.39100,4.9900e+01,4.900e+00,-4.900e+00,2.66,4.700e-01,-8.600e-01,1156.0,,,422.77,188.54,-242.01,11.40,1,q1_q17_dr25_tce,5758.00,68.00,-94.00,3.456,0.224,-0.096,3.7750,0.6590,-1.2240,288.869080,39.309860,13.047
9057,4390912,K07695.01,,FALSE POSITIVE,FALSE POSITIVE,0.0000,1,0,1,0,0.687506554,4.1990000e-06,-4.1990000e-06,131.8596400,4.990000e-03,-4.990000e-03,0.0850,0.3720,-0.0850,1.44100,0.16400,-0.16400,1.3030e+02,1.200e+01,-1.200e+01,8.73,1.460e+00,-2.500e-01,4748.0,,,120304.40,51614.14,-11923.05,14.40,1,q1_q17_dr25_tce,4643.00,55.00,-55.00,2.595,0.024,-0.033,7.9060,1.3250,-0.2210,297.333770,39.447590,12.467
9058,4472143,K07696.01,,FALSE POSITIVE,FALSE POSITIVE,0.0440,1,0,0,0,472.071079000,6.2060000e-03,-6.2060000e-03,310.7718000,1.200000e-02,-1.200000e-02,0.3880,0.0750,-0.3880,5.75900,0.64800,-0.64800,2.5260e+02,5.350e+01,-5.350e+01,2.01,1.700e-01,-8.000e-02,268.0,,,1.22,0.30,-0.14,6.40,1,q1_q17_dr25_tce,6186.00,83.00,-74.00,4.358,0.020,-0.064,1.2530,0.1090,-0.0470,293.725280,39.511971,14.002
9059,6696580,K02092.01,Kepler-359 c,CONFIRMED,CANDIDATE,0.9810,0,0,0,0,57.689621200,3.5450000e-04,-3.5450000e-04,139.9275300,5.270000e-03,-5.270000e-03,0.9240,0.0340,-0.6380,5.11800,0.25800,-0.25800,1.6266e+03,5.720e+01,-5.720e+01,5.14,1.540e+00,-6.600e-01,512.0,,,16.19,14.71,-5.81,30.20,1,q1_q17_dr25_tce,6228.00,196.00,-261.00,4.441,0.065,-0.195,1.0490,0.3130,-0.1340,293.293640,42.196350,15.886
9060,3234598,K02413.01,Kepler-383 b,CONFIRMED,CANDIDATE,1.0000,0,0,0,0,12.904675230,7.1370000e-05,-7.1370000e-05,144.3200900,4.510000e-03,-4.510000e-03,0.5530,0.3860,-0.3380,3.28000,0.13100,-0.13100,4.1240e+02,2.160e+01,-2.160e+01,1.49,4.000e-02,-8.000e-02,545.0,,,20.91,2.66,-3.44,21.20,1,q1_q17_dr25_tce,4513.00,71.00,-80.00,4.574,0.048,-0.012,0.7220,0.0210,-0.0380,291.342590,38.363129,15.070
9061,8380709,K02468.01,Kepler-1249 b,CONFIRMED,CANDIDATE,0.9970,0,0,0,0,24.334493900,2.8290000e-04,-2.8290000e-04,147.4189200,8.950000e-03,-8.950000e-03,0.0170,0.4290,-0.0170,6.55700,0.26100,-0.26100,3.2310e+02,2.080e+01,-2.080e+01,1.74,5.100e-01,-1.800e-01,647.0,,,41.30,35.82,-12.53,18.10,1,q1_q17_dr25_tce,6091.00,169.00,-211.00,4.487,0.050,-0.200,0.9670,0.2840,-0.1010,296.894840,44.371780,15.373
9062,11752632,K02492.01,Kepler-1258 b,CONFIRMED,CANDIDATE,1.0000,0,0,0,0,0.984941669,3.0730000e-06,-3.0730000e-06,133.3180100,2.600000e-03,-2.600000e-03,0.0450,0.4250,-0.0450,1.97240,0.07630,-0.07630,8.1400e+01,4.100e+00,-4.100e+00,1.49,2.300e-01,-3.400e-01,2335.0,,,7044.68,2815.50,-3063.53,22.90,1,q1_q17_dr25_tce,5825.00,79.00,-79.00,4.046,0.196,-0.084,1.6620,0.2520,-0.3780,285.404940,49.994740,13.835
9063,11179076,K02497.01,Kepler-1261 b,CONFIRMED,CANDIDATE,0.9850,0,0,0,0,48.431300300,3.5480000e-04,-3.5480000e-04,141.4561200,5.920000e-03,-5.920000e-03,0.8460,0.0720,-0.5940,4.03000,0.19200,-0.19200,8.8640e+02,5.890e+01,-5.890e+01,2.78,1.000e-01,-1.900e-01,396.0,,,5.81,0.82,-1.13,17.30,1,q1_q17_dr25_tce,4891.00,78.00,-87.00,4.516,0.067,-0.018,0.8050,0.0280,-0.0560,285.232450,48.806721,15.605
9064,10452252,K08012.01,,CANDIDATE,CANDIDATE,0.9890,0,0,0,0,34.573718512,,,136.2275493,,,0.2200,,,2.17420,,,3.9900e+02,,,0.42,1.700e-01,-1.200e-01,199.0,,,0.37,0.47,-0.19,5.70,7,q1_q17_dr25_tce,3374.00,112.00,-82.00,5.066,0.103,-0.126,0.2180,0.0900,-0.0600,283.150570,47.671967,15.708
9065,10462462,K08013.01,,FALSE POSITIVE,FALSE POSITIVE,0.0000,0,1,0,0,0.855815630,,,132.1452541,,,,,,10.27000,,,,,,,,,,,,,,,,1,q1_q17_dr25_tce,,,,,,,,,,288.495820,47.640781,16.951
9066,10470882,K08014.01,,FALSE POSITIVE,FALSE POSITIVE,0.0000,0,0,1,1,0.933749100,1.4670000e-05,-1.4670000e-05,132.4490000,1.470000e-02,-1.470000e-02,0.0840,0.3980,-0.0840,3.84200,0.28800,-0.28800,9.8100e+01,9.400e+00,-9.400e+00,0.79,2.000e-01,-6.000e-02,1662.0,,,1809.26,1416.75,-482.60,12.60,1,q1_q17_dr25_tce,5628.00,186.00,-186.00,4.575,0.040,-0.160,0.8080,0.2030,-0.0680,292.080990,47.613461,15.958
9067,10470993,K08015.01,,FALSE POSITIVE,FALSE POSITIVE,0.0000,0,0,1,1,0.933744170,1.1100000e-05,-1.1100000e-05,132.4455900,9.910000e-03,-9.910000e-03,0.2770,0.1890,-0.2770,3.38500,0.39400,-0.39400,3.1300e+01,4.000e+00,-4.000e+00,0.64,2.200e-01,-7.000e-02,2126.0,,,4835.58,4769.19,-1525.73,9.90,1,q1_q17_dr25_tce,6363.00,153.00,-211.00,4.399,0.070,-0.210,1.1310,0.3890,-0.1300,292.122770,47.646069,14.616
9068,10471055,K08017.01,,FALSE POSITIVE,FALSE POSITIVE,0.0000,0,0,1,1,0.933746500,1.4770000e-05,-1.4770000e-05,131.5267000,1.510000e-02,-1.510000e-02,0.1670,0.2820,-0.1670,3.62900,0.32400,-0.32400,4.9900e+01,5.200e+00,-5.200e+00,0.63,1.900e-01,-6.000e-02,1863.0,,,2852.33,2737.51,-889.17,11.60,1,q1_q17_dr25_tce,6102.00,214.00,-235.00,4.528,0.050,-0.200,0.8870,0.2720,-0.0910,292.141020,47.626240,15.024
9069,10471204,K08018.01,,FALSE POSITIVE,FALSE POSITIVE,0.0000,0,0,1,1,0.933716310,1.6560000e-05,-1.6560000e-05,131.5435000,1.490000e-02,-1.490000e-02,0.4010,0.0890,-0.4010,4.34400,0.42100,-0.42100,6.1300e+01,7.500e+00,-7.500e+00,0.70,1.900e-01,-6.000e-02,1743.0,,,2180.39,1781.13,-573.21,10.30,1,q1_q17_dr25_tce,5734.00,156.00,-173.00,4.538,0.034,-0.184,0.8830,0.2450,-0.0770,292.205230,47.648300,15.824
9070,6119605,K08118.01,,FALSE POSITIVE,FALSE POSITIVE,0.1330,1,0,0,0,260.022650000,4.0210000e-03,-4.0210000e-03,329.8262000,1.110000e-02,-1.110000e-02,0.8420,0.0780,-0.5750,12.00900,0.43600,-0.43600,2.0607e+03,9.050e+01,-9.050e+01,3.13,2.900e-01,-1.600e-01,217.0,,,0.53,0.18,-0.11,25.70,6,q1_q17_dr25_tce,5250.00,157.00,-141.00,4.684,0.032,-0.056,0.6080,0.0570,-0.0310,290.519930,41.465130,14.288
9071,6230649,K08119.01,,FALSE POSITIVE,FALSE POSITIVE,0.0010,1,0,1,0,443.660000000,1.1370000e-01,-1.1370000e-01,523.3480000,3.370000e-01,-3.370000e-01,1.1940,6.7310,-0.1660,7.99000,3.40000,-3.40000,3.6070e+02,8.930e+01,-8.930e+01,33.20,6.720e+00,-7.390e+00,331.0,,,2.85,1.73,-1.35,6.30,1,q1_q17_dr25_tce,6743.00,183.00,-224.00,4.144,0.198,-0.132,1.4330,0.2900,-0.3190,298.462130,41.525600,11.765
9072,6286633,K08120.01,,FALSE POSITIVE,FALSE POSITIVE,0.0000,1,0,0,0,366.289990000,1.1100000e-02,-1.1100000e-02,460.2423000,1.310000e-02,-1.310000e-02,0.6540,0.2820,-0.4450,10.86900,0.60300,-0.60300,2.5680e+03,2.460e+02,-2.460e+02,68.39,2.740e+00,-2.606e+01,666.0,,,46.47,5.81,-30.42,11.90,3,q1_q17_dr25_tce,5083.00,50.00,-130.00,2.708,0.033,-0.027,12.8680,0.5160,-4.9030,292.326110,41.671761,10.664
9073,6451125,K08121.01,,FALSE POSITIVE,FALSE POSITIVE,0.0000,0,0,1,0,72.654984200,5.1200000e-04,-5.1200000e-04,170.5919500,5.810000e-03,-5.810000e-03,1.1410,7.1330,-0.1200,5.50300,0.27400,-0.27400,3.8930e+02,2.030e+01,-2.030e+01,34.52,6.430e+00,-1.103e+01,699.0,,,56.33,31.17,-33.23,22.10,1,q1_q17_dr25_tce,6793.00,170.00,-204.00,3.926,0.292,-0.097,1.9600,0.3650,-0.6260,294.421450,41.896900,13.492
9074,6507334,K08122.01,,CANDIDATE,CANDIDATE,0.7310,0,0,0,0,54.753883835,,,156.2192927,,,0.0090,,,2.08650,,,4.4230e+02,,,2.21,7.600e-01,-2.600e-01,521.0,,,17.47,17.66,-5.49,0.90,1,q1_q17_dr25_tce,6242.00,168.00,-205.00,4.442,0.058,-0.232,1.0470,0.3610,-0.1200,286.470370,41.994789,14.840
9075,6516529,K08123.01,,FALSE POSITIVE,FALSE POSITIVE,0.0020,1,0,0,0,379.428180000,4.2970000e-02,-4.2970000e-02,358.9906000,3.450000e-02,-3.450000e-02,0.0060,0.4240,-0.0060,11.24000,1.30000,-1.30000,4.0390e+02,4.380e+01,-4.380e+01,1.89,5.900e-01,-1.900e-01,252.0,,,0.95,0.86,-0.27,11.10,1,q1_q17_dr25_tce,5947.00,160.00,-178.00,4.487,0.054,-0.216,0.9450,0.2940,-0.0980,289.984190,41.918591,13.782
9076,11501492,K08226.01,,FALSE POSITIVE,FALSE POSITIVE,0.0000,1,0,0,0,371.904640000,2.4260000e-02,-2.4260000e-02,308.9957000,3.870000e-02,-3.870000e-02,0.9220,0.0070,-0.6460,25.36000,1.30000,-1.30000,5.1910e+02,4.070e+01,-4.070e+01,2.88,9.400e-01,-3.100e-01,271.0,,,1.28,1.27,-0.41,14.40,1,q1_q17_dr25_tce,6164.00,193.00,-236.00,4.446,0.056,-0.210,1.0450,0.3410,-0.1140,288.724060,49.466091,15.155
9077,11558217,K08227.01,,FALSE POSITIVE,FALSE POSITIVE,0.2230,1,0,0,0,362.858010000,3.4970000e-02,-3.4970000e-02,152.6104000,9.280000e-02,-9.280000e-02,0.6260,0.3440,-0.4090,17.03000,2.80000,-2.80000,1.5160e+02,1.940e+01,-1.940e+01,1.90,5.500e-01,-4.500e-01,353.0,,,3.66,3.03,-1.82,10.10,1,q1_q17_dr25_tce,6740.00,163.00,-245.00,4.165,0.204,-0.167,1.4710,0.4250,-0.3480,291.344020,49.577091,13.503
9078,11649292,K08228.01,,FALSE POSITIVE,FALSE POSITIVE,0.0150,1,0,0,0,384.558321000,5.4430000e-03,-5.4430000e-03,160.7327600,9.120000e-03,-9.120000e-03,0.9470,0.0120,-0.6620,4.76000,0.33700,-0.33700,1.3300e+03,1.500e+02,-1.500e+02,14.33,6.460e+00,-5.280e+00,382.0,,,5.03,6.70,-3.20,10.10,1,q1_q17_dr25_tce,5078.00,132.00,-112.00,3.479,0.352,-0.288,3.0000,1.3520,-1.1060,284.109530,49.733379,13.822
9079,11760931,K08229.01,,FALSE POSITIVE,FALSE POSITIVE,0.0960,1,0,0,0,397.727330000,2.7760000e-02,-2.7760000e-02,264.7499000,5.730000e-02,-5.730000e-02,0.0130,0.4380,-0.0130,11.68300,0.95500,-0.95500,2.3280e+02,3.030e+01,-3.030e+01,1.48,4.600e-01,-1.500e-01,253.0,,,0.97,0.89,-0.29,9.00,1,q1_q17_dr25_tce,6032.00,180.00,-198.00,4.485,0.050,-0.213,0.9730,0.3000,-0.1000,290.603490,49.992420,14.209
9080,11854061,K08230.01,,FALSE POSITIVE,FALSE POSITIVE,0.0010,1,0,0,0,504.884190000,2.1020000e-02,-2.1020000e-02,357.6471000,2.580000e-02,-2.580000e-02,1.2600,6.9120,-0.1280,20.18000,1.70000,-1.70000,5.0580e+03,3.960e+02,-3.960e+02,25.19,2.000e+00,-2.230e+00,157.0,,,0.14,0.05,-0.03,15.90,4,q1_q17_dr25_tce,4559.00,143.00,-143.00,4.612,0.056,-0.024,0.6550,0.0520,-0.0580,285.734740,50.124962,15.588
9081,6131659,K06667.01,,FALSE POSITIVE,FALSE POSITIVE,0.0000,0,1,0,0,17.527826808,1.1000000e-06,-1.1000000e-06,144.5700534,5.040000e-05,-5.040000e-05,0.5670,0.0070,-0.0090,5.78491,0.00262,-0.00262,3.4752e+05,1.020e+02,-1.020e+02,49.36,4.850e+00,-4.390e+00,554.0,,,22.31,7.95,-5.69,2450.10,1,q1_q17_dr25_tce,5079.00,151.00,-136.00,4.579,0.050,-0.050,0.7320,0.0720,-0.0650,294.279080,41.436901,12.534
9082,6207053,K06675.01,,FALSE POSITIVE,FALSE POSITIVE,0.0000,0,1,1,0,0.604755462,9.8900000e-07,-9.8900000e-07,131.8483100,1.360000e-03,-1.360000e-03,0.0390,0.3900,-0.0390,1.37410,0.05060,-0.05060,3.3450e+02,1.040e+01,-1.040e+01,1.29,1.200e-01,-9.000e-02,1598.0,,,1534.24,539.51,-351.88,40.30,1,q1_q17_dr25_tce,4842.00,144.00,-144.00,4.616,0.024,-0.060,0.7260,0.0700,-0.0490,292.501500,41.549061,15.553
9083,6664842,K06750.01,,CANDIDATE,CANDIDATE,0.7880,0,0,0,0,5.213950460,9.9360000e-05,-9.9360000e-05,135.7252000,1.660000e-02,-1.660000e-02,0.1950,0.2520,-0.1950,3.18800,0.46300,-0.46300,7.8500e+01,1.140e+01,-1.140e+01,1.24,1.900e-01,-2.700e-01,1201.0,,,492.29,207.81,-205.99,8.60,1,q1_q17_dr25_tce,5529.00,82.00,-71.00,4.123,0.217,-0.108,1.4120,0.2230,-0.3070,281.520200,42.169472,14.430
9084,6766748,K06764.01,,FALSE POSITIVE,FALSE POSITIVE,0.0000,0,1,0,0,7.002865192,1.3700000e-07,-1.3700000e-07,136.0132970,1.610000e-05,-1.610000e-05,0.3580,0.0030,0.0000,5.90232,0.00127,-0.00127,3.4970e+05,3.180e+01,-3.180e+01,75.09,2.748e+01,-7.350e+00,1197.0,,,486.09,513.04,-147.88,8168.60,1,q1_q17_dr25_tce,6818.00,167.00,-262.00,4.357,0.056,-0.224,1.2160,0.4450,-0.1190,288.363620,42.248070,13.934
9085,6878408,K06786.01,,CANDIDATE,CANDIDATE,0.5560,0,0,0,0,455.623950000,2.6220000e-02,-2.6220000e-02,581.8806000,2.390000e-02,-2.390000e-02,0.3350,0.1260,-0.3350,13.07000,0.79400,-0.79400,1.1121e+03,9.270e+01,-9.270e+01,3.00,8.700e-01,-3.000e-01,228.0,,,0.64,0.56,-0.19,14.00,1,q1_q17_dr25_tce,5883.00,165.00,-206.00,4.530,0.048,-0.204,0.8920,0.2600,-0.0870,295.932830,42.396690,15.975
9086,4651399,K07698.01,,FALSE POSITIVE,FALSE POSITIVE,0.1030,1,0,0,0,508.807642000,5.2720000e-03,-5.2720000e-03,368.3486100,6.430000e-03,-6.430000e-03,0.0160,0.4440,-0.0160,4.49500,0.24200,-0.24200,2.1270e+03,1.620e+02,-1.620e+02,39.59,1.003e+01,-1.110e+00,595.0,,,29.54,21.74,-4.11,14.80,1,q1_q17_dr25_tce,4893.00,124.00,-112.00,2.454,0.033,-0.030,8.8110,2.2320,-0.2480,290.700560,39.799679,15.635
9087,4742188,K07703.01,,CANDIDATE,CANDIDATE,0.2550,0,0,0,0,413.518560000,1.9040000e-02,-1.9040000e-02,374.3587000,2.870000e-02,-2.870000e-02,0.0190,0.4510,-0.0190,10.39500,1.00000,-1.00000,3.9110e+02,5.930e+01,-5.930e+01,1.96,6.100e-01,-2.200e-01,254.0,,,0.98,0.92,-0.30,7.90,1,q1_q17_dr25_tce,6031.00,180.00,-198.00,4.450,0.070,-0.210,0.9920,0.3110,-0.1110,290.387210,39.829941,15.106
9088,4742452,K07704.01,,CANDIDATE,CANDIDATE,0.9370,0,0,0,0,5.439803300,1.0460000e-04,-1.0460000e-04,135.1594000,1.690000e-02,-1.690000e-02,0.1360,0.3190,-0.1360,3.25600,0.37100,-0.37100,8.5500e+01,1.230e+01,-1.230e+01,1.00,3.200e-01,-1.200e-01,1112.0,,,361.47,354.86,-122.83,8.40,1,q1_q17_dr25_tce,6108.00,190.00,-253.00,4.430,0.054,-0.216,1.0800,0.3500,-0.1250,290.460880,39.837212,14.829
9089,5009688,K07713.01,,FALSE POSITIVE,FALSE POSITIVE,0.1980,1,0,0,0,1.381257093,6.1050000e-06,-6.1050000e-06,131.8407900,3.710000e-03,-3.710000e-03,0.3510,0.1030,-0.3510,1.12500,0.13400,-0.13400,9.2300e+01,1.080e+01,-1.080e+01,1.10,3.300e-01,-1.500e-01,1728.0,,,2110.47,1898.11,-725.87,11.00,1,q1_q17_dr25_tce,5861.00,162.00,-203.00,4.385,0.084,-0.210,1.1310,0.3450,-0.1480,291.386260,40.180260,14.943
9090,5024429,K07714.01,,FALSE POSITIVE,FALSE POSITIVE,0.0000,0,0,1,1,1.525937370,2.0560000e-05,-2.0560000e-05,132.6849000,1.130000e-02,-1.130000e-02,0.6810,0.2590,-0.4670,1.95800,0.25600,-0.25600,1.5910e+02,2.040e+01,-2.040e+01,1.39,4.100e-01,-1.700e-01,1697.0,,,1963.41,1736.69,-695.61,9.60,1,q1_q17_dr25_tce,6184.00,193.00,-257.00,4.448,0.062,-0.200,1.0380,0.3020,-0.1300,295.317540,40.190639,14.943
9091,7747835,K08143.01,,FALSE POSITIVE,FALSE POSITIVE,0.0000,1,0,1,1,373.746910000,2.0360000e-02,-2.0360000e-02,259.9281000,3.590000e-02,-3.590000e-02,0.8340,0.1170,-0.5860,28.37000,1.10000,-1.10000,6.2230e+02,4.360e+01,-4.360e+01,2.65,9.000e-01,-2.800e-01,260.0,,,1.08,1.09,-0.34,16.20,1,q1_q17_dr25_tce,6131.00,182.00,-219.00,4.497,0.056,-0.224,0.9450,0.3210,-0.1000,290.021240,43.402161,15.193
9092,9851983,K07969.01,,FALSE POSITIVE,FALSE POSITIVE,0.0780,1,0,0,0,1.456383399,5.1200000e-06,-5.1200000e-06,132.7166100,2.890000e-03,-2.890000e-03,1.1690,0.0900,-0.1080,11.83800,0.41700,-0.41700,2.1220e+02,3.200e+00,-3.200e+00,52.87,1.371e+01,-3.199e+01,2721.0,,,12950.97,10638.45,-11175.13,94.00,1,q1_q17_dr25_tce,6184.00,218.00,-196.00,3.665,0.740,-0.131,2.6460,0.6860,-1.6010,299.053100,46.620392,13.401
9093,9521317,K07940.01,,CANDIDATE,CANDIDATE,0.8960,0,0,0,0,188.881049000,1.1560000e-03,-1.1560000e-03,280.0682200,3.280000e-03,-3.280000e-03,0.5040,0.4520,-0.2990,1.49000,0.12400,-0.12400,3.2580e+02,3.060e+01,-3.060e+01,1.86,4.100e-01,-1.900e-01,330.0,,,2.79,1.83,-0.82,12.90,1,q1_q17_dr25_tce,6077.00,163.00,-199.00,4.471,0.052,-0.157,0.9990,0.2200,-0.1020,289.675080,46.131882,12.850
9094,9651155,K07955.01,,FALSE POSITIVE,FALSE POSITIVE,0.0000,0,1,0,0,1.073831540,1.6250000e-05,-1.6250000e-05,132.0326000,2.120000e-02,-2.120000e-02,1.1980,0.1120,-0.0810,4.84600,0.11700,-0.11700,3.1355e+04,3.130e+02,-3.130e+02,137.54,1.496e+01,-5.985e+01,3791.0,,,48979.38,18214.48,-35798.34,137.30,1,q1_q17_dr25_tce,8059.00,224.00,-336.00,3.789,0.399,-0.070,2.8590,0.3110,-1.2440,292.640630,46.388039,14.902
9095,10415227,K02562.01,,FALSE POSITIVE,FALSE POSITIVE,0.0010,0,0,1,0,2.932250900,3.9670000e-05,-3.9670000e-05,133.7648000,1.000000e-02,-1.000000e-02,0.4570,0.0160,-0.4570,2.93100,0.35500,-0.35500,1.8120e+02,1.680e+01,-1.680e+01,1.33,3.900e-01,-1.300e-01,1312.0,,,700.81,626.94,-212.84,13.10,1,q1_q17_dr25_tce,6106.00,189.00,-232.00,4.487,0.048,-0.192,0.9660,0.2850,-0.0950,295.852660,47.503578,15.662
9096,9842937,K02567.01,,FALSE POSITIVE,FALSE POSITIVE,0.0000,0,0,1,1,4.988450990,4.7220000e-05,-4.7220000e-05,133.7468400,8.830000e-03,-8.830000e-03,0.0410,0.4350,-0.0410,7.45300,0.32700,-0.32700,1.9390e+02,9.700e+00,-9.700e+00,1.33,3.600e-01,-2.000e-01,1055.0,,,292.71,241.93,-104.25,23.30,1,q1_q17_dr25_tce,5695.00,169.00,-169.00,4.411,0.124,-0.186,0.9610,0.2640,-0.1420,296.449010,46.623589,15.331
9097,10468885,K02589.01,Kepler-1284 b,CONFIRMED,CANDIDATE,1.0000,0,0,0,0,0.664074145,1.5280000e-06,-1.5280000e-06,133.4028500,1.720000e-03,-1.720000e-03,0.5250,0.3800,-0.3170,1.09250,0.05990,-0.05990,2.1260e+02,1.200e+01,-1.200e+01,1.19,1.600e-01,-9.000e-02,1703.0,,,1998.48,894.59,-478.26,20.90,1,q1_q17_dr25_tce,5178.00,155.00,-139.00,4.585,0.024,-0.102,0.7970,0.1070,-0.0630,291.278990,47.687649,15.645
9098,8120608,K00571.04,Kepler-186 e,CONFIRMED,CANDIDATE,0.9990,0,0,0,0,22.407778330,7.3910000e-05,-7.3910000e-05,153.7985800,2.590000e-03,-2.590000e-03,0.1470,0.2910,-0.1470,3.28810,0.07560,-0.07560,6.6130e+02,2.080e+01,-2.080e+01,1.15,1.000e-01,-1.400e-01,319.0,,,2.44,0.70,-0.71,33.90,4,q1_q17_dr25_tce,3751.00,75.00,-84.00,4.800,0.065,-0.035,0.4430,0.0400,-0.0530,298.652710,43.955021,14.625
9099,10527135,K02622.01,,FALSE POSITIVE,FALSE POSITIVE,0.0000,0,1,0,0,0.328686504,4.6200000e-07,-4.6200000e-07,132.7714600,1.260000e-03,-1.260000e-03,0.2330,0.2140,-0.2330,0.85920,0.05290,-0.05290,1.7190e+02,8.800e+00,-8.800e+00,1.11,2.400e-01,-1.000e-01,2324.0,,,6891.11,4649.57,-1838.14,26.80,1,q1_q17_dr25_tce,5430.00,177.00,-160.00,4.535,0.048,-0.143,0.8470,0.1810,-0.0770,288.416840,47.731091,15.316
9100,10471243,K08019.01,,FALSE POSITIVE,FALSE POSITIVE,0.0000,1,0,1,1,0.933761310,1.4290000e-05,-1.4290000e-05,132.4342000,1.560000e-02,-1.560000e-02,0.3120,0.1670,-0.3120,3.74700,0.45200,-0.45200,5.5600e+01,6.700e+00,-6.700e+00,0.61,1.400e-01,-5.000e-02,1682.0,,,1891.81,1305.24,-449.54,10.50,1,q1_q17_dr25_tce,5665.00,152.00,-152.00,4.568,0.040,-0.160,0.8200,0.1910,-0.0640,292.220830,47.635689,15.529
9101,10471296,K08020.01,,FALSE POSITIVE,FALSE POSITIVE,0.0000,1,0,1,1,0.933772530,1.2070000e-05,-1.2070000e-05,132.4290000,1.160000e-02,-1.160000e-02,0.0040,0.4550,-0.0040,2.54400,0.33500,-0.33500,3.0000e+01,4.200e+00,-4.200e+00,0.43,9.000e-02,-4.000e-02,1644.0,,,1734.32,1032.96,-452.78,8.40,1,q1_q17_dr25_tce,5595.00,152.00,-152.00,4.581,0.036,-0.135,0.7960,0.1570,-0.0730,292.245880,47.633430,14.644
9102,10535886,K08021.01,,FALSE POSITIVE,FALSE POSITIVE,0.0000,0,0,0,1,0.933760210,1.3330000e-05,-1.3330000e-05,132.4413000,1.120000e-02,-1.120000e-02,0.2970,0.1760,-0.2970,3.18200,0.36000,-0.36000,5.6500e+01,7.300e+00,-7.300e+00,0.40,2.000e-02,-2.000e-02,1019.0,,,253.97,32.47,-34.58,9.50,1,q1_q17_dr25_tce,3885.00,50.00,-46.00,4.710,0.028,-0.016,0.5400,0.0190,-0.0260,292.178470,47.750751,15.446
9103,10535897,K08022.01,,FALSE POSITIVE,FALSE POSITIVE,0.0000,0,0,0,1,0.933720080,1.2620000e-05,-1.2620000e-05,131.5440000,1.180000e-02,-1.180000e-02,0.4130,0.0530,-0.4130,2.59100,0.39400,-0.39400,1.7000e+01,2.800e+00,-2.800e+00,0.41,1.300e-01,-4.000e-02,1990.0,,,3704.01,3308.99,-1133.17,7.90,1,q1_q17_dr25_tce,6221.00,169.00,-206.00,4.452,0.067,-0.216,0.9830,0.2990,-0.1070,292.183780,47.722832,13.793
9104,10535926,K08023.01,,FALSE POSITIVE,FALSE POSITIVE,0.0000,1,0,1,1,0.933735910,1.3440000e-05,-1.3440000e-05,132.4600000,1.310000e-02,-1.310000e-02,0.2100,0.2690,-0.2100,4.51700,0.36300,-0.36300,3.5100e+01,4.300e+00,-4.300e+00,0.57,1.700e-01,-7.000e-02,1904.0,,,3116.05,2800.26,-1016.28,10.80,1,q1_q17_dr25_tce,6028.00,163.00,-199.00,4.470,0.067,-0.202,0.9500,0.2910,-0.1160,292.196230,47.766590,14.920
9105,10535991,K08024.01,,FALSE POSITIVE,FALSE POSITIVE,0.0000,0,0,1,1,0.933749110,1.7450000e-05,-1.7450000e-05,132.4534000,1.790000e-02,-1.790000e-02,0.5050,0.0050,-0.4710,3.50400,0.43200,-0.43200,5.7800e+01,8.700e+00,-8.700e+00,0.66,1.900e-01,-6.000e-02,1793.0,,,2442.70,1992.85,-660.15,8.40,1,q1_q17_dr25_tce,5978.00,161.00,-179.00,4.554,0.036,-0.192,0.8460,0.2350,-0.0780,292.227600,47.746262,15.767
9106,6600492,K08125.01,,FALSE POSITIVE,FALSE POSITIVE,0.0270,1,0,0,0,312.610070000,1.1670000e-02,-1.1670000e-02,325.3776000,2.750000e-02,-2.750000e-02,0.6010,0.0030,-0.5000,14.85000,1.10000,-1.10000,4.3870e+02,4.210e+01,-4.210e+01,2.01,4.800e-01,-1.900e-01,258.0,,,1.05,0.71,-0.29,11.90,1,q1_q17_dr25_tce,5818.00,140.00,-175.00,4.523,0.042,-0.168,0.9250,0.2170,-0.0870,290.082030,42.071129,14.728
9107,6685403,K08126.01,,FALSE POSITIVE,FALSE POSITIVE,0.0010,1,0,0,0,429.601430000,1.7920000e-02,-1.7920000e-02,269.5261000,3.710000e-02,-3.710000e-02,0.0250,0.4360,-0.0250,18.11000,1.00000,-1.00000,1.0014e+03,8.790e+01,-8.790e+01,2.74,6.900e-01,-3.000e-01,223.0,,,0.58,0.45,-0.17,12.20,2,q1_q17_dr25_tce,5587.00,166.00,-166.00,4.502,0.069,-0.173,0.8770,0.2220,-0.0950,289.969420,42.138859,15.596
9108,6846544,K08127.01,,FALSE POSITIVE,FALSE POSITIVE,0.0400,1,0,0,0,499.881590000,3.1240000e-02,-3.1240000e-02,319.3109000,5.210000e-02,-5.210000e-02,0.6710,0.2680,-0.4500,13.39000,4.80000,-4.80000,1.8440e+02,2.130e+01,-2.130e+01,2.61,5.900e-01,-7.300e-01,338.0,,,3.07,2.01,-1.63,12.40,1,q1_q17_dr25_tce,6486.00,155.00,-175.00,3.992,0.247,-0.133,1.8120,0.4110,-0.5030,286.081360,42.305740,12.968
9109,6848529,K08128.01,,FALSE POSITIVE,FALSE POSITIVE,0.0110,1,0,0,0,197.377040000,1.2170000e-02,-1.2170000e-02,306.7686000,2.970000e-02,-2.970000e-02,1.2770,6.9640,-0.2010,18.71000,1.50000,-1.50000,2.2620e+02,1.780e+01,-1.780e+01,84.37,2.358e+01,-2.880e+01,815.0,,,104.45,83.71,-66.79,15.10,7,q1_q17_dr25_tce,10974.00,266.00,-495.00,4.041,0.258,-0.172,2.6770,0.7480,-0.9140,286.918880,42.306129,10.734
9110,7020168,K08131.01,,FALSE POSITIVE,FALSE POSITIVE,0.2590,1,0,0,0,203.840600000,1.7820000e-02,-1.7820000e-02,250.6264000,5.570000e-02,-5.570000e-02,0.0400,0.4150,-0.0400,9.33000,1.70000,-1.70000,2.2740e+02,3.710e+01,-3.710e+01,2.41,9.300e-01,-1.130e+00,385.0,,,5.21,6.17,-3.89,8.60,8,q1_q17_dr25_tce,5548.00,183.00,-133.00,3.970,0.532,-0.228,1.6160,0.6230,-0.7610,287.240510,42.573139,13.499
9111,12012872,K08233.01,,FALSE POSITIVE,FALSE POSITIVE,0.0090,0,0,1,0,14.395425000,5.9780000e-04,-5.9780000e-04,140.9770000,3.690000e-02,-3.690000e-02,0.3980,0.0520,-0.3980,5.12000,1.10000,-1.10000,1.1540e+02,1.450e+01,-1.450e+01,0.85,2.100e-01,-7.000e-02,672.0,,,48.08,35.38,-11.85,9.40,1,q1_q17_dr25_tce,5715.00,154.00,-154.00,4.586,0.042,-0.168,0.7820,0.1950,-0.0650,291.480680,50.473660,13.686
9112,12069319,K08234.01,,FALSE POSITIVE,FALSE POSITIVE,0.0000,1,0,0,0,231.157554000,4.9330000e-03,-4.9330000e-03,346.9489600,9.030000e-03,-9.030000e-03,0.7490,0.2040,-0.5000,8.48900,0.38700,-0.38700,8.4560e+02,5.520e+01,-5.520e+01,37.37,7.600e-01,-1.355e+01,789.0,,,91.65,13.52,-63.12,17.40,1,q1_q17_dr25_tce,5386.00,133.00,-347.00,2.780,0.030,-0.030,11.8390,0.2390,-4.2930,295.397950,50.539268,13.451
9113,12121118,K08235.01,,FALSE POSITIVE,FALSE POSITIVE,0.0050,1,0,0,0,495.065380000,3.7190000e-02,-3.7190000e-02,245.5670000,6.100000e-02,-6.100000e-02,0.3410,0.1230,-0.3410,21.09000,2.60000,-2.60000,4.1700e+02,3.710e+01,-3.710e+01,2.00,6.200e-01,-2.100e-01,236.0,,,0.74,0.68,-0.22,13.20,1,q1_q17_dr25_tce,6075.00,180.00,-198.00,4.486,0.050,-0.200,0.9690,0.3000,-0.1000,296.656710,50.687210,14.116
9114,12252732,K08236.01,,FALSE POSITIVE,FALSE POSITIVE,0.0080,1,0,0,0,595.781520000,3.3890000e-02,-3.3890000e-02,363.7685000,3.250000e-02,-3.250000e-02,0.1640,0.2830,-0.1640,15.97000,1.20000,-1.20000,8.4900e+01,9.500e+00,-9.500e+00,1.18,2.400e-01,-3.400e-01,245.0,,,0.85,0.53,-0.46,10.60,1,q1_q17_dr25_tce,5618.00,154.00,-126.00,4.155,0.286,-0.132,1.2880,0.2710,-0.3720,288.193210,50.921619,11.446
9115,12554051,K08237.01,,FALSE POSITIVE,FALSE POSITIVE,0.1000,1,0,0,0,365.709623000,9.7030000e-03,-9.7030000e-03,183.4903000,2.540000e-02,-2.540000e-02,0.3380,0.1270,-0.3380,13.55300,0.77400,-0.77400,1.0334e+03,8.110e+01,-8.110e+01,26.93,4.270e+00,-2.300e+00,604.0,,,31.42,14.69,-7.68,15.10,1,q1_q17_dr25_tce,4787.00,108.00,-120.00,2.629,0.030,-0.033,8.5220,1.3520,-0.7280,288.817140,51.592911,13.888
9116,6949550,K06795.01,,FALSE POSITIVE,FALSE POSITIVE,0.0000,0,1,0,0,7.841066931,3.6700000e-07,-3.6700000e-07,136.5883392,3.860000e-05,-3.860000e-05,0.5790,0.0030,-0.0050,5.47901,0.00135,-0.00135,3.4209e+05,5.680e+01,-5.680e+01,56.33,1.596e+01,-5.300e+00,876.0,,,139.18,115.82,-38.05,3314.70,1,q1_q17_dr25_tce,5973.00,161.00,-179.00,4.562,0.037,-0.200,0.8290,0.2350,-0.0780,292.117460,42.456280,15.144
9117,7097571,K06818.01,,FALSE POSITIVE,FALSE POSITIVE,0.0000,0,1,0,0,2.213964145,4.5100000e-07,-4.5100000e-07,132.5657760,1.660000e-04,-1.660000e-04,0.6340,0.0030,-0.0020,6.75980,0.01250,-0.01250,1.2336e+05,2.200e+02,-2.200e+02,57.06,1.485e+01,-2.228e+01,1891.0,,,3030.64,2496.24,-2040.23,951.40,1,q1_q17_dr25_tce,6256.00,220.00,-198.00,4.037,0.428,-0.171,1.5140,0.3940,-0.5910,284.313780,42.600914,11.267
9118,7281217,K06851.01,,FALSE POSITIVE,FALSE POSITIVE,0.0000,1,0,0,1,0.566810701,3.0910000e-06,-3.0910000e-06,131.8076100,4.920000e-03,-4.920000e-03,0.9820,0.0140,-0.0110,6.19000,0.30800,-0.30800,2.0000e+02,1.120e+01,-1.120e+01,1.49,3.000e-01,-1.200e-01,1921.0,,,3220.92,1980.29,-832.78,45.90,1,q1_q17_dr25_tce,5593.00,167.00,-167.00,4.584,0.051,-0.119,0.7520,0.1490,-0.0640,291.528690,42.866970,15.644
9119,7365447,K06866.01,,FALSE POSITIVE,FALSE POSITIVE,0.0000,0,1,0,0,2.525386934,2.0170000e-06,-2.0170000e-06,133.9134930,9.900000e-04,-9.900000e-04,0.9340,0.0620,-0.0450,3.71613,0.00391,-0.00391,1.2488e+05,1.010e+02,-1.010e+02,67.24,2.165e+01,-9.270e+00,1701.0,,,1982.55,1888.80,-742.39,1003.00,1,q1_q17_dr25_tce,6826.00,192.00,-288.00,4.337,0.084,-0.210,1.2330,0.3970,-0.1700,292.621490,42.921970,14.340
9120,8016214,K06953.01,,FALSE POSITIVE,FALSE POSITIVE,0.0000,0,1,0,0,1.587485742,3.5600000e-07,-3.5600000e-07,132.1385380,1.860000e-04,-1.860000e-04,0.2590,0.0110,-0.0050,7.74890,0.01420,-0.01420,2.4657e+05,3.430e+02,-3.430e+02,41.52,9.360e+00,-3.340e+00,1460.0,,,1070.86,717.43,-258.99,996.80,1,q1_q17_dr25_tce,5863.00,158.00,-158.00,4.566,0.040,-0.160,0.8210,0.1850,-0.0660,286.695800,43.867420,14.364
9121,5201593,K07721.01,,FALSE POSITIVE,FALSE POSITIVE,0.0000,1,0,1,1,0.507276750,1.5690000e-06,-1.5690000e-06,131.7768100,2.560000e-03,-2.560000e-03,0.4290,0.2060,-0.4290,2.32000,0.54700,-0.54700,2.1470e+02,1.160e+01,-1.160e+01,1.70,2.000e-01,-8.000e-02,2449.0,,,8524.12,2693.00,-1180.92,33.50,1,q1_q17_dr25_tce,5970.00,77.00,-83.00,4.399,0.030,-0.090,1.1430,0.1350,-0.0520,295.665250,40.363739,13.639
9122,5301093,K07724.01,,FALSE POSITIVE,FALSE POSITIVE,0.0000,1,0,0,0,488.673530000,5.8790000e-02,-5.8790000e-02,519.7805000,6.740000e-02,-6.740000e-02,0.4320,0.0270,-0.4320,12.35000,2.50000,-2.50000,6.9100e+02,1.010e+02,-1.010e+02,2.03,3.200e-01,-1.400e-01,188.0,,,0.30,0.16,-0.08,8.20,1,q1_q17_dr25_tce,5218.00,184.00,-166.00,4.596,0.026,-0.104,0.7720,0.1220,-0.0560,298.122340,40.462349,15.747
9123,5305399,K07725.01,,FALSE POSITIVE,FALSE POSITIVE,0.0000,1,0,1,1,322.483810000,1.2600000e-02,-1.2600000e-02,189.1585000,2.240000e-02,-2.240000e-02,0.9380,0.0230,-0.6080,22.99000,1.70000,-1.70000,1.0234e+03,4.420e+01,-4.420e+01,3.50,1.070e+00,-3.600e-01,259.0,,,1.06,0.96,-0.30,27.00,1,q1_q17_dr25_tce,5968.00,161.00,-179.00,4.534,0.039,-0.221,0.8810,0.2710,-0.0900,298.930660,40.419102,14.760
9124,5389632,K07726.01,,FALSE POSITIVE,FALSE POSITIVE,0.0050,0,0,1,0,0.474811162,1.8470000e-06,-1.8470000e-06,132.2047700,3.360000e-03,-3.360000e-03,0.4400,0.0310,-0.4400,1.16900,0.10200,-0.10200,2.0520e+02,1.550e+01,-1.550e+01,1.28,3.900e-01,-1.200e-01,2206.0,,,5603.32,5100.27,-1612.42,17.40,1,q1_q17_dr25_tce,5799.00,184.00,-204.00,4.539,0.046,-0.196,0.8780,0.2620,-0.0820,298.483250,40.585949,15.733
9125,5709103,K07736.01,,FALSE POSITIVE,FALSE POSITIVE,0.0000,0,1,1,0,0.664727127,6.6780000e-06,-6.6780000e-06,131.6351600,8.060000e-03,-8.060000e-03,0.3820,0.1160,-0.3820,1.56100,0.39700,-0.39700,1.6200e+01,3.300e+00,-3.300e+00,0.46,7.000e-02,-5.000e-02,2343.0,,,7149.67,3165.89,-1852.86,7.60,1,q1_q17_dr25_tce,6143.00,83.00,-92.00,4.344,0.110,-0.121,1.1160,0.1890,-0.1260,292.932950,40.986401,12.879
9126,9899216,K07971.01,,FALSE POSITIVE,FALSE POSITIVE,0.0000,0,0,0,1,1.332590030,3.5930000e-05,-3.5930000e-05,132.0133000,2.770000e-02,-2.770000e-02,0.4540,0.0540,-0.4210,3.96200,0.96800,-0.96800,1.1900e+01,2.300e+00,-2.300e+00,0.69,1.800e-01,-1.100e-01,2909.0,,,16962.04,13420.56,-6854.57,7.40,1,q1_q17_dr25_tce,8133.00,227.00,-357.00,4.146,0.081,-0.175,1.9350,0.5160,-0.3010,295.161650,46.750637,10.886
9127,9959765,K07981.01,,FALSE POSITIVE,FALSE POSITIVE,0.0000,0,0,1,1,1.332504510,2.8320000e-05,-2.8320000e-05,132.1018000,2.170000e-02,-2.170000e-02,0.2950,0.1840,-0.2950,4.14300,0.49900,-0.49900,2.7400e+01,3.200e+00,-3.200e+00,0.62,1.800e-01,-8.000e-02,1993.0,,,3726.12,3251.57,-1252.18,11.60,1,q1_q17_dr25_tce,6600.00,165.00,-214.00,4.364,0.084,-0.196,1.1570,0.3500,-0.1500,295.303530,46.805740,13.793
9128,10155286,K07988.01,,FALSE POSITIVE,FALSE POSITIVE,0.0920,1,0,0,0,333.486169000,4.2350000e-03,-4.2350000e-03,153.6150100,5.070000e-03,-5.070000e-03,0.2140,0.2550,-0.2140,3.19900,0.22900,-0.22900,6.3910e+02,5.270e+01,-5.270e+01,19.30,5.500e-01,-4.680e+00,557.0,,,22.68,2.07,-10.95,14.00,1,q1_q17_dr25_tce,4989.00,39.00,-128.00,2.992,0.030,-0.027,7.8240,0.2230,-1.8960,296.762880,47.145142,10.998
9129,10266860,K07996.01,,FALSE POSITIVE,FALSE POSITIVE,0.0000,0,0,0,1,2.178139540,2.4910000e-05,-2.4910000e-05,132.0297200,8.350000e-03,-8.350000e-03,0.0540,0.4040,-0.0540,2.06300,0.27300,-0.27300,2.8600e+01,3.700e+00,-3.700e+00,1.00,2.300e-01,-2.600e-01,2073.0,,,4372.75,2997.89,-2205.80,9.70,1,q1_q17_dr25_tce,6511.00,175.00,-175.00,4.003,0.234,-0.126,1.8510,0.4280,-0.4750,288.781620,47.397350,13.422
9130,10321927,K07997.01,,FALSE POSITIVE,FALSE POSITIVE,0.1030,1,0,0,0,321.020940000,2.1000000e-02,-2.1000000e-02,179.7137000,7.750000e-02,-7.750000e-02,0.2950,0.1590,-0.2950,7.51000,2.30000,-2.30000,5.9290e+02,8.150e+01,-8.150e+01,1.96,3.300e-01,-2.500e-01,232.0,,,0.69,0.39,-0.23,8.50,1,q1_q17_dr25_tce,5334.00,185.00,-185.00,4.492,0.112,-0.150,0.8100,0.1380,-0.1010,283.175750,47.401718,15.238
9131,9839062,K07968.01,,FALSE POSITIVE,FALSE POSITIVE,0.0000,1,0,0,0,424.623345000,2.3030000e-03,-2.3030000e-03,218.2595500,4.740000e-03,-4.740000e-03,0.8190,0.0270,-0.0430,9.66600,0.27300,-0.27300,5.1321e+03,9.820e+01,-9.820e+01,8.13,2.680e+00,-8.800e-01,265.0,,,1.17,1.12,-0.38,60.20,1,q1_q17_dr25_tce,6339.00,176.00,-242.00,4.454,0.056,-0.224,1.0170,0.3340,-0.1110,295.065920,46.686432,15.513
9132,10263598,K07995.01,,FALSE POSITIVE,FALSE POSITIVE,0.0880,1,0,0,0,145.750554000,3.5700000e-03,-3.5700000e-03,199.6247000,2.410000e-02,-2.410000e-02,0.0170,0.4330,-0.0170,13.99900,0.76000,-0.76000,3.8560e+02,2.620e+01,-2.620e+01,15.34,8.800e-01,-4.690e+00,748.0,,,74.07,12.64,-43.90,17.00,1,q1_q17_dr25_tce,5096.00,59.00,-209.00,3.007,0.030,-0.030,8.0380,0.4610,-2.4600,287.093630,47.371300,13.192
9133,5097470,K02767.01,,FALSE POSITIVE,FALSE POSITIVE,0.0000,0,1,1,1,1.288058340,7.4570000e-06,-7.4570000e-06,131.9914000,4.780000e-03,-4.780000e-03,0.2140,0.2600,-0.2140,3.41900,0.17100,-0.17100,9.2600e+01,3.800e+00,-3.800e+00,1.08,1.700e-01,-1.400e-01,1736.0,,,2142.23,875.49,-596.68,28.10,1,q1_q17_dr25_tce,5631.00,76.00,-76.00,4.330,0.115,-0.115,1.1320,0.1760,-0.1440,291.253080,40.216671,14.487
9134,9943435,K02788.01,,FALSE POSITIVE,FALSE POSITIVE,0.0000,0,1,1,0,0.777663575,1.5410000e-06,-1.5410000e-06,131.5253700,1.590000e-03,-1.590000e-03,0.2040,0.2480,-0.2040,1.17410,0.05180,-0.05180,1.3430e+02,5.800e+00,-5.800e+00,0.95,2.400e-01,-9.000e-02,1816.0,,,2553.18,1961.51,-646.43,28.10,1,q1_q17_dr25_tce,5769.00,155.00,-155.00,4.570,0.033,-0.187,0.8120,0.2120,-0.0710,288.031520,46.827549,14.397
9135,5775129,K02802.01,,CANDIDATE,CANDIDATE,0.9880,0,0,0,0,3.848221890,1.6590000e-05,-1.6590000e-05,131.9185000,3.510000e-03,-3.510000e-03,0.3680,0.1020,-0.3680,2.01300,0.10700,-0.10700,2.0390e+02,1.380e+01,-1.380e+01,1.72,2.800e-01,-2.100e-01,1283.0,,,641.53,273.17,-176.30,17.60,1,q1_q17_dr25_tce,5927.00,71.00,-83.00,4.323,0.105,-0.116,1.1930,0.1980,-0.1480,286.254430,41.021870,14.919
9136,9963524,K00720.04,Kepler-221 b,CONFIRMED,CANDIDATE,1.0000,0,0,0,0,2.795900040,1.4110000e-05,-1.4110000e-05,132.7297100,3.750000e-03,-3.750000e-03,0.6380,0.0190,-0.4970,2.05600,0.12300,-0.12300,3.8370e+02,2.710e+01,-2.710e+01,1.66,1.200e-01,-9.000e-02,1090.0,,,333.31,82.94,-58.40,16.30,4,q1_q17_dr25_tce,5244.00,105.00,-105.00,4.538,0.045,-0.055,0.8100,0.0600,-0.0440,296.654750,46.835270,13.749
9137,2985587,K02807.01,,CANDIDATE,CANDIDATE,1.0000,0,0,0,0,3.375716723,9.0590000e-06,-9.0590000e-06,134.2131900,2.230000e-03,-2.230000e-03,0.9820,0.0440,-0.7030,1.54360,0.09330,-0.09330,1.7570e+02,1.050e+01,-1.050e+01,2.34,7.200e-01,-4.100e-01,1472.0,,,1111.66,993.91,-454.54,20.20,1,q1_q17_dr25_tce,6310.00,170.00,-208.00,4.273,0.136,-0.204,1.2820,0.3910,-0.2280,290.480070,38.136688,13.910
9138,10614845,K08027.01,,FALSE POSITIVE,FALSE POSITIVE,0.0000,1,0,0,0,0.573762943,6.9510000e-06,-6.9510000e-06,131.8019300,8.010000e-03,-8.010000e-03,0.1300,0.3470,-0.1300,2.19600,0.38700,-0.38700,4.8300e+01,7.800e+00,-7.800e+00,0.39,3.000e-02,-2.000e-02,1538.0,,,1331.17,398.19,-320.43,8.50,1,q1_q17_dr25_tce,4891.00,161.00,-161.00,4.683,0.052,-0.032,0.5710,0.0390,-0.0390,297.168400,47.821129,14.028
9139,10616829,K08028.01,,FALSE POSITIVE,FALSE POSITIVE,0.0000,0,1,0,0,1.072934147,1.4500000e-07,-1.4500000e-07,132.2930660,1.090000e-04,-1.090000e-04,1.0090,0.0160,-0.0190,4.50475,0.00753,-0.00753,9.6883e+04,1.230e+02,-1.230e+02,81.42,2.812e+01,-1.406e+01,2523.0,,,9590.04,10099.03,-4200.19,949.00,1,q1_q17_dr25_tce,7031.00,225.00,-338.00,4.222,0.105,-0.210,1.5230,0.5260,-0.2630,297.742430,47.891682,13.960
9140,10686909,K08029.01,,FALSE POSITIVE,FALSE POSITIVE,0.0000,0,0,1,1,2.618545960,6.2400000e-05,-6.2400000e-05,133.9991000,2.160000e-02,-2.160000e-02,0.0330,0.4320,-0.0330,4.86600,0.71800,-0.71800,1.9700e+01,3.100e+00,-3.100e+00,1.18,2.100e-01,-5.100e-01,2008.0,,,3846.53,2226.39,-2719.71,8.10,1,q1_q17_dr25_tce,5657.00,172.00,-154.00,3.721,0.322,-0.115,2.6820,0.4920,-1.1480,299.068020,47.920029,13.133
9141,10730250,K08030.01,,FALSE POSITIVE,FALSE POSITIVE,0.0000,0,0,1,0,13.667809025,,,134.6559996,,,0.2120,,,2.79930,,,1.2770e+02,,,0.91,2.300e-01,-8.000e-02,705.0,,,58.32,43.00,-14.91,2.60,1,q1_q17_dr25_tce,5796.00,155.00,-155.00,4.556,0.044,-0.176,0.8070,0.2020,-0.0720,291.474240,48.026958,14.812
9142,10790401,K08031.01,,CANDIDATE,CANDIDATE,0.3710,0,0,0,0,254.336707000,7.8090000e-03,-7.8090000e-03,200.5875000,1.610000e-02,-1.610000e-02,0.7280,0.2090,-0.5320,8.58500,0.69000,-0.69000,3.9840e+02,4.110e+01,-4.110e+01,13.97,4.100e-01,-3.880e+00,586.0,,,27.88,3.42,-15.24,11.30,1,q1_q17_dr25_tce,5193.00,76.00,-178.00,3.117,0.033,-0.027,6.5020,0.1900,-1.8070,289.027500,48.137920,13.625
9143,10801951,K08032.01,,FALSE POSITIVE,FALSE POSITIVE,0.0000,1,0,0,1,1.105123883,7.1820000e-06,-7.1820000e-06,132.5197600,7.100000e-03,-7.100000e-03,0.6850,0.2530,-0.4440,3.00100,0.16100,-0.16100,6.6700e+01,3.800e+00,-3.800e+00,0.83,2.600e-01,-8.000e-02,1755.0,,,2235.64,2028.03,-662.33,20.70,1,q1_q17_dr25_tce,5883.00,158.00,-193.00,4.476,0.067,-0.202,0.9590,0.2970,-0.0990,293.760250,48.145248,14.512
9144,7053328,K08133.01,,FALSE POSITIVE,FALSE POSITIVE,0.0000,1,0,0,0,455.770764350,,,338.7923743,,,0.8020,,,5.11490,,,3.4110e+02,,,5.34,9.600e-01,-1.780e+00,419.0,,,7.28,4.02,-4.48,11.60,1,q1_q17_dr25_tce,6785.00,190.00,-238.00,3.788,0.285,-0.095,2.6230,0.4710,-0.8750,297.006900,42.597229,12.389
9145,7106437,K08134.01,,FALSE POSITIVE,FALSE POSITIVE,0.0150,1,0,0,0,212.760495000,4.2250000e-03,-4.2250000e-03,254.4527000,1.230000e-02,-1.230000e-02,0.0360,0.4270,-0.0360,3.70300,0.43600,-0.43600,1.9580e+02,2.540e+01,-2.540e+01,2.80,6.400e-01,-6.300e-01,485.0,,,13.13,8.95,-6.32,9.20,1,q1_q17_dr25_tce,7021.00,197.00,-246.00,4.031,0.171,-0.140,1.9760,0.4480,-0.4480,288.082370,42.636909,12.946
9146,7117050,K08135.01,,FALSE POSITIVE,FALSE POSITIVE,0.1140,1,0,0,0,73.836858000,2.8980000e-03,-2.8980000e-03,174.0088000,2.170000e-02,-2.170000e-02,0.8000,0.0740,-0.5420,19.72200,0.83800,-0.83800,2.3120e+02,2.070e+01,-2.070e+01,25.09,1.170e+00,-6.640e+00,1143.0,,,403.37,60.07,-212.02,13.10,3,q1_q17_dr25_tce,4769.00,57.00,-154.00,2.583,0.033,-0.027,14.7060,0.6870,-3.8900,291.557190,42.694649,10.996
9147,7185710,K08136.01,,FALSE POSITIVE,FALSE POSITIVE,0.2810,1,0,0,0,160.243128000,2.4970000e-03,-2.4970000e-03,162.4736000,1.210000e-02,-1.210000e-02,0.2580,0.2020,-0.2580,5.39300,0.35300,-0.35300,5.5640e+02,6.090e+01,-6.090e+01,15.72,7.300e-01,-4.120e+00,686.0,,,52.50,8.41,-27.63,10.20,1,q1_q17_dr25_tce,5128.00,75.00,-175.00,3.091,0.033,-0.027,6.7750,0.3140,-1.7770,286.721190,42.778511,14.859
9148,7282872,K08137.01,,FALSE POSITIVE,FALSE POSITIVE,0.0050,1,0,0,0,402.415110000,1.1520000e-02,-1.1520000e-02,512.3896000,1.720000e-02,-1.720000e-02,0.2810,0.1720,-0.2810,5.15600,0.36800,-0.36800,7.8060e+02,7.690e+01,-7.690e+01,2.52,7.800e-01,-2.000e-01,253.0,,,0.96,0.88,-0.23,9.50,1,q1_q17_dr25_tce,6251.00,169.00,-187.00,4.530,0.039,-0.221,0.8890,0.2770,-0.0690,292.049560,42.870251,12.987
9149,7340624,K08138.01,,FALSE POSITIVE,FALSE POSITIVE,0.0300,1,0,0,0,369.281770000,2.5120000e-02,-2.5120000e-02,233.4368000,4.030000e-02,-4.030000e-02,1.2970,6.7450,-0.1390,26.96000,2.80000,-2.80000,1.0177e+03,9.710e+01,-9.710e+01,34.25,1.070e+01,-3.570e+00,250.0,,,0.93,0.84,-0.28,13.00,1,q1_q17_dr25_tce,5900.00,158.00,-193.00,4.509,0.039,-0.221,0.9510,0.2970,-0.0990,283.321380,42.939289,15.478
9150,12647110,K08240.01,,FALSE POSITIVE,FALSE POSITIVE,0.2080,1,0,0,0,462.463589000,6.9530000e-03,-6.9530000e-03,583.1072300,7.450000e-03,-7.450000e-03,0.3860,0.0670,-0.3860,5.00700,0.32400,-0.32400,1.0243e+03,8.770e+01,-8.770e+01,8.92,5.190e+00,-6.330e+00,355.0,,,3.78,6.63,-3.49,13.20,1,q1_q17_dr25_tce,5059.00,126.00,-113.00,3.466,1.057,-0.352,2.7990,1.6260,-1.9880,290.484710,51.728550,13.993
9151,12647757,K08241.01,,CANDIDATE,CANDIDATE,0.2510,0,0,0,0,490.639410000,2.2290000e-02,-2.2290000e-02,561.5837000,3.120000e-02,-3.120000e-02,0.0150,0.4420,-0.0150,16.50000,1.20000,-1.20000,2.6880e+02,3.300e+01,-3.300e+01,7.67,5.700e-01,-1.330e+00,412.0,,,6.84,1.61,-2.66,9.60,1,q1_q17_dr25_tce,5037.00,87.00,-137.00,3.252,0.030,-0.030,4.8170,0.3590,-0.8370,290.862760,51.701908,13.227
9152,3629119,K08242.01,,CANDIDATE,CANDIDATE,0.1750,0,0,0,0,331.554590000,1.3840000e-02,-1.3840000e-02,237.2754000,3.610000e-02,-3.610000e-02,0.0010,0.4530,-0.0010,5.35000,1.30000,-1.30000,2.8870e+02,4.820e+01,-4.820e+01,1.36,3.200e-01,-1.100e-01,240.0,,,0.78,0.56,-0.19,6.70,1,q1_q17_dr25_tce,5762.00,155.00,-155.00,4.576,0.040,-0.160,0.8010,0.1930,-0.0640,286.043950,38.708801,14.066
9153,3662635,K08243.01,,FALSE POSITIVE,FALSE POSITIVE,0.0000,0,1,0,0,0.939375593,2.4900000e-07,-2.4900000e-07,132.0168590,2.200000e-04,-2.200000e-04,0.9870,0.0570,-0.0500,2.84240,0.01380,-0.01380,1.0089e+05,3.860e+02,-3.860e+02,52.18,1.558e+01,-1.168e+01,1936.0,,,3333.58,2990.01,-1555.12,317.30,1,q1_q17_dr25_tce,5826.00,174.00,-174.00,4.345,0.205,-0.205,0.9780,0.2920,-0.2190,295.569340,38.726059,14.904
9154,3734501,K08244.01,,FALSE POSITIVE,FALSE POSITIVE,0.2620,1,0,0,0,31.191146800,7.6650000e-04,-7.6650000e-04,142.5078000,1.470000e-02,-1.470000e-02,0.0190,0.4540,-0.0190,7.00300,0.47900,-0.47900,2.2840e+02,2.350e+01,-2.350e+01,9.36,6.500e-01,-1.530e+00,1131.0,,,386.78,91.74,-140.50,11.40,1,q1_q17_dr25_tce,4785.00,94.00,-113.00,3.009,0.030,-0.030,6.4430,0.4500,-1.0500,287.558900,38.880810,13.729
9155,4169315,K08245.01,,FALSE POSITIVE,FALSE POSITIVE,0.0000,0,1,1,0,30.958722400,3.9360000e-04,-3.9360000e-04,263.3166000,1.100000e-02,-1.100000e-02,0.7650,0.1940,-0.5580,4.41100,0.36200,-0.36200,3.4200e+02,3.210e+01,-3.210e+01,2.34,7.200e-01,-3.100e-01,686.0,,,52.49,46.78,-18.26,13.10,1,q1_q17_dr25_tce,6525.00,158.00,-226.00,4.381,0.067,-0.202,1.1610,0.3610,-0.1550,294.336980,39.294960,14.750
9156,8129189,K06975.01,,FALSE POSITIVE,FALSE POSITIVE,0.0000,0,1,0,0,53.647084859,9.4070000e-06,-9.4070000e-06,152.9720400,1.420000e-04,-1.420000e-04,0.4320,0.0020,-0.0010,19.94990,0.00925,-0.00925,2.1910e+05,9.900e+01,-9.900e+01,142.04,3.948e+01,-2.630e+01,753.0,,,75.91,59.56,-29.89,3272.40,1,q1_q17_dr25_tce,5261.00,118.00,-118.00,3.506,0.153,-0.187,2.9430,0.8180,-0.5450,300.833070,43.962311,12.479
9157,8167504,K06983.01,,CANDIDATE,CANDIDATE,0.9900,0,0,0,0,7.702172900,1.3120000e-04,-1.3120000e-04,138.4181000,1.220000e-02,-1.220000e-02,0.5090,0.0420,-0.4430,3.98700,0.41400,-0.41400,7.4600e+01,9.800e+00,-9.800e+00,0.85,1.200e-01,-6.000e-02,888.0,,,147.24,52.62,-27.22,9.50,1,q1_q17_dr25_tce,5618.00,76.00,-76.00,4.449,0.068,-0.110,0.9690,0.1300,-0.0700,292.463780,44.090111,14.320
9158,8240861,K06999.01,,FALSE POSITIVE,FALSE POSITIVE,0.0000,1,0,0,0,0.449249224,5.1700000e-07,-5.1700000e-07,1472.5223060,8.490000e-05,-8.490000e-05,0.4940,0.0160,-0.0090,4.75650,0.02690,-0.02690,4.1944e+05,3.680e+02,-3.680e+02,95.83,2.752e+01,-1.999e+01,2941.0,,,17801.78,15085.88,-8254.34,1194.90,2,q1_q17_dr25_tce,6338.00,175.00,-241.00,4.239,0.180,-0.180,1.2990,0.3730,-0.2710,294.471310,44.123440,15.282
9159,8262223,K07004.01,,FALSE POSITIVE,FALSE POSITIVE,0.0000,0,1,0,0,1.613014741,1.8500000e-07,-1.8500000e-07,131.7482916,9.440000e-05,-9.440000e-05,0.8820,0.0140,-0.0150,4.39594,0.00538,-0.00538,1.5212e+05,1.370e+02,-1.370e+02,157.33,2.169e+01,-6.510e+01,3145.0,,,23173.20,10276.62,-16452.32,1096.10,1,q1_q17_dr25_tce,7832.00,216.00,-325.00,3.836,0.352,-0.088,2.7790,0.3830,-1.1500,300.332460,44.144138,12.146
9160,8311864,K07016.01,Kepler-452 b,CONFIRMED,CANDIDATE,0.7710,0,0,0,0,384.847556000,7.1050000e-03,-7.1050000e-03,314.9700000,1.520000e-02,-1.520000e-02,0.0590,0.3870,-0.0590,9.96900,0.44100,-0.44100,1.8990e+02,1.760e+01,-1.760e+01,1.09,2.000e-01,-1.000e-01,220.0,,,0.56,0.32,-0.15,12.30,1,q1_q17_dr25_tce,5579.00,150.00,-150.00,4.580,0.034,-0.127,0.7980,0.1500,-0.0750,296.003690,44.277561,13.426
9161,5774375,K07740.01,,FALSE POSITIVE,FALSE POSITIVE,0.0000,0,1,0,0,1.549979213,4.2200000e-07,-4.2200000e-07,132.6750270,2.220000e-04,-2.220000e-04,0.4860,0.0170,-0.0160,7.59450,0.01830,-0.01830,3.7055e+05,6.950e+02,-6.950e+02,136.64,7.304e+01,-8.923e+01,2141.0,,,4986.15,8378.43,-4454.73,672.70,1,q1_q17_dr25_tce,5408.00,178.00,-162.00,3.777,0.777,-0.333,2.0580,1.1000,-1.3440,285.925900,41.090820,13.939
9162,5806800,K07741.01,,FALSE POSITIVE,FALSE POSITIVE,0.0000,0,0,1,0,125.288206000,1.9390000e-03,-1.9390000e-03,252.0979000,1.110000e-02,-1.110000e-02,0.0660,0.3900,-0.0660,3.69500,0.34800,-0.34800,2.4160e+02,2.970e+01,-2.970e+01,1.50,2.400e-01,-8.000e-02,363.0,,,4.10,1.66,-0.66,9.40,1,q1_q17_dr25_tce,5881.00,70.00,-88.00,4.480,0.030,-0.128,0.9730,0.1530,-0.0550,296.177610,41.014118,14.179
9163,5879448,K07745.01,,FALSE POSITIVE,FALSE POSITIVE,0.0000,0,1,0,0,533.477070000,3.2640000e-02,-3.2640000e-02,245.3651000,4.510000e-02,-4.510000e-02,0.4180,0.0410,-0.4180,23.71000,1.30000,-1.30000,2.1060e+02,1.630e+01,-1.630e+01,2.60,5.600e-01,-8.900e-01,315.0,,,2.33,1.58,-1.43,15.30,1,q1_q17_dr25_tce,6077.00,201.00,-164.00,3.931,0.323,-0.129,1.7590,0.3730,-0.6050,292.828090,41.139351,13.294
9164,5887316,K07747.01,,FALSE POSITIVE,FALSE POSITIVE,0.3620,0,0,1,0,0.603086711,1.3900000e-07,-1.3900000e-07,131.6640750,1.820000e-04,-1.820000e-04,1.2510,2.6020,-0.1170,1.08690,0.01370,-0.01370,1.2428e+03,9.900e+00,-9.900e+00,36.00,4.800e+00,-2.220e+00,2459.0,,,8675.90,2956.27,-1452.52,170.00,1,q1_q17_dr25_tce,6353.00,69.00,-88.00,4.397,0.032,-0.097,1.1340,0.1510,-0.0700,295.045590,41.104210,13.989
9165,5894182,K07750.01,,CANDIDATE,CANDIDATE,0.3220,0,0,0,0,494.485085000,4.8860000e-03,-4.8860000e-03,527.7094100,5.450000e-03,-5.450000e-03,0.0170,0.4150,-0.0160,3.90500,0.23800,-0.23800,3.8530e+02,3.220e+01,-3.220e+01,5.03,9.500e-01,-1.760e+00,379.0,,,4.88,2.79,-3.06,13.90,1,q1_q17_dr25_tce,6303.00,172.00,-191.00,3.774,0.293,-0.098,2.5530,0.4810,-0.8940,296.675380,41.164768,12.088
9166,10405224,K08008.01,,FALSE POSITIVE,FALSE POSITIVE,0.0000,1,0,0,1,0.933780680,1.5600000e-05,-1.5600000e-05,132.4123000,1.460000e-02,-1.460000e-02,0.2510,0.2240,-0.2510,3.70600,0.44900,-0.44900,7.2700e+01,9.900e+00,-9.900e+00,0.63,6.000e-02,-5.000e-02,1427.0,,,985.20,352.16,-227.06,9.20,1,q1_q17_dr25_tce,4938.00,148.00,-148.00,4.601,0.022,-0.067,0.7530,0.0740,-0.0510,292.027400,47.509682,15.890
9167,10471005,K08016.01,,FALSE POSITIVE,FALSE POSITIVE,0.0000,0,0,1,1,0.933746350,1.4360000e-05,-1.4360000e-05,131.5163000,1.470000e-02,-1.470000e-02,0.0960,0.3940,-0.0960,3.07400,0.69200,-0.69200,3.4300e+01,7.200e+00,-7.200e+00,0.63,1.800e-01,-1.100e-01,1895.0,,,3029.67,2555.63,-1191.78,7.30,1,q1_q17_dr25_tce,5593.00,166.00,-166.00,4.349,0.144,-0.192,1.0940,0.3070,-0.1890,292.127840,47.614342,14.901
9168,10536241,K08026.01,,CANDIDATE,CANDIDATE,0.9180,0,0,0,0,7.752934200,1.4440000e-04,-1.4440000e-04,137.4877000,1.590000e-02,-1.590000e-02,0.4490,0.0180,-0.4290,5.07200,0.43600,-0.43600,7.2100e+01,9.000e+00,-9.000e+00,0.93,2.600e-01,-2.000e-01,1002.0,,,238.09,194.76,-106.08,9.20,1,q1_q17_dr25_tce,5975.00,160.00,-178.00,4.335,0.175,-0.193,1.0720,0.2990,-0.2240,292.339510,47.746391,14.751
9169,11182706,K08046.01,,CANDIDATE,CANDIDATE,0.5250,0,0,0,0,384.377060000,1.2840000e-02,-1.2840000e-02,309.2080000,1.750000e-02,-1.750000e-02,0.9010,0.0300,-0.6290,15.13900,0.53100,-0.53100,1.2049e+03,6.190e+01,-6.190e+01,50.93,3.150e+00,-8.830e+00,676.0,,,49.27,8.99,-18.31,22.60,1,q1_q17_dr25_tce,4859.00,58.00,-101.00,2.481,0.033,-0.027,12.0230,0.7440,-2.0840,287.592530,48.886459,12.656
9170,11661803,K08060.01,,FALSE POSITIVE,FALSE POSITIVE,0.0000,1,0,0,0,372.086704000,2.3790000e-03,-2.3790000e-03,404.8990100,4.730000e-03,-4.730000e-03,1.2660,72.5800,-1.6940,3.68600,0.26500,-0.26500,2.4940e+03,1.580e+02,-1.580e+02,38.40,1.332e+01,-4.430e+00,283.0,,,1.51,1.54,-0.50,18.00,1,q1_q17_dr25_tce,6289.00,174.00,-240.00,4.411,0.072,-0.217,1.0930,0.3790,-0.1260,291.882290,49.748161,15.279
9171,10536177,K08025.01,,FALSE POSITIVE,FALSE POSITIVE,0.0000,1,0,1,0,0.933722610,2.0510000e-05,-2.0510000e-05,131.5423000,2.170000e-02,-2.170000e-02,0.5340,0.4580,-0.3140,3.05200,0.85000,-0.85000,3.1200e+01,5.100e+00,-5.100e+00,0.59,1.700e-01,-8.000e-02,1949.0,,,3430.76,2967.19,-1109.12,8.20,1,q1_q17_dr25_tce,5984.00,161.00,-179.00,4.419,0.087,-0.203,1.0170,0.3000,-0.1280,292.311650,47.725830,14.862
9172,10920420,K08038.01,,FALSE POSITIVE,FALSE POSITIVE,0.0000,1,0,1,1,0.943888500,1.2830000e-05,-1.2830000e-05,132.2865000,1.400000e-02,-1.400000e-02,0.6490,0.0480,-0.4860,2.59200,0.33700,-0.33700,3.5800e+01,5.600e+00,-5.600e+00,1.45,2.600e-01,-5.100e-01,3158.0,,,23572.82,12303.15,-15002.75,8.30,1,q1_q17_dr25_tce,6947.00,166.00,-238.00,3.895,0.266,-0.114,2.2970,0.4060,-0.8120,292.006740,48.306309,12.521
9173,3859363,K02887.01,,FALSE POSITIVE,FALSE POSITIVE,0.0010,1,0,1,0,1.568590480,1.1620000e-05,-1.1620000e-05,131.6408100,6.190000e-03,-6.190000e-03,1.1980,0.2060,-0.1160,11.59100,0.88100,-0.88100,2.8060e+02,8.500e+00,-8.500e+00,23.41,7.290e+00,-2.610e+00,1693.0,,,1935.28,1781.67,-630.75,43.30,1,q1_q17_dr25_tce,6248.00,175.00,-241.00,4.442,0.070,-0.210,1.0020,0.3120,-0.1120,293.813810,38.926201,15.105
9174,7463685,K02890.01,,CANDIDATE,CANDIDATE,0.9980,0,0,0,0,8.988261220,9.2320000e-05,-9.2320000e-05,138.8373300,7.170000e-03,-7.170000e-03,0.9200,0.0100,-0.6390,4.96000,0.20900,-0.20900,1.6080e+02,1.260e+01,-1.260e+01,1.39,4.300e-01,-1.400e-01,864.0,,,131.92,123.49,-38.42,14.50,1,q1_q17_dr25_tce,5984.00,188.00,-188.00,4.521,0.039,-0.221,0.9060,0.2790,-0.0930,296.746430,43.045441,15.257
9175,6716545,K02906.01,Kepler-1383 b,CONFIRMED,CANDIDATE,0.9010,0,0,0,0,13.909354400,1.6610000e-04,-1.6610000e-04,142.8769000,1.070000e-02,-1.070000e-02,0.1320,0.3130,-0.1320,6.76500,0.28400,-0.28400,8.6800e+01,6.200e+00,-6.200e+00,1.33,2.400e-01,-2.300e-01,928.0,,,175.14,84.27,-59.91,15.60,1,q1_q17_dr25_tce,6052.00,82.00,-82.00,4.183,0.154,-0.112,1.4240,0.2630,-0.2370,297.944760,42.191879,13.716
9176,6837283,K02914.01,,CANDIDATE,CANDIDATE,0.9880,0,0,0,0,21.118165300,1.5740000e-04,-1.5740000e-04,133.5919600,6.210000e-03,-6.210000e-03,0.6750,0.2530,-0.4520,9.73400,0.17600,-0.17600,1.1270e+02,4.900e+00,-4.900e+00,2.89,5.400e-01,-1.020e+00,1110.0,,,359.11,205.87,-223.64,26.30,1,q1_q17_dr25_tce,6461.00,175.00,-175.00,3.779,0.293,-0.098,2.5660,0.4850,-0.9010,281.691590,42.397549,12.199
9177,9757613,K00250.04,Kepler-26 e,CONFIRMED,CANDIDATE,0.9650,0,0,0,0,46.827677250,9.7940000e-05,-9.7940000e-05,136.7446800,1.790000e-03,-1.790000e-03,0.3930,0.0270,-0.3930,1.90330,0.05690,-0.05690,1.5377e+03,5.290e+01,-5.290e+01,2.13,1.200e-01,-1.600e-01,276.0,,,1.37,0.28,-0.30,32.40,3,q1_q17_dr25_tce,3879.00,77.00,-85.00,4.708,0.045,-0.021,0.5370,0.0300,-0.0410,284.940980,46.566540,15.473
9178,5364071,K00248.01,Kepler-49 b,CONFIRMED,CANDIDATE,1.0000,0,0,0,0,7.203855862,5.9210000e-06,-5.9210000e-06,170.2857310,6.520000e-04,-6.520000e-04,0.0370,0.2590,-0.0370,2.54180,0.02260,-0.02260,1.7659e+03,1.920e+01,-1.920e+01,2.25,1.300e-01,-1.700e-01,509.0,,,15.87,3.28,-3.47,101.10,1,q1_q17_dr25_tce,3834.00,77.00,-84.00,4.708,0.045,-0.021,0.5390,0.0300,-0.0410,292.294590,40.591789,15.264
9179,11250587,K00107.01,Kepler-464 b,CONFIRMED,CANDIDATE,1.0000,0,0,0,0,7.256962446,5.8390000e-06,-5.8390000e-06,134.0239230,6.610000e-04,-6.610000e-04,0.6760,0.0730,-0.4810,4.94020,0.02380,-0.02380,4.6320e+02,3.100e+00,-3.100e+00,3.53,2.100e-01,-1.700e-01,1163.0,,,432.10,75.83,-61.01,168.30,1,q1_q17_dr25_tce,5858.00,70.00,-79.00,4.112,0.024,-0.020,1.5490,0.0910,-0.0740,294.835170,48.982361,12.702
9180,9084569,K07923.01,,CANDIDATE,CANDIDATE,0.7500,0,0,0,0,395.131380000,2.0170000e-02,-2.0170000e-02,162.7395000,3.310000e-02,-3.310000e-02,0.4500,0.0450,-0.4290,21.29100,0.91600,-0.91600,1.2640e+02,9.800e+00,-9.800e+00,0.97,1.200e-01,-1.000e-01,208.0,,,0.44,0.20,-0.13,14.40,2,q1_q17_dr25_tce,5060.00,192.00,-174.00,4.493,0.080,-0.088,0.8690,0.1000,-0.0910,290.199920,45.419998,12.642
9181,9087580,K07924.01,,CANDIDATE,CANDIDATE,0.9810,0,0,0,0,0.770658979,5.2930000e-06,-5.2930000e-06,131.8320600,5.840000e-03,-5.840000e-03,0.4440,0.0270,-0.4440,1.40100,0.19400,-0.19400,8.3500e+01,1.060e+01,-1.060e+01,0.68,8.000e-02,-5.000e-02,1548.0,,,1348.87,542.13,-321.74,11.70,1,q1_q17_dr25_tce,5058.00,151.00,-136.00,4.610,0.030,-0.075,0.7390,0.0860,-0.0580,291.372220,45.468102,15.132
9182,9099607,K07925.01,,CANDIDATE,CANDIDATE,0.9530,0,0,0,0,4.631891400,1.1520000e-04,-1.1520000e-04,133.7073000,2.220000e-02,-2.220000e-02,0.3950,0.0760,-0.3950,3.88000,0.58800,-0.58800,5.0900e+01,6.700e+00,-6.700e+00,0.64,1.900e-01,-6.000e-02,1060.0,,,297.79,248.69,-82.68,9.20,1,q1_q17_dr25_tce,5926.00,142.00,-177.00,4.532,0.036,-0.204,0.8870,0.2590,-0.0860,295.501280,45.433979,14.272
9183,10844823,K08033.01,,CANDIDATE,CANDIDATE,0.3230,0,0,0,0,362.131870000,1.2970000e-02,-1.2970000e-02,369.5410000,2.350000e-02,-2.350000e-02,0.3970,0.0690,-0.3970,5.59000,1.20000,-1.20000,8.4900e+02,1.340e+02,-1.340e+02,2.23,2.800e-01,-2.100e-01,208.0,,,0.45,0.19,-0.12,8.20,1,q1_q17_dr25_tce,5176.00,153.00,-153.00,4.567,0.048,-0.072,0.7660,0.0970,-0.0710,283.297060,48.266628,15.313
9184,10862284,K08034.01,,FALSE POSITIVE,FALSE POSITIVE,0.0070,0,0,1,0,9.144786100,1.3830000e-04,-1.3830000e-04,139.2816000,1.400000e-02,-1.400000e-02,0.7420,0.1960,-0.5280,5.42200,0.30700,-0.30700,2.6880e+02,2.230e+01,-2.230e+01,1.63,5.300e-01,-1.300e-01,843.0,,,119.61,118.99,-32.14,14.90,1,q1_q17_dr25_tce,5849.00,184.00,-205.00,4.517,0.039,-0.221,0.9190,0.3010,-0.0750,292.282780,48.256672,15.884
9185,10862759,K08035.01,,CANDIDATE,CANDIDATE,0.8460,0,0,0,0,29.485639200,5.9350000e-04,-5.9350000e-04,151.8669000,1.680000e-02,-1.680000e-02,0.1030,0.3550,-0.1030,4.27000,0.36600,-0.36600,1.0500e+02,1.340e+01,-1.340e+01,1.46,5.100e-01,-2.200e-01,793.0,,,93.27,92.89,-35.46,9.30,1,q1_q17_dr25_tce,6870.00,168.00,-264.00,4.266,0.087,-0.203,1.4070,0.4870,-0.2090,292.483580,48.275219,13.783
9186,10877024,K08036.01,,FALSE POSITIVE,FALSE POSITIVE,0.0000,0,1,1,1,0.786483923,1.6390000e-06,-1.6390000e-06,131.8426100,2.130000e-03,-2.130000e-03,1.1390,0.1280,-0.0760,7.03500,0.18200,-0.18200,2.3330e+02,3.100e+00,-3.100e+00,21.66,6.610e+00,-4.410e+00,2408.0,,,7999.91,6974.52,-3562.00,104.20,1,q1_q17_dr25_tce,6315.00,151.00,-208.00,4.258,0.153,-0.187,1.2820,0.3910,-0.2610,297.566280,48.288342,13.504
9187,10920281,K08037.01,,CANDIDATE,CANDIDATE,1.0000,0,0,0,0,3.650345250,3.8670000e-05,-3.8670000e-05,133.6357700,8.270000e-03,-8.270000e-03,0.2890,0.3070,-0.2890,1.52700,0.40800,-0.40800,2.5320e+02,8.290e+01,-8.290e+01,0.72,5.000e-02,-7.000e-02,578.0,,,26.47,6.12,-6.75,6.00,4,q1_q17_dr25_tce,3704.00,66.00,-81.00,4.797,0.052,-0.032,0.4500,0.0320,-0.0440,291.944150,48.351791,15.519
9188,11032748,K08039.01,,CANDIDATE,CANDIDATE,0.7980,0,0,0,0,43.943889100,8.4710000e-04,-8.4710000e-04,144.1430000,1.520000e-02,-1.520000e-02,0.5230,0.4450,-0.3200,5.26000,0.48600,-0.48600,1.5480e+02,1.940e+01,-1.940e+01,1.12,3.300e-01,-8.000e-02,505.0,,,15.41,13.18,-3.80,9.70,1,q1_q17_dr25_tce,6008.00,162.00,-180.00,4.537,0.038,-0.212,0.8750,0.2550,-0.0680,293.319090,48.518608,14.685
9189,7622473,K08139.01,,FALSE POSITIVE,FALSE POSITIVE,0.0000,0,0,1,1,40.244826000,2.0690000e-03,-2.0690000e-03,161.3679000,6.420000e-02,-6.420000e-02,0.0220,0.4360,-0.0220,4.30300,0.25100,-0.25100,1.9290e+02,1.360e+01,-1.360e+01,115.94,3.286e+01,-1.517e+01,3302.0,,,28103.18,22353.58,-8180.80,16.80,1,q1_q17_dr25_tce,3674.00,80.00,-58.00,0.452,0.162,-0.095,89.8780,25.4740,-11.7570,296.019740,43.234390,12.314
9190,7662744,K08140.01,,FALSE POSITIVE,FALSE POSITIVE,0.0040,1,0,0,0,135.428746000,3.7080000e-03,-3.7080000e-03,168.5064000,1.680000e-02,-1.680000e-02,0.4980,0.4650,-0.2900,7.39400,0.59300,-0.59300,3.8110e+02,6.280e+01,-6.280e+01,1.83,5.500e-01,-1.800e-01,343.0,,,3.29,2.88,-0.96,7.90,1,q1_q17_dr25_tce,5849.00,157.00,-192.00,4.517,0.048,-0.204,0.9190,0.2750,-0.0920,283.111570,43.346771,15.445
9191,7686191,K08141.01,,FALSE POSITIVE,FALSE POSITIVE,0.0000,1,0,0,0,380.039030000,2.2660000e-02,-2.2660000e-02,387.6494000,5.800000e-02,-5.800000e-02,0.5550,0.0430,-0.4830,18.50000,2.50000,-2.50000,7.8880e+02,9.120e+01,-9.120e+01,2.36,5.400e-01,-1.800e-01,219.0,,,0.55,0.38,-0.14,13.20,2,q1_q17_dr25_tce,5477.00,164.00,-164.00,4.568,0.036,-0.153,0.8180,0.1880,-0.0630,293.038910,43.384048,15.198
9192,7690521,K08142.01,,FALSE POSITIVE,FALSE POSITIVE,0.2470,1,0,0,0,380.294204000,7.9020000e-03,-7.9020000e-03,355.6712000,1.420000e-02,-1.420000e-02,0.5190,0.0620,-0.4300,12.35100,0.48100,-0.48100,7.3050e+02,5.670e+01,-5.670e+01,2.27,4.100e-01,-3.000e-01,229.0,,,0.65,0.39,-0.21,15.00,1,q1_q17_dr25_tce,5518.00,180.00,-163.00,4.473,0.126,-0.140,0.8220,0.1490,-0.1090,294.427190,43.384640,14.945
9193,7762886,K08144.01,,FALSE POSITIVE,FALSE POSITIVE,0.0710,1,0,0,0,315.810650000,2.1800000e-02,-2.1800000e-02,172.5430000,3.940000e-02,-3.940000e-02,0.0940,0.3660,-0.0940,23.66000,1.50000,-1.50000,5.4160e+02,5.460e+01,-5.460e+01,1.82,1.100e-01,-1.900e-01,212.0,,,0.47,0.13,-0.13,11.60,2,q1_q17_dr25_tce,4875.00,145.00,-145.00,4.514,0.078,-0.042,0.8100,0.0500,-0.0810,295.038940,43.477329,15.374
9194,7811537,K08145.01,,FALSE POSITIVE,FALSE POSITIVE,0.2020,1,0,0,0,16.934162800,7.6440000e-04,-7.6440000e-04,145.9902000,3.620000e-02,-3.620000e-02,0.6620,0.3120,-0.4330,3.94000,1.50000,-1.50000,2.0780e+02,4.940e+01,-4.940e+01,1.71,5.700e-01,-1.800e-01,798.0,,,95.78,95.34,-30.65,7.20,2,q1_q17_dr25_tce,6321.00,196.00,-239.00,4.417,0.052,-0.208,1.1250,0.3700,-0.1230,287.721980,43.596432,15.934
9195,4566999,K08247.01,,FALSE POSITIVE,FALSE POSITIVE,0.1320,1,0,0,0,527.686010000,1.6490000e-02,-1.6490000e-02,176.6176000,1.650000e-02,-1.650000e-02,0.0110,0.4670,-0.0110,4.81700,0.95200,-0.95200,6.0200e+02,1.240e+02,-1.240e+02,2.00,4.700e-01,-1.900e-01,203.0,,,0.40,0.29,-0.11,6.80,1,q1_q17_dr25_tce,5657.00,152.00,-169.00,4.567,0.040,-0.160,0.8240,0.1940,-0.0780,293.200590,39.664879,15.031
9196,4569942,K08248.01,,FALSE POSITIVE,FALSE POSITIVE,0.1590,1,0,0,0,267.911652000,6.0650000e-03,-6.0650000e-03,160.2278000,1.840000e-02,-1.840000e-02,0.0160,0.4490,-0.0160,4.12400,0.55400,-0.55400,6.9500e+02,1.200e+02,-1.200e+02,2.38,6.100e-01,-3.700e-01,257.0,,,1.03,0.82,-0.39,7.70,1,q1_q17_dr25_tce,5291.00,185.00,-185.00,4.423,0.136,-0.221,0.9260,0.2340,-0.1440,293.941410,39.642658,15.204
9197,4572728,K08249.01,,CANDIDATE,CANDIDATE,0.3630,0,0,0,0,309.191789000,7.9430000e-03,-7.9430000e-03,326.2209000,2.150000e-02,-2.150000e-02,0.1550,0.3070,-0.1550,11.39200,0.71900,-0.71900,1.2280e+02,1.340e+01,-1.340e+01,1.96,4.000e-01,-6.000e-01,383.0,,,5.08,3.14,-2.89,10.50,1,q1_q17_dr25_tce,6299.00,174.00,-174.00,3.990,0.253,-0.117,1.7540,0.3580,-0.5370,294.637660,39.655811,12.746
9198,4772095,K08250.01,,FALSE POSITIVE,FALSE POSITIVE,0.1100,1,0,0,0,99.299502000,3.4480000e-03,-3.4480000e-03,138.7153000,1.690000e-02,-1.690000e-02,0.5260,0.4620,-0.3080,3.63100,0.78800,-0.78800,4.0850e+02,8.220e+01,-8.220e+01,5.40,1.220e+00,-2.280e+00,682.0,,,51.20,34.86,-36.76,6.60,1,q1_q17_dr25_tce,6832.00,191.00,-287.00,3.851,0.350,-0.150,2.5780,0.5850,-1.0860,297.761380,39.854195,13.293
9199,4847801,K08251.01,,FALSE POSITIVE,FALSE POSITIVE,0.0000,0,0,1,0,371.477860000,1.7210000e-02,-1.7210000e-02,341.9634000,3.050000e-02,-3.050000e-02,0.1280,0.3290,-0.1280,12.30000,1.30000,-1.30000,2.6490e+02,3.850e+01,-3.850e+01,1.20,1.600e-01,-1.100e-01,203.0,,,0.40,0.21,-0.12,8.60,2,q1_q17_dr25_tce,5162.00,225.00,-204.00,4.605,0.030,-0.090,0.7540,0.1050,-0.0650,295.069550,39.953491,14.603
9200,5098334,K08253.01,,CANDIDATE,CANDIDATE,0.0670,0,0,0,0,400.114820000,4.9880000e-02,-4.9880000e-02,316.2642000,3.430000e-02,-3.430000e-02,0.0660,0.5310,-0.0660,12.37000,3.40000,-3.40000,1.1340e+02,7.500e+01,-7.500e+01,0.95,1.300e-01,-4.000e-02,226.0,,,0.62,0.22,-0.08,6.70,1,q1_q17_dr25_tce,5547.00,74.00,-83.00,4.521,0.019,-0.110,0.9110,0.1200,-0.0380,291.529510,40.252918,13.521
9201,8398290,K07033.01,,FALSE POSITIVE,FALSE POSITIVE,0.0000,1,0,0,0,0.510804497,4.4850000e-06,-4.4850000e-06,131.8805700,6.960000e-03,-6.960000e-03,0.8100,0.1600,-0.5570,2.53900,0.22200,-0.22200,4.2700e+01,3.700e+00,-3.700e+00,1.58,3.600e-01,-7.400e-01,3622.0,,,40925.32,28397.40,-30751.83,15.40,1,q1_q17_dr25_tce,6596.00,182.00,-228.00,3.913,0.390,-0.130,2.1760,0.5060,-1.0120,301.700320,44.380005,11.513
9202,8504570,K07048.01,,FALSE POSITIVE,FALSE POSITIVE,0.0000,0,1,0,0,4.007704530,3.5500000e-07,-3.5500000e-07,134.8009815,7.230000e-05,-7.230000e-05,0.8350,0.0580,-0.0410,5.50884,0.00438,-0.00438,1.6878e+05,9.520e+01,-9.520e+01,92.08,3.083e+01,-1.660e+01,1699.0,,,1969.22,1947.75,-854.12,1753.50,1,q1_q17_dr25_tce,7162.00,200.00,-300.00,4.185,0.105,-0.210,1.6310,0.5460,-0.2940,295.236880,44.507671,13.251
9203,8569819,K07062.01,,FALSE POSITIVE,FALSE POSITIVE,0.0000,0,1,0,0,20.849919614,,,137.5588347,,,13.7150,,,13.76870,,,3.1309e+05,,,2912.48,7.824e+02,-7.046e+02,1099.0,,,345.25,282.59,-177.67,1614.70,1,q1_q17_dr25_tce,7355.00,228.00,-304.00,4.042,0.198,-0.162,1.9840,0.5330,-0.4800,295.475800,44.621490,13.040
9204,8693536,K07076.01,,CANDIDATE,CANDIDATE,0.9900,0,0,0,0,16.234763600,2.5560000e-04,-2.5560000e-04,139.9705000,1.390000e-02,-1.390000e-02,0.0460,0.4040,-0.0460,4.20000,0.37400,-0.37400,1.1550e+02,1.260e+01,-1.260e+01,1.28,4.100e-01,-1.600e-01,852.0,,,124.25,111.35,-40.68,10.70,1,q1_q17_dr25_tce,6478.00,160.00,-208.00,4.371,0.065,-0.195,1.1880,0.3700,-0.1480,293.530330,44.832771,14.299
9205,8701327,K07078.01,,FALSE POSITIVE,FALSE POSITIVE,0.0000,0,1,0,0,4.254417651,3.5900000e-07,-3.5900000e-07,133.8376474,7.030000e-05,-7.030000e-05,1.1650,0.0070,-0.0430,6.55436,0.00678,-0.00678,2.9455e+05,1.960e+02,-1.960e+02,133.79,3.695e+01,-2.686e+01,1360.0,,,806.64,680.27,-366.24,2074.50,1,q1_q17_dr25_tce,6292.00,198.00,-242.00,4.256,0.185,-0.185,1.2350,0.3410,-0.2480,296.178440,44.870342,13.438
9206,5962509,K07754.01,,FALSE POSITIVE,FALSE POSITIVE,0.0000,0,0,1,1,0.790049989,8.3450000e-06,-8.3450000e-06,132.1114800,8.860000e-03,-8.860000e-03,0.1850,0.2870,-0.1850,2.79400,0.30800,-0.30800,7.0800e+01,7.000e+00,-7.000e+00,0.67,1.300e-01,-6.000e-02,1724.0,,,2082.67,1190.00,-580.89,12.30,1,q1_q17_dr25_tce,5427.00,162.00,-162.00,4.530,0.063,-0.117,0.8080,0.1470,-0.0790,292.538090,41.206612,15.530
9207,6106046,K07762.01,,CANDIDATE,CANDIDATE,0.9770,0,0,0,0,8.507351200,9.7720000e-05,-9.7720000e-05,135.8115000,1.160000e-02,-1.160000e-02,0.2230,0.2370,-0.2230,2.26600,0.26000,-0.26000,2.0950e+02,2.860e+01,-2.860e+01,1.38,4.300e-01,-1.400e-01,891.0,,,148.86,140.34,-45.00,8.90,1,q1_q17_dr25_tce,5914.00,184.00,-205.00,4.483,0.054,-0.216,0.9550,0.2970,-0.0990,285.237150,41.497532,15.330
9208,6113752,K07763.01,,FALSE POSITIVE,FALSE POSITIVE,0.1980,1,0,0,0,406.457370000,1.5640000e-02,-1.5640000e-02,230.8834000,3.470000e-02,-3.470000e-02,0.4280,0.0340,-0.4280,9.55400,0.55100,-0.55100,2.8420e+02,2.590e+01,-2.590e+01,1.96,6.600e-01,-2.600e-01,278.0,,,1.42,1.36,-0.49,12.70,1,q1_q17_dr25_tce,6217.00,149.00,-204.00,4.364,0.090,-0.210,1.1410,0.3840,-0.1530,288.622890,41.445480,13.079
9209,6147851,K07766.01,,FALSE POSITIVE,FALSE POSITIVE,0.0010,0,0,1,0,3.060260140,4.0470000e-05,-4.0470000e-05,132.7620000,1.010000e-02,-1.010000e-02,0.6750,0.0270,-0.5040,2.54500,0.41800,-0.41800,5.9900e+01,9.200e+00,-9.200e+00,0.83,2.400e-01,-1.000e-01,1284.0,,,642.06,542.52,-205.54,10.10,1,q1_q17_dr25_tce,5878.00,158.00,-176.00,4.426,0.087,-0.203,1.0100,0.2910,-0.1250,298.139650,41.417229,14.255
9210,6198256,K07770.01,,FALSE POSITIVE,FALSE POSITIVE,0.3180,1,0,0,0,3.548286910,4.0620000e-05,-4.0620000e-05,131.8356300,9.100000e-03,-9.100000e-03,0.0360,0.4280,-0.0360,3.28100,0.25100,-0.25100,7.0900e+01,8.300e+00,-8.300e+00,1.69,4.900e-01,-5.500e-01,1795.0,,,2458.09,2112.79,-1494.02,9.90,1,q1_q17_dr25_tce,6573.00,184.00,-253.00,4.010,0.270,-0.180,1.9870,0.5770,-0.6410,289.711460,41.529713,13.790
9211,11661803,K08060.02,,FALSE POSITIVE,FALSE POSITIVE,0.0000,0,1,1,0,363.448167000,4.1100000e-03,-4.1100000e-03,411.1933600,6.800000e-03,-6.800000e-03,1.2590,72.2600,-3.8870,6.01300,0.44800,-0.44800,2.1240e+03,1.340e+02,-1.340e+02,37.03,1.284e+01,-4.270e+00,285.0,,,1.56,1.59,-0.52,19.40,2,q1_q17_dr25_tce,6289.00,174.00,-240.00,4.411,0.072,-0.217,1.0930,0.3790,-0.1260,291.882290,49.748161,15.279
9212,11709006,K08061.01,,CANDIDATE,CANDIDATE,1.0000,0,0,0,0,0.719741000,5.0310000e-04,-5.0310000e-04,131.8980000,4.300000e-01,-4.300000e-01,0.2750,0.2020,-0.2750,2.62800,0.61300,-0.61300,3.2200e+01,3.710e+01,-3.710e+01,0.57,6.000e-02,-3.000e-02,2074.0,,,4398.76,1549.62,-799.53,6.50,5,q1_q17_dr25_tce,6014.00,120.00,-132.00,4.486,0.024,-0.096,0.9930,0.1170,-0.0540,289.735600,49.859787,8.777
9213,12021943,K08075.01,,FALSE POSITIVE,FALSE POSITIVE,0.2030,1,0,0,0,6.096260200,2.5030000e-04,-2.5030000e-04,134.9875000,4.020000e-02,-4.020000e-02,0.7870,0.1670,-0.5470,10.40000,1.20000,-1.20000,3.0400e+01,3.900e+00,-3.900e+00,0.62,2.100e-01,-6.000e-02,1048.0,,,284.96,278.41,-86.32,10.00,1,q1_q17_dr25_tce,6108.00,172.00,-193.00,4.466,0.042,-0.224,1.0300,0.3400,-0.1130,296.149630,50.466610,13.723
9214,12602999,K08082.01,,CANDIDATE,CANDIDATE,0.9730,0,0,0,0,8.276602800,3.3070000e-04,-3.3070000e-04,131.7601000,1.170000e-02,-1.170000e-02,0.6380,0.0070,-0.4860,4.83400,0.83800,-0.83800,7.3100e+01,7.200e+00,-7.200e+00,2.48,4.400e-01,-8.700e-01,1623.0,,,1639.28,881.67,-1030.63,10.00,1,q1_q17_dr25_tce,6787.00,182.00,-202.00,3.762,0.285,-0.095,2.7530,0.4850,-0.9710,290.874110,51.685181,12.430
9215,12644020,K08083.01,,FALSE POSITIVE,FALSE POSITIVE,0.1520,1,0,0,0,234.524445000,5.8840000e-03,-5.8840000e-03,346.4227000,2.090000e-02,-2.090000e-02,0.7410,0.0570,-0.5200,3.90000,1.00000,-1.00000,8.7600e+02,2.190e+02,-2.190e+02,2.33,2.800e-01,-1.600e-01,226.0,,,0.62,0.25,-0.14,6.80,1,q1_q17_dr25_tce,4987.00,151.00,-136.00,4.613,0.030,-0.070,0.7270,0.0860,-0.0500,288.612700,51.770439,15.800
9216,11294822,K08047.01,,CANDIDATE,CANDIDATE,0.5130,0,0,0,0,302.349710000,1.0090000e-02,-1.0090000e-02,418.9534000,2.000000e-02,-2.000000e-02,0.4680,0.4970,-0.2530,4.97800,0.64100,-0.64100,6.2230e+02,9.480e+01,-9.480e+01,1.98,1.100e-01,-1.300e-01,208.0,,,0.44,0.12,-0.09,8.00,1,q1_q17_dr25_tce,4829.00,144.00,-129.00,4.564,0.032,-0.048,0.7940,0.0460,-0.0510,290.696200,49.066078,15.222
9217,11443757,K08054.01,,CANDIDATE,CANDIDATE,0.9950,0,0,0,0,43.908805300,7.3510000e-04,-7.3510000e-04,169.3350000,1.550000e-02,-1.550000e-02,0.2720,0.1800,-0.2720,6.26500,0.50600,-0.50600,2.9780e+02,2.560e+01,-2.560e+01,7.33,1.870e+00,-4.380e+00,885.0,,,144.75,115.28,-124.24,13.70,1,q1_q17_dr25_tce,5216.00,172.00,-172.00,3.402,0.592,-0.197,4.3030,1.1020,-2.5710,285.086850,49.362820,13.589
9218,12120307,K02597.03,,CANDIDATE,CANDIDATE,0.9990,0,0,0,0,5.613576530,3.8420000e-05,-3.8420000e-05,131.8166900,5.400000e-03,-5.400000e-03,0.1190,0.3280,-0.1190,2.90500,0.14800,-0.14800,1.6230e+02,1.170e+01,-1.170e+01,1.41,4.800e-01,-1.600e-01,1165.0,,,435.61,421.15,-137.56,15.20,2,q1_q17_dr25_tce,6398.00,157.00,-224.00,4.411,0.056,-0.210,1.1010,0.3700,-0.1230,296.301970,50.672321,14.790
9219,9729691,K01751.02,,FALSE POSITIVE,FALSE POSITIVE,0.0000,0,1,0,0,20.997579680,3.3340000e-05,-3.3340000e-05,132.0568900,1.300000e-03,-1.300000e-03,0.2770,0.1610,-0.2770,2.45400,0.04720,-0.04720,1.1318e+03,2.700e+01,-2.700e+01,2.97,6.100e-01,-4.300e-01,582.0,,,27.20,18.29,-9.65,44.70,2,q1_q17_dr25_tce,5211.00,181.00,-163.00,4.447,0.120,-0.180,0.8950,0.1860,-0.1290,298.607880,46.453678,14.548
9220,5511081,K01930.03,Kepler-338 d,CONFIRMED,CANDIDATE,0.8960,0,0,0,0,44.430405900,1.9110000e-04,-1.9110000e-04,143.5462000,4.030000e-03,-4.030000e-03,0.0250,0.4260,-0.0250,10.30600,0.11200,-0.11200,2.3850e+02,4.900e+00,-4.900e+00,2.61,1.700e-01,-1.500e-01,680.0,,,50.42,10.24,-7.81,50.50,3,q1_q17_dr25_tce,5951.00,80.00,-80.00,4.017,0.033,-0.030,1.6930,0.1150,-0.0940,282.978970,40.784351,12.119
9221,10350571,K01175.02,,CANDIDATE,CANDIDATE,0.9970,0,0,0,0,17.157236000,1.8620000e-04,-1.8620000e-04,133.6895100,8.990000e-03,-8.990000e-03,0.2380,0.2180,-0.2380,11.28400,0.24800,-0.24800,1.1040e+02,5.000e+00,-5.000e+00,1.55,2.400e-01,-3.600e-01,844.0,,,119.87,53.10,-54.09,23.60,1,q1_q17_dr25_tce,5676.00,115.00,-104.00,4.100,0.203,-0.087,1.4870,0.2290,-0.3440,295.920650,47.448608,13.290
9222,10604335,K01298.02,Kepler-283 c,CONFIRMED,FALSE POSITIVE,0.0000,0,1,0,0,92.749577700,6.9420000e-04,-6.9420000e-04,173.2797500,5.430000e-03,-5.430000e-03,0.0190,0.4220,-0.0190,5.50600,0.19100,-0.19100,1.1051e+03,6.510e+01,-6.510e+01,1.87,8.000e-02,-1.000e-01,240.0,,,0.78,0.15,-0.14,18.00,2,q1_q17_dr25_tce,4141.00,83.00,-91.00,4.684,0.022,-0.025,0.5820,0.0270,-0.0300,293.613710,47.839001,15.847
9223,9101271,K07926.01,,FALSE POSITIVE,FALSE POSITIVE,0.0000,1,0,0,0,29.365720400,2.2330000e-04,-2.2330000e-04,135.0728900,6.260000e-03,-6.260000e-03,0.9540,0.3950,-0.0680,8.73030,0.02280,-0.02280,7.4936e+04,1.080e+02,-1.080e+02,51.33,1.559e+01,-1.040e+01,685.0,,,51.92,47.97,-23.69,808.90,1,q1_q17_dr25_tce,6167.00,194.00,-237.00,4.299,0.149,-0.198,1.1950,0.3630,-0.2420,295.996400,45.461231,14.053
9224,9118340,K07927.01,,FALSE POSITIVE,FALSE POSITIVE,0.0000,1,0,1,0,1.035329922,6.6700000e-07,-6.6700000e-07,132.3319000,5.970000e-04,-5.970000e-04,1.2430,0.2680,-0.0930,3.80220,0.03680,-0.03680,9.9280e+02,7.100e+00,-7.100e+00,105.66,1.278e+01,-5.112e+01,3654.0,,,42120.85,16965.81,-33046.33,178.00,1,q1_q17_dr25_tce,7030.00,196.00,-364.00,3.650,0.451,-0.080,3.5120,0.4250,-1.6990,300.566250,45.424450,13.632
9225,9159198,K07929.01,,FALSE POSITIVE,FALSE POSITIVE,0.0000,0,0,1,1,3.044636910,7.9010000e-05,-7.9010000e-05,132.4477000,2.130000e-02,-2.130000e-02,0.3220,0.1310,-0.3220,6.65600,0.60300,-0.60300,4.7000e+01,5.300e+00,-5.300e+00,0.68,2.100e-01,-7.000e-02,1321.0,,,721.48,667.68,-219.85,10.40,1,q1_q17_dr25_tce,6181.00,175.00,-218.00,4.474,0.054,-0.202,0.9800,0.3060,-0.1020,293.655820,45.511108,14.886
9226,9210820,K07930.01,,CANDIDATE,CANDIDATE,0.4690,0,0,0,0,377.672410000,1.9470000e-02,-1.9470000e-02,221.0980000,3.740000e-02,-3.740000e-02,0.1070,0.3410,-0.1070,15.82000,1.40000,-1.40000,5.1480e+02,5.930e+01,-5.930e+01,1.37,1.100e-01,-1.100e-01,187.0,,,0.29,0.08,-0.07,10.20,1,q1_q17_dr25_tce,5031.00,135.00,-150.00,4.644,0.060,-0.035,0.6150,0.0480,-0.0480,288.439120,45.687210,15.180
9227,9227215,K07931.01,,CANDIDATE,CANDIDATE,0.4870,0,0,0,0,242.036700000,1.6220000e-02,-1.6220000e-02,181.7460000,5.460000e-02,-5.460000e-02,0.5680,0.0120,-0.4890,11.01000,1.40000,-1.40000,3.3330e+02,4.550e+01,-4.550e+01,2.11,6.400e-01,-3.500e-01,323.0,,,2.57,2.40,-1.01,8.90,1,q1_q17_dr25_tce,6086.00,193.00,-214.00,4.360,0.108,-0.201,1.1160,0.3400,-0.1830,295.229370,45.624889,15.055
9228,11098004,K08041.01,,FALSE POSITIVE,FALSE POSITIVE,0.0000,0,0,0,1,7.508818000,2.1210000e-03,-2.1210000e-03,138.6550000,1.060000e-01,-1.060000e-01,0.0250,0.4490,-0.0250,6.50000,2.90000,-2.90000,7.0100e+01,2.540e+01,-2.540e+01,1.02,3.200e-01,-1.700e-01,1107.0,,,354.74,315.84,-137.33,7.40,2,q1_q17_dr25_tce,6293.00,150.00,-188.00,4.291,0.132,-0.198,1.2130,0.3780,-0.2040,297.744510,48.693668,11.878
9229,11135119,K08042.01,,FALSE POSITIVE,FALSE POSITIVE,0.0660,1,0,0,0,383.937324000,3.6470000e-03,-3.6470000e-03,299.2888400,6.660000e-03,-6.660000e-03,0.0110,0.4360,-0.0110,2.88400,0.22700,-0.22700,6.2770e+02,6.830e+01,-6.830e+01,7.90,2.710e+00,-5.040e+00,389.0,,,5.43,5.46,-4.80,10.80,1,q1_q17_dr25_tce,5216.00,141.00,-157.00,3.530,0.878,-0.234,3.2070,1.1010,-2.0450,290.575590,48.785881,13.588
9230,11139682,K08043.01,,CANDIDATE,CANDIDATE,0.9780,0,0,0,0,10.778155800,1.8590000e-04,-1.8590000e-04,134.7939000,1.290000e-02,-1.290000e-02,0.0090,0.4330,-0.0090,3.00500,0.41300,-0.41300,1.2130e+02,1.900e+01,-1.900e+01,1.24,4.300e-01,-1.400e-01,942.0,,,186.22,189.44,-58.93,7.90,1,q1_q17_dr25_tce,6386.00,173.00,-211.00,4.402,0.067,-0.216,1.1230,0.3890,-0.1300,292.960300,48.700500,15.267
9231,11145726,K08044.01,,FALSE POSITIVE,FALSE POSITIVE,0.0000,0,0,1,0,0.619618218,,,131.7585541,,,0.3890,,,1.25170,,,5.0300e+01,,,3.34,1.010e+00,-1.650e+00,3818.0,,,50197.86,45033.63,-38839.04,4.40,1,q1_q17_dr25_tce,5180.00,145.00,-163.00,3.314,0.409,-0.220,4.7170,1.4310,-2.3250,295.603910,48.718151,13.705
9232,11152950,K08045.01,,FALSE POSITIVE,FALSE POSITIVE,0.0000,0,0,1,0,4.173637930,4.7600000e-05,-4.7600000e-05,134.2003600,9.440000e-03,-9.440000e-03,0.5970,0.3520,-0.3940,2.73800,0.32900,-0.32900,4.9700e+01,6.300e+00,-6.300e+00,2.52,2.900e-01,-9.500e-01,2197.0,,,5511.80,2152.51,-3613.23,10.50,1,q1_q17_dr25_tce,6619.00,180.00,-200.00,3.595,0.323,-0.057,3.4100,0.4010,-1.2820,298.230530,48.794109,12.754
9233,7811537,K08145.02,,FALSE POSITIVE,FALSE POSITIVE,0.3120,1,0,0,0,244.583230000,1.3510000e-02,-1.3510000e-02,159.3552000,4.120000e-02,-4.120000e-02,0.4830,0.0830,-0.4000,12.82200,0.75200,-0.75200,4.0830e+02,6.770e+01,-6.770e+01,2.33,7.700e-01,-2.500e-01,328.0,,,2.72,2.71,-0.87,7.10,1,q1_q17_dr25_tce,6321.00,196.00,-239.00,4.417,0.052,-0.208,1.1250,0.3700,-0.1230,287.721980,43.596432,15.934
9234,7874976,K08146.01,,FALSE POSITIVE,FALSE POSITIVE,0.1360,1,0,0,0,185.830130000,5.4060000e-02,-5.4060000e-02,295.0020000,1.500000e-01,-1.500000e-01,0.0370,0.4200,-0.0370,10.14000,5.20000,-5.20000,7.2600e+01,1.130e+01,-1.130e+01,1.01,2.200e-01,-1.700e-01,370.0,,,4.42,2.78,-1.74,8.10,1,q1_q17_dr25_tce,6137.00,165.00,-184.00,4.286,0.160,-0.131,1.1870,0.2500,-0.2050,284.699190,43.681171,12.218
9235,7888957,K08147.01,,FALSE POSITIVE,FALSE POSITIVE,0.0010,1,0,0,0,363.346158000,9.1030000e-03,-9.1030000e-03,175.9438000,1.610000e-02,-1.610000e-02,0.2900,0.2040,-0.2900,4.91100,0.93100,-0.93100,8.9600e+02,1.480e+02,-1.480e+02,22.36,1.070e+00,-6.020e+00,537.0,,,19.65,3.18,-10.60,10.70,1,q1_q17_dr25_tce,4994.00,72.00,-182.00,3.002,0.033,-0.030,7.6190,0.3620,-2.0510,291.109470,43.635181,13.971
9236,7900114,K08148.01,,FALSE POSITIVE,FALSE POSITIVE,0.0970,1,0,0,0,303.912250000,1.7760000e-02,-1.7760000e-02,277.1238000,5.580000e-02,-5.580000e-02,0.5040,0.0040,-0.4640,15.37000,1.30000,-1.30000,4.7950e+02,4.270e+01,-4.270e+01,1.97,4.200e-01,-1.800e-01,242.0,,,0.81,0.52,-0.22,12.40,1,q1_q17_dr25_tce,5412.00,164.00,-164.00,4.513,0.050,-0.150,0.8870,0.1870,-0.0800,294.857760,43.677929,15.264
9237,7936194,K08149.01,,FALSE POSITIVE,FALSE POSITIVE,0.2230,1,0,0,0,536.521970000,1.1980000e-02,-1.1980000e-02,379.6146000,1.130000e-02,-1.130000e-02,0.1400,0.3250,-0.1400,4.45800,0.59300,-0.59300,2.9390e+02,3.780e+01,-3.780e+01,3.00,7.700e-01,-1.540e+00,273.0,,,1.31,1.04,-1.03,9.70,1,q1_q17_dr25_tce,5335.00,176.00,-128.00,3.973,0.480,-0.160,1.7940,0.4610,-0.9220,280.338680,43.706039,12.101
9238,5468555,K08255.01,,FALSE POSITIVE,FALSE POSITIVE,0.1060,1,0,0,0,539.214259000,9.8760000e-03,-9.8760000e-03,439.5039000,1.330000e-02,-1.330000e-02,0.0010,0.4380,-0.0010,3.46400,0.40700,-0.40700,3.0060e+02,4.710e+01,-4.710e+01,2.04,6.800e-01,-2.800e-01,265.0,,,1.17,1.09,-0.42,7.80,1,q1_q17_dr25_tce,6469.00,155.00,-214.00,4.359,0.072,-0.203,1.1710,0.3840,-0.1650,296.986150,40.675110,13.803
9239,5638699,K08256.01,,FALSE POSITIVE,FALSE POSITIVE,0.1100,1,0,0,0,343.564460000,2.5010000e-02,-2.5010000e-02,203.9865000,6.690000e-02,-6.690000e-02,0.4330,0.0280,-0.4330,18.94000,2.50000,-2.50000,1.7960e+02,2.830e+01,-2.830e+01,1.80,2.800e-01,-3.400e-01,298.0,,,1.87,0.76,-0.71,8.40,1,q1_q17_dr25_tce,5770.00,78.00,-78.00,4.200,0.176,-0.108,1.3260,0.2060,-0.2520,296.782230,40.835541,14.217
9240,5683219,K08257.01,,CANDIDATE,CANDIDATE,0.3470,0,0,0,0,9.460941800,2.7190000e-04,-2.7190000e-04,138.7888000,2.390000e-02,-2.390000e-02,0.1610,0.3000,-0.1610,4.88800,0.77100,-0.77100,4.7500e+01,7.200e+00,-7.200e+00,0.54,1.000e-01,-7.000e-02,767.0,,,81.83,45.22,-26.03,7.90,1,q1_q17_dr25_tce,5485.00,163.00,-147.00,4.500,0.117,-0.130,0.7880,0.1380,-0.1010,282.965450,40.922619,13.413
9241,5871116,K08258.01,,FALSE POSITIVE,FALSE POSITIVE,0.2720,1,0,0,0,54.432903000,1.0060000e-03,-1.0060000e-03,154.9178000,1.370000e-02,-1.370000e-02,0.0990,0.3760,-0.0990,3.55400,0.67800,-0.67800,3.0760e+02,5.960e+01,-5.960e+01,1.41,1.700e-01,-1.600e-01,404.0,,,6.29,2.52,-1.94,7.70,1,q1_q17_dr25_tce,5119.00,153.00,-153.00,4.493,0.099,-0.121,0.8270,0.0960,-0.0960,290.105680,41.138950,15.393
9242,5956171,K08259.01,,CANDIDATE,CANDIDATE,0.3110,0,0,0,0,402.274930000,2.2670000e-02,-2.2670000e-02,369.6734000,3.610000e-02,-3.610000e-02,0.6680,0.0610,-0.4790,15.67000,1.60000,-1.60000,2.9450e+02,3.420e+01,-3.420e+01,1.73,5.200e-01,-1.800e-01,262.0,,,1.11,1.00,-0.34,11.10,1,q1_q17_dr25_tce,6299.00,170.00,-226.00,4.486,0.054,-0.216,0.9500,0.2900,-0.0970,290.451900,41.225510,14.619
9243,6032318,K08260.01,,FALSE POSITIVE,FALSE POSITIVE,0.1070,1,0,0,0,235.206130000,2.3840000e-02,-2.3840000e-02,291.0893000,5.390000e-02,-5.390000e-02,0.2970,0.1710,-0.2970,6.98900,0.94200,-0.94200,6.4200e+02,1.460e+02,-1.460e+02,1.71,2.400e-01,-1.300e-01,230.0,,,0.66,0.30,-0.15,6.80,1,q1_q17_dr25_tce,5205.00,140.00,-155.00,4.648,0.028,-0.083,0.6790,0.0970,-0.0480,288.433620,41.358391,15.917
9244,8879915,K07105.01,,FALSE POSITIVE,FALSE POSITIVE,0.0000,0,1,0,0,1.721313779,1.9500000e-07,-1.9500000e-07,132.5318957,9.440000e-05,-9.440000e-05,0.3150,0.0070,-0.0040,3.54768,0.00441,-0.00441,5.3462e+05,6.110e+02,-6.110e+02,83.69,2.464e+01,-1.326e+01,1627.0,,,1658.35,1431.25,-630.89,742.80,1,q1_q17_dr25_tce,5960.00,160.00,-196.00,4.371,0.124,-0.186,1.0730,0.3160,-0.1700,289.745150,45.187160,15.187
9245,9207508,K07146.01,,FALSE POSITIVE,FALSE POSITIVE,0.0000,0,1,0,0,2.015152464,9.6000000e-08,-9.6000000e-08,132.1127635,3.930000e-05,-3.930000e-05,0.3080,0.0030,-0.0030,8.17997,0.00242,-0.00242,5.6169e+05,1.120e+02,-1.120e+02,132.05,4.405e+01,-2.714e+01,2107.0,,,4657.05,4583.34,-2142.06,4129.60,1,q1_q17_dr25_tce,6988.00,194.00,-267.00,4.163,0.128,-0.192,1.6490,0.5500,-0.3390,286.594970,45.698280,13.705
9246,9243795,K07150.01,,FALSE POSITIVE,FALSE POSITIVE,0.0000,0,1,0,0,14.443127448,1.6540000e-06,-1.6540000e-06,139.3903174,9.290000e-05,-9.290000e-05,0.9800,0.0280,-0.0130,8.33598,0.00744,-0.00744,4.1685e+04,2.800e+01,-2.800e+01,92.28,1.605e+01,-3.744e+01,1182.0,,,462.07,259.68,-318.65,2186.00,1,q1_q17_dr25_tce,5757.00,183.00,-183.00,3.672,0.323,-0.108,2.7360,0.4760,-1.1100,300.126340,45.633549,12.732
9247,9291368,K07155.02,,FALSE POSITIVE,FALSE POSITIVE,0.0000,0,1,0,0,3.796543670,6.1140000e-05,-6.1140000e-05,133.2353000,2.260000e-02,-2.260000e-02,1.0810,0.0690,-0.0700,11.40710,0.05490,-0.05490,7.0781e+04,3.040e+02,-3.040e+02,159.34,1.401e+01,-7.474e+01,2577.0,,,10412.56,3508.68,-7931.36,283.70,2,q1_q17_dr25_tce,8117.00,251.00,-334.00,3.748,0.442,-0.078,3.0700,0.2700,-1.4400,295.826170,45.787640,14.005
9248,9458266,K07174.01,,CANDIDATE,CANDIDATE,0.8010,0,0,0,0,1.584878980,1.4710000e-05,-1.4710000e-05,132.6977200,8.700000e-03,-8.700000e-03,0.4170,0.0330,-0.4170,1.79100,0.23300,-0.23300,4.2900e+01,6.000e+00,-6.000e+00,0.37,3.000e-02,-4.000e-02,943.0,,,187.91,62.01,-56.77,9.30,1,q1_q17_dr25_tce,4201.00,127.00,-140.00,4.675,0.065,-0.025,0.5660,0.0490,-0.0600,288.877690,46.059139,13.742
9249,6199716,K07771.01,,FALSE POSITIVE,FALSE POSITIVE,0.0000,0,0,1,1,0.805267592,4.4530000e-06,-4.4530000e-06,132.0912800,5.400000e-03,-5.400000e-03,0.0820,0.4110,-0.0820,0.88700,0.29000,-0.29000,1.4660e+02,2.290e+01,-2.290e+01,1.35,4.100e-01,-1.700e-01,2165.0,,,5216.79,4688.98,-1822.99,9.80,1,q1_q17_dr25_tce,6268.00,174.00,-261.00,4.429,0.052,-0.195,1.1000,0.3350,-0.1340,290.130070,41.599800,15.881
9250,6205566,K07772.01,,FALSE POSITIVE,FALSE POSITIVE,0.0000,1,0,1,1,3.722867900,1.3630000e-04,-1.3630000e-04,134.6350000,3.410000e-02,-3.410000e-02,0.8000,0.1810,-0.5730,9.55700,0.89300,-0.89300,5.2100e+01,6.200e+00,-6.200e+00,0.74,2.100e-01,-7.000e-02,1182.0,,,461.27,384.21,-130.76,9.80,1,q1_q17_dr25_tce,6046.00,163.00,-199.00,4.509,0.048,-0.192,0.9270,0.2630,-0.0880,292.017210,41.562809,15.202
9251,6442602,K07778.01,,FALSE POSITIVE,FALSE POSITIVE,0.1130,1,0,0,0,0.566782280,3.0290000e-05,-3.0290000e-05,131.8571000,5.570000e-02,-5.570000e-02,0.1530,0.3630,-0.1530,4.72500,0.55900,-0.55900,1.4680e+02,1.680e+01,-1.680e+01,0.88,6.000e-02,-8.000e-02,1661.0,,,1814.33,592.67,-518.34,15.10,1,q1_q17_dr25_tce,4796.00,172.00,-172.00,4.560,0.060,-0.035,0.7490,0.0550,-0.0680,291.721980,41.842468,15.530
9252,6445531,K07779.01,,FALSE POSITIVE,FALSE POSITIVE,0.0000,0,0,1,1,1.710249310,1.6400000e-05,-1.6400000e-05,131.6423000,1.050000e-02,-1.050000e-02,0.5080,0.4550,-0.3010,2.83300,0.78000,-0.78000,9.8600e+01,3.190e+01,-3.190e+01,1.20,3.500e-01,-1.500e-01,1766.0,,,2298.20,2001.71,-798.07,9.40,1,q1_q17_dr25_tce,6418.00,179.00,-246.00,4.395,0.062,-0.188,1.1710,0.3450,-0.1480,292.706600,41.894218,15.761
9253,6451368,K07780.01,,CANDIDATE,CANDIDATE,0.9930,0,0,0,0,5.336057400,1.4230000e-04,-1.4230000e-04,132.6050000,2.030000e-02,-2.030000e-02,0.0060,0.4620,-0.0060,3.87700,0.73700,-0.73700,5.4700e+01,9.900e+00,-9.900e+00,1.52,3.100e-01,-4.700e-01,1667.0,,,1823.90,1091.05,-1051.66,7.00,1,q1_q17_dr25_tce,6742.00,163.00,-204.00,3.925,0.273,-0.117,2.0320,0.4170,-0.6260,294.484040,41.869171,12.691
9254,4738095,K08096.01,,FALSE POSITIVE,FALSE POSITIVE,0.0000,1,0,0,0,309.933134000,9.4760000e-03,-9.4760000e-03,141.9846000,2.010000e-02,-2.010000e-02,0.7300,0.2240,-0.4910,7.16500,0.76000,-0.76000,1.7610e+02,2.690e+01,-2.690e+01,1.80,3.800e-01,-2.500e-01,319.0,,,2.43,1.47,-0.85,8.30,1,q1_q17_dr25_tce,6299.00,149.00,-204.00,4.325,0.081,-0.150,1.2620,0.2630,-0.1750,289.168150,39.829182,13.147
9255,5128966,K08098.01,,FALSE POSITIVE,FALSE POSITIVE,0.0000,0,1,1,1,0.505322676,,,131.5427320,,,1.0360,,,5.27270,,,7.7349e+04,,,46.59,1.442e+01,-5.750e+00,2275.0,,,6291.87,5921.72,-2099.15,384.60,1,q1_q17_dr25_tce,5941.00,187.00,-208.00,4.490,0.065,-0.208,0.9240,0.2860,-0.1140,298.895630,40.289490,14.457
9256,5872139,K08110.01,,FALSE POSITIVE,FALSE POSITIVE,0.0430,1,0,0,0,375.177370000,1.6610000e-02,-1.6610000e-02,260.4516000,3.410000e-02,-3.410000e-02,0.4050,0.0550,-0.4050,20.52000,1.20000,-1.20000,1.2300e+03,1.050e+02,-1.050e+02,3.64,1.150e+00,-3.800e-01,264.0,,,1.15,1.11,-0.38,13.70,1,q1_q17_dr25_tce,6089.00,193.00,-257.00,4.468,0.052,-0.208,1.0240,0.3240,-0.1080,290.424350,41.183498,15.920
9257,6887321,K08129.01,,FALSE POSITIVE,FALSE POSITIVE,0.0000,0,0,1,0,1.657460340,2.8780000e-05,-2.8780000e-05,131.6967000,2.230000e-02,-2.230000e-02,0.1930,0.2540,-0.1930,4.57200,0.78500,-0.78500,2.2900e+01,3.600e+00,-3.600e+00,0.54,1.500e-01,-1.000e-01,1663.0,,,1808.13,1507.96,-768.96,9.10,1,q1_q17_dr25_tce,5860.00,158.00,-193.00,4.326,0.153,-0.187,1.1300,0.3210,-0.2140,297.927980,42.310829,13.869
9258,7049771,K08132.01,,FALSE POSITIVE,FALSE POSITIVE,0.2200,1,0,0,0,381.858520000,1.4020000e-02,-1.4020000e-02,458.8130000,1.880000e-02,-1.880000e-02,0.0240,0.4450,-0.0240,16.12100,0.83600,-0.83600,3.6290e+02,2.680e+01,-2.680e+01,8.30,1.110e+00,-5.600e-01,453.0,,,9.93,4.02,-1.95,16.00,1,q1_q17_dr25_tce,4959.00,111.00,,3.155,0.030,-0.030,4.4860,0.6010,-0.3000,296.187870,42.576660,12.883
9259,12008916,K08074.01,,FALSE POSITIVE,FALSE POSITIVE,0.2040,1,0,0,0,47.431485700,6.6320000e-04,-6.6320000e-04,174.6547000,1.020000e-02,-1.020000e-02,0.0140,0.4430,-0.0140,4.51100,0.31000,-0.31000,1.7280e+02,1.900e+01,-1.900e+01,8.83,2.900e-01,-2.730e+00,1029.0,,,265.10,30.65,-160.35,10.30,1,q1_q17_dr25_tce,5166.00,59.00,-239.00,3.120,0.036,-0.027,6.8910,0.2240,-2.1290,289.096590,50.427181,11.765
9260,4645492,K08095.01,,FALSE POSITIVE,FALSE POSITIVE,0.3000,1,0,0,0,508.041030000,1.0020000e-02,-1.0020000e-02,361.7222000,1.190000e-02,-1.190000e-02,0.4760,0.4890,-0.2720,5.39800,0.51900,-0.51900,3.7170e+02,4.540e+01,-4.540e+01,1.89,1.800e-01,-7.000e-02,217.0,,,0.53,0.14,-0.07,9.90,1,q1_q17_dr25_tce,5672.00,68.00,-85.00,4.503,0.015,-0.080,0.9650,0.0940,-0.0360,288.978240,39.750259,13.942
9261,7841925,K01499.02,,CANDIDATE,CANDIDATE,0.9440,0,0,0,0,0.840594032,4.4560000e-06,-4.4560000e-06,131.7410400,3.990000e-03,-3.990000e-03,0.0180,0.4420,-0.0180,1.40400,0.14300,-0.14300,4.9800e+01,5.300e+00,-5.300e+00,0.62,1.300e-01,-9.000e-02,1780.0,,,2368.31,1583.23,-836.95,11.60,3,q1_q17_dr25_tce,5440.00,162.00,-162.00,4.438,0.144,-0.192,0.8850,0.1930,-0.1290,297.724270,43.527431,14.480
9262,7202957,K02687.02,,CANDIDATE,CANDIDATE,1.0000,0,0,0,0,8.167338510,6.0200000e-05,-6.0200000e-05,136.2035600,6.060000e-03,-6.060000e-03,0.8010,0.1460,-0.5740,3.33700,0.16600,-0.16600,1.0490e+02,7.700e+00,-7.700e+00,1.03,1.500e-01,-6.000e-02,865.0,,,132.43,56.70,-23.34,14.80,2,q1_q17_dr25_tce,5808.00,105.00,-128.00,4.522,0.030,-0.120,0.9020,0.1380,-0.0460,292.615110,42.764252,10.158
9263,9092504,K02716.02,,CANDIDATE,CANDIDATE,0.9560,0,0,0,0,6.460047280,3.0150000e-05,-3.0150000e-05,135.9677900,4.000000e-03,-4.000000e-03,0.8280,0.1030,-0.6070,1.97900,0.10900,-0.10900,3.9420e+02,2.590e+01,-2.590e+01,1.80,4.300e-01,-1.700e-01,883.0,,,144.06,105.41,-40.90,17.00,2,q1_q17_dr25_tce,5704.00,169.00,-186.00,4.575,0.040,-0.160,0.8040,0.1940,-0.0770,293.204530,45.435398,15.810
9264,4831728,K02739.02,,CANDIDATE,CANDIDATE,0.8990,0,0,0,0,7.095639500,1.1890000e-04,-1.1890000e-04,135.0007000,1.120000e-02,-1.120000e-02,0.0600,0.4120,-0.0600,3.46500,0.47500,-0.47500,1.0810e+02,1.130e+01,-1.130e+01,1.20,1.900e-01,-2.400e-01,989.0,,,225.73,98.10,-88.68,10.50,2,q1_q17_dr25_tce,5480.00,82.00,-74.00,4.260,0.180,-0.120,1.1740,0.1910,-0.2340,290.576720,39.956890,15.017
9265,10122538,K02926.02,Kepler-1388 c,CONFIRMED,CANDIDATE,0.9760,0,0,0,0,5.536093680,3.1480000e-05,-3.1480000e-05,131.8828600,6.510000e-03,-6.510000e-03,0.7910,0.1240,-0.5630,2.29420,0.09040,-0.09040,1.2233e+03,6.160e+01,-6.160e+01,2.20,1.400e-01,-1.000e-01,566.0,,,24.23,5.12,-4.07,22.60,1,q1_q17_dr25_tce,3891.00,70.00,-86.00,4.718,0.018,-0.042,0.5640,0.0350,-0.0260,283.336060,47.174541,16.279
9266,9347066,K07933.01,,FALSE POSITIVE,FALSE POSITIVE,0.0000,0,0,1,0,20.004714000,1.4670000e-03,-1.4670000e-03,139.0639000,1.650000e-02,-1.650000e-02,0.1800,0.2900,-0.1800,2.95200,0.53400,-0.53400,1.1570e+02,2.300e+01,-2.300e+01,0.89,1.500e-01,-7.000e-02,577.0,,,26.19,13.66,-6.88,6.70,1,q1_q17_dr25_tce,5299.00,159.00,-159.00,4.534,0.043,-0.119,0.8480,0.1380,-0.0740,293.704100,45.892509,14.437
9267,9390228,K07934.01,,CANDIDATE,CANDIDATE,0.9430,0,0,0,0,22.643243600,1.2860000e-04,-1.2860000e-04,153.4460700,3.940000e-03,-3.940000e-03,0.1360,0.3930,-0.1360,0.80600,0.19100,-0.19100,5.5040e+02,9.920e+01,-9.920e+01,2.12,6.500e-01,-2.200e-01,624.0,,,35.77,32.26,-10.25,8.20,1,q1_q17_dr25_tce,5880.00,159.00,-177.00,4.516,0.050,-0.200,0.8910,0.2740,-0.0910,284.672270,45.973820,15.581
9268,9392016,K07935.01,,FALSE POSITIVE,FALSE POSITIVE,0.0000,1,0,0,0,350.651580000,1.2980000e-02,-1.2980000e-02,208.7904000,2.410000e-02,-2.410000e-02,0.0040,0.4460,-0.0040,7.97600,0.90500,-0.90500,2.4810e+02,3.410e+01,-3.410e+01,1.31,3.500e-01,-1.100e-01,243.0,,,0.83,0.65,-0.21,8.20,1,q1_q17_dr25_tce,5882.00,158.00,-158.00,4.560,0.044,-0.187,0.8330,0.2230,-0.0740,285.711430,45.920658,14.375
9269,9429631,K07937.01,,FALSE POSITIVE,FALSE POSITIVE,0.0000,0,0,1,0,4.185872820,4.1670000e-05,-4.1670000e-05,132.4173300,9.750000e-03,-9.750000e-03,0.0780,0.3760,-0.0780,1.99800,0.25500,-0.25500,9.9400e+01,1.330e+01,-1.330e+01,0.89,2.100e-01,-1.400e-01,1057.0,,,295.17,210.39,-108.89,9.30,1,q1_q17_dr25_tce,5455.00,162.00,-162.00,4.421,0.144,-0.192,0.9090,0.2130,-0.1420,300.380460,45.973549,14.525
9270,9469494,K07938.01,,CANDIDATE,CANDIDATE,0.5080,0,0,0,0,275.560300000,1.7900000e-02,-1.7900000e-02,237.0977000,4.090000e-02,-4.090000e-02,0.0180,0.4290,-0.0180,15.09000,1.60000,-1.60000,8.9400e+01,9.300e+00,-9.300e+00,2.33,5.300e-01,-1.320e+00,437.0,,,8.60,6.29,-7.18,11.50,1,q1_q17_dr25_tce,5989.00,213.00,-192.00,3.764,0.568,-0.142,2.4670,0.5590,-1.3960,293.685330,46.095737,11.663
9271,9518558,K07939.01,,FALSE POSITIVE,FALSE POSITIVE,0.0000,0,0,1,1,2.178142613,6.4720000e-06,-6.4720000e-06,132.0332800,2.200000e-03,-2.200000e-03,0.4680,0.0580,-0.4140,0.90600,0.09660,-0.09660,1.7270e+02,1.580e+01,-1.580e+01,1.22,3.400e-01,-1.100e-01,1452.0,,,1050.06,843.82,-283.12,16.10,1,q1_q17_dr25_tce,6290.00,171.00,-190.00,4.527,0.034,-0.195,0.8980,0.2450,-0.0820,288.148770,46.196911,14.652
9272,11296205,K08048.01,,CANDIDATE,CANDIDATE,0.3340,0,0,0,0,379.672760000,2.3190000e-02,-2.3190000e-02,445.9701000,2.320000e-02,-2.320000e-02,0.3020,0.1530,-0.3020,9.66200,0.86600,-0.86600,2.5390e+02,3.860e+01,-3.860e+01,1.33,3.600e-01,-1.100e-01,247.0,,,0.88,0.70,-0.23,7.90,1,q1_q17_dr25_tce,6156.00,167.00,-186.00,4.563,0.035,-0.196,0.8240,0.2200,-0.0730,291.454680,49.043289,14.440
9273,11348086,K08049.01,,FALSE POSITIVE,FALSE POSITIVE,0.1760,1,0,0,0,391.420272000,7.1210000e-03,-7.1210000e-03,470.4430100,9.490000e-03,-9.490000e-03,0.7970,0.1650,-0.5520,3.84000,0.38700,-0.38700,2.3670e+02,2.870e+01,-2.870e+01,1.61,3.300e-01,-1.700e-01,256.0,,,1.01,0.61,-0.29,10.30,1,q1_q17_dr25_tce,6032.00,163.00,-163.00,4.460,0.074,-0.147,0.9490,0.1910,-0.1030,290.579710,49.189980,12.879
9274,11350634,K08050.01,,CANDIDATE,CANDIDATE,0.2530,0,0,0,0,278.389350000,1.1170000e-02,-1.1170000e-02,299.5370000,2.130000e-02,-2.130000e-02,0.1200,0.3380,-0.1200,10.43000,0.78000,-0.78000,2.6280e+02,2.680e+01,-2.680e+01,6.81,1.030e+00,-1.770e+00,464.0,,,10.93,4.16,-5.35,11.20,1,q1_q17_dr25_tce,4951.00,51.00,-88.00,3.349,0.154,-0.112,4.3420,0.6570,-1.1270,291.968020,49.115311,12.795
9275,11357185,K08051.01,,FALSE POSITIVE,FALSE POSITIVE,0.0660,1,0,0,0,185.243906000,3.2940000e-03,-3.2940000e-03,177.2769000,1.100000e-02,-1.100000e-02,0.7260,0.2440,-0.4960,3.27600,0.49500,-0.49500,3.8390e+02,5.980e+01,-5.980e+01,2.38,8.600e-01,-2.700e-01,354.0,,,3.70,3.96,-1.21,7.90,1,q1_q17_dr25_tce,6218.00,173.00,-239.00,4.417,0.058,-0.232,1.1310,0.4090,-0.1280,295.083650,49.170158,14.652
9276,11358305,K08052.01,,CANDIDATE,CANDIDATE,0.9410,0,0,0,0,7.868712300,1.3600000e-04,-1.3600000e-04,133.2612000,1.350000e-02,-1.350000e-02,0.7480,0.2330,-0.5040,3.73900,0.45400,-0.45400,8.9100e+01,1.180e+01,-1.180e+01,1.73,4.900e-01,-5.000e-01,1323.0,,,722.44,613.46,-412.98,9.10,1,q1_q17_dr25_tce,6738.00,189.00,-284.00,4.109,0.195,-0.175,1.6920,0.4850,-0.4850,295.590120,49.198601,13.410
9277,11392362,K08053.01,,CANDIDATE,CANDIDATE,0.9970,0,0,0,0,9.910578600,2.5460000e-04,-2.5460000e-04,135.9226000,2.620000e-02,-2.620000e-02,0.8130,0.1600,-0.5630,5.94500,0.93700,-0.93700,9.9500e+01,1.630e+01,-1.630e+01,1.19,3.500e-01,-1.200e-01,922.0,,,170.47,142.43,-53.51,9.20,1,q1_q17_dr25_tce,6214.00,152.00,-239.00,4.442,0.050,-0.200,1.0760,0.3130,-0.1120,285.745640,49.238869,14.863
9278,8028465,K08152.01,,FALSE POSITIVE,FALSE POSITIVE,0.0460,1,0,0,0,261.684363000,4.8360000e-03,-4.8360000e-03,247.3986000,1.300000e-02,-1.300000e-02,0.0370,0.4240,-0.0370,3.89200,0.55500,-0.55500,8.1700e+02,1.220e+02,-1.220e+02,1.46,1.000e-01,-1.400e-01,175.0,,,0.22,0.06,-0.06,8.30,1,q1_q17_dr25_tce,4393.00,117.00,-143.00,4.713,0.059,-0.032,0.5260,0.0360,-0.0500,291.670620,43.814461,14.864
9279,8129641,K08153.01,,FALSE POSITIVE,FALSE POSITIVE,0.0000,0,1,1,0,0.808106001,8.7200000e-07,-8.7200000e-07,131.6902600,1.040000e-03,-1.040000e-03,1.2690,0.4840,-0.1420,3.91740,0.04210,-0.04210,7.6764e+03,6.180e+01,-6.180e+01,39.59,1.053e+01,-4.220e+00,1978.0,,,3631.91,2958.00,-1154.43,73.30,1,q1_q17_dr25_tce,6014.00,189.00,-232.00,4.494,0.058,-0.173,0.9580,0.2550,-0.1020,300.954160,43.991718,15.940
9280,8226720,K08154.01,,FALSE POSITIVE,FALSE POSITIVE,0.0360,1,0,0,0,391.330680000,1.7160000e-02,-1.7160000e-02,186.7266000,2.410000e-02,-2.410000e-02,0.5080,0.0160,-0.4610,12.37000,1.10000,-1.10000,2.7720e+02,3.150e+01,-3.150e+01,1.68,4.800e-01,-1.700e-01,274.0,,,1.33,1.10,-0.39,10.30,1,q1_q17_dr25_tce,6428.00,160.00,-208.00,4.457,0.065,-0.195,0.9770,0.2800,-0.1000,289.482700,44.178890,14.056
9281,8307354,K08155.01,,FALSE POSITIVE,FALSE POSITIVE,0.0000,1,0,0,0,320.567945510,,,279.6247569,,,0.3310,,,15.36140,,,8.9890e+02,,,2.43,5.600e-01,-2.000e-01,234.0,,,0.71,0.51,-0.19,7.50,2,q1_q17_dr25_tce,5546.00,182.00,-182.00,4.575,0.040,-0.160,0.8100,0.1870,-0.0670,294.578610,44.215260,15.916
9282,8527297,K08157.01,,CANDIDATE,CANDIDATE,0.6380,0,0,0,0,0.587300210,,,132.3502325,,,,,,0.82000,,,,,,,,,,,,,,,,3,q1_q17_dr25_tce,,,,,,,,,,301.661800,44.577499,14.010
9283,8588982,K08158.01,,FALSE POSITIVE,FALSE POSITIVE,0.0010,1,0,0,0,116.025744000,1.3440000e-03,-1.3440000e-03,206.3934800,6.020000e-03,-6.020000e-03,0.0170,0.6350,-0.0170,3.53900,0.79000,-0.79000,1.3610e+03,1.070e+02,-1.070e+02,37.99,6.610e+00,-8.820e+00,893.0,,,150.02,66.72,-67.22,18.50,1,q1_q17_dr25_tce,4575.00,54.00,-75.00,2.592,0.136,-0.084,10.7880,1.8780,-2.5040,300.587680,44.681862,12.184
9284,6182508,K08261.01,,FALSE POSITIVE,FALSE POSITIVE,0.1280,1,0,0,0,85.977042600,8.8020000e-04,-8.8020000e-04,159.3127000,1.070000e-02,-1.070000e-02,0.0420,0.4060,-0.0420,1.91900,0.22400,-0.22400,1.0640e+03,1.580e+02,-1.580e+02,1.46,1.200e-01,-1.700e-01,202.0,,,0.40,0.10,-0.12,8.00,1,q1_q17_dr25_tce,3710.00,81.00,-89.00,4.797,0.054,-0.036,0.4520,0.0360,-0.0530,282.909850,41.502739,15.901
9285,6195669,K08262.01,,FALSE POSITIVE,FALSE POSITIVE,0.0900,0,1,0,0,370.943530000,1.2560000e-02,-1.2560000e-02,261.1772000,2.190000e-02,-2.190000e-02,1.2940,70.8600,-2.5010,16.64000,1.30000,-1.30000,1.0713e+03,8.830e+01,-8.830e+01,27.77,6.480e+00,-2.150e+00,228.0,,,0.64,0.45,-0.15,14.60,1,q1_q17_dr25_tce,5755.00,155.00,-173.00,4.588,0.040,-0.160,0.7760,0.1810,-0.0600,288.813570,41.555119,15.048
9286,6356506,K08263.01,,CANDIDATE,CANDIDATE,0.2910,0,0,0,0,280.555440000,2.5260000e-02,-2.5260000e-02,308.0323000,4.040000e-02,-4.040000e-02,0.0310,0.4190,-0.0310,12.75700,0.72300,-0.72300,4.0140e+02,4.840e+01,-4.840e+01,2.17,7.200e-01,-2.400e-01,308.0,,,2.13,2.11,-0.69,9.30,1,q1_q17_dr25_tce,6292.00,174.00,-240.00,4.426,0.054,-0.216,1.0780,0.3610,-0.1200,289.325930,41.749939,15.160
9287,6583107,K08264.01,,FALSE POSITIVE,FALSE POSITIVE,0.1680,1,0,0,0,30.626192700,2.3830000e-04,-2.3830000e-04,157.9461300,6.980000e-03,-6.980000e-03,0.3860,0.2020,-0.3860,1.10700,0.23800,-0.23800,1.6260e+02,3.910e+01,-3.910e+01,1.55,4.300e-01,-3.800e-01,655.0,,,43.61,36.13,-21.98,6.60,1,q1_q17_dr25_tce,5860.00,177.00,-195.00,4.244,0.231,-0.189,1.1970,0.3280,-0.2950,283.242830,42.028561,13.891
9288,6681618,K08265.01,,FALSE POSITIVE,FALSE POSITIVE,0.1280,1,0,0,0,364.421890000,1.6750000e-02,-1.6750000e-02,303.9267000,2.580000e-02,-2.580000e-02,1.2760,70.0800,-1.7750,38.14000,1.90000,-1.90000,2.4980e+03,1.120e+02,-1.120e+02,36.37,1.096e+01,-3.670e+00,264.0,,,1.14,1.05,-0.35,28.50,1,q1_q17_dr25_tce,6047.00,190.00,-232.00,4.470,0.052,-0.208,1.0020,0.3020,-0.1010,288.773160,42.137081,15.975
9289,7106438,K08267.01,,FALSE POSITIVE,FALSE POSITIVE,0.1270,1,0,0,0,269.331027000,8.1330000e-03,-8.1330000e-03,232.6164000,2.510000e-02,-2.510000e-02,0.6790,0.0460,-0.4990,4.89100,0.68900,-0.68900,5.1570e+02,8.170e+01,-8.170e+01,2.54,8.600e-01,-3.400e-01,304.0,,,2.02,2.08,-0.73,7.90,1,q1_q17_dr25_tce,6129.00,193.00,-236.00,4.419,0.072,-0.217,1.0550,0.3580,-0.1430,288.083680,42.676392,15.394
9290,9652166,K07216.01,,FALSE POSITIVE,FALSE POSITIVE,0.0000,1,0,0,0,0.646523404,9.8830000e-06,-9.8830000e-06,131.6881000,1.080000e-02,-1.080000e-02,0.4940,0.0600,-0.4350,3.91700,0.71500,-0.71500,2.5200e+01,2.700e+00,-2.700e+00,0.85,2.800e-01,-1.500e-01,3163.0,,,23676.16,23849.25,-10301.81,14.20,1,q1_q17_dr25_tce,7257.00,230.00,-316.00,4.185,0.108,-0.201,1.6310,0.5400,-0.2910,293.055690,46.342331,12.884
9291,9711751,K07225.01,,FALSE POSITIVE,FALSE POSITIVE,0.0000,0,1,0,0,0.855763492,1.5300000e-07,-1.5300000e-07,132.3513250,1.460000e-04,-1.460000e-04,0.9170,0.0790,-0.0380,3.64361,0.00886,-0.00886,1.3166e+05,2.360e+02,-2.360e+02,72.82,2.356e+01,-1.175e+01,2464.0,,,8674.28,8029.90,-3338.83,598.40,1,q1_q17_dr25_tce,6679.00,160.00,-220.00,4.286,0.090,-0.195,1.3260,0.4290,-0.2140,292.457860,46.433380,13.788
9292,9821078,K07234.01,,FALSE POSITIVE,FALSE POSITIVE,0.0000,1,0,0,0,8.429438192,2.9900000e-07,-2.9900000e-07,132.2922535,2.980000e-05,-2.980000e-05,0.4280,0.0060,-0.0030,3.94306,0.00090,-0.00090,4.5635e+05,1.800e+00,-1.800e+00,49.49,2.030e+00,-4.150e+00,582.0,,,27.16,6.01,-7.25,3072.50,1,q1_q17_dr25_tce,4268.00,129.00,-142.00,4.602,0.052,-0.017,0.6800,0.0280,-0.0570,286.819270,46.664780,14.117
9293,9899583,K07248.01,,FALSE POSITIVE,FALSE POSITIVE,0.0000,0,1,1,1,1.332583750,1.6010000e-05,-1.6010000e-05,132.0362000,1.140000e-02,-1.140000e-02,0.7460,0.2060,-0.5050,4.08100,0.29400,-0.29400,6.0900e+01,4.500e+00,-4.500e+00,0.84,2.700e-01,-9.000e-02,1727.0,,,2096.92,1939.87,-616.41,16.40,1,q1_q17_dr25_tce,6108.00,171.00,-192.00,4.471,0.050,-0.200,0.9970,0.3120,-0.1040,295.287350,46.754490,14.835
9294,10019854,K07272.01,,CANDIDATE,CANDIDATE,0.7630,0,0,0,0,14.101102300,3.8290000e-04,-3.8290000e-04,133.4744000,1.530000e-02,-1.530000e-02,0.0710,0.3920,-0.0700,4.51300,0.67500,-0.67500,1.0820e+02,1.700e+01,-1.700e+01,1.26,3.900e-01,-1.400e-01,904.0,,,157.56,140.44,-49.31,8.10,1,q1_q17_dr25_tce,6534.00,158.00,-225.00,4.365,0.067,-0.202,1.1990,0.3730,-0.1330,295.082210,46.941711,15.105
9295,6531617,K07785.01,,CANDIDATE,CANDIDATE,0.3230,0,0,0,0,433.220461000,5.0760000e-03,-5.0760000e-03,271.0427700,9.770000e-03,-9.770000e-03,0.1780,0.2810,-0.1780,2.72500,0.49000,-0.49000,7.2510e+02,9.410e+01,-9.410e+01,2.07,3.300e-01,-2.500e-01,203.0,,,0.40,0.20,-0.13,9.50,1,q1_q17_dr25_tce,5232.00,156.00,-156.00,4.519,0.096,-0.168,0.7770,0.1260,-0.0940,294.627140,41.933182,14.546
9296,6863187,K07794.01,,FALSE POSITIVE,FALSE POSITIVE,0.0000,1,0,0,1,1.994923320,5.1130000e-05,-5.1130000e-05,133.4406000,2.520000e-02,-2.520000e-02,0.7720,0.2080,-0.5330,5.89800,0.78700,-0.78700,7.7700e+01,8.800e+00,-8.800e+00,0.94,2.600e-01,-9.000e-02,1451.0,,,1044.18,888.94,-307.93,11.10,1,q1_q17_dr25_tce,5957.00,182.00,-223.00,4.498,0.046,-0.184,0.9710,0.2730,-0.0910,291.859740,42.348701,15.634
9297,6887030,K07795.01,,CANDIDATE,CANDIDATE,1.0000,0,0,0,0,5.440857620,4.8800000e-05,-4.8800000e-05,134.2940800,6.780000e-03,-6.780000e-03,0.7350,0.2440,-0.4940,2.11900,0.23400,-0.23400,1.3750e+02,1.740e+01,-1.740e+01,0.97,1.900e-01,-9.000e-02,892.0,,,149.44,93.51,-37.70,9.30,1,q1_q17_dr25_tce,5519.00,165.00,-149.00,4.590,0.043,-0.128,0.7620,0.1540,-0.0660,297.872800,42.303291,14.810
9298,6974867,K07800.01,,FALSE POSITIVE,FALSE POSITIVE,0.0000,1,0,1,0,0.887691177,3.4470000e-06,-3.4470000e-06,132.3671100,3.230000e-03,-3.230000e-03,0.4190,0.0490,-0.4190,1.64400,0.14000,-0.14000,3.7300e+01,2.400e+00,-2.400e+00,1.53,3.200e-01,-6.300e-01,2709.0,,,12704.16,8298.21,-8742.69,20.80,1,q1_q17_dr25_tce,5500.00,181.00,-148.00,3.775,0.323,-0.108,2.4910,0.5110,-1.0220,298.337220,42.432911,12.386
9299,7031726,K07806.01,,FALSE POSITIVE,FALSE POSITIVE,0.0000,0,1,0,1,0.566793534,2.0520000e-06,-2.0520000e-06,131.8368000,3.140000e-03,-3.140000e-03,0.0600,0.2910,-0.0600,4.71400,0.12400,-0.12400,9.2400e+01,3.300e+00,-3.300e+00,122.64,1.006e+01,-3.019e+01,14667.0,,,10947554.55,3617132.59,-5362422.45,40.40,1,q1_q17_dr25_tce,3420.00,111.00,-91.00,0.269,0.255,-0.085,138.0560,11.3280,-33.9830,291.186860,42.591022,11.476
9300,7959310,K08150.01,,FALSE POSITIVE,FALSE POSITIVE,0.0220,1,0,0,0,350.514000000,1.8130000e-02,-1.8130000e-02,210.8168000,4.920000e-02,-4.920000e-02,0.2590,0.1870,-0.2590,19.53000,1.50000,-1.50000,2.1350e+02,2.200e+01,-2.200e+01,2.22,6.200e-01,-6.900e-01,346.0,,,3.37,2.79,-1.95,12.00,1,q1_q17_dr25_tce,6382.00,175.00,-194.00,4.115,0.280,-0.151,1.5000,0.4210,-0.4630,291.545680,43.789879,13.954
9301,8012732,K08151.01,,FALSE POSITIVE,FALSE POSITIVE,0.1030,1,0,0,0,431.517340000,1.0910000e-03,-1.0910000e-03,391.6973200,1.400000e-03,-1.400000e-03,0.7180,0.0190,-0.0180,16.42000,0.11900,-0.11900,5.3327e+03,3.040e+01,-3.040e+01,10.28,3.350e+00,-1.800e+00,287.0,,,1.60,1.55,-0.67,206.20,1,q1_q17_dr25_tce,6221.00,177.00,-243.00,4.294,0.112,-0.208,1.3120,0.4280,-0.2300,284.729490,43.864216,13.922
9302,8439949,K08156.01,,CANDIDATE,CANDIDATE,0.2660,0,0,0,0,364.982420000,1.1030000e-02,-1.1030000e-02,188.6133000,1.940000e-02,-1.940000e-02,0.9260,0.0330,-0.6430,12.34600,0.84000,-0.84000,5.3300e+02,4.740e+01,-4.740e+01,3.12,1.030e+00,-3.500e-01,293.0,,,1.73,1.65,-0.53,13.10,1,q1_q17_dr25_tce,6429.00,153.00,-211.00,4.404,0.068,-0.216,1.1160,0.3700,-0.1230,295.163640,44.422211,14.324
9303,8808064,K08169.01,,FALSE POSITIVE,FALSE POSITIVE,0.1530,1,0,0,0,447.970280000,2.9490000e-02,-2.9490000e-02,559.6455000,3.700000e-02,-3.700000e-02,0.0210,0.4100,-0.0210,10.85700,0.84300,-0.84300,5.1270e+02,6.150e+01,-6.150e+01,2.00,6.200e-01,-2.000e-01,230.0,,,0.67,0.60,-0.19,9.20,1,q1_q17_dr25_tce,5911.00,159.00,-177.00,4.530,0.050,-0.212,0.8870,0.2730,-0.0910,287.100130,45.006310,15.152
9304,8815031,K08171.01,,FALSE POSITIVE,FALSE POSITIVE,0.0000,1,0,0,0,472.603800000,2.8680000e-02,-2.8680000e-02,515.5770000,3.900000e-02,-3.900000e-02,0.4760,0.4900,-0.2750,12.15000,1.40000,-1.40000,6.7200e+02,1.010e+02,-1.010e+02,2.28,5.100e-01,-1.800e-01,218.0,,,0.54,0.35,-0.13,7.70,1,q1_q17_dr25_tce,5764.00,156.00,-156.00,4.548,0.040,-0.160,0.8630,0.1940,-0.0690,290.369320,45.009258,15.975
9305,6114140,K08117.01,,FALSE POSITIVE,FALSE POSITIVE,0.0000,0,0,1,0,0.933745798,2.3480000e-06,-2.3480000e-06,131.5211800,2.050000e-03,-2.050000e-03,0.9610,0.0020,-0.0030,6.44700,0.16200,-0.16200,6.1380e+02,1.190e+01,-1.190e+01,3.45,1.070e+00,-4.200e-01,2097.0,,,4570.22,4143.30,-1500.36,75.30,1,q1_q17_dr25_tce,6367.00,172.00,-211.00,4.419,0.065,-0.195,1.0870,0.3360,-0.1340,288.770900,41.412571,15.485
9306,8801316,K02956.01,Kepler-1394 b,CONFIRMED,CANDIDATE,1.0000,0,0,0,0,3.937667860,3.4420000e-05,-3.4420000e-05,135.2772400,8.100000e-03,-8.100000e-03,0.2260,0.2160,-0.2260,4.65500,0.19500,-0.19500,2.4300e+01,1.700e+00,-1.700e+00,1.36,1.600e-01,-3.700e-01,1947.0,,,3388.82,1199.11,-1737.79,16.80,1,q1_q17_dr25_tce,6277.00,126.00,-113.00,3.728,0.218,-0.073,2.7410,0.3240,-0.7570,283.453190,45.084141,11.801
9307,8429415,K02965.01,,FALSE POSITIVE,FALSE POSITIVE,0.0000,0,0,1,1,1.352564873,7.2570000e-06,-7.2570000e-06,132.0475200,4.410000e-03,-4.410000e-03,0.6690,0.0250,-0.5140,3.46900,0.12400,-0.12400,5.6700e+01,2.000e+00,-2.000e+00,1.45,3.100e-01,-4.500e-01,2447.0,,,8505.97,5316.70,-4905.44,34.90,1,q1_q17_dr25_tce,6463.00,175.00,-175.00,3.959,0.287,-0.123,1.8230,0.3800,-0.5700,291.307530,44.457619,12.709
9308,8560804,K02969.01,,FALSE POSITIVE,FALSE POSITIVE,0.0000,0,1,1,1,31.972950100,2.9640000e-04,-2.9640000e-04,133.8821800,8.090000e-03,-8.090000e-03,0.7730,0.1340,-0.7730,9.41000,1.40000,-1.40000,1.5630e+02,1.240e+01,-1.240e+01,2.41,4.000e-01,-5.600e-01,757.0,,,77.49,34.21,-34.26,38.30,1,q1_q17_dr25_tce,6007.00,81.00,-81.00,4.064,0.174,-0.101,1.7590,0.2970,-0.4090,292.119450,44.657928,12.567
9309,5091016,K02973.01,,FALSE POSITIVE,FALSE POSITIVE,0.0000,0,1,1,0,5.765567180,6.6690000e-05,-6.6690000e-05,134.9650100,6.860000e-03,-6.860000e-03,0.6780,0.2910,-0.4470,3.13800,0.45000,-0.45000,2.1330e+02,2.040e+01,-2.040e+01,1.66,5.700e-01,-2.300e-01,1120.0,,,371.86,384.76,-138.32,17.60,1,q1_q17_dr25_tce,6218.00,194.00,-259.00,4.404,0.072,-0.217,1.0720,0.3660,-0.1470,289.292660,40.270611,15.390
9310,7347246,K03014.01,Kepler-1411 b,CONFIRMED,CANDIDATE,0.9410,0,0,0,0,86.116088500,9.0810000e-04,-9.0810000e-04,134.8808000,1.000000e-02,-1.000000e-02,0.0160,0.4240,-0.0160,6.05800,0.20000,-0.20000,8.7520e+02,5.540e+01,-5.540e+01,3.11,1.060e+00,-3.500e-01,441.0,,,8.93,9.19,-2.92,17.80,1,q1_q17_dr25_tce,6161.00,193.00,-236.00,4.454,0.054,-0.216,1.0530,0.3570,-0.1190,286.361570,42.963921,15.831
9311,9529148,K07942.01,,FALSE POSITIVE,FALSE POSITIVE,0.2930,1,0,0,0,25.342869600,2.4420000e-04,-2.4420000e-04,132.6844000,9.370000e-03,-9.370000e-03,0.5540,0.0120,-0.4730,1.51000,0.29600,-0.29600,2.3050e+02,4.160e+01,-4.160e+01,1.85,5.500e-01,-2.300e-01,706.0,,,58.81,50.63,-19.50,7.50,1,q1_q17_dr25_tce,6311.00,151.00,-227.00,4.398,0.052,-0.195,1.1720,0.3530,-0.1410,292.941800,46.193691,15.000
9312,9531850,K07943.01,,FALSE POSITIVE,FALSE POSITIVE,0.0000,1,0,0,0,0.662342650,5.0970000e-06,-5.0970000e-06,131.7140000,8.120000e-03,-8.120000e-03,0.6310,0.0320,-0.4880,1.04900,0.14500,-0.14500,2.3590e+03,2.720e+02,-2.720e+02,5.13,0.000e+00,0.000e+00,2089.0,,,4499.32,0.00,0.00,12.40,1,q1_q17_dr25_tce,5780.00,,,4.438,,,1.0000,,,294.086330,46.131641,17.332
9313,9541094,K07944.01,,FALSE POSITIVE,FALSE POSITIVE,0.0000,1,0,1,1,0.536654028,2.7640000e-06,-2.7640000e-06,131.7066300,4.930000e-03,-4.930000e-03,0.6200,0.0180,-0.4990,2.78300,0.16900,-0.16900,4.1000e+01,2.500e+00,-2.500e+00,0.67,1.900e-01,-9.000e-02,2299.0,,,6574.04,5356.26,-2175.84,21.80,1,q1_q17_dr25_tce,5887.00,146.00,-176.00,4.421,0.087,-0.203,1.0010,0.2830,-0.1310,297.275790,46.132751,13.805
9314,9579753,K07945.01,,FALSE POSITIVE,FALSE POSITIVE,0.0000,0,0,0,1,1.089081490,1.4200000e-05,-1.4200000e-05,132.0192000,1.400000e-02,-1.400000e-02,0.3100,0.1490,-0.3100,2.26200,0.25100,-0.25100,1.3070e+02,1.550e+01,-1.550e+01,0.69,4.000e-02,-8.000e-02,1131.0,,,386.20,123.02,-124.33,9.90,1,q1_q17_dr25_tce,4327.00,152.00,-167.00,4.639,0.060,-0.024,0.6140,0.0440,-0.0670,287.954900,46.298271,15.597
9315,9588880,K07946.01,,FALSE POSITIVE,FALSE POSITIVE,0.2350,1,0,0,0,77.976211550,,,175.3549500,,,,,,2.00000,,,,,,,,,,,,,,,,7,q1_q17_dr25_tce,,,,,,,,,,292.165950,46.227631,14.703
9316,9602658,K07948.01,,FALSE POSITIVE,FALSE POSITIVE,0.0000,1,0,1,1,3.556504030,6.8380000e-05,-6.8380000e-05,133.5416000,1.390000e-02,-1.390000e-02,0.8460,0.1250,-0.5960,6.86200,0.48600,-0.48600,1.3230e+02,1.330e+01,-1.330e+01,0.56,7.000e-02,-9.000e-02,580.0,,,26.66,12.76,-10.17,11.80,1,q1_q17_dr25_tce,3745.00,122.00,-133.00,4.819,0.077,-0.056,0.4270,0.0600,-0.0660,297.162840,46.276310,15.802
9317,11453349,K08055.01,,CANDIDATE,CANDIDATE,0.9070,0,0,0,0,4.406607370,4.1220000e-05,-4.1220000e-05,133.3556100,7.740000e-03,-7.740000e-03,0.4330,0.0350,-0.4330,2.10700,0.25700,-0.25700,7.0700e+01,1.110e+01,-1.110e+01,0.86,2.700e-01,-9.000e-02,1152.0,,,415.56,400.77,-127.23,8.10,1,q1_q17_dr25_tce,6063.00,190.00,-211.00,4.470,0.052,-0.208,1.0010,0.3180,-0.1060,290.818240,49.305580,14.689
9318,11560397,K08056.01,,FALSE POSITIVE,FALSE POSITIVE,0.0000,0,0,1,1,0.527673051,2.9120000e-06,-2.9120000e-06,131.8204200,5.210000e-03,-5.210000e-03,0.2160,0.2590,-0.2160,1.63100,0.16300,-0.16300,2.8300e+01,2.800e+00,-2.800e+00,1.43,2.500e-01,-7.600e-01,4056.0,,,63629.23,36040.94,-51500.22,13.50,1,q1_q17_dr25_tce,6762.00,214.00,-262.00,3.738,0.544,-0.096,2.6370,0.4640,-1.3910,292.546630,49.543373,13.699
9319,11565903,K08057.01,,FALSE POSITIVE,FALSE POSITIVE,0.2380,1,0,0,0,117.140785000,4.4690000e-03,-4.4690000e-03,245.0828000,2.040000e-02,-2.040000e-02,0.6430,0.2990,-0.4260,3.40100,0.75800,-0.75800,3.3710e+02,5.320e+01,-5.320e+01,15.87,4.800e-01,-4.340e+00,862.0,,,130.52,13.58,-71.18,8.50,1,q1_q17_dr25_tce,5282.00,52.00,-195.00,2.932,0.033,-0.027,8.2430,0.2500,-2.2510,295.140560,49.557060,13.015
9320,11601597,K08058.01,,FALSE POSITIVE,FALSE POSITIVE,0.0000,0,1,0,0,0.590281548,4.0620000e-06,-4.0620000e-06,131.6912700,6.540000e-03,-6.540000e-03,0.8010,0.1620,-0.5580,2.72000,0.35200,-0.35200,2.1600e+01,1.400e+00,-1.400e+00,0.68,1.500e-01,-1.600e-01,2643.0,,,11597.35,7737.68,-5421.27,20.60,1,q1_q17_dr25_tce,6124.00,165.00,-184.00,4.196,0.198,-0.132,1.3150,0.2950,-0.2950,286.478490,49.641140,12.174
9321,11612241,K08059.01,,FALSE POSITIVE,FALSE POSITIVE,0.0000,1,0,1,1,4.564714700,1.0060000e-04,-1.0060000e-04,133.0763000,1.710000e-02,-1.710000e-02,0.6470,0.3180,-0.4210,13.39500,0.63000,-0.63000,9.9300e+01,6.400e+00,-6.400e+00,1.04,3.100e-01,-1.400e-01,1131.0,,,387.76,344.79,-128.18,18.00,3,q1_q17_dr25_tce,5953.00,161.00,-179.00,4.433,0.087,-0.203,0.9900,0.3000,-0.1290,292.653870,49.644138,14.095
9322,8608544,K08159.01,,FALSE POSITIVE,FALSE POSITIVE,0.0070,1,0,0,0,348.681620000,1.0870000e-02,-1.0870000e-02,343.8210000,2.000000e-02,-2.000000e-02,0.5060,0.4490,-0.2960,10.95900,0.74400,-0.74400,3.0930e+02,2.920e+01,-2.920e+01,2.09,7.100e-01,-2.300e-01,302.0,,,1.96,1.87,-0.59,11.90,1,q1_q17_dr25_tce,6450.00,144.00,-192.00,4.386,0.067,-0.216,1.1550,0.3890,-0.1300,284.192170,44.762112,13.971
9323,8608544,K08159.02,,CANDIDATE,CANDIDATE,0.5730,0,0,0,0,353.018610000,1.1110000e-02,-1.1110000e-02,350.0863000,2.190000e-02,-2.190000e-02,0.0640,0.3590,-0.0640,15.58300,0.48100,-0.48100,3.7510e+02,2.770e+01,-2.770e+01,2.25,7.600e-01,-2.500e-01,301.0,,,1.93,1.84,-0.58,14.90,2,q1_q17_dr25_tce,6450.00,144.00,-192.00,4.386,0.067,-0.216,1.1550,0.3890,-0.1300,284.192170,44.762112,13.971
9324,8618147,K08160.01,,FALSE POSITIVE,FALSE POSITIVE,0.0770,1,0,0,0,345.128277000,9.5290000e-03,-9.5290000e-03,218.6620000,1.880000e-02,-1.880000e-02,0.1750,0.2610,-0.1740,15.92500,0.57800,-0.57800,3.2440e+02,3.280e+01,-3.280e+01,1.94,6.100e-01,-2.000e-01,282.0,,,1.50,1.38,-0.46,11.40,1,q1_q17_dr25_tce,6214.00,174.00,-217.00,4.442,0.052,-0.208,1.0760,0.3350,-0.1120,289.295070,44.716560,14.495
9325,8630840,K08161.01,,FALSE POSITIVE,FALSE POSITIVE,0.1020,1,0,0,0,370.386420000,6.7460000e-02,-6.7460000e-02,263.3823000,8.090000e-02,-8.090000e-02,0.0060,0.4470,-0.0060,23.94000,3.20000,-3.20000,1.8620e+02,1.710e+01,-1.710e+01,2.12,6.200e-01,-6.100e-01,328.0,,,2.74,2.33,-1.55,13.90,1,q1_q17_dr25_tce,6179.00,167.00,-223.00,4.134,0.246,-0.164,1.5550,0.4510,-0.4510,294.133480,44.717350,13.732
9326,8683144,K08162.01,,FALSE POSITIVE,FALSE POSITIVE,0.0000,1,0,0,0,267.970682000,9.7480000e-03,-9.7480000e-03,267.9789000,3.170000e-02,-3.170000e-02,0.0080,0.4420,-0.0080,11.48000,1.40000,-1.40000,3.5770e+02,3.930e+01,-3.930e+01,1.70,5.200e-01,-1.800e-01,280.0,,,1.45,1.31,-0.42,10.40,1,q1_q17_dr25_tce,6008.00,163.00,-181.00,4.519,0.052,-0.208,0.8970,0.2770,-0.0920,289.485990,44.886089,14.077
9327,8708961,K08163.01,,CANDIDATE,CANDIDATE,0.2120,0,0,0,0,370.982530000,1.2320000e-02,-1.2320000e-02,308.2287000,2.210000e-02,-2.210000e-02,1.6550,6.5400,-0.2480,17.84000,1.30000,-1.30000,5.5230e+02,4.150e+01,-4.150e+01,119.96,3.187e+01,-4.784e+01,338.0,,,3.07,2.47,-2.09,15.70,1,q1_q17_dr25_tce,6028.00,181.00,-181.00,4.013,0.420,-0.140,1.6300,0.4330,-0.6500,298.212650,44.804790,13.936
9328,7751294,K08269.01,,FALSE POSITIVE,FALSE POSITIVE,0.1140,1,0,0,0,371.458977600,,,309.8187992,,,0.0370,,,10.07340,,,4.5660e+02,,,2.22,6.700e-01,-2.800e-01,283.0,,,1.51,1.33,-0.50,10.80,1,q1_q17_dr25_tce,6388.00,171.00,-209.00,4.427,0.067,-0.202,1.0330,0.3100,-0.1330,291.193210,43.475128,14.280
9329,7832787,K08270.01,,CANDIDATE,CANDIDATE,0.5780,0,0,0,0,338.006920000,1.2400000e-02,-1.2400000e-02,262.4000000,2.480000e-02,-2.480000e-02,0.1840,0.2460,-0.1840,16.74500,0.67500,-0.67500,5.4430e+02,4.110e+01,-4.110e+01,2.09,6.000e-01,-2.100e-01,249.0,,,0.91,0.77,-0.25,15.30,1,q1_q17_dr25_tce,5741.00,153.00,-170.00,4.502,0.062,-0.188,0.8980,0.2600,-0.0870,295.222990,43.590439,15.023
9330,8008913,K08271.01,,FALSE POSITIVE,FALSE POSITIVE,0.2840,1,0,0,0,34.998908500,3.4980000e-04,-3.4980000e-04,160.3230800,7.390000e-03,-7.390000e-03,0.8960,0.0760,-0.6360,1.76400,0.29400,-0.29400,4.2710e+02,6.880e+01,-6.880e+01,1.65,1.700e-01,-1.100e-01,376.0,,,4.74,1.66,-1.08,7.50,1,q1_q17_dr25_tce,4559.00,121.00,-134.00,4.653,0.025,-0.053,0.6480,0.0660,-0.0440,282.905090,43.871769,15.326
9331,8022520,K08272.01,,CANDIDATE,CANDIDATE,0.1200,0,0,0,0,432.427870000,3.7390000e-02,-3.7390000e-02,361.4078000,3.940000e-02,-3.940000e-02,0.7160,0.2770,-0.4910,19.63000,3.40000,-3.40000,1.1030e+02,7.040e+01,-7.040e+01,1.14,3.700e-01,-1.300e-01,259.0,,,1.07,1.04,-0.32,6.00,1,q1_q17_dr25_tce,6263.00,169.00,-188.00,4.460,0.054,-0.216,1.0090,0.3350,-0.1120,289.665740,43.879459,13.814
9332,8108450,K08273.01,,FALSE POSITIVE,FALSE POSITIVE,0.1040,1,0,0,0,386.787340000,2.9480000e-02,-2.9480000e-02,354.9326000,5.480000e-02,-5.480000e-02,0.4790,0.0300,-0.4410,15.51000,2.30000,-2.30000,7.4370e+02,9.660e+01,-9.660e+01,2.34,4.400e-01,-2.900e-01,224.0,,,0.60,0.37,-0.20,10.30,2,q1_q17_dr25_tce,5425.00,185.00,-185.00,4.484,0.104,-0.138,0.8470,0.1600,-0.1070,295.497590,43.909611,15.876
9333,8293631,K08274.01,,FALSE POSITIVE,FALSE POSITIVE,0.2890,1,0,0,0,449.557346000,6.3410000e-03,-6.3410000e-03,142.8226000,1.220000e-02,-1.220000e-02,0.6900,0.2150,-0.4610,17.22700,0.39600,-0.39600,1.1931e+03,4.630e+01,-4.630e+01,55.33,2.080e+00,-1.868e+01,721.0,,,64.05,11.16,-42.25,28.40,1,q1_q17_dr25_tce,5323.00,117.00,-327.00,2.510,0.036,-0.027,15.0750,0.5660,-5.0900,289.641420,44.224751,13.810
9334,10063044,K07280.01,,FALSE POSITIVE,FALSE POSITIVE,0.0000,0,1,0,0,1.009671584,8.9000000e-08,-8.9000000e-08,131.5869372,7.260000e-05,-7.260000e-05,0.8640,0.0200,-0.0210,4.37759,0.00426,-0.00426,1.5512e+05,9.890e+01,-9.890e+01,125.31,2.717e+01,-4.074e+01,3287.0,,,27692.04,18019.48,-17038.38,1440.70,1,q1_q17_dr25_tce,7652.00,211.00,-316.00,3.974,0.234,-0.136,2.2420,0.4860,-0.7290,286.290770,47.076221,13.918
9335,10208759,K07295.01,,FALSE POSITIVE,FALSE POSITIVE,0.0000,0,1,0,0,2.287515702,2.1800000e-07,-2.1800000e-07,132.3567704,7.800000e-05,-7.800000e-05,0.3460,0.0020,-0.0020,10.08790,0.00572,-0.00572,3.5858e+05,1.950e+02,-1.950e+02,86.76,2.919e+01,-1.042e+01,1801.0,,,2484.21,2404.08,-840.48,3017.90,1,q1_q17_dr25_tce,6773.00,166.00,-261.00,4.306,0.056,-0.210,1.3910,0.4680,-0.1670,292.255650,47.286301,13.990
9336,10352603,K07317.01,,FALSE POSITIVE,FALSE POSITIVE,0.0000,0,1,0,0,32.778973030,8.4450000e-06,-8.4450000e-06,136.1820370,2.050000e-04,-2.050000e-04,0.4960,0.0040,-0.0040,19.13780,0.01210,-0.01210,4.1008e+05,2.280e+02,-2.280e+02,69.08,2.028e+01,-7.240e+00,588.0,,,28.29,24.50,-8.30,2126.10,1,q1_q17_dr25_tce,6122.00,169.00,-190.00,4.487,0.050,-0.200,0.9640,0.2830,-0.1010,296.590420,47.416908,14.520
9337,10486425,K07334.01,,FALSE POSITIVE,FALSE POSITIVE,0.0000,0,1,0,0,5.274819905,7.9500000e-07,-7.9500000e-07,136.7089080,1.220000e-04,-1.220000e-04,0.9900,0.0430,-0.0380,4.66880,0.00626,-0.00626,1.0896e+05,1.280e+02,-1.280e+02,100.89,2.998e+01,-1.997e+01,1646.0,,,1733.91,1519.28,-815.10,902.50,1,q1_q17_dr25_tce,7247.00,200.00,-343.00,4.111,0.124,-0.186,1.8340,0.5450,-0.3630,297.476750,47.658981,12.465
9338,10552700,K07342.01,,FALSE POSITIVE,FALSE POSITIVE,0.0000,1,0,0,0,0.948085870,2.7990000e-06,-2.7990000e-06,131.9334800,1.680000e-03,-1.680000e-03,1.1050,0.1030,-0.0850,8.03000,1.30000,-1.30000,2.2980e+02,6.470e+01,-6.470e+01,37.72,6.650e+00,-1.235e+01,3359.0,,,30040.23,15622.29,-18150.39,145.30,1,q1_q17_dr25_tce,6875.00,164.00,-226.00,3.798,0.259,-0.111,2.8560,0.5030,-0.9350,297.991180,47.768749,11.601
9339,7115550,K07811.01,,FALSE POSITIVE,FALSE POSITIVE,0.0000,0,1,0,1,0.566814046,5.2930000e-06,-5.2930000e-06,131.7937900,9.590000e-03,-9.590000e-03,0.6330,0.3050,-0.3950,4.04900,0.21200,-0.21200,4.2100e+01,2.700e+00,-2.700e+00,0.56,1.400e-01,-6.000e-02,2039.0,,,4073.90,2980.79,-1157.08,23.80,1,q1_q17_dr25_tce,5724.00,154.00,-154.00,4.530,0.055,-0.165,0.8270,0.2050,-0.0880,291.088870,42.613899,14.225
9340,7116024,K07812.01,,FALSE POSITIVE,FALSE POSITIVE,0.0000,1,0,0,1,3.400766820,9.2860000e-05,-9.2860000e-05,131.8405000,3.070000e-02,-3.070000e-02,0.2560,0.2040,-0.2560,4.70000,1.70000,-1.70000,2.1100e+01,3.300e+00,-3.300e+00,0.69,2.000e-01,-2.000e-01,1540.0,,,1328.50,1125.22,-740.72,7.40,1,q1_q17_dr25_tce,6134.00,165.00,-202.00,4.142,0.246,-0.164,1.4960,0.4320,-0.4320,291.243130,42.630169,12.060
9341,7116519,K07813.01,,FALSE POSITIVE,FALSE POSITIVE,0.0000,0,0,1,1,0.566764370,1.1350000e-05,-1.1350000e-05,131.8708000,1.670000e-02,-1.670000e-02,0.5940,0.3800,-0.3710,2.32600,0.58000,-0.58000,7.6500e+01,8.000e+00,-8.000e+00,0.92,2.900e-01,-1.000e-01,2267.0,,,6222.58,5983.36,-1965.57,11.70,1,q1_q17_dr25_tce,6039.00,190.00,-232.00,4.478,0.054,-0.216,1.0050,0.3180,-0.1060,291.397430,42.617020,15.770
9342,7134626,K07818.01,,CANDIDATE,CANDIDATE,0.9990,0,0,0,0,2.524439980,2.0920000e-05,-2.0920000e-05,133.7701200,7.160000e-03,-7.160000e-03,0.2320,0.2210,-0.2320,2.36900,0.19800,-0.19800,4.5800e+01,5.000e+00,-5.000e+00,1.53,2.800e-01,-5.300e-01,2145.0,,,4998.98,2807.79,-3063.75,10.60,1,q1_q17_dr25_tce,6461.00,176.00,-176.00,3.846,0.300,-0.100,2.2250,0.4100,-0.7620,296.401490,42.651058,13.063
9343,7177766,K07819.01,,FALSE POSITIVE,FALSE POSITIVE,0.0000,1,0,0,1,0.769358923,2.9070000e-06,-2.9070000e-06,131.5782700,4.080000e-03,-4.080000e-03,0.1110,0.3410,-0.1110,1.53640,0.08930,-0.08930,4.4800e+01,2.800e+00,-2.800e+00,1.93,4.100e-01,-6.000e-01,2928.0,,,17335.40,10941.28,-10243.75,19.80,1,q1_q17_dr25_tce,5267.00,146.00,-182.00,3.655,0.222,-0.167,2.9350,0.6140,-0.9210,283.111360,42.761070,12.055
9344,9268159,K08180.01,,CANDIDATE,CANDIDATE,0.2950,0,0,0,0,185.975340000,2.2580000e-02,-2.2580000e-02,299.6938000,6.560000e-02,-6.560000e-02,0.4000,0.0460,-0.4000,8.74400,0.92600,-0.92600,5.4500e+01,4.170e+01,-4.170e+01,2.76,2.600e-01,-1.380e+00,688.0,,,53.05,17.71,-42.02,2.60,3,q1_q17_dr25_tce,7365.00,203.00,-330.00,3.628,0.504,-0.056,3.6380,0.3410,-1.8200,285.327910,45.753738,10.554
9345,9899449,K08190.01,,FALSE POSITIVE,FALSE POSITIVE,0.0000,0,1,1,1,1.332565736,8.1900000e-07,-8.1900000e-07,132.0498150,5.180000e-04,-5.180000e-04,1.2680,0.1310,-0.0730,6.08280,0.02960,-0.02960,2.3198e+03,9.400e+00,-9.400e+00,33.69,1.056e+01,-3.510e+00,1674.0,,,1849.94,1781.35,-568.90,301.70,1,q1_q17_dr25_tce,6014.00,198.00,-217.00,4.494,0.054,-0.216,0.9580,0.3000,-0.1000,295.243260,46.794891,15.625
9346,10023069,K08192.01,,FALSE POSITIVE,FALSE POSITIVE,0.1970,1,0,0,0,266.977677000,2.8490000e-03,-2.8490000e-03,240.8434200,8.990000e-03,-8.990000e-03,0.8950,0.0500,-0.6940,8.59000,0.29100,-0.29100,3.8960e+02,2.730e+01,-2.730e+01,7.86,9.700e-01,-2.890e+00,549.0,,,21.53,8.68,-13.92,16.00,1,q1_q17_dr25_tce,6619.00,180.00,-200.00,3.595,0.296,-0.074,3.4100,0.4180,-1.2550,296.231840,46.909012,13.357
9347,10214873,K08200.01,,FALSE POSITIVE,FALSE POSITIVE,0.0000,0,0,1,0,5.959695593,,,135.2739557,,,0.6260,,,1.83830,,,1.5120e+02,,,1.13,3.200e-01,-1.000e-01,937.0,,,182.40,148.35,-47.66,4.70,1,q1_q17_dr25_tce,5717.00,156.00,-156.00,4.538,0.035,-0.196,0.8840,0.2440,-0.0810,294.561310,47.298092,14.331
9348,10515564,K08211.01,,CANDIDATE,CANDIDATE,0.2660,0,0,0,0,5.048745100,1.0050000e-04,-1.0050000e-04,134.6825000,1.760000e-02,-1.760000e-02,0.1330,0.3330,-0.1320,4.00700,0.45400,-0.45400,6.7600e+01,1.040e+01,-1.040e+01,0.67,1.500e-01,-5.000e-02,922.0,,,170.39,117.08,-41.29,7.70,1,q1_q17_dr25_tce,5450.00,164.00,-164.00,4.573,0.028,-0.161,0.8300,0.1860,-0.0620,282.050780,47.743992,14.811
9349,6521526,K08124.01,,FALSE POSITIVE,FALSE POSITIVE,0.0120,1,0,0,0,103.039788000,3.3800000e-03,-3.3800000e-03,164.9409000,2.460000e-02,-2.460000e-02,0.0390,0.4480,-0.0390,14.19700,0.68200,-0.68200,1.3700e+03,1.010e+02,-1.010e+02,2.05,1.000e-01,-2.500e-01,210.0,,,0.46,0.12,-0.15,15.90,5,q1_q17_dr25_tce,3749.00,117.00,-143.00,4.674,0.072,-0.022,0.5810,0.0300,-0.0700,291.523930,41.942940,15.084
9350,6953281,K08130.01,,FALSE POSITIVE,FALSE POSITIVE,0.0000,0,0,1,1,0.566799395,1.1520000e-06,-1.1520000e-06,131.7971700,1.760000e-03,-1.760000e-03,0.0420,0.4550,-0.0420,1.53680,0.06140,-0.06140,2.3120e+02,8.400e+00,-8.400e+00,1.65,5.300e-01,-1.800e-01,2448.0,,,8550.93,8184.99,-2725.67,33.70,1,q1_q17_dr25_tce,6322.00,175.00,-241.00,4.426,0.065,-0.208,1.0750,0.3490,-0.1160,293.267270,42.428070,15.557
9351,8740744,K08164.01,,FALSE POSITIVE,FALSE POSITIVE,0.0000,1,0,0,0,417.829033000,1.5910000e-03,-1.5910000e-03,138.8786000,2.260000e-02,-2.260000e-02,0.2790,0.1580,-0.2790,15.05000,1.00000,-1.00000,5.0080e+02,5.640e+01,-5.640e+01,2.19,7.200e-01,-2.400e-01,248.0,,,0.90,0.89,-0.28,8.90,1,q1_q17_dr25_tce,6018.00,190.00,-211.00,4.485,0.056,-0.224,0.9750,0.3180,-0.1060,285.941160,44.994148,15.499
9352,7732285,K03023.01,,FALSE POSITIVE,FALSE POSITIVE,0.0010,0,0,1,0,4.390496370,1.6550000e-05,-1.6550000e-05,134.1273500,3.810000e-03,-3.810000e-03,0.3890,0.0630,-0.3890,3.01120,0.08100,-0.08100,1.1350e+02,4.300e+00,-4.300e+00,2.07,6.100e-01,-8.100e-01,1637.0,,,1701.16,1476.88,-1154.70,31.10,1,q1_q17_dr25_tce,6429.00,181.00,-227.00,3.989,0.319,-0.147,1.9080,0.5590,-0.7460,282.251770,43.493759,13.330
9353,11912932,K03085.01,,FALSE POSITIVE,FALSE POSITIVE,0.0000,0,0,1,1,3.747853580,2.3240000e-05,-2.3240000e-05,134.1801200,5.050000e-03,-5.050000e-03,0.4680,0.4910,-0.2710,3.71300,0.14800,-0.14800,9.8200e+01,6.000e+00,-6.000e+00,0.89,2.500e-01,-8.000e-02,1093.0,,,337.14,273.73,-88.04,18.80,1,q1_q17_dr25_tce,5706.00,156.00,-156.00,4.537,0.036,-0.192,0.8860,0.2440,-0.0810,290.972500,50.267948,14.323
9354,8895758,K03106.01,Kepler-1427 b,CONFIRMED,CANDIDATE,0.8770,0,0,0,0,0.968980781,6.4070000e-06,-6.4070000e-06,132.4192100,6.050000e-03,-6.050000e-03,0.0650,0.3920,-0.0650,1.51700,0.14700,-0.14700,1.1850e+02,1.110e+01,-1.110e+01,1.08,3.500e-01,-1.100e-01,1844.0,,,2730.51,2661.93,-839.19,12.80,1,q1_q17_dr25_tce,5866.00,182.00,-203.00,4.473,0.054,-0.216,1.0000,0.3220,-0.1070,295.349670,45.114552,15.415
9355,8581240,K03111.01,,CANDIDATE,CANDIDATE,1.0000,0,0,0,0,10.768000740,8.2530000e-05,-8.2530000e-05,138.5066900,5.790000e-03,-5.790000e-03,0.5830,0.3560,-0.3930,3.49400,0.17500,-0.17500,6.5100e+01,5.000e+00,-5.000e+00,0.92,1.300e-01,-1.200e-01,885.0,,,144.85,59.35,-44.02,14.20,1,q1_q17_dr25_tce,5874.00,105.00,-117.00,4.338,0.126,-0.115,1.0960,0.1600,-0.1440,298.576870,44.621609,12.863
9356,6196457,K00285.03,Kepler-92 d,CONFIRMED,FALSE POSITIVE,0.4760,1,0,0,0,49.356790700,3.5640000e-04,-3.5640000e-04,134.2953300,6.660000e-03,-6.660000e-03,0.2770,0.1890,-0.2770,10.95400,0.16500,-0.16500,1.3020e+02,3.900e+00,-3.900e+00,1.91,1.300e-01,-1.000e-01,637.0,,,38.86,8.71,-5.60,35.00,3,q1_q17_dr25_tce,5862.00,97.00,-80.00,4.050,0.033,-0.027,1.6700,0.1180,-0.0820,289.086060,41.562958,11.565
9357,9604563,K07949.01,,CANDIDATE,CANDIDATE,0.9120,0,0,0,0,1.001916708,6.4030000e-06,-6.4030000e-06,132.4703300,5.210000e-03,-5.210000e-03,0.0740,0.4020,-0.0740,1.25600,0.18800,-0.18800,7.0900e+01,1.020e+01,-1.020e+01,0.62,1.000e-01,-5.000e-02,1545.0,,,1352.47,741.15,-323.45,8.30,1,q1_q17_dr25_tce,5521.00,165.00,-148.00,4.613,0.037,-0.112,0.7340,0.1270,-0.0580,297.696620,46.264679,14.985
9358,9639021,K07950.01,,FALSE POSITIVE,FALSE POSITIVE,0.1470,0,0,1,0,2.215680760,2.9320000e-05,-2.9320000e-05,132.2661900,9.730000e-03,-9.730000e-03,0.5630,0.0070,-0.4970,1.51500,0.38600,-0.38600,4.3600e+01,9.400e+00,-9.400e+00,0.57,9.000e-02,-7.000e-02,1236.0,,,550.44,275.86,-178.46,6.90,1,q1_q17_dr25_tce,5349.00,159.00,-159.00,4.478,0.115,-0.115,0.8360,0.1300,-0.1060,286.809140,46.390411,13.805
9359,9640649,K07951.01,,CANDIDATE,CANDIDATE,0.9710,0,0,0,0,0.862329309,4.1070000e-06,-4.1070000e-06,132.1621400,3.960000e-03,-3.960000e-03,0.4210,0.0360,-0.4210,1.04400,0.16100,-0.16100,1.4090e+02,2.060e+01,-2.060e+01,1.09,3.100e-01,-1.100e-01,1825.0,,,2623.55,2247.63,-768.54,10.80,1,q1_q17_dr25_tce,5806.00,163.00,-204.00,4.528,0.036,-0.192,0.8990,0.2600,-0.0870,287.812870,46.340569,15.769
9360,9643210,K07952.01,,FALSE POSITIVE,FALSE POSITIVE,0.0380,1,0,0,0,3.850304552,,,132.1063696,,,0.2900,,,1.53370,,,1.5800e+02,,,0.28,4.000e-02,-3.000e-02,407.0,,,6.44,2.41,-1.60,5.30,2,q1_q17_dr25_tce,3274.00,42.00,-32.00,5.044,0.044,-0.044,0.2240,0.0320,-0.0260,289.241580,46.359711,15.610
9361,9650579,K07953.01,,CANDIDATE,CANDIDATE,0.3350,0,0,0,0,432.969050000,4.6340000e-02,-4.6340000e-02,186.7367000,6.310000e-02,-6.310000e-02,0.4000,0.0690,-0.4000,20.76000,3.50000,-3.50000,2.5790e+02,5.100e+01,-5.100e+01,1.43,3.300e-01,-1.200e-01,219.0,,,0.55,0.37,-0.14,8.10,1,q1_q17_dr25_tce,5580.00,150.00,-166.00,4.538,0.031,-0.178,0.8860,0.2070,-0.0740,292.412110,46.363880,14.942
9362,9650762,K07954.01,,CANDIDATE,CANDIDATE,0.8390,0,0,0,0,372.150350000,2.7520000e-02,-2.7520000e-02,453.6928000,5.630000e-02,-5.630000e-02,0.2590,0.2060,-0.2590,21.23000,1.70000,-1.70000,4.5740e+02,4.240e+01,-4.240e+01,1.74,4.600e-01,-1.400e-01,232.0,,,0.69,0.52,-0.18,12.30,1,q1_q17_dr25_tce,5769.00,155.00,-172.00,4.570,0.042,-0.168,0.8120,0.2120,-0.0660,292.481660,46.371479,15.138
9363,11714107,K08063.01,,CANDIDATE,CANDIDATE,0.4710,0,0,0,0,405.354570000,1.2340000e-02,-1.2340000e-02,311.8000000,2.650000e-02,-2.650000e-02,0.2850,0.1630,-0.2850,10.77800,0.80200,-0.80200,5.4560e+02,6.390e+01,-6.390e+01,2.11,5.600e-01,-2.400e-01,232.0,,,0.69,0.54,-0.21,10.20,1,q1_q17_dr25_tce,5650.00,152.00,-169.00,4.487,0.060,-0.180,0.9060,0.2420,-0.1040,292.587340,49.834469,15.328
9364,11724094,K08064.01,,FALSE POSITIVE,FALSE POSITIVE,0.0000,0,1,0,0,1.476230610,1.6200000e-05,-1.6200000e-05,131.6030000,1.050000e-02,-1.050000e-02,0.3750,0.0900,-0.3750,2.03200,0.27700,-0.27700,3.9100e+01,5.000e+00,-5.000e+00,0.71,2.200e-01,-8.000e-02,1802.0,,,2484.49,2304.48,-744.43,9.70,1,q1_q17_dr25_tce,6325.00,168.00,-205.00,4.409,0.067,-0.202,1.1120,0.3530,-0.1180,296.978610,49.817329,14.063
9365,11774383,K08065.01,,FALSE POSITIVE,FALSE POSITIVE,0.0000,0,1,0,0,0.520227316,4.8600000e-07,-4.8600000e-07,131.8379600,1.040000e-03,-1.040000e-03,1.0520,3.6840,-0.2280,1.79390,0.02870,-0.02870,6.8633e+04,7.140e+02,-7.140e+02,50.41,0.000e+00,0.000e+00,2264.0,,,6193.15,0.00,0.00,122.30,1,q1_q17_dr25_tce,5780.00,,,4.438,,,1.0000,,,297.044310,49.970200,19.174
9366,11804952,K08066.01,,FALSE POSITIVE,FALSE POSITIVE,0.1970,1,0,0,0,36.319288500,4.4840000e-04,-4.4840000e-04,155.9447600,9.010000e-03,-9.010000e-03,0.5710,0.4050,-0.3640,2.60100,0.37100,-0.37100,4.0020e+02,5.730e+01,-5.730e+01,25.43,1.020e+00,-9.210e+00,1410.0,,,933.26,117.47,-614.07,8.60,1,q1_q17_dr25_tce,5008.00,50.00,-213.00,2.706,0.030,-0.030,12.3900,0.4980,-4.4860,286.566530,50.089470,13.560
9367,11819135,K08067.01,,FALSE POSITIVE,FALSE POSITIVE,0.0000,0,1,0,0,1.901655058,6.1750000e-06,-6.1750000e-06,132.8336400,2.940000e-03,-2.940000e-03,1.0320,0.1020,-0.0730,4.65450,0.03760,-0.03760,8.7321e+04,5.600e+02,-5.600e+02,89.89,2.616e+01,-2.617e+01,2192.0,,,5467.30,4836.71,-3182.07,190.60,1,q1_q17_dr25_tce,6929.00,216.00,-312.00,4.102,0.214,-0.175,1.7040,0.4960,-0.4960,294.457280,50.030270,15.064
9368,11904835,K08068.01,,CANDIDATE,CANDIDATE,0.9980,0,0,0,0,9.464041300,2.7980000e-04,-2.7980000e-04,138.4500000,2.240000e-02,-2.240000e-02,0.0480,0.4200,-0.0480,6.99900,0.56300,-0.56300,2.0990e+02,2.560e+01,-2.560e+01,1.28,3.700e-01,-1.300e-01,839.0,,,117.23,100.35,-32.72,9.40,1,q1_q17_dr25_tce,5968.00,161.00,-179.00,4.534,0.036,-0.204,0.8810,0.2570,-0.0860,286.121770,50.279449,15.807
9369,8742735,K08165.01,,FALSE POSITIVE,FALSE POSITIVE,0.0000,1,0,0,0,331.926220000,1.9880000e-02,-1.9880000e-02,289.5792000,2.510000e-02,-2.510000e-02,0.0260,0.4030,-0.0260,10.84000,1.10000,-1.10000,8.0900e+02,1.120e+02,-1.120e+02,2.25,5.500e-01,-1.800e-01,235.0,,,0.72,0.52,-0.18,8.70,1,q1_q17_dr25_tce,5652.00,152.00,-152.00,4.577,0.040,-0.160,0.7980,0.1940,-0.0650,287.047420,44.987968,15.986
9370,8743244,K08166.01,,FALSE POSITIVE,FALSE POSITIVE,0.0000,1,0,0,0,346.316880000,1.7710000e-02,-1.7710000e-02,247.1069000,4.060000e-02,-4.060000e-02,0.9540,6.8660,-0.0330,21.92000,1.50000,-1.50000,1.4350e+03,1.010e+02,-1.010e+02,5.21,1.640e+00,-7.000e-01,278.0,,,1.42,1.35,-0.50,17.00,1,q1_q17_dr25_tce,6060.00,191.00,-212.00,4.408,0.087,-0.203,1.0680,0.3370,-0.1440,287.338070,44.918709,15.386
9371,8743244,K08166.02,,FALSE POSITIVE,FALSE POSITIVE,0.0000,1,0,0,0,365.610870000,1.9780000e-02,-1.9780000e-02,185.4567000,3.210000e-02,-3.210000e-02,0.9350,0.0380,-0.6960,16.10200,0.84900,-0.84900,1.1160e+03,1.000e+02,-1.000e+02,4.42,1.390e+00,-6.000e-01,273.0,,,1.32,1.26,-0.46,12.30,3,q1_q17_dr25_tce,6060.00,191.00,-212.00,4.408,0.087,-0.203,1.0680,0.3370,-0.1440,287.338070,44.918709,15.386
9372,8748435,K08167.01,,FALSE POSITIVE,FALSE POSITIVE,0.0000,1,0,0,0,259.857360000,1.5120000e-02,-1.5120000e-02,291.1798000,5.280000e-02,-5.280000e-02,0.5120,0.0790,-0.4290,24.04000,1.70000,-1.70000,3.0770e+02,2.640e+01,-2.640e+01,1.33,2.200e-01,-1.000e-01,237.0,,,0.74,0.39,-0.17,14.20,1,q1_q17_dr25_tce,5374.00,159.00,-143.00,4.610,0.037,-0.105,0.7440,0.1220,-0.0570,289.868040,44.960030,14.458
9373,8766268,K08168.01,,FALSE POSITIVE,FALSE POSITIVE,0.0000,0,0,1,1,5.297317360,9.1760000e-05,-9.1760000e-05,135.5479000,1.490000e-02,-1.490000e-02,0.1920,0.2720,-0.1920,3.34100,0.37900,-0.37900,1.6750e+02,2.290e+01,-2.290e+01,1.13,3.600e-01,-1.100e-01,989.0,,,226.10,218.10,-67.06,8.70,1,q1_q17_dr25_tce,5815.00,184.00,-204.00,4.540,0.037,-0.213,0.8770,0.2780,-0.0870,296.422640,44.976181,15.654
9374,8329346,K08275.01,,CANDIDATE,CANDIDATE,0.2290,0,0,0,0,389.875816000,7.1940000e-03,-7.1940000e-03,273.6498000,1.420000e-02,-1.420000e-02,0.5760,0.0060,-0.4770,3.33600,0.42200,-0.42200,2.1340e+03,2.960e+02,-2.960e+02,3.76,6.300e-01,-2.900e-01,207.0,,,0.44,0.24,-0.11,8.90,1,q1_q17_dr25_tce,5289.00,185.00,-167.00,4.588,0.028,-0.119,0.7900,0.1330,-0.0610,300.696720,44.298409,15.953
9375,8637903,K08276.01,,CANDIDATE,CANDIDATE,0.5410,0,0,0,0,385.858683000,5.2610000e-03,-5.2610000e-03,343.6482700,9.070000e-03,-9.070000e-03,0.8770,0.0910,-0.6300,12.07100,0.33100,-0.33100,5.4840e+02,2.950e+01,-2.950e+01,3.23,1.000e+00,-4.100e-01,300.0,,,1.92,1.69,-0.63,21.20,1,q1_q17_dr25_tce,6551.00,149.00,-216.00,4.367,0.065,-0.195,1.1950,0.3720,-0.1490,296.407870,44.773640,13.993
9376,8673511,K08277.01,,CANDIDATE,CANDIDATE,0.4490,0,0,0,0,0.757261281,3.7680000e-06,-3.7680000e-06,131.6215400,4.720000e-03,-4.720000e-03,0.3220,0.1900,-0.3210,0.90500,0.29800,-0.29800,3.6500e+01,5.600e+00,-5.600e+00,0.58,1.700e-01,-6.000e-02,1908.0,,,3119.75,2686.06,-873.02,10.20,1,q1_q17_dr25_tce,5651.00,154.00,-171.00,4.479,0.062,-0.200,0.9530,0.2790,-0.0930,284.295650,44.895859,14.024
9377,8873674,K08278.01,,FALSE POSITIVE,FALSE POSITIVE,0.4500,1,0,0,0,172.280975000,9.9500000e-03,-9.9500000e-03,216.0303000,4.460000e-02,-4.460000e-02,0.6020,0.3560,-0.3910,12.24000,1.20000,-1.20000,3.1380e+02,3.640e+01,-3.640e+01,1.60,4.500e-01,-1.500e-01,301.0,,,1.95,1.62,-0.53,10.20,1,q1_q17_dr25_tce,5659.00,152.00,-169.00,4.538,0.034,-0.184,0.8690,0.2460,-0.0820,286.862180,45.151569,15.112
9378,9011955,K08279.01,,CANDIDATE,CANDIDATE,0.7020,0,0,0,0,367.089600000,2.2810000e-02,-2.2810000e-02,178.6744000,4.220000e-02,-4.220000e-02,1.2420,72.9900,-3.6310,28.02000,1.40000,-1.40000,2.0923e+03,9.350e+01,-9.350e+01,35.30,1.232e+01,-4.110e+00,281.0,,,1.48,1.53,-0.50,27.70,1,q1_q17_dr25_tce,6268.00,173.00,-260.00,4.429,0.058,-0.232,1.1000,0.3840,-0.1280,287.867370,45.321289,15.267
9379,10613718,K07350.01,,FALSE POSITIVE,FALSE POSITIVE,0.0000,1,0,0,0,0.587938916,4.7000000e-08,-4.7000000e-08,132.0579290,6.290000e-05,-6.290000e-05,1.2570,0.1430,-0.0850,1.40211,0.00817,-0.00817,7.3395e+03,5.300e+00,-5.300e+00,29.98,3.600e+00,-3.250e+00,1800.0,,,2476.75,1018.83,-708.94,563.00,1,q1_q17_dr25_tce,5237.00,156.00,-140.00,4.543,0.088,-0.072,0.7400,0.0890,-0.0800,296.825810,47.877399,12.735
9380,10857589,K07382.01,,FALSE POSITIVE,FALSE POSITIVE,0.0000,0,1,0,0,32.532521502,7.7000000e-06,-7.7000000e-06,147.0773550,1.880000e-04,-1.880000e-04,0.2370,0.0110,-0.0050,13.39910,0.01360,-0.01360,8.3468e+04,6.310e+01,-6.310e+01,24.35,6.590e+00,-2.070e+00,535.0,,,19.39,15.15,-5.00,1595.10,1,q1_q17_dr25_tce,5845.00,145.00,-174.00,4.558,0.044,-0.176,0.8380,0.2270,-0.0710,290.130740,48.289848,15.354
9381,10937609,K07391.01,,FALSE POSITIVE,FALSE POSITIVE,0.0000,0,1,0,0,2.570431263,4.9700000e-07,-4.9700000e-07,133.1895170,1.540000e-04,-1.540000e-04,1.0540,0.0270,-0.0300,5.49699,0.00895,-0.00895,7.6826e+04,1.060e+02,-1.060e+02,50.18,1.577e+01,-5.270e+00,1411.0,,,936.90,863.42,-272.87,822.90,1,q1_q17_dr25_tce,6244.00,169.00,-188.00,4.473,0.054,-0.216,0.9710,0.3050,-0.1020,298.741580,48.326962,13.430
9382,11076279,K07407.01,,FALSE POSITIVE,FALSE POSITIVE,0.0000,0,1,0,0,1.472584710,4.2300000e-07,-4.2300000e-07,132.9276900,1.420000e-04,-1.420000e-04,0.7500,0.0220,-0.0210,4.76885,0.00858,-0.00858,2.2401e+05,3.270e+02,-3.270e+02,123.25,3.203e+01,-3.916e+01,2705.0,,,12617.53,10057.47,-7672.31,741.50,1,q1_q17_dr25_tce,7360.00,232.00,-310.00,4.008,0.240,-0.160,2.0240,0.5260,-0.6430,287.647220,48.646679,14.206
9383,11154043,K07414.01,,FALSE POSITIVE,FALSE POSITIVE,0.0000,1,0,0,0,4.529776320,5.8810000e-05,-5.8810000e-05,136.1237000,1.110000e-02,-1.110000e-02,0.9680,0.0720,-0.0230,26.75200,0.82500,-0.82500,1.5822e+03,4.320e+01,-4.320e+01,12.22,3.850e+00,-3.500e+00,2264.0,,,6213.27,5781.42,-3612.12,55.20,1,q1_q17_dr25_tce,8912.00,249.00,-427.00,4.050,0.181,-0.165,2.2990,0.7240,-0.6580,298.646760,48.784649,11.991
9384,7199724,K07822.01,,FALSE POSITIVE,FALSE POSITIVE,0.0000,1,0,0,1,0.566795586,6.0770000e-06,-6.0770000e-06,131.8324500,9.080000e-03,-9.080000e-03,0.6860,0.2740,-0.4480,4.12400,0.33100,-0.33100,3.9400e+01,3.100e+00,-3.100e+00,0.66,2.000e-01,-7.000e-02,2296.0,,,6597.10,5685.47,-1968.54,19.60,1,q1_q17_dr25_tce,6108.00,162.00,-198.00,4.471,0.062,-0.200,0.9970,0.2940,-0.1050,291.593570,42.719299,14.549
9385,7199756,K07823.01,,FALSE POSITIVE,FALSE POSITIVE,0.0000,1,0,1,1,0.566781152,6.2020000e-06,-6.2020000e-06,131.8571500,9.850000e-03,-9.850000e-03,0.4270,0.0950,-0.4270,3.99500,0.33100,-0.33100,1.3340e+02,8.200e+00,-8.200e+00,0.54,4.000e-02,-6.000e-02,1090.0,,,337.10,87.02,-86.56,24.90,1,q1_q17_dr25_tce,3725.00,59.00,-66.00,4.787,0.055,-0.035,0.4600,0.0400,-0.0490,291.606020,42.703720,15.742
9386,7282168,K07831.01,,FALSE POSITIVE,FALSE POSITIVE,0.0000,0,0,1,1,0.566817270,8.6450000e-06,-8.6450000e-06,131.7715000,1.140000e-02,-1.140000e-02,0.0420,0.4260,-0.0420,1.77900,0.29400,-0.29400,3.5900e+01,5.100e+00,-5.100e+00,0.42,8.000e-02,-3.000e-02,1832.0,,,2676.11,1519.14,-575.96,9.10,1,q1_q17_dr25_tce,5481.00,163.00,-146.00,4.629,0.035,-0.112,0.7080,0.1280,-0.0460,291.830510,42.867729,14.916
9387,7300182,K07833.01,,CANDIDATE,CANDIDATE,0.9230,0,0,0,0,172.820248000,5.0970000e-03,-5.0970000e-03,302.0399000,1.810000e-02,-1.810000e-02,0.2490,0.2190,-0.2490,7.34300,0.66500,-0.66500,5.4930e+02,6.220e+01,-6.220e+01,2.22,6.500e-01,-2.200e-01,338.0,,,3.08,2.66,-0.89,10.60,1,q1_q17_dr25_tce,6174.00,169.00,-206.00,4.499,0.050,-0.200,0.9390,0.2760,-0.0920,296.785550,42.880291,14.321
9388,7366501,K07834.01,,CANDIDATE,CANDIDATE,0.8020,0,0,0,0,7.381234400,1.0910000e-04,-1.0910000e-04,137.5646000,1.030000e-02,-1.030000e-02,0.6870,0.2900,-0.4590,2.80200,0.32000,-0.32000,1.0450e+02,1.440e+01,-1.440e+01,1.00,3.000e-01,-1.000e-01,944.0,,,187.24,164.03,-54.41,8.60,1,q1_q17_dr25_tce,6072.00,163.00,-199.00,4.510,0.050,-0.200,0.9230,0.2760,-0.0920,292.947570,42.904308,15.051
9389,11124353,K08220.01,,FALSE POSITIVE,FALSE POSITIVE,0.1630,1,0,0,0,423.730740000,5.7310000e-02,-5.7310000e-02,548.9392000,4.620000e-02,-4.620000e-02,0.3700,0.1140,-0.3640,19.40000,2.00000,-2.00000,8.3490e+02,9.270e+01,-9.270e+01,2.48,8.100e-01,-2.900e-01,225.0,,,0.60,0.72,-0.25,12.10,2,q1_q17_dr25_tce,5743.00,330.00,-403.00,4.553,0.050,-0.200,0.8530,0.2780,-0.0990,284.292690,48.704021,15.969
9390,11868122,K08231.01,,FALSE POSITIVE,FALSE POSITIVE,0.0000,1,0,0,0,384.922750000,3.9770000e-02,-3.9770000e-02,238.6778000,6.760000e-02,-6.760000e-02,0.2880,0.1310,-0.2880,9.98000,2.60000,-2.60000,1.8480e+02,3.030e+01,-3.030e+01,1.64,4.900e-01,-5.000e-01,298.0,,,1.87,1.74,-1.07,7.20,1,q1_q17_dr25_tce,6070.00,199.00,-199.00,4.186,0.351,-0.189,1.1910,0.3590,-0.3590,293.968440,50.178219,13.889
9391,12554485,K08238.01,,CANDIDATE,CANDIDATE,0.4440,0,0,0,0,495.662346000,6.7360000e-03,-6.7360000e-03,561.4127000,8.230000e-03,-8.230000e-03,0.9490,0.0180,-0.6790,4.42800,0.35000,-0.35000,6.7570e+02,7.760e+01,-7.760e+01,2.73,5.600e-01,-3.300e-01,207.0,,,0.43,0.29,-0.14,10.20,1,q1_q17_dr25_tce,5515.00,193.00,-193.00,4.509,0.077,-0.132,0.8200,0.1700,-0.0990,289.090820,51.532009,14.322
9392,12555140,K08239.01,,FALSE POSITIVE,FALSE POSITIVE,0.0000,1,0,0,0,655.257320000,3.8980000e-02,-3.8980000e-02,185.9927000,5.840000e-02,-5.840000e-02,0.1410,0.3160,-0.1410,20.05000,1.70000,-1.70000,2.6820e+02,2.740e+01,-2.740e+01,1.56,4.400e-01,-1.600e-01,226.0,,,0.62,0.50,-0.18,11.50,1,q1_q17_dr25_tce,6420.00,154.00,-192.00,4.492,0.050,-0.200,0.9410,0.2720,-0.0910,289.521210,51.574680,13.892
9393,5391407,K08254.01,,FALSE POSITIVE,FALSE POSITIVE,0.0000,0,1,0,0,0.638697833,,,131.7556646,,,1.7570,,,5.16090,,,1.4145e+05,,,162.15,5.730e+01,-1.910e+01,2464.0,,,8720.57,9108.70,-2914.91,206.30,1,q1_q17_dr25_tce,6424.00,179.00,-246.00,4.388,0.070,-0.224,1.1800,0.4170,-0.1390,298.810520,40.540199,14.068
9394,8813404,K08170.01,,FALSE POSITIVE,FALSE POSITIVE,0.0040,1,0,0,0,374.800950000,1.0500000e-02,-1.0500000e-02,457.3021000,1.960000e-02,-1.960000e-02,0.5390,0.0430,-0.4460,10.69100,0.69000,-0.69000,1.4440e+02,1.500e+01,-1.500e+01,1.53,3.000e-01,-3.700e-01,286.0,,,1.59,0.93,-0.77,11.40,1,q1_q17_dr25_tce,5804.00,146.00,-146.00,4.214,0.228,-0.123,1.2340,0.2440,-0.2990,289.752960,45.006290,12.283
9395,9962731,K08191.01,,FALSE POSITIVE,FALSE POSITIVE,0.0000,1,0,1,0,385.397430000,2.8080000e-02,-2.8080000e-02,340.6913000,7.430000e-02,-7.430000e-02,0.5870,0.3740,-0.4000,21.69000,2.20000,-2.20000,1.3230e+02,1.590e+01,-1.590e+01,1.59,2.500e-01,-3.100e-01,285.0,,,1.57,0.65,-0.61,10.90,1,q1_q17_dr25_tce,5676.00,76.00,-76.00,4.175,0.188,-0.101,1.3360,0.2130,-0.2600,296.374970,46.806492,13.114
9396,4076976,K03124.01,,FALSE POSITIVE,FALSE POSITIVE,0.0000,0,0,1,1,4.880780500,1.0660000e-04,-1.0660000e-04,133.7050000,1.900000e-02,-1.900000e-02,0.5810,0.0480,-0.4700,9.40000,0.57100,-0.57100,7.9000e+01,5.900e+00,-5.900e+00,0.48,2.000e-02,-3.000e-02,706.0,,,58.98,12.75,-13.88,15.90,1,q1_q17_dr25_tce,4763.00,131.00,-164.00,4.738,0.045,-0.021,0.5160,0.0230,-0.0320,296.251680,39.183990,14.203
9397,7115785,K00672.03,,FALSE POSITIVE,FALSE POSITIVE,0.0000,1,0,0,1,0.566800810,6.3200000e-07,-6.3200000e-07,131.8173700,9.040000e-04,-9.040000e-04,0.0040,0.5480,-0.0040,3.61160,0.03480,-0.03480,1.2770e+02,2.700e+00,-2.700e+00,1.02,1.200e-01,-9.000e-02,2038.0,,,4065.92,1468.57,-872.14,71.50,3,q1_q17_dr25_tce,5506.00,110.00,0.00,4.473,0.064,-0.096,0.9140,0.1110,-0.0740,291.169530,42.640808,13.998
9398,6042031,K04165.01,,FALSE POSITIVE,FALSE POSITIVE,0.0000,0,1,0,0,0.537110149,8.7900000e-07,-8.7900000e-07,131.5598200,1.700000e-03,-1.700000e-03,1.1060,0.5830,0.0000,1.79760,0.07280,-0.07280,9.2000e+01,2.800e+00,-2.800e+00,32.19,6.940e+00,-1.128e+01,3195.0,,,24545.75,16695.42,-15475.21,41.10,1,q1_q17_dr25_tce,5395.00,176.00,-176.00,3.739,0.260,-0.140,2.5370,0.5470,-0.8890,291.690670,41.332878,13.078
9399,9641076,K04250.01,,FALSE POSITIVE,FALSE POSITIVE,0.0000,0,0,1,1,2.178186990,1.5270000e-05,-1.5270000e-05,132.0047700,6.150000e-03,-6.150000e-03,0.5530,0.4030,-0.3490,2.68600,0.16600,-0.16600,1.1580e+02,8.900e+00,-8.900e+00,1.03,2.700e-01,-1.600e-01,1347.0,,,776.45,601.66,-282.10,15.40,1,q1_q17_dr25_tce,5584.00,166.00,-149.00,4.428,0.120,-0.180,0.9320,0.2390,-0.1470,288.049800,46.358330,15.123
9400,5817613,K04256.01,,FALSE POSITIVE,FALSE POSITIVE,0.0000,0,0,1,1,4.205860800,1.4920000e-04,-1.4920000e-04,132.2913000,3.040000e-02,-3.040000e-02,0.4380,0.0320,-0.4320,7.39000,0.65100,-0.65100,1.8200e+02,1.740e+01,-1.740e+01,1.14,3.000e-01,-1.000e-01,1012.0,,,248.04,202.41,-67.46,13.30,1,q1_q17_dr25_tce,5590.00,186.00,-186.00,4.560,0.031,-0.178,0.8390,0.2200,-0.0730,298.484250,41.069210,15.892
9401,9656547,K07956.01,,FALSE POSITIVE,FALSE POSITIVE,0.0000,0,0,1,1,1.272287710,1.3650000e-05,-1.3650000e-05,132.4994500,9.840000e-03,-9.840000e-03,0.4280,0.0290,-0.4280,2.09900,0.32800,-0.32800,8.2900e+01,1.130e+01,-1.130e+01,0.63,7.000e-02,-5.000e-02,1275.0,,,624.11,250.50,-152.05,9.50,1,q1_q17_dr25_tce,5044.00,136.00,-151.00,4.640,0.030,-0.070,0.6860,0.0840,-0.0520,294.772160,46.377731,15.457
9402,9658192,K07957.01,,FALSE POSITIVE,FALSE POSITIVE,0.0000,0,0,1,0,1.886002102,9.6740000e-06,-9.6740000e-06,131.7415300,4.580000e-03,-4.580000e-03,0.3610,0.2740,-0.3610,1.02100,0.26200,-0.26200,4.7400e+01,9.500e+00,-9.500e+00,0.65,1.900e-01,-7.000e-02,1433.0,,,997.72,848.55,-279.28,7.60,1,q1_q17_dr25_tce,5793.00,144.00,-173.00,4.485,0.065,-0.195,0.9250,0.2730,-0.0910,295.392120,46.329639,14.007
9403,9710611,K07958.01,,FALSE POSITIVE,FALSE POSITIVE,0.1860,1,0,0,0,386.354440000,1.3590000e-02,-1.3590000e-02,359.0914000,2.540000e-02,-2.540000e-02,0.7050,0.2680,-0.4770,9.59400,0.56700,-0.56700,1.2960e+02,1.480e+01,-1.480e+01,1.43,3.200e-01,-2.100e-01,287.0,,,1.60,1.06,-0.58,10.90,2,q1_q17_dr25_tce,6165.00,154.00,-185.00,4.319,0.121,-0.148,1.1770,0.2650,-0.1770,291.976560,46.414631,12.458
9404,9710626,K07959.01,,FALSE POSITIVE,FALSE POSITIVE,0.0000,1,0,0,0,371.214540000,2.4070000e-02,-2.4070000e-02,497.5266000,3.590000e-02,-3.590000e-02,1.2540,75.4800,-2.4650,19.40000,2.10000,-2.10000,1.7800e+03,1.540e+02,-1.540e+02,28.21,4.250e+00,-1.690e+00,212.0,,,0.47,0.24,-0.10,14.40,1,q1_q17_dr25_tce,5189.00,171.00,-155.00,4.557,0.028,-0.119,0.8500,0.1280,-0.0510,291.982970,46.486462,15.713
9405,9710792,K07960.01,,FALSE POSITIVE,FALSE POSITIVE,0.0000,1,0,0,0,365.543500000,3.7850000e-02,-3.7850000e-02,132.6904000,9.530000e-02,-9.530000e-02,0.5180,0.4320,-0.2920,14.78000,1.30000,-1.30000,7.5310e+02,6.810e+01,-6.810e+01,3.04,8.400e-01,-3.600e-01,283.0,,,1.51,1.22,-0.48,13.40,1,q1_q17_dr25_tce,6306.00,168.00,-205.00,4.426,0.062,-0.187,1.0760,0.2960,-0.1270,292.052670,46.430210,15.397
9406,11918793,K08069.01,,FALSE POSITIVE,FALSE POSITIVE,0.0500,1,0,0,0,38.353120000,4.5800000e-02,-4.5800000e-02,167.6337000,6.740000e-02,-6.740000e-02,0.0170,0.4020,-0.0170,2.90000,2.80000,-2.80000,3.0900e+03,3.310e+02,-3.310e+02,5.57,1.720e+00,-6.200e-01,557.0,,,22.73,21.47,-7.38,8.60,1,q1_q17_dr25_tce,5979.00,190.00,-232.00,4.449,0.070,-0.210,1.0040,0.3110,-0.1110,294.219540,50.260738,15.457
9407,11922290,K08070.01,,FALSE POSITIVE,FALSE POSITIVE,0.0420,1,0,0,0,114.661733000,2.1950000e-03,-2.1950000e-03,237.2307000,1.210000e-02,-1.210000e-02,0.8630,0.1240,-0.6570,2.78400,0.44800,-0.44800,2.8180e+02,5.050e+01,-5.050e+01,1.38,1.500e-01,-1.500e-01,316.0,,,2.37,0.94,-0.68,7.30,1,q1_q17_dr25_tce,5412.00,161.00,-161.00,4.562,0.090,-0.060,0.7120,0.0820,-0.0740,295.808010,50.227188,14.077
9408,11966668,K08071.01,,FALSE POSITIVE,FALSE POSITIVE,0.0000,1,0,0,0,313.198750000,1.6960000e-02,-1.6960000e-02,340.9372000,2.870000e-02,-2.870000e-02,0.3600,0.0920,-0.3600,8.60300,0.69000,-0.69000,7.2100e+02,1.000e+02,-1.000e+02,1.95,2.800e-01,-1.600e-01,216.0,,,0.51,0.24,-0.12,9.60,1,q1_q17_dr25_tce,5254.00,158.00,-142.00,4.618,0.030,-0.090,0.7300,0.1030,-0.0600,293.531800,50.311291,15.693
9409,11967872,K08072.01,,FALSE POSITIVE,FALSE POSITIVE,0.2520,1,0,0,0,134.370692000,8.6640000e-03,-8.6640000e-03,249.3136000,4.670000e-02,-4.670000e-02,0.1740,0.2800,-0.1740,8.73000,1.20000,-1.20000,4.3260e+02,6.320e+01,-6.320e+01,1.95,6.200e-01,-2.000e-01,351.0,,,3.58,3.43,-1.09,8.10,1,q1_q17_dr25_tce,5910.00,184.00,-205.00,4.505,0.039,-0.221,0.9400,0.2970,-0.0990,294.074830,50.397240,15.541
9410,12004656,K08073.01,,FALSE POSITIVE,FALSE POSITIVE,0.0000,1,0,1,1,2.521230220,5.4910000e-05,-5.4910000e-05,132.8709000,2.120000e-02,-2.120000e-02,1.1580,20.2600,-0.0490,4.73900,0.92500,-0.92500,1.4590e+02,2.310e+01,-2.310e+01,9.68,1.580e+00,-2.360e+00,726.0,,,65.58,45.75,-36.84,8.90,1,q1_q17_dr25_tce,3932.00,229.00,-252.00,4.745,0.130,-0.070,0.5200,0.0850,-0.1270,286.409000,50.418110,15.521
9411,8821936,K08172.01,,FALSE POSITIVE,FALSE POSITIVE,0.0000,1,0,0,0,371.518520000,1.5790000e-02,-1.5790000e-02,317.6836000,3.390000e-02,-3.390000e-02,0.9620,0.0090,-0.7220,30.94000,1.10000,-1.10000,2.6300e+02,1.790e+01,-1.790e+01,2.28,7.600e-01,-3.100e-01,284.0,,,1.53,1.50,-0.53,17.00,1,q1_q17_dr25_tce,6227.00,169.00,-206.00,4.377,0.101,-0.203,1.0890,0.3640,-0.1450,293.064000,45.034210,13.731
9412,8832676,K08173.01,,FALSE POSITIVE,FALSE POSITIVE,0.0150,1,0,0,0,323.665420000,2.2370000e-02,-2.2370000e-02,204.2147000,7.270000e-02,-7.270000e-02,0.0310,0.4080,-0.0310,20.37000,1.40000,-1.40000,1.1780e+03,1.490e+02,-1.490e+02,1.58,1.000e-01,-1.200e-01,133.0,,,0.07,0.02,-0.01,9.10,2,q1_q17_dr25_tce,3737.00,66.00,-66.00,4.779,0.039,-0.024,0.4660,0.0280,-0.0350,296.797150,45.027962,15.466
9413,8873873,K08174.01,,CANDIDATE,CANDIDATE,0.6650,0,0,0,0,295.060660000,2.8290000e-02,-2.8290000e-02,314.2081000,5.790000e-02,-5.790000e-02,0.0520,0.4000,-0.0520,16.18000,1.40000,-1.40000,7.2200e+01,8.400e+00,-8.400e+00,0.64,7.000e-02,-7.000e-02,233.0,,,0.70,0.28,-0.21,10.40,1,q1_q17_dr25_tce,5332.00,160.00,-144.00,4.524,0.097,-0.060,0.7620,0.0870,-0.0870,286.949460,45.142139,11.922
9414,9075882,K08175.01,,FALSE POSITIVE,FALSE POSITIVE,0.0000,1,0,0,0,367.016070000,2.0840000e-02,-2.0840000e-02,181.8404000,4.390000e-02,-4.390000e-02,0.6330,0.0250,-0.5080,15.48000,1.10000,-1.10000,7.3860e+02,7.720e+01,-7.720e+01,2.46,7.000e-01,-2.200e-01,245.0,,,0.85,0.70,-0.23,11.20,1,q1_q17_dr25_tce,5931.00,161.00,-178.00,4.545,0.036,-0.192,0.8630,0.2460,-0.0770,285.668580,45.454330,15.168
9415,9084832,K08176.01,,FALSE POSITIVE,FALSE POSITIVE,0.0080,1,0,0,0,568.082510000,2.0070000e-02,-2.0070000e-02,254.6544900,9.920000e-03,-9.920000e-03,0.4000,0.0500,-0.4000,13.60800,0.54900,-0.54900,5.0830e+02,3.270e+01,-3.270e+01,2.14,6.000e-01,-3.500e-01,205.0,,,0.42,0.35,-0.16,18.10,2,q1_q17_dr25_tce,5359.00,160.00,-144.00,4.403,0.144,-0.234,0.9500,0.2680,-0.1570,290.303800,45.443291,12.933
9416,9093859,K08177.01,,FALSE POSITIVE,FALSE POSITIVE,0.0000,1,0,1,1,3.044775200,1.1980000e-04,-1.1980000e-04,132.3975000,3.660000e-02,-3.660000e-02,0.3830,0.0730,-0.3830,7.35000,1.20000,-1.20000,7.4900e+01,1.120e+01,-1.120e+01,0.68,1.100e-01,-6.000e-02,1061.0,,,299.07,160.22,-76.75,8.60,1,q1_q17_dr25_tce,5390.00,159.00,-159.00,4.591,0.035,-0.112,0.7800,0.1320,-0.0660,293.667540,45.498451,15.964
9417,9239670,K08282.01,,FALSE POSITIVE,FALSE POSITIVE,0.1160,1,0,0,0,456.553080000,1.2880000e-02,-1.2880000e-02,527.3529000,1.720000e-02,-1.720000e-02,0.6730,0.0380,-0.5000,4.43500,0.60900,-0.60900,1.1620e+02,2.010e+01,-2.010e+01,1.48,3.200e-01,-3.900e-01,270.0,,,1.26,0.78,-0.64,7.30,1,q1_q17_dr25_tce,5678.00,142.00,-128.00,4.161,0.260,-0.140,1.2980,0.2780,-0.3400,298.905180,45.610840,11.858
9418,9388557,K08283.01,,FALSE POSITIVE,FALSE POSITIVE,0.1500,1,0,0,0,209.941369000,2.1510000e-03,-2.1510000e-03,268.5679000,7.790000e-03,-7.790000e-03,0.1570,0.3090,-0.1570,2.97000,0.29100,-0.29100,4.7730e+02,5.770e+01,-5.770e+01,14.36,2.720e+00,-5.060e+00,651.0,,,42.43,21.87,-26.34,10.20,1,q1_q17_dr25_tce,5125.00,88.00,-127.00,2.988,0.234,-0.156,6.6900,1.2700,-2.3580,283.774720,45.910831,13.066
9419,9532997,K08284.01,,FALSE POSITIVE,FALSE POSITIVE,0.1340,1,0,0,0,49.763624000,1.8940000e-03,-1.8940000e-03,135.0312000,4.870000e-02,-4.870000e-02,0.0200,0.4820,-0.0200,2.74900,0.66100,-0.66100,4.1200e+02,1.330e+02,-1.330e+02,2.43,8.300e-01,-3.400e-01,588.0,,,28.31,28.76,-10.27,6.80,1,q1_q17_dr25_tce,6477.00,179.00,-246.00,4.361,0.072,-0.203,1.1870,0.4090,-0.1630,294.489260,46.140121,14.867
9420,9536836,K08285.01,,FALSE POSITIVE,FALSE POSITIVE,0.1210,1,0,0,0,320.347208000,8.5030000e-03,-8.5030000e-03,406.2309000,1.480000e-02,-1.480000e-02,0.5480,0.4150,-0.3340,7.15900,0.55900,-0.55900,2.6280e+02,3.830e+01,-3.830e+01,1.58,4.600e-01,-1.500e-01,274.0,,,1.33,1.14,-0.38,8.80,1,q1_q17_dr25_tce,6146.00,164.00,-201.00,4.497,0.050,-0.200,0.9430,0.2730,-0.0910,295.902070,46.116138,13.996
9421,10226420,K08288.01,,FALSE POSITIVE,FALSE POSITIVE,0.0000,0,1,1,1,0.660663034,4.0260000e-06,-4.0260000e-06,131.6841700,5.340000e-03,-5.340000e-03,0.0250,0.9710,-0.0250,2.81000,1.60000,-1.60000,1.3400e+02,1.550e+01,-1.550e+01,1.32,3.800e-01,-1.600e-01,2385.0,,,7605.89,6498.41,-2530.75,23.30,1,q1_q17_dr25_tce,6353.00,174.00,-217.00,4.397,0.065,-0.195,1.1340,0.3290,-0.1410,298.157320,47.291660,14.784
9422,11187972,K07416.01,,CANDIDATE,CANDIDATE,0.3540,0,0,0,0,37.464697400,7.1090000e-04,-7.1090000e-04,138.6533000,1.210000e-02,-1.210000e-02,0.2000,0.2590,-0.2000,4.95400,0.48200,-0.48200,5.1600e+01,6.200e+00,-6.200e+00,0.97,2.800e-01,-2.300e-01,677.0,,,49.61,43.27,-24.73,10.30,1,q1_q17_dr25_tce,6266.00,197.00,-241.00,4.209,0.214,-0.175,1.3420,0.3840,-0.3140,290.478000,48.854645,12.052
9423,11234677,K07423.01,,FALSE POSITIVE,FALSE POSITIVE,0.0000,0,1,0,0,1.587426950,1.1200000e-07,-1.1200000e-07,131.9849807,5.630000e-05,-5.630000e-05,0.7180,0.0120,-0.0020,2.66475,0.00216,-0.00216,7.6162e+04,1.140e+02,-1.140e+02,37.64,1.268e+01,-5.430e+00,1893.0,,,3023.98,2879.99,-1061.95,1150.70,1,q1_q17_dr25_tce,6440.00,144.00,-192.00,4.313,0.090,-0.195,1.2410,0.4180,-0.1790,286.617680,48.996811,13.296
9424,11235323,K07424.01,,FALSE POSITIVE,FALSE POSITIVE,0.0000,0,1,0,0,19.668404822,6.1630000e-06,-6.1630000e-06,132.5238580,2.490000e-04,-2.490000e-04,0.0000,0.0030,0.0000,21.17640,0.01230,-0.01230,3.5281e+05,2.270e+02,-2.270e+02,42.91,4.790e+00,-4.300e+00,555.0,,,22.36,8.72,-6.13,1834.50,1,q1_q17_dr25_tce,5260.00,157.00,-141.00,4.560,0.083,-0.060,0.7170,0.0800,-0.0720,287.046570,48.993229,13.486
9425,11358392,K07440.01,,FALSE POSITIVE,FALSE POSITIVE,0.0000,0,1,0,0,0.984971822,1.8500000e-07,-1.8500000e-07,132.4028870,1.580000e-04,-1.580000e-04,1.2740,0.8160,-0.1970,1.64247,0.00743,-0.00743,6.6835e+03,1.760e+01,-1.760e+01,56.10,1.709e+01,-1.139e+01,2321.0,,,6852.37,6029.40,-3001.82,279.10,1,q1_q17_dr25_tce,6437.00,162.00,-194.00,4.237,0.149,-0.182,1.3690,0.4170,-0.2780,295.627720,49.178242,13.548
9426,11959569,K07497.01,,FALSE POSITIVE,FALSE POSITIVE,0.0000,0,1,0,0,46.148691060,2.2600000e-05,-2.2600000e-05,173.2380910,3.850000e-04,-3.850000e-04,0.0020,0.0040,-0.0020,19.09200,0.02030,-0.02030,3.4963e+05,4.050e+02,-4.050e+02,114.20,2.591e+01,-3.883e+01,647.0,,,41.46,29.62,-25.07,1021.30,1,q1_q17_dr25_tce,5383.00,178.00,-129.00,3.908,0.338,-0.135,1.9350,0.4390,-0.6580,289.394170,50.368069,12.387
9427,7367164,K07835.01,,CANDIDATE,CANDIDATE,0.8250,0,0,0,0,3.765652470,3.0300000e-05,-3.0300000e-05,132.5247600,6.780000e-03,-6.780000e-03,0.5350,0.4370,-0.3230,1.55700,0.23300,-0.23300,9.2400e+01,1.220e+01,-1.220e+01,0.87,2.300e-01,-8.000e-02,1108.0,,,356.30,269.19,-90.57,9.10,1,q1_q17_dr25_tce,5815.00,140.00,-157.00,4.540,0.044,-0.176,0.8770,0.2310,-0.0770,293.138280,42.965141,14.688
9428,7386391,K07837.01,,FALSE POSITIVE,FALSE POSITIVE,0.0900,0,0,1,0,48.507991000,1.1390000e-03,-1.1390000e-03,148.3182000,2.000000e-02,-2.000000e-02,0.9440,0.0230,-0.6990,8.98400,0.74400,-0.74400,2.8890e+02,3.030e+01,-3.030e+01,2.06,6.700e-01,-2.300e-01,511.0,,,16.08,15.92,-5.16,11.40,1,q1_q17_dr25_tce,6031.00,189.00,-232.00,4.476,0.056,-0.224,0.9660,0.3150,-0.1050,297.923220,42.938789,15.365
9429,7448023,K07839.01,,FALSE POSITIVE,FALSE POSITIVE,0.0000,0,0,1,1,0.566816802,4.5450000e-06,-4.5450000e-06,131.7798300,4.640000e-03,-4.640000e-03,0.4140,0.0560,-0.4140,1.98100,0.16400,-0.16400,9.4000e+01,8.900e+00,-8.900e+00,0.68,4.000e-02,-6.000e-02,1585.0,,,1483.43,410.00,-397.17,12.90,1,q1_q17_dr25_tce,4665.00,139.00,-139.00,4.584,0.054,-0.027,0.7040,0.0460,-0.0640,292.756530,43.036888,15.678
9430,7757698,K07848.01,,FALSE POSITIVE,FALSE POSITIVE,0.2070,1,0,0,0,369.181947000,6.7110000e-03,-6.7110000e-03,399.5169000,1.540000e-02,-1.540000e-02,0.0210,0.4280,-0.0210,3.23900,0.35200,-0.35200,9.1300e+02,1.120e+02,-1.120e+02,2.60,7.700e-01,-2.400e-01,245.0,,,0.85,0.73,-0.23,9.90,1,q1_q17_dr25_tce,5959.00,160.00,-178.00,4.546,0.036,-0.204,0.8590,0.2520,-0.0790,293.437990,43.476501,14.433
9431,7879648,K07852.01,,FALSE POSITIVE,FALSE POSITIVE,0.0000,0,1,1,0,1.020713389,4.4670000e-06,-4.4670000e-06,132.2030900,3.010000e-03,-3.010000e-03,0.4250,0.0290,-0.4250,0.87300,0.15600,-0.15600,1.0230e+02,1.350e+01,-1.350e+01,0.90,2.600e-01,-8.000e-02,1724.0,,,2079.36,1761.10,-558.15,11.30,1,q1_q17_dr25_tce,5815.00,157.00,-157.00,4.520,0.060,-0.192,0.8700,0.2510,-0.0840,287.241490,43.679661,15.186
9432,6946985,K08266.01,,FALSE POSITIVE,FALSE POSITIVE,0.3880,1,0,0,0,440.584562000,8.2620000e-03,-8.2620000e-03,564.1280600,9.160000e-03,-9.160000e-03,0.0620,0.3980,-0.0620,10.53400,0.39200,-0.39200,6.5900e+01,4.800e+00,-4.800e+00,1.67,7.700e-01,-4.200e-01,505.0,,,15.38,21.31,-8.07,16.10,1,q1_q17_dr25_tce,9935.00,276.00,-415.00,4.205,0.144,-0.267,1.9960,0.9230,-0.4970,291.295500,42.449940,9.397
9433,7451315,K08268.01,,FALSE POSITIVE,FALSE POSITIVE,0.2310,1,0,0,0,368.522400000,2.5540000e-02,-2.5540000e-02,177.4540000,5.660000e-02,-5.660000e-02,1.2200,69.6000,-4.3400,36.29000,2.20000,-2.20000,1.3302e+03,7.110e+01,-7.110e+01,26.70,8.000e+00,-3.430e+00,260.0,,,1.09,0.99,-0.38,22.70,1,q1_q17_dr25_tce,6063.00,191.00,-233.00,4.473,0.070,-0.210,0.9410,0.2820,-0.1210,293.708400,43.088150,15.564
9434,9209808,K08281.01,,FALSE POSITIVE,FALSE POSITIVE,0.1410,1,0,0,0,244.547128000,5.6860000e-03,-5.6860000e-03,133.3618000,2.030000e-02,-2.030000e-02,0.0030,0.4540,-0.0030,3.59000,0.61300,-0.61300,5.8700e+02,1.110e+02,-1.110e+02,1.74,2.000e-01,-1.400e-01,228.0,,,0.64,0.26,-0.15,6.40,1,q1_q17_dr25_tce,5094.00,153.00,-138.00,4.612,0.035,-0.075,0.7360,0.0880,-0.0590,287.894380,45.606468,15.492
9435,9592621,K08286.01,,CANDIDATE,CANDIDATE,0.1860,0,0,0,0,191.037280000,1.3150000e-02,-1.3150000e-02,153.9107000,6.480000e-02,-6.480000e-02,0.0910,0.4560,-0.0910,3.59500,0.98900,-0.98900,1.6070e+03,5.020e+02,-5.020e+02,3.54,8.400e-01,-3.600e-01,286.0,,,1.58,1.18,-0.46,7.00,1,q1_q17_dr25_tce,5440.00,180.00,-180.00,4.497,0.055,-0.165,0.9010,0.2130,-0.0910,293.683900,46.265541,16.652
9436,10010452,K08287.01,,FALSE POSITIVE,FALSE POSITIVE,0.2660,1,0,0,0,358.743180000,4.8490000e-02,-4.8490000e-02,150.5540000,6.430000e-02,-6.430000e-02,0.1510,0.3380,-0.1510,19.76000,2.60000,-2.60000,7.6050e+02,6.350e+01,-6.350e+01,2.25,5.100e-01,-1.700e-01,224.0,,,0.60,0.41,-0.14,15.90,1,q1_q17_dr25_tce,5482.00,164.00,-147.00,4.566,0.038,-0.152,0.8260,0.1880,-0.0630,291.285950,46.920551,14.806
9437,11087662,K08218.01,,FALSE POSITIVE,FALSE POSITIVE,0.0830,1,0,0,0,264.636540000,1.6710000e-02,-1.6710000e-02,190.9169000,2.670000e-02,-2.670000e-02,1.2470,6.8420,-0.1880,42.77000,3.30000,-3.30000,4.3180e+02,2.110e+01,-2.110e+01,42.55,7.170e+00,-6.430e+00,376.0,,,4.75,2.02,-1.50,28.20,1,q1_q17_dr25_tce,6564.00,72.00,-85.00,4.198,0.126,-0.115,1.4610,0.2460,-0.2210,293.607570,48.658379,13.328
9438,11872364,K08232.01,,CANDIDATE,CANDIDATE,0.4920,0,0,0,0,189.183958000,4.2110000e-03,-4.2110000e-03,132.3331000,1.690000e-02,-1.690000e-02,0.6800,0.0620,-0.4880,6.82900,0.63400,-0.63400,1.0140e+03,1.120e+02,-1.120e+02,3.31,9.500e-01,-5.900e-01,312.0,,,2.23,1.98,-0.89,11.20,6,q1_q17_dr25_tce,5573.00,182.00,-166.00,4.382,0.158,-0.193,0.9810,0.2830,-0.1740,295.865330,50.133480,15.053
9439,10397751,K02859.04,,CANDIDATE,CANDIDATE,0.9560,0,0,0,0,2.905120190,1.5410000e-05,-1.5410000e-05,132.5669300,4.820000e-03,-4.820000e-03,0.4170,0.0330,-0.4170,2.29300,0.12800,-0.12800,6.1200e+01,5.000e+00,-5.000e+00,0.57,7.000e-02,-6.000e-02,1075.0,,,314.96,124.36,-86.74,13.20,4,q1_q17_dr25_tce,5374.00,160.00,-144.00,4.555,0.088,-0.064,0.7210,0.0820,-0.0730,288.831360,47.551991,13.851
9440,5980061,K04817.01,,FALSE POSITIVE,FALSE POSITIVE,0.0000,1,0,1,0,0.630539713,1.2840000e-06,-1.2840000e-06,131.9912400,1.700000e-03,-1.700000e-03,1.2000,1.5360,-0.1550,1.74070,0.09350,-0.09350,2.3960e+02,1.040e+01,-1.040e+01,21.07,4.590e+00,-2.130e+00,1936.0,,,3333.18,2298.08,-947.03,27.70,2,q1_q17_dr25_tce,5458.00,180.00,-164.00,4.482,0.081,-0.150,0.8940,0.1950,-0.0900,297.043880,41.284012,15.476
9441,5544450,K03226.01,,CANDIDATE,CANDIDATE,0.9960,0,0,0,0,4.293888080,3.1570000e-05,-3.1570000e-05,133.5100200,6.070000e-03,-6.070000e-03,0.2720,0.1890,-0.2720,3.61800,0.17300,-0.17300,1.1060e+02,7.100e+00,-7.100e+00,1.68,3.100e-01,-2.300e-01,1532.0,,,1302.16,611.17,-385.68,17.90,1,q1_q17_dr25_tce,6615.00,65.00,-92.00,4.173,0.108,-0.132,1.5740,0.2970,-0.2160,294.897340,40.798168,12.209
9442,10420301,K03257.01,,FALSE POSITIVE,FALSE POSITIVE,0.0000,1,0,1,1,45.433376900,4.4960000e-04,-4.4960000e-04,172.9387700,9.390000e-03,-9.390000e-03,0.9590,0.0060,-0.6720,6.35100,0.52300,-0.52300,9.0580e+02,5.760e+01,-5.760e+01,2.23,2.200e-01,-1.800e-01,315.0,,,2.34,0.81,-0.61,18.10,2,q1_q17_dr25_tce,4371.00,118.00,-144.00,4.712,0.036,-0.049,0.5590,0.0560,-0.0450,297.385130,47.543411,15.773
9443,3858917,K03294.01,,FALSE POSITIVE,FALSE POSITIVE,0.0000,0,1,1,1,25.952240100,1.6310000e-04,-1.6310000e-04,148.9163400,5.500000e-03,-5.500000e-03,1.3750,12.1100,-0.1190,20.81300,0.26900,-0.26900,2.8969e+03,3.860e+01,-3.860e+01,42.91,1.177e+01,-3.940e+00,572.0,,,25.35,20.49,-6.85,90.50,1,q1_q17_dr25_tce,5659.00,154.00,-171.00,4.528,0.036,-0.192,0.9040,0.2480,-0.0830,293.702480,38.975449,14.691
9444,9777990,K07963.01,,FALSE POSITIVE,FALSE POSITIVE,0.0000,0,1,0,0,14.340035800,3.5000000e-04,-3.5000000e-04,140.9329000,1.770000e-02,-1.770000e-02,0.0060,0.5020,-0.0060,5.70000,0.77800,-0.77800,1.7060e+03,4.000e+02,-4.000e+02,0.68,3.300e-01,-1.400e-01,248.0,,,0.89,1.34,-0.37,8.00,1,q1_q17_dr25_tce,3358.00,119.00,-59.00,5.149,0.092,-0.138,0.1740,0.0830,-0.0360,294.795900,46.521626,18.013
9445,9813678,K07964.01,,FALSE POSITIVE,FALSE POSITIVE,0.0000,0,1,0,0,0.505079006,1.5900000e-07,-1.5900000e-07,131.9307760,4.140000e-04,-4.140000e-04,1.1840,0.1080,-0.0840,1.36737,0.00359,-0.00359,2.8078e+04,5.250e+01,-5.250e+01,86.41,6.302e+01,-5.157e+01,2997.0,,,19181.12,47540.77,-16438.21,665.50,1,q1_q17_dr25_tce,5398.00,208.00,-170.00,3.822,0.805,-0.345,1.8430,1.3440,-1.1000,282.509000,46.634441,15.992
9446,9826551,K07965.01,,FALSE POSITIVE,FALSE POSITIVE,0.0000,0,1,1,0,7.196809840,4.7710000e-05,-4.7710000e-05,136.6395500,5.550000e-03,-5.550000e-03,0.2700,0.1770,-0.2700,1.68300,0.18600,-0.18600,5.0500e+01,6.000e+00,-6.000e+00,1.20,3.700e-01,-3.600e-01,1275.0,,,625.53,554.15,-363.12,10.00,1,q1_q17_dr25_tce,6325.00,177.00,-243.00,4.112,0.225,-0.184,1.6760,0.5020,-0.5020,289.916380,46.677559,13.118
9447,9838537,K07966.01,,FALSE POSITIVE,FALSE POSITIVE,0.0000,0,0,1,1,1.332577150,2.0130000e-05,-2.0130000e-05,132.0367000,1.360000e-02,-1.360000e-02,0.3260,0.1450,-0.3260,5.15800,0.36400,-0.36400,2.7100e+01,2.200e+00,-2.200e+00,0.44,1.200e-01,-4.000e-02,1553.0,,,1378.01,1111.25,-365.05,15.50,1,q1_q17_dr25_tce,5852.00,140.00,-158.00,4.559,0.036,-0.204,0.8370,0.2360,-0.0790,294.859340,46.635689,13.454
9448,9838761,K07967.01,,FALSE POSITIVE,FALSE POSITIVE,0.0000,0,0,0,1,1.332544280,1.1930000e-05,-1.1930000e-05,132.0678800,8.410000e-03,-8.410000e-03,0.0210,0.4430,-0.0210,3.12200,0.21300,-0.21300,1.6220e+02,1.100e+01,-1.100e+01,0.93,1.300e-01,-1.000e-01,1427.0,,,981.02,472.26,-309.71,18.10,1,q1_q17_dr25_tce,5460.00,191.00,-191.00,4.543,0.099,-0.081,0.7340,0.1000,-0.0820,294.947750,46.671951,15.840
9449,12156930,K08076.01,,CANDIDATE,CANDIDATE,0.7530,0,0,0,0,71.106840000,1.7400000e-03,-1.7400000e-03,176.7154000,1.780000e-02,-1.780000e-02,0.4660,0.3400,-0.3180,6.93300,0.46200,-0.46200,1.2840e+02,1.390e+01,-1.390e+01,1.42,4.500e-01,-2.400e-01,523.0,,,17.68,16.44,-7.09,10.50,1,q1_q17_dr25_tce,6339.00,177.00,-221.00,4.315,0.108,-0.201,1.2240,0.3850,-0.2070,290.039430,50.768501,13.740
9450,12266099,K08077.01,,CANDIDATE,CANDIDATE,0.3400,0,0,0,0,77.177672000,1.1100000e-03,-1.1100000e-03,146.9243000,1.130000e-02,-1.130000e-02,0.0260,0.4390,-0.0260,2.31200,0.27700,-0.27700,3.1860e+02,5.010e+01,-5.010e+01,1.29,9.000e-02,-1.200e-01,327.0,,,2.70,0.79,-0.72,8.00,1,q1_q17_dr25_tce,4840.00,145.00,-130.00,4.551,0.066,-0.039,0.7490,0.0530,-0.0720,295.570010,50.904900,14.427
9451,12307496,K08078.01,,CANDIDATE,CANDIDATE,1.0000,0,0,0,0,0.805941833,8.1900000e-07,-8.1900000e-07,132.1278740,8.520000e-04,-8.520000e-04,1.3390,9.3780,-0.0630,1.44320,0.04590,-0.04590,3.1804e+03,7.510e+01,-7.510e+01,29.85,3.110e+00,-2.840e+00,1498.0,,,1189.65,440.69,-326.34,55.40,1,q1_q17_dr25_tce,5022.00,149.00,-149.00,4.597,0.072,-0.048,0.6720,0.0700,-0.0640,291.554470,51.043201,14.169
9452,12419303,K08079.01,,FALSE POSITIVE,FALSE POSITIVE,0.0000,0,0,1,0,0.608074963,1.6920000e-06,-1.6920000e-06,131.6668900,2.470000e-03,-2.470000e-03,0.1100,0.4060,-0.1100,0.87900,0.20100,-0.20100,1.1750e+02,1.600e+01,-1.600e+01,1.15,3.800e-01,-1.300e-01,2362.0,,,7350.47,7249.30,-2308.07,10.80,1,q1_q17_dr25_tce,6309.00,175.00,-219.00,4.441,0.054,-0.216,1.0440,0.3490,-0.1160,296.636600,51.221340,15.326
9453,12453855,K08080.01,,FALSE POSITIVE,FALSE POSITIVE,0.0000,0,1,0,0,0.559643825,1.3100000e-07,-1.3100000e-07,131.5171340,1.930000e-04,-1.930000e-04,1.2640,3.5710,-0.1540,0.67700,0.01860,-0.01860,1.8126e+03,1.630e+01,-1.630e+01,27.21,3.340e+00,-3.340e+00,1860.0,,,2854.44,1197.71,-910.91,130.70,1,q1_q17_dr25_tce,5240.00,158.00,-158.00,4.521,0.099,-0.081,0.7740,0.0950,-0.0950,287.710390,51.317638,15.360
9454,12459808,K08081.01,,FALSE POSITIVE,FALSE POSITIVE,0.0000,0,0,0,1,0.502446098,4.8620000e-06,-4.8620000e-06,131.9359000,1.080000e-02,-1.080000e-02,0.6360,0.0260,-0.4940,1.80300,0.26400,-0.26400,1.1400e+01,1.800e+00,-1.800e+00,0.43,1.300e-01,-8.000e-02,2705.0,,,12572.01,11959.11,-5223.13,10.10,1,q1_q17_dr25_tce,6306.00,177.00,-243.00,4.311,0.128,-0.192,1.1970,0.3850,-0.2070,291.097530,51.310925,12.540
9455,9114508,K08178.01,,FALSE POSITIVE,FALSE POSITIVE,0.0010,1,0,0,0,256.456160000,2.4750000e-02,-2.4750000e-02,141.7586000,8.440000e-02,-8.440000e-02,0.7790,0.2050,-0.5100,35.35000,3.00000,-3.00000,1.7283e+04,1.480e+03,-1.480e+03,9.44,3.800e-01,-8.900e-01,175.0,,,0.22,0.05,-0.07,14.40,4,q1_q17_dr25_tce,4070.00,142.00,-156.00,4.628,0.056,-0.016,0.6460,0.0260,-0.0610,299.535130,45.441860,15.745
9456,9216810,K08179.01,,FALSE POSITIVE,FALSE POSITIVE,0.2070,1,0,0,0,138.629024980,,,235.3730333,,,,,,4.93000,,,,,,,,,,,,,,,,2,q1_q17_dr25_tce,,,,,,,,,,291.261020,45.637470,10.555
9457,9340460,K08181.01,,FALSE POSITIVE,FALSE POSITIVE,0.0090,1,0,0,0,388.519605000,7.9340000e-03,-7.9340000e-03,352.2898000,1.880000e-02,-1.880000e-02,0.4780,0.4880,-0.2720,10.61300,0.51000,-0.51000,1.5120e+02,1.180e+01,-1.180e+01,2.30,6.000e-01,-9.100e-01,350.0,,,3.56,2.86,-2.44,15.10,1,q1_q17_dr25_tce,6164.00,195.00,-238.00,3.985,0.364,-0.130,1.8250,0.4790,-0.7190,291.072080,45.879307,11.543
9458,9409493,K08182.01,,FALSE POSITIVE,FALSE POSITIVE,0.0190,1,0,0,0,60.049737000,5.0220000e-03,-5.0220000e-03,158.5226000,7.800000e-02,-7.800000e-02,1.2170,6.8590,-0.0090,20.17000,1.50000,-1.50000,1.6650e+04,1.156e+03,-1.156e+03,28.92,2.100e+00,-2.610e+00,320.0,,,2.47,0.79,-0.70,17.50,1,q1_q17_dr25_tce,4538.00,159.00,-159.00,4.607,0.054,-0.027,0.6630,0.0480,-0.0600,294.007230,45.953941,16.675
9459,9468848,K08183.01,,CANDIDATE,CANDIDATE,0.5020,0,0,0,0,5.887703800,7.3470000e-05,-7.3470000e-05,135.0373800,9.710000e-03,-9.710000e-03,0.1850,0.2660,-0.1850,4.00900,0.33000,-0.33000,3.9700e+01,4.900e+00,-4.900e+00,0.60,1.900e-01,-6.000e-02,1026.0,,,262.67,251.91,-75.21,9.30,1,q1_q17_dr25_tce,6065.00,163.00,-181.00,4.495,0.052,-0.221,0.9470,0.3100,-0.0970,293.434940,46.039440,13.811
9460,9649205,K08184.01,,FALSE POSITIVE,FALSE POSITIVE,0.0120,1,0,0,0,237.266010000,2.4400000e-02,-2.4400000e-02,315.9446000,4.600000e-02,-4.600000e-02,0.0340,0.4100,-0.0340,8.74000,1.90000,-1.90000,1.5040e+02,2.170e+01,-2.170e+01,1.23,2.500e-01,-1.700e-01,299.0,,,1.89,1.20,-0.66,8.60,1,q1_q17_dr25_tce,5786.00,173.00,-190.00,4.402,0.100,-0.138,1.0070,0.2070,-0.1380,291.848420,46.339661,11.594
9461,10341781,K08289.01,,FALSE POSITIVE,FALSE POSITIVE,0.0000,0,0,1,1,0.933712110,1.8620000e-05,-1.8620000e-05,131.5372000,1.980000e-02,-1.980000e-02,0.1190,0.3420,-0.1190,4.76000,0.49800,-0.49800,1.2620e+02,1.160e+01,-1.160e+01,0.75,5.000e-02,-7.000e-02,1318.0,,,715.48,218.17,-202.43,14.30,1,q1_q17_dr25_tce,4604.00,165.00,-165.00,4.591,0.054,-0.027,0.6960,0.0450,-0.0620,292.718870,47.470940,15.393
9462,10459805,K08290.01,,FALSE POSITIVE,FALSE POSITIVE,0.1150,1,0,0,0,461.137810000,3.4630000e-02,-3.4630000e-02,187.0978000,6.230000e-02,-6.230000e-02,0.0030,0.4710,-0.0030,12.91000,2.50000,-2.50000,4.0820e+02,7.320e+01,-7.320e+01,1.26,1.400e-01,-9.000e-02,173.0,,,0.21,0.08,-0.05,7.40,1,q1_q17_dr25_tce,4988.00,149.00,-134.00,4.663,0.032,-0.063,0.6360,0.0700,-0.0450,287.145480,47.686989,15.690
9463,10471090,K08291.01,,FALSE POSITIVE,FALSE POSITIVE,0.0000,0,0,1,1,0.933760890,3.1240000e-05,-3.1240000e-05,132.4263000,3.440000e-02,-3.440000e-02,0.0350,0.4420,-0.0350,3.02700,0.61100,-0.61100,2.7300e+01,3.400e+00,-3.400e+00,0.57,1.800e-01,-7.000e-02,2064.0,,,4286.78,4106.81,-1308.99,9.70,1,q1_q17_dr25_tce,6292.00,168.00,-205.00,4.426,0.054,-0.216,1.0780,0.3530,-0.1180,292.158290,47.672710,14.388
9464,10532751,K08292.01,,FALSE POSITIVE,FALSE POSITIVE,0.1310,1,0,0,0,367.761848000,6.7470000e-03,-6.7470000e-03,194.7697000,1.070000e-02,-1.070000e-02,0.0250,0.4410,-0.0250,4.89100,0.39200,-0.39200,4.2800e+02,4.960e+01,-4.960e+01,20.06,5.200e-01,-4.170e+00,623.0,,,35.55,3.67,-17.79,9.80,1,q1_q17_dr25_tce,5348.00,63.00,-295.00,2.897,0.045,-0.014,9.8880,0.2570,-2.0580,290.871550,47.753368,10.736
9465,10585887,K08293.01,,FALSE POSITIVE,FALSE POSITIVE,0.1900,1,0,0,0,378.654840000,2.2760000e-02,-2.2760000e-02,288.2584000,3.410000e-02,-3.410000e-02,0.2430,0.2190,-0.2430,11.30000,2.60000,-2.60000,2.4780e+02,7.790e+01,-7.790e+01,1.53,4.900e-01,-1.900e-01,258.0,,,1.04,0.97,-0.35,6.80,1,q1_q17_dr25_tce,6000.00,167.00,-209.00,4.463,0.070,-0.210,0.9700,0.3060,-0.1230,285.243380,47.812592,14.872
9466,12016243,K07506.01,,CANDIDATE,CANDIDATE,1.0000,0,0,0,0,11.843611900,3.1440000e-04,-3.1440000e-04,138.0037000,2.110000e-02,-2.110000e-02,0.0670,0.3930,-0.0670,6.04400,0.49000,-0.49000,1.9930e+02,2.200e+01,-2.200e+01,1.41,4.700e-01,-1.600e-01,830.0,,,111.98,111.89,-35.48,10.40,1,q1_q17_dr25_tce,6077.00,181.00,-217.00,4.471,0.056,-0.224,0.9990,0.3330,-0.1110,293.495640,50.480640,15.193
9467,12470530,K07536.01,,FALSE POSITIVE,FALSE POSITIVE,0.0000,0,1,0,0,8.207257515,5.5200000e-07,-5.5200000e-07,135.8249178,5.530000e-05,-5.530000e-05,0.5960,0.0100,-0.0420,4.23835,0.00508,-0.00508,3.9130e+05,1.790e+02,-1.790e+02,46.82,4.070e+00,-4.070e+00,650.0,,,42.10,13.80,-10.98,1748.30,1,q1_q17_dr25_tce,4859.00,144.00,-144.00,4.637,0.060,-0.035,0.6210,0.0540,-0.0540,296.246030,51.369099,15.300
9468,11463950,K07616.01,,FALSE POSITIVE,FALSE POSITIVE,0.0000,1,0,0,0,4.055124200,3.6420000e-04,-3.6420000e-04,134.6871000,7.810000e-02,-7.810000e-02,0.0080,0.4750,-0.0080,12.00000,2.40000,-2.40000,1.4870e+02,1.740e+01,-1.740e+01,3.13,5.000e-01,-7.500e-01,2013.0,,,3887.31,1566.26,-1759.39,9.30,1,q1_q17_dr25_tce,7064.00,74.00,-95.00,3.888,0.182,-0.098,2.5310,0.4050,-0.6070,295.953830,49.374859,13.397
9469,3955867,K07545.01,,FALSE POSITIVE,FALSE POSITIVE,0.0000,0,1,0,0,33.657668940,7.3650000e-05,-7.3650000e-05,178.4851800,1.500000e-03,-1.500000e-03,0.3060,0.0370,-0.0550,40.78700,0.13900,-0.13900,1.5380e+04,3.460e+01,-3.460e+01,78.44,2.168e+01,-1.000e+01,1211.0,,,508.66,370.26,-141.17,519.20,1,q1_q17_dr25_tce,4774.00,71.00,-62.00,2.759,0.128,-0.176,6.4470,1.7810,-0.8220,291.930080,39.072079,13.547
9470,7116859,K07580.01,,FALSE POSITIVE,FALSE POSITIVE,0.0000,1,0,0,1,0.566763800,1.7790000e-05,-1.7790000e-05,131.8674000,3.090000e-02,-3.090000e-02,0.1580,0.3380,-0.1580,1.73000,1.00000,-1.00000,6.4500e+01,1.160e+01,-1.160e+01,0.75,2.100e-01,-1.100e-01,2178.0,,,5335.09,4427.99,-1944.65,2.40,1,q1_q17_dr25_tce,5766.00,172.00,-189.00,4.433,0.116,-0.188,0.9400,0.2590,-0.1390,291.497250,42.618191,15.163
9471,7885494,K07854.01,,FALSE POSITIVE,FALSE POSITIVE,0.0000,0,1,1,1,1.729290140,3.8210000e-05,-3.8210000e-05,132.5562000,1.780000e-02,-1.780000e-02,0.0890,0.3710,-0.0890,3.60900,0.50400,-0.50400,8.4500e+01,9.800e+00,-9.800e+00,0.86,2.500e-01,-8.000e-02,1497.0,,,1187.75,1018.12,-335.34,9.60,1,q1_q17_dr25_tce,5910.00,176.00,-193.00,4.505,0.048,-0.192,0.9400,0.2680,-0.0890,289.945560,43.665932,15.659
9472,7897936,K07856.01,,FALSE POSITIVE,FALSE POSITIVE,0.0000,1,0,0,0,363.170770000,2.7100000e-02,-2.7100000e-02,401.1646000,3.780000e-02,-3.780000e-02,0.0080,0.4450,-0.0080,28.26000,1.50000,-1.50000,3.8460e+02,2.730e+01,-2.730e+01,9.82,8.200e-01,-4.660e+00,810.0,,,101.64,31.76,-77.65,20.90,1,q1_q17_dr25_tce,10134.00,286.00,-393.00,3.579,0.459,-0.051,4.8420,0.4050,-2.2960,294.194670,43.677078,13.603
9473,7919867,K07858.01,,FALSE POSITIVE,FALSE POSITIVE,0.0000,0,0,1,0,1.603751140,1.0790000e-05,-1.0790000e-05,132.1681600,6.160000e-03,-6.160000e-03,0.5400,0.0580,-0.4320,1.49800,0.17300,-0.17300,5.1000e+01,6.500e+00,-6.500e+00,0.82,2.400e-01,-1.900e-01,1688.0,,,1918.63,1557.53,-901.18,9.40,1,q1_q17_dr25_tce,5818.00,145.00,-159.00,4.292,0.209,-0.190,1.1160,0.3140,-0.2570,299.988130,43.663319,13.261
9474,7954278,K07859.01,,CANDIDATE,CANDIDATE,0.9990,0,0,0,0,0.306702491,7.1900000e-07,-7.1900000e-07,131.5121600,2.070000e-03,-2.070000e-03,0.1730,0.2830,-0.1730,0.90740,0.05890,-0.05890,1.3880e+02,7.700e+00,-7.700e+00,0.93,1.300e-01,-1.200e-01,2318.0,,,6868.33,3494.56,-2311.57,21.90,1,q1_q17_dr25_tce,5310.00,202.00,-184.00,4.512,0.095,-0.085,0.7860,0.1100,-0.0990,289.825990,43.725231,15.229
9475,7967517,K07860.01,,FALSE POSITIVE,FALSE POSITIVE,0.0000,0,0,1,0,0.579516759,3.6290000e-06,-3.6290000e-06,132.0025600,4.900000e-03,-4.900000e-03,0.6380,0.3420,-0.4310,1.34200,0.16800,-0.16800,2.7000e+01,3.900e+00,-3.900e+00,0.60,2.000e-01,-8.000e-02,2484.0,,,8953.61,8451.18,-3243.26,9.80,1,q1_q17_dr25_tce,6339.00,175.00,-241.00,4.387,0.087,-0.203,1.1020,0.3530,-0.1510,294.416930,43.799587,13.559
9476,11867733,K08294.01,,FALSE POSITIVE,FALSE POSITIVE,0.0000,0,1,0,0,384.356448000,3.6840000e-03,-3.6840000e-03,298.9035400,7.740000e-03,-7.740000e-03,0.8480,0.1170,-0.6440,3.87200,0.27400,-0.27400,7.1570e+02,6.380e+01,-6.380e+01,3.03,8.900e-01,-3.800e-01,255.0,,,1.00,0.86,-0.33,13.20,1,q1_q17_dr25_tce,5903.00,158.00,-193.00,4.445,0.067,-0.202,0.9940,0.2910,-0.1250,293.773620,50.124470,14.391
9477,4446859,K08246.01,,CANDIDATE,CANDIDATE,0.2280,0,0,0,0,425.649710000,2.0190000e-02,-2.0190000e-02,284.3479000,3.570000e-02,-3.570000e-02,0.3030,0.1500,-0.3030,11.07000,1.30000,-1.30000,1.7120e+02,2.780e+01,-2.780e+01,1.58,4.500e-01,-3.700e-01,281.0,,,1.48,1.27,-0.71,7.60,1,q1_q17_dr25_tce,6067.00,182.00,-182.00,4.253,0.220,-0.180,1.1950,0.3420,-0.2790,285.608220,39.579300,13.855
9478,5026023,K08252.01,,FALSE POSITIVE,FALSE POSITIVE,0.0000,0,1,0,0,1.996384230,6.1060000e-05,-6.1060000e-05,131.5598000,3.820000e-02,-3.820000e-02,0.2230,0.2250,-0.2230,2.40000,1.50000,-1.50000,2.9400e+01,3.900e+00,-3.900e+00,0.59,1.900e-01,-7.000e-02,1590.0,,,1505.17,1457.85,-469.33,6.20,1,q1_q17_dr25_tce,6249.00,174.00,-217.00,4.428,0.056,-0.224,1.0760,0.3530,-0.1180,295.602050,40.175331,14.099
9479,3529290,K03340.02,,CANDIDATE,CANDIDATE,0.9990,0,0,0,0,13.728137300,1.4630000e-04,-1.4630000e-04,143.5521800,7.010000e-03,-7.010000e-03,0.7480,0.0250,-0.5320,5.30400,0.23100,-0.23100,1.0660e+02,7.500e+00,-7.500e+00,1.06,2.800e-01,-1.300e-01,800.0,,,97.06,77.13,-31.21,15.40,1,q1_q17_dr25_tce,6168.00,166.00,-185.00,4.452,0.081,-0.189,0.9470,0.2560,-0.1180,286.510190,38.618309,13.776
9480,7503885,K03417.01,Kepler-1494 b,CONFIRMED,CANDIDATE,1.0000,0,0,0,0,91.078624000,1.4060000e-03,-1.4060000e-03,213.7723000,1.330000e-02,-1.330000e-02,0.9010,0.0450,-0.6320,10.30400,0.28800,-0.28800,7.3860e+02,3.870e+01,-3.870e+01,3.26,1.030e+00,-4.400e-01,415.0,,,7.02,6.73,-2.47,20.80,1,q1_q17_dr25_tce,5915.00,184.00,-205.00,4.437,0.072,-0.203,1.0080,0.3190,-0.1370,282.657410,43.162521,15.214
9481,9656397,K03543.01,,FALSE POSITIVE,FALSE POSITIVE,0.0000,0,1,0,0,204.741047580,6.0670000e-05,-6.0670000e-05,202.8713140,2.210000e-04,-2.210000e-04,0.5960,0.0050,-0.0090,20.53570,0.01320,-0.01320,3.3380e+05,1.930e+02,-1.930e+02,97.39,2.969e+01,-1.981e+01,404.0,,,6.30,5.49,-2.80,2000.20,1,q1_q17_dr25_tce,6517.00,155.00,-214.00,4.211,0.153,-0.187,1.4400,0.4390,-0.2930,294.709260,46.384720,13.841
9482,9715925,K03599.01,,FALSE POSITIVE,FALSE POSITIVE,0.0000,0,1,0,0,6.308285380,1.2950000e-06,-1.2950000e-06,134.3799450,1.860000e-04,-1.860000e-04,0.6900,0.0150,-0.0130,2.48633,0.00712,-0.00712,1.1353e+05,3.560e+02,-3.560e+02,29.34,3.230e+00,-3.240e+00,803.0,,,98.21,42.48,-30.71,559.20,1,q1_q17_dr25_tce,5069.00,194.00,-176.00,4.524,0.080,-0.064,0.7800,0.0860,-0.0860,294.164460,46.423988,16.515
9483,9110346,K03607.01,,FALSE POSITIVE,FALSE POSITIVE,0.0000,0,1,0,0,0.895276162,9.4000000e-08,-9.4000000e-08,131.6225645,8.870000e-05,-8.870000e-05,0.6180,0.0540,-0.0280,3.05180,0.00475,-0.00475,3.1908e+05,4.080e+02,-4.080e+02,172.25,8.147e+01,-1.222e+02,2731.0,,,13121.22,19727.29,-12141.68,932.10,1,q1_q17_dr25_tce,5242.00,191.00,-159.00,3.631,0.923,-0.308,2.5500,1.2060,-1.8090,298.341920,45.407669,16.397
9484,9873004,K07970.01,,CANDIDATE,CANDIDATE,0.9590,0,0,0,0,1.985146350,1.1900000e-05,-1.1900000e-05,132.0268200,4.790000e-03,-4.790000e-03,0.1260,0.3260,-0.1260,1.62500,0.15400,-0.15400,2.3340e+02,2.520e+01,-2.520e+01,1.28,2.800e-01,-1.100e-01,1299.0,,,675.28,446.07,-178.35,11.00,1,q1_q17_dr25_tce,5581.00,149.00,-166.00,4.559,0.036,-0.153,0.8450,0.1880,-0.0750,282.030580,46.750809,15.988
9485,9899256,K07972.01,,FALSE POSITIVE,FALSE POSITIVE,0.0000,0,0,1,1,1.332540240,1.7760000e-05,-1.7760000e-05,132.0784000,1.240000e-02,-1.240000e-02,0.8150,0.1670,-0.5760,3.16000,0.26100,-0.26100,3.5800e+01,3.600e+00,-3.600e+00,0.59,1.700e-01,-6.000e-02,1658.0,,,1777.13,1525.24,-494.89,12.10,1,q1_q17_dr25_tce,6071.00,165.00,-183.00,4.511,0.052,-0.208,0.8870,0.2590,-0.0860,295.176730,46.721409,14.282
9486,9899345,K07973.01,,FALSE POSITIVE,FALSE POSITIVE,0.0000,0,1,1,0,1.331992850,,,132.6475215,,,,,,4.33000,,,,,,,,,,,,,,,,1,q1_q17_dr25_tce,,,,,,,,,,295.207980,46.786221,15.024
9487,9899621,K07974.01,,FALSE POSITIVE,FALSE POSITIVE,0.0000,0,0,1,1,1.332554920,2.0950000e-05,-2.0950000e-05,132.0480000,1.360000e-02,-1.360000e-02,0.4620,0.0070,-0.4620,3.63000,0.39000,-0.39000,6.6600e+01,7.900e+00,-7.900e+00,0.92,2.800e-01,-1.100e-01,1850.0,,,2765.99,2574.79,-898.42,10.10,1,q1_q17_dr25_tce,6310.00,174.00,-239.00,4.417,0.067,-0.202,1.0950,0.3460,-0.1230,295.299870,46.739471,15.270
9488,9899623,K07975.01,,FALSE POSITIVE,FALSE POSITIVE,0.0000,0,1,1,1,1.332590950,2.9090000e-05,-2.9090000e-05,132.0329000,2.080000e-02,-2.080000e-02,0.7110,0.2690,-0.4750,4.94700,0.36400,-0.36400,1.0550e+02,9.600e+00,-9.600e+00,1.14,3.600e-01,-1.400e-01,1776.0,,,2349.35,2224.64,-832.34,13.60,1,q1_q17_dr25_tce,6184.00,193.00,-257.00,4.448,0.052,-0.208,1.0380,0.3240,-0.1300,295.300230,46.797009,15.980
9489,9906688,K07976.01,,CANDIDATE,CANDIDATE,0.9750,0,0,0,0,5.825617010,8.7150000e-05,-8.7150000e-05,136.0369000,1.170000e-02,-1.170000e-02,0.6350,0.2200,-0.4340,3.24600,0.33500,-0.33500,1.4280e+02,1.880e+01,-1.880e+01,1.21,3.600e-01,-1.500e-01,1037.0,,,273.08,242.16,-90.75,9.20,1,q1_q17_dr25_tce,5999.00,180.00,-198.00,4.459,0.067,-0.202,0.9670,0.2850,-0.1220,297.580230,46.719952,15.449
9490,2010152,K08084.01,,FALSE POSITIVE,FALSE POSITIVE,0.0580,1,0,0,0,317.745270000,1.7090000e-02,-1.7090000e-02,205.9582000,3.380000e-02,-3.380000e-02,0.7870,0.1600,-0.5360,17.54000,1.40000,-1.40000,2.0660e+02,1.410e+01,-1.410e+01,2.10,6.900e-01,-8.300e-01,336.0,,,3.03,2.95,-2.04,13.60,1,q1_q17_dr25_tce,6050.00,181.00,-163.00,4.080,0.455,-0.195,1.3330,0.4330,-0.5290,290.378810,37.481419,13.385
9491,2284957,K08085.01,,CANDIDATE,CANDIDATE,0.4160,0,0,0,0,419.261500000,2.9310000e-02,-2.9310000e-02,187.5475000,5.810000e-02,-5.810000e-02,0.5000,0.4470,-0.2960,21.53000,2.60000,-2.60000,2.8780e+02,4.180e+01,-4.180e+01,1.70,4.600e-01,-3.100e-01,256.0,,,1.02,0.82,-0.41,10.10,1,q1_q17_dr25_tce,5979.00,161.00,-179.00,4.379,0.170,-0.187,0.9750,0.2660,-0.1770,286.619170,37.626240,14.547
9492,2712825,K08086.01,,FALSE POSITIVE,FALSE POSITIVE,0.3160,1,0,0,0,18.384953000,8.8060000e-03,-8.8060000e-03,133.3900000,5.690000e-01,-5.690000e-01,0.0120,0.4600,-0.0120,5.92000,2.00000,-2.00000,9.2900e+01,1.840e+01,-1.840e+01,1.36,2.300e-01,-2.400e-01,872.0,,,136.82,60.06,-47.29,6.00,1,q1_q17_dr25_tce,6335.00,76.00,-76.00,4.214,0.137,-0.125,1.4010,0.2400,-0.2400,291.388120,37.990219,11.871
9493,3443582,K08087.01,,FALSE POSITIVE,FALSE POSITIVE,0.0000,0,1,0,0,1.085965104,5.9400000e-07,-5.9400000e-07,132.0066110,4.150000e-04,-4.150000e-04,0.9160,0.0030,-0.0020,10.71600,0.26700,-0.26700,1.0579e+04,5.340e+01,-5.340e+01,29.66,0.000e+00,0.000e+00,6297.0,,,371873.86,0.00,0.00,675.90,1,q1_q17_dr25_tce,15896.00,0.00,0.00,4.152,0.000,0.000,2.4040,0.0000,0.0000,291.422490,38.535229,15.799
9494,3533483,K08088.01,,FALSE POSITIVE,FALSE POSITIVE,0.0000,1,0,0,0,308.185801000,4.7090000e-03,-4.7090000e-03,306.2132000,1.560000e-02,-1.560000e-02,0.0230,0.4280,-0.0230,3.68900,0.29400,-0.29400,7.0870e+02,8.630e+01,-8.630e+01,2.12,4.400e-01,-1.800e-01,230.0,,,0.66,0.44,-0.18,9.50,1,q1_q17_dr25_tce,5380.00,187.00,-187.00,4.581,0.025,-0.144,0.8130,0.1690,-0.0680,288.109040,38.652012,14.664
9495,3663850,K08089.01,,CANDIDATE,CANDIDATE,0.3560,0,0,0,0,141.400279000,1.5430000e-03,-1.5430000e-03,208.2201400,7.660000e-03,-7.660000e-03,0.4010,0.0620,-0.4010,3.03100,0.23600,-0.23600,7.9010e+02,6.870e+01,-6.870e+01,41.55,1.240e+00,-3.300e+00,945.0,,,188.78,26.10,-38.22,12.90,1,q1_q17_dr25_tce,4936.00,88.00,-74.00,2.609,0.033,-0.027,14.9070,0.4450,-1.1860,295.802030,38.797932,12.783
9496,9771576,K08185.01,,FALSE POSITIVE,FALSE POSITIVE,0.0010,1,0,0,0,398.716940000,2.6090000e-02,-2.6090000e-02,481.1929000,3.670000e-02,-3.670000e-02,1.2190,6.7400,-0.2050,21.60000,2.60000,-2.60000,8.9390e+02,8.690e+01,-8.690e+01,21.25,3.360e+00,-1.820e+00,205.0,,,0.42,0.21,-0.11,13.70,1,q1_q17_dr25_tce,5303.00,159.00,-143.00,4.594,0.035,-0.105,0.7710,0.1220,-0.0660,292.262600,46.571239,14.966
9497,9827094,K08186.01,,FALSE POSITIVE,FALSE POSITIVE,0.0000,1,0,1,0,241.859100000,1.2050000e-01,-1.2050000e-01,248.7902000,9.260000e-02,-9.260000e-02,0.3130,0.1650,-0.3130,12.77000,1.30000,-1.30000,6.5900e+02,1.500e+02,-1.500e+02,2.81,8.200e-01,-6.700e-01,315.0,,,2.34,2.00,-1.13,9.70,7,q1_q17_dr25_tce,5790.00,155.00,-155.00,4.283,0.242,-0.198,1.0880,0.3180,-0.2600,290.155760,46.631199,13.243
9498,9837720,K08187.01,,FALSE POSITIVE,FALSE POSITIVE,0.0000,1,0,0,0,353.040370000,1.3210000e-02,-1.3210000e-02,258.7443000,2.990000e-02,-2.990000e-02,0.4310,0.0490,-0.4170,14.10200,0.91100,-0.91100,2.3960e+02,2.470e+01,-2.470e+01,1.04,1.200e-01,-9.000e-02,196.0,,,0.35,0.15,-0.10,11.20,2,q1_q17_dr25_tce,5061.00,176.00,-176.00,4.635,0.040,-0.060,0.6680,0.0810,-0.0540,294.542760,46.669083,13.859
9499,9873604,K08188.01,,FALSE POSITIVE,FALSE POSITIVE,0.0000,1,0,0,0,522.338880000,2.7520000e-02,-2.7520000e-02,344.6934000,3.890000e-02,-3.890000e-02,0.0390,0.4320,-0.0390,13.53000,1.30000,-1.30000,4.2370e+02,4.110e+01,-4.110e+01,5.65,2.180e+00,-4.060e+00,327.0,,,2.69,3.07,-2.50,12.00,1,q1_q17_dr25_tce,5103.00,139.00,-123.00,3.606,0.900,-0.300,2.8160,1.0900,-2.0250,282.477630,46.754169,13.902
9500,9874581,K08189.01,,FALSE POSITIVE,FALSE POSITIVE,0.0000,1,0,0,0,473.563140000,1.8330000e-02,-1.8330000e-02,222.9281000,2.440000e-02,-2.440000e-02,0.1580,0.2950,-0.1580,5.08700,0.54100,-0.54100,3.2740e+02,4.510e+01,-4.510e+01,5.39,7.900e-01,-1.860e+00,449.0,,,9.65,4.48,-6.07,8.70,1,q1_q17_dr25_tce,7056.00,190.00,-254.00,3.722,0.296,-0.074,2.9370,0.4340,-1.0120,283.136170,46.788219,13.065
9501,12117215,K08296.01,,FALSE POSITIVE,FALSE POSITIVE,0.1160,1,0,0,0,272.542880870,,,349.7527344,,,0.2870,,,3.02460,,,8.0720e+02,,,2.35,6.100e-01,-2.000e-01,255.0,,,1.00,0.76,-0.25,5.70,1,q1_q17_dr25_tce,5677.00,152.00,-152.00,4.563,0.044,-0.176,0.8280,0.2160,-0.0720,294.927950,50.662369,15.111
9502,12168280,K08297.01,,FALSE POSITIVE,FALSE POSITIVE,0.1410,1,0,0,0,229.957537000,6.7280000e-03,-6.7280000e-03,326.0184000,1.510000e-02,-1.510000e-02,1.1750,74.3100,-4.2030,7.59000,1.00000,-1.00000,4.0000e+02,4.920e+01,-4.920e+01,43.78,7.770e+00,-1.066e+01,444.0,,,9.22,4.18,-4.21,10.20,1,q1_q17_dr25_tce,6419.00,77.00,-83.00,3.978,0.195,-0.120,2.0570,0.3650,-0.5010,295.977940,50.771481,10.505
9503,2438406,K04941.01,,FALSE POSITIVE,FALSE POSITIVE,0.0000,1,0,0,0,262.711620000,2.1640000e-02,-2.1640000e-02,134.3692000,9.030000e-02,-9.030000e-02,0.0190,0.4370,-0.0190,7.72000,1.40000,-1.40000,1.4490e+03,2.640e+02,-2.640e+02,3.69,1.050e+00,-6.100e-01,272.0,,,1.29,1.14,-0.50,7.00,1,q1_q17_dr25_tce,5398.00,187.00,-168.00,4.375,0.171,-0.209,0.9900,0.2810,-0.1640,290.315120,37.742451,16.546
9504,6869373,K05331.01,,CANDIDATE,CANDIDATE,0.8840,0,0,0,0,31.503458700,5.1750000e-04,-5.1750000e-04,159.9712000,1.210000e-02,-1.210000e-02,0.0530,0.4190,-0.0530,3.31500,0.47500,-0.47500,2.1060e+02,2.960e+01,-2.960e+01,1.17,1.100e-01,-5.000e-02,484.0,,,13.02,3.68,-1.79,8.60,1,q1_q17_dr25_tce,5269.00,84.00,-84.00,4.567,0.017,-0.088,0.8230,0.0800,-0.0340,293.667720,42.320541,15.164
9505,11812199,K06090.01,,FALSE POSITIVE,FALSE POSITIVE,0.0000,0,1,1,0,37.320309540,4.4820000e-05,-4.4820000e-05,135.4269460,9.830000e-04,-9.830000e-04,1.2820,0.6510,-0.2180,6.96160,0.05060,-0.05060,4.3250e+03,3.170e+01,-3.170e+01,36.96,1.168e+01,-3.890e+00,538.0,,,19.77,18.43,-5.83,171.30,1,q1_q17_dr25_tce,5910.00,164.00,-184.00,4.505,0.052,-0.221,0.9400,0.2970,-0.0990,290.871250,50.052601,14.277
9506,9141746,K00929.02,,CANDIDATE,CANDIDATE,0.9940,0,0,0,0,2.851883380,4.3230000e-05,-4.3230000e-05,132.1455000,1.330000e-02,-1.330000e-02,0.5780,0.3830,-0.3630,2.66600,0.41500,-0.41500,1.1490e+02,1.410e+01,-1.410e+01,1.23,4.200e-01,-1.700e-01,1398.0,,,903.77,930.12,-337.88,10.10,2,q1_q17_dr25_tce,6123.00,193.00,-265.00,4.413,0.072,-0.217,1.1070,0.3750,-0.1500,285.554810,45.578861,15.649
9507,8226050,K01910.02,,CANDIDATE,CANDIDATE,0.9490,0,0,0,0,18.384833100,2.6220000e-04,-2.6220000e-04,135.4745000,1.480000e-02,-1.480000e-02,0.7110,0.2530,-0.5130,3.54500,0.38500,-0.38500,1.5180e+02,1.690e+01,-1.690e+01,1.15,6.000e-02,-9.000e-02,587.0,,,27.99,4.82,-5.81,10.30,2,q1_q17_dr25_tce,5083.00,83.00,-76.00,4.468,0.088,-0.033,0.8720,0.0420,-0.0720,289.192630,44.149319,14.685
9508,4770617,K02243.03,,CANDIDATE,CANDIDATE,0.9720,0,0,0,0,31.445270900,1.6980000e-04,-1.6980000e-04,154.5813600,5.130000e-03,-5.130000e-03,0.9700,0.0060,-0.7250,1.75800,0.10800,-0.10800,5.3110e+02,4.810e+01,-4.810e+01,4.55,9.300e-01,-7.700e-01,721.0,,,63.78,33.30,-22.03,12.70,3,q1_q17_dr25_tce,6172.00,74.00,-86.00,4.198,0.130,-0.130,1.4710,0.3010,-0.2470,297.477110,39.877239,14.806
9509,8613535,K02263.03,,CANDIDATE,CANDIDATE,0.5520,0,0,0,0,15.594375800,2.8460000e-04,-2.8460000e-04,140.3138000,1.440000e-02,-1.440000e-02,0.5000,0.4530,-0.2970,7.36700,0.55200,-0.55200,9.5400e+01,9.000e+00,-9.000e+00,1.08,3.400e-01,-1.100e-01,801.0,,,97.35,89.49,-29.51,11.90,4,q1_q17_dr25_tce,6249.00,174.00,-217.00,4.428,0.054,-0.202,1.0760,0.3350,-0.1120,286.971280,44.708302,14.456
9510,7021681,K00255.03,,FALSE POSITIVE,FALSE POSITIVE,0.1220,1,0,1,0,7.733336100,8.8310000e-05,-8.8310000e-05,133.5898100,8.520000e-03,-8.520000e-03,0.0840,0.3680,-0.0840,2.80700,0.28300,-0.28300,1.2690e+02,1.560e+01,-1.560e+01,0.57,4.000e-02,-5.000e-02,479.0,,,12.41,2.99,-2.88,9.30,3,q1_q17_dr25_tce,3780.00,76.00,-83.00,4.746,0.042,-0.031,0.5110,0.0360,-0.0430,287.858120,42.542629,15.108
9511,8126531,K07868.01,,FALSE POSITIVE,FALSE POSITIVE,0.1280,1,0,0,0,513.427840000,1.7990000e-02,-1.7990000e-02,174.3904000,2.040000e-02,-2.040000e-02,0.7140,0.2290,-0.5200,6.27800,0.83600,-0.83600,5.2320e+02,5.650e+01,-5.650e+01,14.87,2.430e+00,-4.530e+00,424.0,,,7.67,3.16,-4.26,11.50,1,q1_q17_dr25_tce,4833.00,50.00,-101.00,3.130,0.180,-0.105,6.0650,0.9950,-1.8480,300.161590,43.992931,13.175
9512,8182107,K07870.01,,CANDIDATE,CANDIDATE,0.9820,0,0,0,0,92.552007000,1.3100000e-03,-1.3100000e-03,221.5872000,1.030000e-02,-1.030000e-02,0.5130,0.0030,-0.4840,2.13500,0.42400,-0.42400,2.8260e+02,4.900e+01,-4.900e+01,2.10,6.000e-01,-4.000e-01,440.0,,,8.87,7.40,-3.78,7.30,1,q1_q17_dr25_tce,5808.00,156.00,-191.00,4.306,0.136,-0.187,1.2200,0.3470,-0.2320,297.067200,44.067600,14.452
9513,8210370,K07872.01,,FALSE POSITIVE,FALSE POSITIVE,0.0000,0,1,0,0,153.725848000,1.7310000e-03,-1.7310000e-03,284.0725800,8.000000e-03,-8.000000e-03,1.2550,6.9340,-4.6520,117.52000,2.00000,-2.00000,5.2577e+03,4.760e+01,-4.760e+01,259.36,6.986e+01,-4.076e+01,734.0,,,68.48,49.12,-22.10,302.30,1,q1_q17_dr25_tce,4794.00,77.00,-57.00,2.781,0.135,-0.135,6.8160,1.8360,-1.0710,280.772130,44.188740,11.167
9514,8242769,K07875.01,,CANDIDATE,CANDIDATE,0.8260,0,0,0,0,21.971157400,6.0410000e-04,-6.0410000e-04,137.6914000,2.140000e-02,-2.140000e-02,0.1190,0.3280,-0.1180,5.01200,0.80500,-0.80500,1.7810e+02,2.590e+01,-2.590e+01,1.32,3.900e-01,-1.700e-01,649.0,,,41.86,37.75,-14.55,7.80,2,q1_q17_dr25_tce,5763.00,182.00,-222.00,4.436,0.084,-0.196,0.9970,0.2950,-0.1260,295.066310,44.162449,15.570
9515,8429014,K07885.01,,FALSE POSITIVE,FALSE POSITIVE,0.0010,0,0,1,0,9.728696270,9.1360000e-05,-9.1360000e-05,140.7157100,8.360000e-03,-8.360000e-03,1.2740,37.8500,-0.4030,5.62800,0.41000,-0.41000,2.5220e+02,1.600e+01,-1.600e+01,42.47,1.572e+01,-5.250e+00,1126.0,,,379.75,405.32,-130.48,19.10,1,q1_q17_dr25_tce,6881.00,168.00,-265.00,4.301,0.072,-0.217,1.3510,0.5000,-0.1670,291.173800,44.449799,13.542
9516,9159288,K08280.01,,CANDIDATE,CANDIDATE,0.7750,0,0,0,0,66.673050000,1.2440000e-02,-1.2440000e-02,161.5900000,1.760000e-01,-1.760000e-01,0.4150,0.0490,-0.4150,6.38100,0.80400,-0.80400,4.7210e+02,4.910e+01,-4.910e+01,2.64,9.000e-01,-3.000e-01,542.0,,,20.35,19.92,-6.70,9.60,1,q1_q17_dr25_tce,6592.00,163.00,-256.00,4.369,0.072,-0.217,1.1900,0.4040,-0.1350,293.689790,45.549332,14.634
9517,11923074,K08295.01,,FALSE POSITIVE,FALSE POSITIVE,0.0000,0,0,0,1,1.756470840,1.4860000e-05,-1.4860000e-05,132.0275700,8.020000e-03,-8.020000e-03,0.0230,0.4420,-0.0230,2.53800,0.26500,-0.26500,6.9500e+01,7.600e+00,-7.600e+00,0.69,1.900e-01,-6.000e-02,1405.0,,,924.14,740.64,-231.04,10.90,1,q1_q17_dr25_tce,5813.00,157.00,-157.00,4.561,0.033,-0.176,0.8330,0.2270,-0.0710,296.140720,50.279949,14.723
9518,6675060,K03611.01,,FALSE POSITIVE,FALSE POSITIVE,0.0000,0,1,0,0,10.443341795,3.1260000e-06,-3.1260000e-06,133.6290300,3.330000e-04,-3.330000e-04,0.7070,0.0180,-0.0180,3.94077,0.00853,-0.00853,1.4529e+05,3.050e+02,-3.050e+02,44.35,1.302e+01,-6.000e+00,892.0,,,149.21,133.20,-53.78,842.10,1,q1_q17_dr25_tce,6137.00,192.00,-235.00,4.421,0.087,-0.203,1.0050,0.2950,-0.1360,286.244900,42.146431,16.510
9519,9775253,K03621.01,,FALSE POSITIVE,FALSE POSITIVE,0.0000,0,1,0,0,4.394517980,2.0850000e-05,-2.0850000e-05,133.6209400,3.890000e-03,-3.890000e-03,1.5660,1.1190,-0.5960,2.95270,0.03520,-0.03520,2.2362e+05,1.255e+03,-1.255e+03,65.76,7.620e+00,-1.416e+01,554.0,,,22.27,9.05,-10.68,249.50,1,q1_q17_dr25_tce,3695.00,114.00,-152.00,4.773,0.105,-0.053,0.4830,0.0560,-0.1040,293.797390,46.561790,16.705
9520,7732791,K03623.01,,FALSE POSITIVE,FALSE POSITIVE,0.0000,0,1,0,0,1.032068851,6.2400000e-07,-6.2400000e-07,131.8383000,5.350000e-04,-5.350000e-04,1.0140,10.7900,-0.1920,2.13440,0.02990,-0.02990,1.2199e+05,1.055e+03,-1.055e+03,44.35,1.560e+00,-3.680e+00,1221.0,,,523.01,107.99,-138.52,140.00,1,q1_q17_dr25_tce,4387.00,132.00,-145.00,4.587,0.049,-0.017,0.7110,0.0250,-0.0590,282.553380,43.417358,16.177
9521,12643582,K03626.01,,FALSE POSITIVE,FALSE POSITIVE,0.0000,0,1,0,0,44.145797770,1.7750000e-05,-1.7750000e-05,167.3920370,4.360000e-04,-4.360000e-04,0.8640,0.1030,-0.1820,4.08800,0.01330,-0.01330,2.2423e+05,5.440e+02,-5.440e+02,62.24,1.771e+01,-7.570e+00,504.0,,,15.25,13.05,-4.96,434.90,1,q1_q17_dr25_tce,5876.00,175.00,-193.00,4.492,0.065,-0.195,0.8960,0.2550,-0.1090,288.318760,51.725361,16.442
9522,6200709,K03694.01,,FALSE POSITIVE,FALSE POSITIVE,0.0240,0,1,0,0,3.723552982,5.9730000e-06,-5.9730000e-06,134.9461300,1.820000e-03,-1.820000e-03,0.6290,0.0280,-0.0380,3.56320,0.05490,-0.05490,4.0143e+04,3.730e+02,-3.730e+02,18.83,5.480e+00,-2.200e+00,1176.0,,,452.71,402.04,-146.68,145.70,1,q1_q17_dr25_tce,6063.00,192.00,-213.00,4.510,0.052,-0.208,0.8900,0.2590,-0.1040,290.416690,41.525780,16.720
9523,9912977,K07977.01,,FALSE POSITIVE,FALSE POSITIVE,0.0000,0,1,0,0,0.943937200,2.8000000e-08,-2.8000000e-08,131.8207372,2.280000e-05,-2.280000e-05,0.6810,0.0030,-0.0040,7.27446,0.00258,-0.00258,2.7944e+05,5.850e+01,-5.850e+01,88.91,2.482e+01,-3.035e+01,2273.0,,,6347.81,5465.82,-3937.46,6351.70,1,q1_q17_dr25_tce,5959.00,195.00,-195.00,4.126,0.338,-0.182,1.3650,0.3810,-0.4660,299.426850,46.700150,13.726
9524,9938836,K07978.01,,CANDIDATE,CANDIDATE,0.8430,0,0,0,0,7.268181700,1.6350000e-04,-1.6350000e-04,135.9348000,2.350000e-02,-2.350000e-02,0.7800,0.2000,-0.5550,4.98500,0.50300,-0.50300,4.6700e+01,5.400e+00,-5.400e+00,1.66,4.000e-01,-7.400e-01,1444.0,,,1027.95,765.47,-761.00,9.70,1,q1_q17_dr25_tce,6297.00,198.00,-242.00,3.890,0.405,-0.135,2.2190,0.5360,-0.9960,285.307680,46.829803,13.729
9525,9941425,K07979.01,,FALSE POSITIVE,FALSE POSITIVE,0.0000,0,0,1,0,1.075158342,8.6190000e-06,-8.6190000e-06,131.7092000,6.550000e-03,-6.550000e-03,0.1570,0.3030,-0.1570,1.29500,0.42900,-0.42900,3.0200e+01,5.800e+00,-5.800e+00,20.09,2.650e+00,-4.160e+00,6988.0,,,565413.02,225128.97,-245918.84,8.00,1,q1_q17_dr25_tce,4067.00,90.00,-107.00,1.541,0.030,-0.030,38.4460,5.0670,-7.9630,286.837890,46.830837,12.032
9526,9959368,K07980.01,,FALSE POSITIVE,FALSE POSITIVE,0.0000,0,0,1,1,1.332558010,2.3840000e-05,-2.3840000e-05,132.0631000,1.430000e-02,-1.430000e-02,0.3970,0.0750,-0.3970,4.74000,0.54600,-0.54600,4.8700e+01,9.400e+00,-9.400e+00,0.62,1.000e-01,-8.000e-02,1443.0,,,1025.10,573.49,-334.27,8.70,1,q1_q17_dr25_tce,5161.00,170.00,-154.00,4.452,0.117,-0.156,0.8920,0.1520,-0.1140,295.153320,46.828011,15.305
9527,10011213,K07982.01,,CANDIDATE,CANDIDATE,0.1890,0,0,0,0,376.379890000,4.6800000e-02,-4.6800000e-02,486.6022000,7.110000e-02,-7.110000e-02,0.3050,0.2080,-0.3050,13.99000,2.20000,-2.20000,1.1400e+03,1.060e+02,-1.060e+02,3.26,1.000e+00,-3.300e-01,265.0,,,1.16,1.07,-0.35,13.30,1,q1_q17_dr25_tce,6231.00,188.00,-225.00,4.488,0.054,-0.216,0.9550,0.2910,-0.0970,291.604550,46.973289,15.632
9528,10014875,K07983.01,,FALSE POSITIVE,FALSE POSITIVE,0.0300,1,0,0,0,453.648750000,6.7250000e-02,-6.7250000e-02,296.6153000,8.590000e-02,-8.590000e-02,0.5190,0.4480,-0.3050,18.34000,3.20000,-3.20000,5.2340e+02,5.460e+01,-5.460e+01,2.18,6.500e-01,-2.200e-01,239.0,,,0.77,0.69,-0.22,9.00,1,q1_q17_dr25_tce,6060.00,181.00,-199.00,4.509,0.050,-0.200,0.9250,0.2770,-0.0920,293.193420,46.916550,15.677
9529,3954211,K08090.01,,FALSE POSITIVE,FALSE POSITIVE,0.0000,0,0,1,1,0.594274521,4.2100000e-07,-4.2100000e-07,131.8395080,5.980000e-04,-5.980000e-04,0.8330,0.0600,-0.5180,2.16200,0.14000,-0.14000,4.6915e+03,6.900e+01,-6.900e+01,8.70,2.590e+00,-8.600e-01,2436.0,,,8367.99,7342.71,-2552.62,83.90,1,q1_q17_dr25_tce,6321.00,174.00,-239.00,4.417,0.060,-0.192,1.1250,0.3350,-0.1120,291.490510,39.048660,15.676
9530,4056579,K08091.01,,FALSE POSITIVE,FALSE POSITIVE,0.1980,1,0,0,0,239.179477000,3.2260000e-03,-3.2260000e-03,188.4709200,8.640000e-03,-8.640000e-03,0.1650,0.2900,-0.1640,2.93000,0.39900,-0.39900,7.5090e+02,7.290e+01,-7.290e+01,18.27,8.600e-01,-4.870e+00,583.0,,,27.38,4.44,-14.45,12.10,1,q1_q17_dr25_tce,4915.00,72.00,-157.00,3.063,0.030,-0.030,6.8770,0.3240,-1.8340,291.406190,39.184292,13.265
9531,4276445,K08092.01,,FALSE POSITIVE,FALSE POSITIVE,0.0500,1,0,0,0,405.653770000,2.4180000e-02,-2.4180000e-02,266.3288000,5.160000e-02,-5.160000e-02,0.1020,0.3770,-0.1020,11.02000,3.20000,-3.20000,5.2100e+02,1.740e+02,-1.740e+02,2.03,5.600e-01,-1.900e-01,246.0,,,0.87,0.71,-0.25,7.70,1,q1_q17_dr25_tce,6102.00,183.00,-201.00,4.528,0.050,-0.200,0.8870,0.2420,-0.0860,294.931730,39.361820,15.240
9532,4371172,K08093.01,,FALSE POSITIVE,FALSE POSITIVE,0.0000,0,1,1,0,73.992267000,1.9370000e-03,-1.9370000e-03,143.4283000,2.020000e-02,-2.020000e-02,0.4460,0.5390,-0.2470,5.69200,0.79500,-0.79500,2.2560e+02,4.450e+01,-4.450e+01,2.86,1.380e+00,-1.680e+00,546.0,,,20.98,33.30,-17.85,7.90,1,q1_q17_dr25_tce,5271.00,222.00,-167.00,3.878,0.665,-0.285,1.8950,0.9120,-1.1140,293.221860,39.430443,13.791
9533,4557341,K08094.01,,FALSE POSITIVE,FALSE POSITIVE,0.0050,1,0,1,0,361.901618000,8.8980000e-03,-8.8980000e-03,405.3021000,2.000000e-02,-2.000000e-02,0.0930,0.3580,-0.0930,4.98400,0.82800,-0.82800,1.8410e+02,2.650e+01,-2.650e+01,0.95,1.100e-01,-8.000e-02,198.0,,,0.37,0.14,-0.09,8.50,1,q1_q17_dr25_tce,5053.00,136.00,-136.00,4.603,0.040,-0.060,0.7170,0.0860,-0.0580,290.378910,39.694000,12.673
9534,10028127,K08193.01,,CANDIDATE,CANDIDATE,0.5190,0,0,0,0,367.947848000,4.7870000e-03,-4.7870000e-03,416.2099800,9.720000e-03,-9.720000e-03,0.9020,0.0620,-0.6380,4.24900,0.31800,-0.31800,1.3010e+03,1.420e+02,-1.420e+02,3.72,9.000e-01,-3.000e-01,228.0,,,0.64,0.45,-0.16,10.70,1,q1_q17_dr25_tce,5570.00,150.00,-166.00,4.561,0.030,-0.170,0.8550,0.2070,-0.0690,297.733980,46.961529,15.719
9535,10079317,K08194.01,,FALSE POSITIVE,FALSE POSITIVE,0.0240,1,0,0,0,236.257768880,,,153.9570927,,,0.0850,,,3.35490,,,1.6840e+02,,,2.69,5.500e-01,-8.300e-01,460.0,,,10.61,6.41,-6.11,5.30,1,q1_q17_dr25_tce,6645.00,167.00,-200.00,3.952,0.266,-0.114,2.0540,0.4210,-0.6320,293.505340,47.018719,12.885
9536,10079481,K08195.01,,FALSE POSITIVE,FALSE POSITIVE,0.0000,1,0,0,0,330.808790000,2.3790000e-02,-2.3790000e-02,281.1568000,2.440000e-02,-2.440000e-02,0.9200,0.0230,-0.6290,21.66900,0.35800,-0.35800,2.7480e+02,1.230e+01,-1.230e+01,2.13,4.400e-01,-3.000e-01,290.0,,,1.67,1.02,-0.58,24.40,1,q1_q17_dr25_tce,6158.00,155.00,-186.00,4.382,0.096,-0.144,1.0660,0.2220,-0.1480,293.565280,47.093620,11.976
9537,10081899,K08196.01,,FALSE POSITIVE,FALSE POSITIVE,0.0000,1,0,0,0,522.646130000,5.2850000e-02,-5.2850000e-02,190.3389000,7.630000e-02,-7.630000e-02,0.0070,0.4360,-0.0070,17.77000,2.60000,-2.60000,6.4810e+02,7.430e+01,-7.430e+01,0.80,7.000e-02,-1.000e-01,92.0,,,0.02,0.00,-0.01,10.50,1,q1_q17_dr25_tce,3439.00,41.00,-41.00,4.939,0.044,-0.036,0.3180,0.0300,-0.0370,294.464570,47.045441,15.279
9538,10199817,K08197.01,,FALSE POSITIVE,FALSE POSITIVE,0.0530,1,0,0,0,392.942470000,1.5300000e-02,-1.5300000e-02,383.6730000,3.450000e-02,-3.450000e-02,0.0100,0.4360,-0.0100,11.05500,0.84900,-0.84900,1.2030e+02,1.310e+01,-1.310e+01,1.60,3.900e-01,-5.900e-01,347.0,,,3.43,2.58,-2.24,10.00,1,q1_q17_dr25_tce,6596.00,206.00,-229.00,4.073,0.385,-0.165,1.4400,0.3530,-0.5290,288.394560,47.264351,12.152
9539,10205598,K08198.01,,FALSE POSITIVE,FALSE POSITIVE,0.0080,1,0,0,0,373.893980000,1.6610000e-02,-1.6610000e-02,261.4968000,3.490000e-02,-3.490000e-02,0.9630,0.0670,-0.6580,27.66000,2.30000,-2.30000,7.3000e+02,5.240e+01,-5.240e+01,2.51,2.700e-01,-2.400e-01,206.0,,,0.42,0.16,-0.11,18.50,3,q1_q17_dr25_tce,5263.00,157.00,-141.00,4.574,0.078,-0.052,0.6990,0.0740,-0.0660,290.935970,47.290730,14.911
9540,12885212,K02184.02,,CANDIDATE,CANDIDATE,0.6380,0,0,0,0,95.906433000,1.2580000e-03,-1.2580000e-03,226.9210000,1.070000e-02,-1.070000e-02,0.5760,0.0090,-0.4880,4.08000,0.28500,-0.28500,8.3620e+02,8.080e+01,-8.080e+01,2.17,7.000e-02,-1.200e-01,288.0,,,1.63,0.20,-0.29,11.00,2,q1_q17_dr25_tce,4620.00,73.00,-82.00,4.564,0.052,-0.014,0.7360,0.0210,-0.0430,290.175020,52.220341,15.504
9541,3645438,K04385.02,Kepler-1600 b,CONFIRMED,CANDIDATE,0.9110,0,0,0,0,386.370512000,8.2550000e-03,-8.2550000e-03,452.8740000,1.030000e-02,-1.030000e-02,0.0100,0.4410,-0.0100,11.00700,0.37500,-0.37500,1.3364e+03,9.440e+01,-9.440e+01,2.96,1.700e-01,-1.900e-01,209.0,,,0.45,0.09,-0.08,13.10,1,q1_q17_dr25_tce,5119.00,82.00,-82.00,4.508,0.060,-0.040,0.8340,0.0470,-0.0520,291.399380,38.787750,15.825
9542,8780959,K03741.04,,FALSE POSITIVE,FALSE POSITIVE,0.0000,1,0,0,0,9.631025800,1.2570000e-04,-1.2570000e-04,132.7273000,1.010000e-02,-1.010000e-02,0.9510,0.0270,-0.6500,5.25500,0.24100,-0.24100,2.9720e+02,2.510e+01,-2.510e+01,2.90,8.200e-01,-6.800e-01,1094.0,,,338.33,275.21,-164.36,12.70,3,q1_q17_dr25_tce,6432.00,155.00,-214.00,4.207,0.190,-0.171,1.3450,0.3820,-0.3130,300.332370,44.986141,13.306
9543,4548098,K04157.02,,CANDIDATE,CANDIDATE,0.9960,0,0,0,0,5.215752000,3.8540000e-03,-3.8540000e-03,133.4040000,3.930000e-01,-3.930000e-01,0.7290,0.2400,-0.5130,1.13000,5.30000,-5.30000,4.6800e+01,9.300e+00,-9.300e+00,0.83,1.500e-01,-4.000e-02,1156.0,,,422.67,207.23,-77.80,5.10,2,q1_q17_dr25_tce,6202.00,99.00,-149.00,4.422,0.026,-0.136,1.1220,0.2050,-0.0580,287.410060,39.658680,12.692
9544,7838906,K06165.02,,FALSE POSITIVE,FALSE POSITIVE,0.0010,1,0,0,0,35.426182700,7.3490000e-04,-7.3490000e-04,161.1640000,1.670000e-02,-1.670000e-02,1.0040,0.0320,-0.7300,4.39300,0.68000,-0.68000,3.1760e+02,5.220e+01,-5.220e+01,153.72,5.880e+00,-3.329e+01,2217.0,,,5712.61,1008.87,-2570.75,7.10,3,q1_q17_dr25_tce,4289.00,95.00,-116.00,1.603,0.033,-0.027,35.6950,1.3640,-7.7310,296.985630,43.581352,11.925
9545,10467815,K03191.02,,CANDIDATE,CANDIDATE,0.5980,0,0,0,0,371.175730000,2.8680000e-02,-2.8680000e-02,458.7146000,5.330000e-02,-5.330000e-02,0.7810,0.1940,-0.5640,8.20000,1.80000,-1.80000,1.3370e+02,1.400e+01,-1.400e+01,4.07,1.230e+00,-1.850e+00,610.0,,,32.64,29.26,-24.81,12.10,2,q1_q17_dr25_tce,9030.00,251.00,-466.00,3.822,0.351,-0.162,3.2180,0.9770,-1.4660,290.816040,47.682892,11.471
9546,7429287,K04260.03,,FALSE POSITIVE,FALSE POSITIVE,0.0470,1,0,0,0,358.660440000,1.0990000e-02,-1.0990000e-02,296.9516000,1.510000e-02,-1.510000e-02,0.0620,0.3810,-0.0620,16.73200,0.57900,-0.57900,1.3380e+02,9.000e+00,-9.000e+00,1.62,5.000e-02,-3.000e-02,304.0,,,2.02,0.29,-0.12,15.60,1,q1_q17_dr25_tce,5619.00,93.00,-42.00,4.070,0.013,-0.011,1.4060,0.0500,-0.0210,286.395840,43.075821,11.443
9547,7429287,K04260.04,,CANDIDATE,CANDIDATE,0.9710,0,0,0,0,84.799829000,3.3270000e-03,-3.3270000e-03,180.4426000,2.960000e-02,-2.960000e-02,0.7950,0.0010,-0.5660,15.21000,1.10000,-1.10000,5.6100e+01,4.300e+00,-4.300e+00,1.16,5.000e-02,-1.000e-02,491.0,,,13.79,2.00,-0.80,14.40,4,q1_q17_dr25_tce,5619.00,93.00,-42.00,4.070,0.013,-0.011,1.4060,0.0500,-0.0210,286.395840,43.075821,11.443
9548,11775507,K06245.03,,FALSE POSITIVE,FALSE POSITIVE,0.1740,1,0,0,0,276.323601460,,,162.1955353,,,0.7060,,,9.89640,,,8.1300e+01,,,1.21,3.500e-01,-2.300e-01,352.0,,,3.63,3.08,-1.60,4.60,4,q1_q17_dr25_tce,6528.00,183.00,-252.00,4.257,0.153,-0.170,1.2600,0.3620,-0.2410,297.517820,49.917702,12.431
9549,6768616,K06765.02,,FALSE POSITIVE,FALSE POSITIVE,0.2940,1,0,0,0,8.824955600,1.0280000e-04,-1.0280000e-04,131.7064000,1.060000e-02,-1.060000e-02,0.2100,0.2390,-0.2100,2.97600,0.30400,-0.30400,1.2110e+02,1.580e+01,-1.580e+01,1.10,3.300e-01,-1.400e-01,928.0,,,175.17,156.61,-58.59,8.60,2,q1_q17_dr25_tce,6078.00,181.00,-200.00,4.434,0.084,-0.210,0.9940,0.2960,-0.1270,289.044340,42.280022,15.154
9550,8460634,K07887.01,,FALSE POSITIVE,FALSE POSITIVE,0.0000,0,0,1,1,6.352164750,9.1350000e-05,-9.1350000e-05,134.1982000,1.160000e-02,-1.160000e-02,0.1960,0.2710,-0.1960,3.25100,0.30300,-0.30300,1.8570e+02,1.990e+01,-1.990e+01,18.10,3.460e+00,-3.830e+00,2698.0,,,12523.45,5874.42,-5370.43,10.90,1,q1_q17_dr25_tce,4820.00,43.00,-100.00,2.471,0.027,-0.033,13.6540,2.6040,-2.8930,300.783080,44.489269,11.673
9551,8488381,K07888.01,,CANDIDATE,CANDIDATE,0.5320,0,0,0,0,4.736815600,1.4700000e-04,-1.4700000e-04,131.7876000,2.560000e-02,-2.560000e-02,0.2180,0.2850,-0.2180,2.84000,1.00000,-1.00000,3.5300e+01,1.260e+01,-1.260e+01,0.60,2.000e-01,-6.000e-02,1137.0,,,395.05,377.30,-120.72,6.90,1,q1_q17_dr25_tce,6088.00,165.00,-201.00,4.456,0.056,-0.224,1.0110,0.3290,-0.1100,289.203310,44.505138,13.922
9552,8489260,K07889.01,,CANDIDATE,CANDIDATE,0.3860,0,0,0,0,130.235324000,3.0300000e-03,-3.0300000e-03,218.2719000,2.010000e-02,-2.010000e-02,0.0750,0.3870,-0.0750,5.67800,0.53400,-0.53400,7.5010e+02,9.140e+01,-9.140e+01,2.44,6.800e-01,-2.300e-01,332.0,,,2.86,2.38,-0.80,9.70,1,q1_q17_dr25_tce,5616.00,166.00,-183.00,4.529,0.036,-0.192,0.9030,0.2510,-0.0840,289.574520,44.519939,15.991
9553,8560927,K07897.01,,FALSE POSITIVE,FALSE POSITIVE,0.0000,0,0,0,1,31.971448800,9.3580000e-04,-9.3580000e-04,133.8889000,3.610000e-02,-3.610000e-02,0.3400,0.1140,-0.3400,8.52000,1.60000,-1.60000,4.2900e+01,7.600e+00,-7.600e+00,0.87,1.800e-01,-2.100e-01,674.0,,,48.92,28.84,-23.76,9.20,1,q1_q17_dr25_tce,5846.00,140.00,-140.00,4.169,0.241,-0.130,1.3230,0.2680,-0.3270,292.165370,44.640579,13.040
9554,8565912,K07898.01,,FALSE POSITIVE,FALSE POSITIVE,0.0000,0,1,0,0,1.012174295,2.8640000e-06,-2.8640000e-06,131.9083500,3.960000e-03,-3.960000e-03,0.5960,0.0190,-0.0260,4.66170,0.01180,-0.01180,3.2303e+05,6.450e+02,-6.450e+02,114.40,3.187e+01,-3.186e+01,2737.0,,,13215.77,11186.02,-7485.95,596.00,1,q1_q17_dr25_tce,6987.00,216.00,-312.00,4.096,0.209,-0.171,1.7160,0.4780,-0.4780,294.109410,44.691078,14.712
9555,8308347,K03761.01,,FALSE POSITIVE,FALSE POSITIVE,0.0000,1,0,0,0,164.950399000,2.9410000e-03,-2.9410000e-03,280.9154000,1.390000e-02,-1.390000e-02,0.7240,0.0240,-0.0560,30.86000,0.77500,-0.77500,2.4493e+04,5.840e+02,-5.840e+02,11.23,1.190e+00,-1.080e+00,252.0,,,0.95,0.40,-0.27,65.70,2,q1_q17_dr25_tce,5001.00,191.00,-174.00,4.603,0.066,-0.048,0.6640,0.0700,-0.0640,294.897490,44.215790,15.473
9556,2697935,K03853.01,,FALSE POSITIVE,FALSE POSITIVE,0.0000,0,1,0,0,21.513523400,2.7140000e-04,-2.7140000e-04,132.3356000,1.220000e-02,-1.220000e-02,2.4410,0.8210,-0.3020,77.98300,0.89900,-0.89900,1.5838e+03,1.230e+01,-1.230e+01,534.47,1.071e+02,-1.310e+02,1006.0,,,242.54,143.48,-119.00,171.50,1,q1_q17_dr25_tce,5088.00,128.00,-141.00,3.508,0.187,-0.153,3.3180,0.6650,-0.8130,287.467860,37.966640,10.630
9557,8258160,K03870.01,,FALSE POSITIVE,FALSE POSITIVE,0.0000,0,1,0,0,23.627034800,2.2640000e-04,-2.2640000e-04,150.0362000,1.090000e-02,-1.090000e-02,1.0960,38.2100,-0.1060,11.48100,0.16000,-0.16000,8.4330e+03,1.170e+02,-1.170e+02,21.71,3.500e+00,-2.560e+00,560.0,,,23.17,12.65,-7.53,78.40,1,q1_q17_dr25_tce,5305.00,185.00,-185.00,4.477,0.099,-0.121,0.8570,0.1380,-0.1010,299.218810,44.181862,16.375
9558,11911561,K03875.01,,CANDIDATE,CANDIDATE,1.0000,0,0,0,0,8.870415578,9.0220000e-06,-9.0220000e-06,137.4810930,8.690000e-04,-8.690000e-04,1.2060,70.6100,-0.0330,1.28640,0.05140,-0.05140,8.7310e+02,2.580e+01,-2.580e+01,39.46,1.110e+01,-1.668e+01,1151.0,,,414.26,360.89,-292.07,43.80,1,q1_q17_dr25_tce,6022.00,200.00,-181.00,4.027,0.434,-0.186,1.5140,0.4260,-0.6400,290.149140,50.239178,13.579
9559,8765560,K03891.01,,CANDIDATE,CANDIDATE,1.0000,0,0,0,0,47.109630600,1.9400000e-04,-1.9400000e-04,144.1317200,3.430000e-03,-3.430000e-03,1.2300,6.9230,-0.6050,5.74100,0.17200,-0.17200,7.5220e+02,2.220e+01,-2.220e+01,78.98,3.094e+01,-5.745e+01,751.0,,,75.40,89.11,-70.44,35.10,1,q1_q17_dr25_tce,5258.00,159.00,-159.00,3.597,0.968,-0.242,2.7800,1.0890,-2.0220,296.156010,44.920090,13.731
9560,10031643,K07984.01,,FALSE POSITIVE,FALSE POSITIVE,0.0000,0,0,0,1,8.589870800,1.8460000e-04,-1.8460000e-04,132.0161000,1.570000e-02,-1.570000e-02,0.7650,0.0230,-0.5410,4.80600,0.63400,-0.63400,8.7700e+01,1.300e+01,-1.300e+01,1.11,3.200e-01,-2.300e-01,929.0,,,176.40,152.77,-77.60,8.40,1,q1_q17_dr25_tce,5638.00,169.00,-152.00,4.296,0.231,-0.189,1.0880,0.3130,-0.2280,298.749210,46.973351,14.478
9561,10090151,K07985.01,,FALSE POSITIVE,FALSE POSITIVE,0.0000,0,1,1,0,0.527698548,1.1600000e-07,-1.1600000e-07,131.7050930,1.700000e-04,-1.700000e-04,1.2520,0.0510,-0.0490,3.22210,0.01740,-0.01740,1.5792e+03,4.600e+00,-4.600e+00,29.35,7.700e+00,-2.570e+00,2088.0,,,4500.53,3406.38,-1175.26,453.30,1,q1_q17_dr25_tce,5638.00,139.00,-166.00,4.529,0.035,-0.196,0.9030,0.2370,-0.0790,297.188750,47.093819,14.082
9562,10128825,K07986.01,,CANDIDATE,CANDIDATE,0.4970,0,0,0,0,1.739849410,1.7800000e-05,-1.7800000e-05,133.0012700,7.690000e-03,-7.690000e-03,0.0430,0.4230,-0.0430,3.11400,0.22900,-0.22900,4.8500e+01,5.400e+00,-5.400e+00,0.72,2.400e-01,-8.000e-02,1608.0,,,1585.81,1537.86,-502.22,10.60,1,q1_q17_dr25_tce,6119.00,165.00,-220.00,4.444,0.056,-0.224,1.0310,0.3410,-0.1140,286.509370,47.163219,14.757
9563,10147276,K07987.01,,FALSE POSITIVE,FALSE POSITIVE,0.0210,0,0,1,0,0.681401611,2.4340000e-06,-2.4340000e-06,132.1817500,2.850000e-03,-2.850000e-03,0.1470,0.3090,-0.1470,0.86500,0.16200,-0.16200,1.0360e+02,1.470e+01,-1.470e+01,1.07,3.600e-01,-1.100e-01,2218.0,,,5713.41,5675.74,-1836.94,12.30,1,q1_q17_dr25_tce,6173.00,193.00,-236.00,4.447,0.056,-0.224,1.0410,0.3410,-0.1140,294.164890,47.176281,15.385
9564,10156110,K07989.01,,FALSE POSITIVE,FALSE POSITIVE,0.0000,0,0,1,1,4.856034820,6.3560000e-05,-6.3560000e-05,135.9933000,1.080000e-02,-1.080000e-02,0.1340,0.3230,-0.1340,3.07800,0.28300,-0.28300,7.6700e+01,1.080e+01,-1.080e+01,1.05,3.600e-01,-1.200e-01,1266.0,,,607.42,600.39,-194.33,8.20,1,q1_q17_dr25_tce,6469.00,158.00,-225.00,4.385,0.054,-0.216,1.1930,0.4100,-0.1370,297.009770,47.121021,14.826
