kepid,koi_disposition,,kepler_name
10797460,CONFIRMED,,Kepler-227 b
10797460,CONFIRMED,,Kepler-227 c
10811496,FALSE POSITIVE,,
10848459,FALSE POSITIVE,,
10854555,CONFIRMED,,Kepler-664 b
10872983,CONFIRMED,,Kepler-228 d
10872983,CONFIRMED,,Kepler-228 c
10872983,CONFIRMED,,Kepler-228 b
6721123,FALSE POSITIVE,,
10910878,CONFIRMED,,Kepler-229 c
11446443,CONFIRMED,,Kepler-1 b
10666592,CONFIRMED,,Kepler-2 b
6922244,CONFIRMED,,Kepler-8 b
10984090,CONFIRMED,,Kepler-466 c
10419211,FALSE POSITIVE,,
10464078,FALSE POSITIVE,,
10480982,FALSE POSITIVE,,
10485250,FALSE POSITIVE,,
10526549,CONFIRMED,,Kepler-660 b
10583066,CONFIRMED,,Kepler-661 b
10583180,FALSE POSITIVE,,
10601284,CONFIRMED,,Kepler-226 c
10601284,CONFIRMED,,Kepler-226 b
10601284,CONFIRMED,,Kepler-226 d
2306756,FALSE POSITIVE,,
10662202,CONFIRMED,,Kepler-662 b
10682541,CONFIRMED,,Kepler-663 b
11460018,CONFIRMED,,Kepler-671 b
11463211,FALSE POSITIVE,,
11465813,FALSE POSITIVE,,
11493732,FALSE POSITIVE,,
11507101,CONFIRMED,,Kepler-672 b
10910878,CONFIRMED,,Kepler-229 d
10910878,CONFIRMED,,Kepler-229 b
10987985,CONFIRMED,,Kepler-665 b
11018648,CONFIRMED,,Kepler-230 b
11018648,CONFIRMED,,Kepler-230 c
11138155,CANDIDATE,,
11152159,FALSE POSITIVE,,
11153539,CONFIRMED,,Kepler-666 b
11242721,FALSE POSITIVE,,
9579641,CONFIRMED,,Kepler-105 b
11304958,CONFIRMED,,Kepler-667 b
11391957,CONFIRMED,,Kepler-668 b
11403044,CONFIRMED,,Kepler-669 b
11414511,CONFIRMED,,Kepler-670 b
11442465,FALSE POSITIVE,,
12110942,CONFIRMED,,Kepler-680 b
12366084,CONFIRMED,,Kepler-232 b
12366084,CONFIRMED,,Kepler-232 c
12404086,CONFIRMED,,Kepler-681 b
8395660,CONFIRMED,,Kepler-106 c
9579641,CONFIRMED,,Kepler-105 c
11656840,FALSE POSITIVE,,
11754553,CONFIRMED,,Kepler-52 c
11754553,CONFIRMED,,Kepler-52 b
11754553,CONFIRMED,,Kepler-52 d
11812062,CONFIRMED,,Kepler-673 b
11818800,CANDIDATE,,
11853255,CONFIRMED,,Kepler-674 b
11909839,FALSE POSITIVE,,
11918099,CONFIRMED,,Kepler-675 b
11918099,CANDIDATE,,
9579641,CANDIDATE,,
11923270,CONFIRMED,,Kepler-676 b
11960862,CONFIRMED,,Kepler-677 b
12020329,CONFIRMED,,Kepler-678 b
12066335,CONFIRMED,,Kepler-231 c
12066335,CONFIRMED,,Kepler-231 b
12070811,CONFIRMED,,Kepler-679 b
8395660,CONFIRMED,,Kepler-106 e
3120431,FALSE POSITIVE,,
3246984,CANDIDATE,,
3342970,CONFIRMED,,Kepler-234 b
3342970,CONFIRMED,,Kepler-234 c
12459725,FALSE POSITIVE,,
12470844,CONFIRMED,,Kepler-233 b
12470844,CONFIRMED,,Kepler-233 c
12644822,CONFIRMED,,Kepler-682 b
2440757,FALSE POSITIVE,,
2445129,FALSE POSITIVE,,
2713049,CONFIRMED,,Kepler-683 b
3114167,CONFIRMED,,Kepler-684 b
3114661,FALSE POSITIVE,,
3115833,CANDIDATE,,
4139816,CONFIRMED,,Kepler-235 d
4139816,CONFIRMED,,Kepler-235 e
8395660,CONFIRMED,,Kepler-106 d
4139816,CONFIRMED,,Kepler-235 c
4275191,CONFIRMED,,Kepler-688 b
4476123,CONFIRMED,,Kepler-689 b
3351888,CONFIRMED,,Kepler-685 b
3453214,CANDIDATE,,
3554600,FALSE POSITIVE,,
3641726,CANDIDATE,,
3734868,FALSE POSITIVE,,
3832474,CONFIRMED,,Kepler-30 d
8395660,CONFIRMED,,Kepler-106 b
3832474,CONFIRMED,,Kepler-30 c
3832474,CONFIRMED,,Kepler-30 b
3836375,FALSE POSITIVE,,
3838486,FALSE POSITIVE,,
3935914,CONFIRMED,,Kepler-686 b
3940418,CANDIDATE,,
4049131,CONFIRMED,,Kepler-687 b
4139816,CONFIRMED,,Kepler-235 b
5287983,FALSE POSITIVE,,
5358241,CONFIRMED,,Kepler-53 b
10875245,CONFIRMED,,Kepler-107 c
5358241,CONFIRMED,,Kepler-53 d
5358241,CONFIRMED,,Kepler-53 c
5358624,CONFIRMED,,Kepler-428 b
4544670,CANDIDATE,,
4664847,CONFIRMED,,Kepler-690 b
4725681,CONFIRMED,,Kepler-236 c
4913852,CONFIRMED,,Kepler-691 b
4932348,FALSE POSITIVE,,
4936180,FALSE POSITIVE,,
11913073,FALSE POSITIVE,,
10875245,CONFIRMED,,Kepler-107 e
5021899,CONFIRMED,,Kepler-692 b
5077629,FALSE POSITIVE,,
5115978,CANDIDATE,,
5164255,CONFIRMED,,Kepler-693 b
5252423,CONFIRMED,,Kepler-237 c
5252423,CONFIRMED,,Kepler-237 b
5272878,CONFIRMED,,Kepler-694 b
5283542,FALSE POSITIVE,,
5649215,FALSE POSITIVE,,
5651104,CONFIRMED,,Kepler-695 b
5792202,CONFIRMED,,Kepler-27 b
10875245,CONFIRMED,,Kepler-107 d
5792202,CONFIRMED,,Kepler-27 c
5370302,FALSE POSITIVE,,
5372966,FALSE POSITIVE,,
5376067,FALSE POSITIVE,,
5436502,CONFIRMED,,Kepler-238 e
5436502,CONFIRMED,,Kepler-238 d
5436502,CONFIRMED,,Kepler-238 c
5436502,CONFIRMED,,Kepler-238 b
10875245,CONFIRMED,,Kepler-107 b
5436502,CONFIRMED,,Kepler-238 f
5456651,CONFIRMED,,Kepler-239 b
5456651,CONFIRMED,,Kepler-239 c
5481416,FALSE POSITIVE,,
5531576,CONFIRMED,,Kepler-240 c
5531576,CONFIRMED,,Kepler-240 b
5534814,FALSE POSITIVE,,
6291653,CONFIRMED,,Kepler-702 b
6392727,CONFIRMED,,Kepler-703 b
6422070,CONFIRMED,,Kepler-704 b
6428700,CONFIRMED,,Kepler-242 b
6428700,CONFIRMED,,Kepler-242 c
5792202,CANDIDATE,,
5794379,CONFIRMED,,Kepler-241 b
5794379,CONFIRMED,,Kepler-241 c
5881688,CONFIRMED,,Kepler-696 b
6022556,CONFIRMED,,Kepler-697 b
6032497,CONFIRMED,,Kepler-698 b
6061119,CONFIRMED,,Kepler-699 b
6191521,CONFIRMED,,Kepler-700 b
6267425,FALSE POSITIVE,,
3531558,CONFIRMED,,Kepler-467 b
6276477,CONFIRMED,,Kepler-701 b
6863998,CONFIRMED,,Kepler-709 b
6867155,CANDIDATE,,
6948054,CONFIRMED,,Kepler-245 b
6948054,CONFIRMED,,Kepler-245 d
6948054,CONFIRMED,,Kepler-245 c
6435936,CONFIRMED,,Kepler-705 b
6522242,CONFIRMED,,Kepler-706 b
6526710,CANDIDATE,,
6587280,CONFIRMED,,Kepler-243 b
9471974,CONFIRMED,,Kepler-108 b
6587280,CONFIRMED,,Kepler-243 c
6599919,FALSE POSITIVE,,
6675056,FALSE POSITIVE,,
6685526,CONFIRMED,,Kepler-707 b
6756669,FALSE POSITIVE,,
6784235,CONFIRMED,,Kepler-708 b
6849310,CONFIRMED,,Kepler-244 b
6849310,CONFIRMED,,Kepler-244 d
6849310,CONFIRMED,,Kepler-244 c
6862328,CANDIDATE,,
9471974,CONFIRMED,,Kepler-108 c
6862603,FALSE POSITIVE,,
7366258,CONFIRMED,,Kepler-82 b
7366258,CONFIRMED,,Kepler-82 c
7366258,CONFIRMED,,Kepler-82 e
7366258,CONFIRMED,,Kepler-82 d
7373451,CONFIRMED,,Kepler-712 b
6948054,CONFIRMED,,Kepler-245 e
6949607,CONFIRMED,,Kepler-28 b
6949607,CONFIRMED,,Kepler-28 c
7031517,FALSE POSITIVE,,
11869052,CANDIDATE,,
7109675,CONFIRMED,,Kepler-46 b
7109675,CONFIRMED,,Kepler-46 d
7118364,CONFIRMED,,Kepler-710 b
7134976,CONFIRMED,,Kepler-246 b
7134976,CONFIRMED,,Kepler-246 c
7135852,CANDIDATE,,
7270230,FALSE POSITIVE,,
7287995,CONFIRMED,,Kepler-81 b
7287995,CONFIRMED,,Kepler-81 c
7287995,CONFIRMED,,Kepler-81 d
3247396,FALSE POSITIVE,,
7303253,CONFIRMED,,Kepler-711 b
5094751,CONFIRMED,,Kepler-109 b
7678434,CONFIRMED,,Kepler-716 b
7678434,CANDIDATE,,
7685981,CONFIRMED,,Kepler-717 b
7708215,FALSE POSITIVE,,
7373451,CONFIRMED,,Kepler-712 c
7377033,FALSE POSITIVE,,
7380537,CANDIDATE,,
7434875,CONFIRMED,,Kepler-247 c
8349582,CONFIRMED,,Kepler-95 b
7434875,CONFIRMED,,Kepler-247 d
7434875,CONFIRMED,,Kepler-247 b
7455287,CONFIRMED,,Kepler-54 b
7455287,CONFIRMED,,Kepler-54 c
7455287,CONFIRMED,,Kepler-54 d
7458762,CONFIRMED,,Kepler-713 b
7552344,FALSE POSITIVE,,
757450,CONFIRMED,,Kepler-75 b
7585481,CONFIRMED,,Kepler-714 b
7663691,CONFIRMED,,Kepler-715 b
5812701,CONFIRMED,,Kepler-448 b
8013419,CANDIDATE,,
8018547,CANDIDATE,,
8039892,CONFIRMED,,Kepler-719 b
8150320,CONFIRMED,,Kepler-55 d
8150320,CONFIRMED,,Kepler-55 b
11086270,CONFIRMED,,Kepler-110 b
7767559,FALSE POSITIVE,,
7825899,CONFIRMED,,Kepler-248 c
7825899,CONFIRMED,,Kepler-248 b
7849854,CONFIRMED,,Kepler-718 b
7870390,CONFIRMED,,Kepler-83 b
7870390,CONFIRMED,,Kepler-83 d
5094751,CONFIRMED,,Kepler-109 c
7870390,CONFIRMED,,Kepler-83 c
7907423,CONFIRMED,,Kepler-249 c
7907423,CONFIRMED,,Kepler-249 b
7907423,CONFIRMED,,Kepler-249 d
7938496,CANDIDATE,,
8490993,CONFIRMED,,Kepler-722 b
8490993,CONFIRMED,,Kepler-722 c
8505670,CONFIRMED,,Kepler-252 c
8505670,CONFIRMED,,Kepler-252 b
8544996,CONFIRMED,,Kepler-723 b
8552202,CANDIDATE,,
8150320,CONFIRMED,,Kepler-55 c
8150320,CONFIRMED,,Kepler-55 e
8150320,CONFIRMED,,Kepler-55 f
8180063,FALSE POSITIVE,,
8226994,CONFIRMED,,Kepler-250 c
8226994,CONFIRMED,,Kepler-250 d
8226994,CONFIRMED,,Kepler-250 b
8247638,CONFIRMED,,Kepler-251 c
8247638,CONFIRMED,,Kepler-251 d
8247638,CONFIRMED,,Kepler-251 b
11086270,CONFIRMED,,Kepler-110 c
8247638,CONFIRMED,,Kepler-251 e
8255887,CONFIRMED,,Kepler-720 b
8256049,FALSE POSITIVE,,
8414716,CONFIRMED,,Kepler-721 b
9140402,CANDIDATE,,
9141746,CONFIRMED,,Kepler-730 b
9159275,FALSE POSITIVE,,
9166862,CONFIRMED,,Kepler-731 b
9166870,FALSE POSITIVE,,
11449844,CONFIRMED,,Kepler-468 b
8605074,FALSE POSITIVE,,
8628973,CONFIRMED,,Kepler-724 b
8655354,FALSE POSITIVE,,
8672910,CONFIRMED,,Kepler-725 b
8686150,FALSE POSITIVE,,
8689031,CONFIRMED,,Kepler-726 b
8689373,CONFIRMED,,Kepler-253 c
8689373,CONFIRMED,,Kepler-253 d
8689373,CONFIRMED,,Kepler-253 b
8826878,CONFIRMED,,Kepler-727 b
5897826,FALSE POSITIVE,,Kepler-469 b
8883593,CONFIRMED,,Kepler-728 b
8951215,CANDIDATE,,
9016295,FALSE POSITIVE,,
9077124,CONFIRMED,,Kepler-729 b
9097120,FALSE POSITIVE,,
9466668,CONFIRMED,,Kepler-256 c
9466668,CONFIRMED,,Kepler-256 d
9466668,CONFIRMED,,Kepler-256 b
9466668,CONFIRMED,,Kepler-256 e
9479273,CONFIRMED,,Kepler-734 b
8359498,CONFIRMED,,Kepler-77 b
9171801,FALSE POSITIVE,,
9334289,CONFIRMED,,Kepler-254 b
9334289,CONFIRMED,,Kepler-254 c
9334289,CONFIRMED,,Kepler-254 d
9347899,CONFIRMED,,Kepler-31 b
9347899,CONFIRMED,,Kepler-31 c
9347899,CONFIRMED,,Kepler-31 d
9347899,CANDIDATE,,
9388479,CONFIRMED,,Kepler-732 b
9388479,CONFIRMED,,Kepler-732 c
11359879,CONFIRMED,,Kepler-15 b
9406990,CONFIRMED,,Kepler-733 b
9415172,CONFIRMED,,Kepler-255 c
9415172,CONFIRMED,,Kepler-255 d
9415172,CONFIRMED,,Kepler-255 b
9904059,CANDIDATE,,
3231341,CONFIRMED,,Kepler-24 b
3231341,CONFIRMED,,Kepler-24 e
3231341,CONFIRMED,,Kepler-24 d
2860866,CANDIDATE,,
7626506,CONFIRMED,,Kepler-112 c
10460629,CANDIDATE,,
10319385,CANDIDATE,,
10482160,CANDIDATE,,
10485069,FALSE POSITIVE,,
3233043,FALSE POSITIVE,,
6579806,FALSE POSITIVE,,
3560301,FALSE POSITIVE,,
4044005,FALSE POSITIVE,,
11502218,FALSE POSITIVE,,
11180361,CANDIDATE,,
5802246,FALSE POSITIVE,,
6066403,FALSE POSITIVE,,
6209637,FALSE POSITIVE,,
5988031,FALSE POSITIVE,,
7684873,FALSE POSITIVE,,
8559644,CONFIRMED,,Kepler-111 c
2851100,FALSE POSITIVE,,
3130300,FALSE POSITIVE,,
3240158,CONFIRMED,,Kepler-769 b
3240158,CONFIRMED,,Kepler-769 c
3228959,FALSE POSITIVE,,
3218908,CONFIRMED,,Kepler-770 b
10341913,FALSE POSITIVE,,
10480921,FALSE POSITIVE,,
10287723,CANDIDATE,,
10350571,CONFIRMED,,Kepler-784 b
3749365,CONFIRMED,,Kepler-785 b
11013201,CANDIDATE,,
11673674,FALSE POSITIVE,,
11013201,FALSE POSITIVE,,
9414417,CANDIDATE,,
3632418,CONFIRMED,,Kepler-21 A b
3441784,FALSE POSITIVE,,
5820218,FALSE POSITIVE,,
5876368,FALSE POSITIVE,,
5809890,CONFIRMED,,Kepler-755 b
6131236,CANDIDATE,,
9048161,FALSE POSITIVE,,
3218908,CONFIRMED,,Kepler-770 c
3218908,CONFIRMED,,Kepler-770 d
3235672,FALSE POSITIVE,,
2837111,CONFIRMED,,Kepler-771 b
3120276,FALSE POSITIVE,,
2307199,CANDIDATE,,
3547091,FALSE POSITIVE,,
3869825,FALSE POSITIVE,,
3655332,FALSE POSITIVE,,
4042026,FALSE POSITIVE,,
3344419,FALSE POSITIVE,,
11192141,CANDIDATE,,
11494130,FALSE POSITIVE,,
5648449,FALSE POSITIVE,,
12167361,FALSE POSITIVE,,
8607720,FALSE POSITIVE,,
1433962,FALSE POSITIVE,,
9032900,FALSE POSITIVE,,
5956342,CONFIRMED,,Kepler-265 c
5956342,CONFIRMED,,Kepler-265 b
5956342,CONFIRMED,,Kepler-265 e
5956342,CONFIRMED,,Kepler-265 d
5956656,CONFIRMED,,Kepler-756 b
3109930,CANDIDATE,,
2854914,CONFIRMED,,Kepler-268 b
2854914,CONFIRMED,,Kepler-268 c
3337425,FALSE POSITIVE,,
3116412,CONFIRMED,,Kepler-772 b
3865567,FALSE POSITIVE,,
3544689,FALSE POSITIVE,,
4037164,FALSE POSITIVE,,
3443790,FALSE POSITIVE,,
3966912,FALSE POSITIVE,,
8394721,CONFIRMED,,Kepler-79 d
11607193,FALSE POSITIVE,,
1161345,CANDIDATE,,
10227501,FALSE POSITIVE,,
2854698,CONFIRMED,,Kepler-260 b
2854698,CONFIRMED,,Kepler-260 c
8559644,CONFIRMED,,Kepler-111 b
6032981,FALSE POSITIVE,,
5866099,FALSE POSITIVE,,
5964985,FALSE POSITIVE,,
6066416,FALSE POSITIVE,,
1996679,FALSE POSITIVE,,
2849805,CONFIRMED,,Kepler-773 b
3114811,CONFIRMED,,Kepler-774 b
2853446,CANDIDATE,,
3003992,FALSE POSITIVE,,
3942446,CANDIDATE,,
3554031,CONFIRMED,,Kepler-415 c
3554031,FALSE POSITIVE,,
3554031,CONFIRMED,,Kepler-415 b
8394721,CONFIRMED,,Kepler-79 c
7295235,CONFIRMED,,Kepler-743 b
2302548,CONFIRMED,,Kepler-261 b
2302548,CONFIRMED,,Kepler-261 c
10743597,FALSE POSITIVE,,
10743597,FALSE POSITIVE,,
9818381,CONFIRMED,,Kepler-43 b
6124941,CANDIDATE,,
6060203,CONFIRMED,,Kepler-757 b
5880320,CONFIRMED,,Kepler-758 b
5880320,CONFIRMED,,Kepler-758 c
5880320,CONFIRMED,,Kepler-758 d
3003992,FALSE POSITIVE,,
6307537,FALSE POSITIVE,,
6359798,FALSE POSITIVE,,
6311681,FALSE POSITIVE,,
6365321,FALSE POSITIVE,,
6301035,FALSE POSITIVE,,
3859079,CONFIRMED,,Kepler-786 b
3557493,FALSE POSITIVE,,
4061149,CANDIDATE,,
3444588,CONFIRMED,,Kepler-787 b
8394721,CONFIRMED,,Kepler-79 b
3962243,CONFIRMED,,Kepler-276 c
10743597,CANDIDATE,,
10015516,FALSE POSITIVE,,
10154388,CONFIRMED,,Kepler-744 b
1432789,CONFIRMED,,Kepler-745 b
1718189,CONFIRMED,,Kepler-262 c
5880320,CONFIRMED,,Kepler-758 e
5130369,FALSE POSITIVE,,
6037187,CONFIRMED,,Kepler-759 b
6147122,FALSE POSITIVE,,
8257407,FALSE POSITIVE,,
8218274,CANDIDATE,,
3964562,FALSE POSITIVE,,
5735762,CONFIRMED,,Kepler-48 b
6292162,FALSE POSITIVE,,
6307521,FALSE POSITIVE,,
6359320,CONFIRMED,,Kepler-269 b
3848972,FALSE POSITIVE,,
3860441,FALSE POSITIVE,,
3765771,FALSE POSITIVE,,
3557341,FALSE POSITIVE,,
3859628,CANDIDATE,,
3644071,CANDIDATE,,
1718189,CONFIRMED,,Kepler-262 b
1431122,CANDIDATE,,
3858949,FALSE POSITIVE,,
3858824,FALSE POSITIVE,,
2157247,FALSE POSITIVE,,
7601633,FALSE POSITIVE,,
8242681,FALSE POSITIVE,,
8260218,CANDIDATE,,
8246781,FALSE POSITIVE,,
8264070,FALSE POSITIVE,,
8222813,CONFIRMED,,Kepler-760 b
6359320,CONFIRMED,,Kepler-269 c
6359320,CANDIDATE,,
6362874,CONFIRMED,,Kepler-775 b
6272413,CONFIRMED,,Kepler-776 b
8279765,FALSE POSITIVE,,
8330548,FALSE POSITIVE,,
3348082,FALSE POSITIVE,,
3853673,FALSE POSITIVE,,
3447722,CONFIRMED,,Kepler-275 c
3447722,CONFIRMED,,Kepler-275 b
3447722,CONFIRMED,,Kepler-275 d
3447722,CANDIDATE,,
1432214,FALSE POSITIVE,,
2165002,CONFIRMED,,Kepler-263 b
2165002,CONFIRMED,,Kepler-263 c
2441728,FALSE POSITIVE,,
1871056,CONFIRMED,,Kepler-264 b
8222813,CONFIRMED,,Kepler-760 c
12105051,CANDIDATE,,
8240904,CONFIRMED,,Kepler-266 b
8240904,CONFIRMED,,Kepler-266 c
8240904,CANDIDATE,,
8374494,FALSE POSITIVE,,
5735762,CONFIRMED,,Kepler-48 c
8414907,FALSE POSITIVE,,
8414907,FALSE POSITIVE,,
8397446,FALSE POSITIVE,,
8386035,FALSE POSITIVE,,
3962243,CONFIRMED,,Kepler-276 b
3962243,CONFIRMED,,Kepler-276 d
3438507,CONFIRMED,,Kepler-788 b
3869014,CONFIRMED,,Kepler-789 b
3756801,CANDIDATE,,
1871056,CONFIRMED,,Kepler-264 c
1865042,CONFIRMED,,Kepler-746 b
2438502,FALSE POSITIVE,,
2309585,FALSE POSITIVE,,
5780460,CONFIRMED,,Kepler-747 b
8244190,FALSE POSITIVE,,
8229696,CONFIRMED,,Kepler-761 b
8262210,FALSE POSITIVE,,
10272640,CONFIRMED,,Kepler-762 b
10232123,CANDIDATE,,
10223616,FALSE POSITIVE,,
8415745,FALSE POSITIVE,,
8378634,FALSE POSITIVE,,
8397675,CANDIDATE,,
8346392,CONFIRMED,,Kepler-777 b
8288947,CONFIRMED,,Kepler-778 b
2437804,FALSE POSITIVE,,
8312852,FALSE POSITIVE,,
9480189,CONFIRMED,,Kepler-257 c
11974540,CONFIRMED,,Kepler-470 b
9480189,CONFIRMED,,Kepler-257 b
9480189,CONFIRMED,,Kepler-257 d
9512687,CONFIRMED,,Kepler-735 b
8644288,CONFIRMED,,Kepler-18 c
5738346,FALSE POSITIVE,,
1725016,CONFIRMED,,Kepler-748 b
1722276,FALSE POSITIVE,,
892772,FALSE POSITIVE,,
1027438,FALSE POSITIVE,,
10268907,FALSE POSITIVE,,
5446285,CONFIRMED,,Kepler-88 b
10166274,CONFIRMED,,Kepler-267 b
10166274,CONFIRMED,,Kepler-267 c
10166274,CONFIRMED,,Kepler-267 d
10153827,FALSE POSITIVE,,
5735762,CONFIRMED,,Kepler-48 d
8302450,FALSE POSITIVE,,
8313667,CANDIDATE,,
8351704,CONFIRMED,,Kepler-779 b
8299955,FALSE POSITIVE,,
9513865,CONFIRMED,,Kepler-736 b
9595686,CANDIDATE,,
9605514,CANDIDATE,,
9605514,CANDIDATE,,
9661877,FALSE POSITIVE,,
5728283,FALSE POSITIVE,,
8127639,FALSE POSITIVE,,
6047498,FALSE POSITIVE,,
8125580,CONFIRMED,,Kepler-749 b
8158127,CONFIRMED,,Kepler-750 b
10158990,FALSE POSITIVE,,
10149023,FALSE POSITIVE,,
10141900,CANDIDATE,,
10141900,CANDIDATE,,
10141900,CONFIRMED,,Kepler-763 b
8410727,CONFIRMED,,Kepler-270 b
8410727,CONFIRMED,,Kepler-270 c
8349405,FALSE POSITIVE,,
8278371,CONFIRMED,,Kepler-780 b
8280511,CONFIRMED,,Kepler-271 b
8280511,CONFIRMED,,Kepler-271 c
9710326,CONFIRMED,,Kepler-737 b
9761882,CONFIRMED,,Kepler-738 b
5297298,CANDIDATE,,
9766437,CONFIRMED,,Kepler-739 b
9772531,CANDIDATE,,
9775938,CONFIRMED,,Kepler-258 b
8644288,CONFIRMED,,Kepler-18 d
8158127,CONFIRMED,,Kepler-750 c
8176653,FALSE POSITIVE,,
8174625,CONFIRMED,,Kepler-751 b
8183911,FALSE POSITIVE,,
8179973,FALSE POSITIVE,,
10157458,CONFIRMED,,Kepler-764 b
4649305,CANDIDATE,,
10148521,FALSE POSITIVE,,
10118816,CANDIDATE,,
10122255,CONFIRMED,,Kepler-765 b
3124412,FALSE POSITIVE,,
3835670,CONFIRMED,,Kepler-473 b
10287248,FALSE POSITIVE,,
10351767,FALSE POSITIVE,,
10295951,CANDIDATE,,
10342041,FALSE POSITIVE,,
10514770,FALSE POSITIVE,,
9775938,CONFIRMED,,Kepler-258 c
9787239,CONFIRMED,,Kepler-32 b
9787239,CONFIRMED,,Kepler-32 c
9787239,CONFIRMED,,Kepler-32 d
9787239,CONFIRMED,,Kepler-32 e
9787239,CONFIRMED,,Kepler-32 f
2309719,FALSE POSITIVE,,
2558363,FALSE POSITIVE,,
2716853,CONFIRMED,,Kepler-752 b
2445154,FALSE POSITIVE,,
2715135,CONFIRMED,,Kepler-753 b
8644288,CONFIRMED,,Kepler-18 b
3247268,CONFIRMED,,Kepler-418 b
3247268,CANDIDATE,,
3232859,FALSE POSITIVE,,
3098184,FALSE POSITIVE,,
2720309,FALSE POSITIVE,,
10342065,FALSE POSITIVE,,
10352945,FALSE POSITIVE,,
10354039,CANDIDATE,,
10330115,CONFIRMED,,Kepler-781 b
10426656,CONFIRMED,,Kepler-272 c
9820483,CONFIRMED,,Kepler-740 b
9941662,CONFIRMED,,Kepler-13 b
7778437,CONFIRMED,,Kepler-471 b
9823457,CONFIRMED,,Kepler-259 b
9823457,CONFIRMED,,Kepler-259 c
2574201,FALSE POSITIVE,,
2166206,FALSE POSITIVE,,
2164169,CANDIDATE,,
2574338,CANDIDATE,,
2584163,CONFIRMED,,Kepler-754 b
4180280,CONFIRMED,,Kepler-472 b
3239636,FALSE POSITIVE,,
2721030,CONFIRMED,,Kepler-766 b
3329204,CANDIDATE,,
3230491,CANDIDATE,,
3340070,FALSE POSITIVE,,
7626506,CONFIRMED,,Kepler-112 b
10426656,CONFIRMED,,Kepler-272 d
10426656,CONFIRMED,,Kepler-272 b
10528068,CONFIRMED,,Kepler-782 b
10468940,CONFIRMED,,Kepler-273 b
9825625,CONFIRMED,,Kepler-741 b
9875711,CONFIRMED,,Kepler-742 b
7661409,FALSE POSITIVE,,
1026957,CANDIDATE,,
10002261,CANDIDATE,,
8176650,FALSE POSITIVE,,
2162635,CANDIDATE,,
5899544,FALSE POSITIVE,,
5963222,FALSE POSITIVE,,
5982353,FALSE POSITIVE,,
6205468,FALSE POSITIVE,,
8506766,FALSE POSITIVE,,
3240706,FALSE POSITIVE,,
2853093,CONFIRMED,,Kepler-767 b
3228824,FALSE POSITIVE,,
3245969,CONFIRMED,,Kepler-768 b
3231341,CONFIRMED,,Kepler-24 c
10468940,CONFIRMED,,Kepler-273 c
10341831,FALSE POSITIVE,,
10337517,CANDIDATE,,
10337517,CONFIRMED,,Kepler-783 b
10351231,CANDIDATE,,
10485179,FALSE POSITIVE,,
8561063,CONFIRMED,,Kepler-42 b
8561063,CONFIRMED,,Kepler-42 c
8892910,FALSE POSITIVE,,
10657664,FALSE POSITIVE,,
3337351,FALSE POSITIVE,,
5802486,FALSE POSITIVE,,
5817553,FALSE POSITIVE,,
5982368,FALSE POSITIVE,,
5816811,FALSE POSITIVE,,
5816165,FALSE POSITIVE,,
7102227,CONFIRMED,,Kepler-290 c
7102227,CONFIRMED,,Kepler-290 b
7102227,CANDIDATE,,
6960913,CONFIRMED,,Kepler-61 b
6837146,CANDIDATE,,
11122894,CONFIRMED,,Kepler-297 c
11122894,CANDIDATE,,
11129738,CONFIRMED,,Kepler-844 b
11401182,CONFIRMED,,Kepler-845 b
11030711,CANDIDATE,,
11512246,CONFIRMED,,Kepler-23 b
6607286,CANDIDATE,,
6607286,CANDIDATE,,
6690082,CONFIRMED,,Kepler-280 b
6690082,CONFIRMED,,Kepler-280 c
6448890,CONFIRMED,,Kepler-56 c
6448890,CONFIRMED,,Kepler-56 b
10730034,CONFIRMED,,Kepler-285 b
10730034,CONFIRMED,,Kepler-285 c
10858691,CONFIRMED,,Kepler-286 b
10858691,CONFIRMED,,Kepler-286 c
10858691,CONFIRMED,,Kepler-286 d
8107380,CONFIRMED,,Kepler-476 b
6936909,CONFIRMED,,Kepler-291 b
6936909,CONFIRMED,,Kepler-291 c
6962977,CONFIRMED,,Kepler-292 f
6962977,CONFIRMED,,Kepler-292 d
11176127,CONFIRMED,,Kepler-298 b
11176127,CONFIRMED,,Kepler-298 c
11176127,CONFIRMED,,Kepler-298 d
11075279,CANDIDATE,,
11014932,CONFIRMED,,Kepler-299 c
6607447,CANDIDATE,,
6677256,FALSE POSITIVE,,
8030148,CONFIRMED,,Kepler-474 b
6692833,FALSE POSITIVE,,
6693640,CONFIRMED,,Kepler-798 b
10858691,CONFIRMED,,Kepler-286 e
10973814,CONFIRMED,,Kepler-287 c
10973814,CONFIRMED,,Kepler-287 b
6541920,CONFIRMED,,Kepler-11 g
10586208,CONFIRMED,,Kepler-811 b
6962977,CONFIRMED,,Kepler-292 e
6962977,CONFIRMED,,Kepler-292 c
6962977,CONFIRMED,,Kepler-292 b
7174351,FALSE POSITIVE,,
6932987,CONFIRMED,,Kepler-293 b
11014932,CONFIRMED,,Kepler-299 d
11014932,CONFIRMED,,Kepler-299 b
11014932,CONFIRMED,,Kepler-299 e
11288505,CONFIRMED,,Kepler-846 b
11493431,CONFIRMED,,Kepler-847 b
6441738,CANDIDATE,,
8801343,FALSE POSITIVE,,
8488878,FALSE POSITIVE,,
8560285,FALSE POSITIVE,,
8620565,FALSE POSITIVE,,
8616873,FALSE POSITIVE,,
10854768,CONFIRMED,,Kepler-812 b
10964440,CONFIRMED,,Kepler-813 b
10713616,CANDIDATE,,
10963242,CONFIRMED,,Kepler-814 b
10785538,FALSE POSITIVE,,
6932987,CONFIRMED,,Kepler-293 c
8191672,CONFIRMED,,Kepler-5 b
6851425,CONFIRMED,,Kepler-477 b
6934291,CONFIRMED,,Kepler-828 b
7357531,FALSE POSITIVE,,
6185711,FALSE POSITIVE,,
11037335,CONFIRMED,,Kepler-300 c
11037335,CONFIRMED,,Kepler-300 b
11389771,CONFIRMED,,Kepler-301 b
11389771,CONFIRMED,,Kepler-301 d
8737796,FALSE POSITIVE,,
8462258,FALSE POSITIVE,,
10925104,CONFIRMED,,Kepler-114 c
8454250,CANDIDATE,,
8494263,FALSE POSITIVE,,
8848271,FALSE POSITIVE,,
10585852,CONFIRMED,,Kepler-815 b
10928043,CANDIDATE,,
10794087,CANDIDATE,,
10794087,CANDIDATE,,
6541920,CONFIRMED,,Kepler-11 b
4275739,FALSE POSITIVE,,
7287415,CANDIDATE,,
6924203,CONFIRMED,,Kepler-829 b
6878167,FALSE POSITIVE,,
6880531,FALSE POSITIVE,,
6863839,FALSE POSITIVE,,
7296086,FALSE POSITIVE,,
11389771,CONFIRMED,,Kepler-301 c
11599038,CANDIDATE,,
11193263,CONFIRMED,,Kepler-848 b
11027624,CONFIRMED,,Kepler-849 b
11032227,CONFIRMED,,Kepler-850 b
8751933,CONFIRMED,,Kepler-420 b
8630788,CONFIRMED,,Kepler-281 c
8630788,CONFIRMED,,Kepler-281 b
8630788,CANDIDATE,,
8823426,FALSE POSITIVE,,
4070376,FALSE POSITIVE,,
4078157,FALSE POSITIVE,,
4164994,CONFIRMED,,Kepler-816 b
4480676,FALSE POSITIVE,,
4079535,FALSE POSITIVE,,
6766634,CANDIDATE,,
6774826,FALSE POSITIVE,,
5652237,FALSE POSITIVE,,
7211469,CONFIRMED,,Kepler-830 b
7375795,FALSE POSITIVE,,
7255336,FALSE POSITIVE,,
7831264,CONFIRMED,,Kepler-116 b
7802136,FALSE POSITIVE,,
7532973,CONFIRMED,,Kepler-854 b
9632895,FALSE POSITIVE,,
7449844,FALSE POSITIVE,,
8766222,FALSE POSITIVE,,
8678594,CONFIRMED,,Kepler-799 b
10925104,CONFIRMED,,Kepler-114 b
8678594,CANDIDATE,,
8703884,FALSE POSITIVE,,
8560840,FALSE POSITIVE,,
4076098,CONFIRMED,,Kepler-817 b
4551328,FALSE POSITIVE,,
4282872,CONFIRMED,,Kepler-818 b
4639868,FALSE POSITIVE,,
10555375,FALSE POSITIVE,,
4372768,FALSE POSITIVE,,
7375795,FALSE POSITIVE,,
7211221,CONFIRMED,,Kepler-831 b
7025526,FALSE POSITIVE,,
9451127,FALSE POSITIVE,,
9446824,FALSE POSITIVE,,
11356260,CONFIRMED,,Kepler-851 b
11044770,FALSE POSITIVE,,
11600889,CONFIRMED,,Kepler-407 b
11197126,FALSE POSITIVE,,
11043167,CONFIRMED,,Kepler-852 b
8612847,CONFIRMED,,Kepler-800 b
8552583,FALSE POSITIVE,,
8547140,CONFIRMED,,Kepler-801 b
8519253,FALSE POSITIVE,,
8813698,CANDIDATE,,
8757910,FALSE POSITIVE,,
4072526,CONFIRMED,,Kepler-819 b
4150539,FALSE POSITIVE,,
4274548,CANDIDATE,,
4455231,CONFIRMED,,Kepler-288 c
8953257,FALSE POSITIVE,,
8971432,FALSE POSITIVE,,
9278553,FALSE POSITIVE,,
9527915,CONFIRMED,,Kepler-478 b
9143254,FALSE POSITIVE,,
8949247,FALSE POSITIVE,,
11336883,CONFIRMED,,Kepler-853 b
11336883,CANDIDATE,,
11336883,CANDIDATE,,
12506351,FALSE POSITIVE,,
7622486,FALSE POSITIVE,,
7622486,FALSE POSITIVE,,
9705459,CANDIDATE,,
8564587,CONFIRMED,,Kepler-57 b
10925104,CONFIRMED,,Kepler-114 d
8564587,CONFIRMED,,Kepler-57 c
8631160,CANDIDATE,,
8552498,FALSE POSITIVE,,
8806072,CONFIRMED,,Kepler-802 b
4455231,CONFIRMED,,Kepler-288 b
4455231,CONFIRMED,,Kepler-288 d
4285107,FALSE POSITIVE,,
4150624,FALSE POSITIVE,,
8972058,CONFIRMED,,Kepler-115 c
9346253,FALSE POSITIVE,,
9002237,FALSE POSITIVE,,
9288786,FALSE POSITIVE,,
8958035,FALSE POSITIVE,,
9040849,FALSE POSITIVE,,
9202151,CANDIDATE,,
7842610,FALSE POSITIVE,,
7830637,FALSE POSITIVE,,
4760746,FALSE POSITIVE,,
7832356,CONFIRMED,,Kepler-855 b
9643874,CONFIRMED,,Kepler-856 b
8800954,CONFIRMED,,Kepler-421 b
8583696,CONFIRMED,,Kepler-803 b
8804283,CANDIDATE,,
8804283,CANDIDATE,,
8552565,FALSE POSITIVE,,
4155328,CONFIRMED,,Kepler-820 b
4077526,CONFIRMED,,Kepler-58 b
4077526,CONFIRMED,,Kepler-58 c
4077526,CONFIRMED,,Kepler-58 d
4077526,CANDIDATE,,
8937021,FALSE POSITIVE,,
8935810,CANDIDATE,,
2441495,CONFIRMED,,Kepler-479 b
9455556,CONFIRMED,,Kepler-294 c
9455556,CONFIRMED,,Kepler-294 b
9427402,CANDIDATE,,
3732821,CONFIRMED,,Kepler-790 b
3962440,CANDIDATE,,
3534076,CANDIDATE,,
3962357,CONFIRMED,,Kepler-791 b
9110357,FALSE POSITIVE,,
8394721,CONFIRMED,,Kepler-79 e
8609450,CONFIRMED,,Kepler-282 d
6541920,CONFIRMED,,Kepler-11 c
8609450,CONFIRMED,,Kepler-282 e
8609450,CONFIRMED,,Kepler-282 b
8609450,CONFIRMED,,Kepler-282 c
4243911,CONFIRMED,,Kepler-821 b
5177104,CONFIRMED,,Kepler-904 b
4466677,CONFIRMED,,Kepler-822 b
4466677,CANDIDATE,,
4466677,CANDIDATE,,
4135665,CONFIRMED,,Kepler-823 b
9269281,CANDIDATE,,
9100484,CANDIDATE,,
9157908,FALSE POSITIVE,,
9030447,FALSE POSITIVE,,
9034103,CONFIRMED,,Kepler-832 b
9214942,CONFIRMED,,Kepler-833 b
2557430,FALSE POSITIVE,,
3858704,FALSE POSITIVE,,
3749134,CONFIRMED,,Kepler-792 b
3556220,FALSE POSITIVE,,
3660924,CONFIRMED,,Kepler-793 b
3939150,CONFIRMED,,Kepler-277 b
8628758,CONFIRMED,,Kepler-804 b
8628758,CONFIRMED,,Kepler-804 c
8509361,FALSE POSITIVE,,
8742590,CANDIDATE,,
8822366,CONFIRMED,,Kepler-805 b
8972058,CONFIRMED,,Kepler-115 b
4386059,FALSE POSITIVE,,
4650674,CONFIRMED,,Kepler-824 b
4275721,CONFIRMED,,Kepler-825 b
4275721,CONFIRMED,,Kepler-825 c
8874090,CONFIRMED,,Kepler-834 b
11666881,CONFIRMED,,Kepler-480 b
9264949,CONFIRMED,,Kepler-835 b
9271752,CONFIRMED,,Kepler-836 b
9007866,FALSE POSITIVE,,
9150827,CANDIDATE,,
3939150,CONFIRMED,,Kepler-277 c
3839488,CONFIRMED,,Kepler-794 b
3542588,FALSE POSITIVE,,
3442055,CONFIRMED,,Kepler-795 b
3440861,FALSE POSITIVE,,
12252424,CONFIRMED,,Kepler-113 c
8700771,CONFIRMED,,Kepler-806 b
10960993,FALSE POSITIVE,,
6541920,CONFIRMED,,Kepler-11 d
10599397,FALSE POSITIVE,,
10879208,FALSE POSITIVE,,
4570931,FALSE POSITIVE,,
4136466,CONFIRMED,,Kepler-826 b
7284688,FALSE POSITIVE,,
7199774,FALSE POSITIVE,,
7037540,FALSE POSITIVE,,
6866228,FALSE POSITIVE,,
9391208,CONFIRMED,,Kepler-837 b
9391506,CONFIRMED,,Kepler-838 b
8950853,CONFIRMED,,Kepler-839 b
9006449,CONFIRMED,,Kepler-295 b
9006449,CONFIRMED,,Kepler-295 c
9006449,CONFIRMED,,Kepler-295 d
4043190,CONFIRMED,,Kepler-796 b
3640905,CONFIRMED,,Kepler-278 b
3640905,CONFIRMED,,Kepler-278 c
4060815,FALSE POSITIVE,,
6613006,FALSE POSITIVE,,
6606653,FALSE POSITIVE,,
10790387,CONFIRMED,,Kepler-807 b
10748393,FALSE POSITIVE,,
10874226,FALSE POSITIVE,,
10661771,FALSE POSITIVE,,
10924853,FALSE POSITIVE,,
10874926,FALSE POSITIVE,,
6631721,CANDIDATE,,
6847018,FALSE POSITIVE,,
7220322,FALSE POSITIVE,,
6956233,FALSE POSITIVE,,
7303287,CONFIRMED,,Kepler-289 c
7303287,CONFIRMED,,Kepler-289 b
11512246,CONFIRMED,,Kepler-23 c
8916492,FALSE POSITIVE,,
11193447,FALSE POSITIVE,,
11517719,CONFIRMED,,Kepler-840 b
11599264,FALSE POSITIVE,,
11100657,FALSE POSITIVE,,
6620003,FALSE POSITIVE,,
6621116,FALSE POSITIVE,,
6629332,FALSE POSITIVE,,
6387450,FALSE POSITIVE,,
12252424,CONFIRMED,,Kepler-113 b
6432059,FALSE POSITIVE,,
10549562,FALSE POSITIVE,,
10874614,CONFIRMED,,Kepler-6 b
6541920,CONFIRMED,,Kepler-11 e
10666230,FALSE POSITIVE,,
10971674,CANDIDATE,,
6891543,FALSE POSITIVE,,
7211141,CONFIRMED,,Kepler-827 b
7363829,CANDIDATE,,
6719086,CANDIDATE,,
7376983,CANDIDATE,,
5084942,CONFIRMED,,Kepler-475 b
11125936,FALSE POSITIVE,,
11026304,CANDIDATE,,
11342550,CANDIDATE,,
11497958,CONFIRMED,,Kepler-296 c
11497958,CONFIRMED,,Kepler-296 d
6462874,FALSE POSITIVE,,
6665223,FALSE POSITIVE,,
6545358,FALSE POSITIVE,,
6390824,FALSE POSITIVE,,
6546528,FALSE POSITIVE,,
10676923,FALSE POSITIVE,,
10604335,CONFIRMED,,Kepler-283 b
10864656,CONFIRMED,,Kepler-432 b
10975146,CONFIRMED,,Kepler-808 b
10538176,CONFIRMED,,Kepler-284 b
7376983,CANDIDATE,,
7376983,CANDIDATE,,
7376983,CANDIDATE,,
6946199,CANDIDATE,,
6946199,CANDIDATE,,
11497958,CONFIRMED,,Kepler-296 b
11177707,CONFIRMED,,Kepler-841 b
11611600,CONFIRMED,,Kepler-842 b
11254382,CONFIRMED,,Kepler-843 b
11122894,CONFIRMED,,Kepler-297 b
6677841,CONFIRMED,,Kepler-279 c
6677841,CONFIRMED,,Kepler-279 b
6677841,CONFIRMED,,Kepler-279 d
9970525,FALSE POSITIVE,,
6531491,FALSE POSITIVE,,
6383821,CONFIRMED,,Kepler-797 b
10538176,CONFIRMED,,Kepler-284 c
10724369,CONFIRMED,,Kepler-809 b
6541920,CONFIRMED,,Kepler-11 f
10867062,CANDIDATE,,
10744335,CONFIRMED,,Kepler-810 b
4860678,CANDIDATE,,
7023960,FALSE POSITIVE,,
10033279,FALSE POSITIVE,,
5009189,FALSE POSITIVE,,
8230616,CONFIRMED,,Kepler-316 b
9836959,CANDIDATE,,
9838949,CONFIRMED,,Kepler-935 b
9895006,CONFIRMED,,Kepler-936 b
9896558,CONFIRMED,,Kepler-937 b
9589323,CONFIRMED,,Kepler-861 b
9823487,CANDIDATE,,
9602514,FALSE POSITIVE,,
9726659,CONFIRMED,,Kepler-862 b
12108312,FALSE POSITIVE,,
5371776,CONFIRMED,,Kepler-304 b
5371776,CONFIRMED,,Kepler-304 d
5371776,CONFIRMED,,Kepler-304 c
9573539,CONFIRMED,,Kepler-484 b
5371776,CONFIRMED,,Kepler-304 e
9886661,CONFIRMED,,Kepler-905 b
5477805,FALSE POSITIVE,,
10055126,CONFIRMED,,Kepler-311 b
10055126,CONFIRMED,,Kepler-311 c
5009743,CONFIRMED,,Kepler-906 b
10015937,CANDIDATE,,
10019065,CONFIRMED,,Kepler-938 b
7950644,CONFIRMED,,Kepler-427 b
10080248,CONFIRMED,,Kepler-939 b
10213902,CONFIRMED,,Kepler-940 b
9842906,FALSE POSITIVE,,
11821363,CANDIDATE,,
7629518,CONFIRMED,,Kepler-863 b
10810838,CONFIRMED,,Kepler-482 b
4828341,FALSE POSITIVE,,
10019763,FALSE POSITIVE,,
9899280,FALSE POSITIVE,,
8046659,FALSE POSITIVE,,
4940438,FALSE POSITIVE,,
5308663,FALSE POSITIVE,,
5474733,FALSE POSITIVE,,
10963065,CONFIRMED,,Kepler-408 b
6268648,CONFIRMED,,Kepler-907 b
10125352,FALSE POSITIVE,,
5357901,CONFIRMED,,Kepler-425 b
4278221,CONFIRMED,,Kepler-908 b
10214162,CONFIRMED,,Kepler-941 b
10905746,CONFIRMED,,Kepler-1651 b
8242434,CONFIRMED,,Kepler-942 b
6185331,CONFIRMED,,Kepler-943 b
11820830,CANDIDATE,,
11774387,FALSE POSITIVE,,
9636135,CONFIRMED,,Kepler-864 b
9636135,CANDIDATE,,
7841925,CONFIRMED,,Kepler-865 b
7841925,CANDIDATE,,
5219234,CONFIRMED,,Kepler-305 b
5219234,CONFIRMED,,Kepler-305 c
5219234,CANDIDATE,,
5219234,CONFIRMED,,Kepler-305 d
6470149,CANDIDATE,,
12504988,FALSE POSITIVE,,
9015738,CONFIRMED,,Kepler-909 b
7215603,CONFIRMED,,Kepler-910 b
4276716,CANDIDATE,,
5561278,CONFIRMED,,Kepler-911 b
7287683,CANDIDATE,,
6387542,CONFIRMED,,Kepler-912 b
8266276,CANDIDATE,,
6869184,CONFIRMED,,Kepler-944 b
10799735,FALSE POSITIVE,,
9719634,FALSE POSITIVE,,
7439316,CONFIRMED,,Kepler-866 b
12061238,FALSE POSITIVE,,
8323753,FALSE POSITIVE,,
12400538,CONFIRMED,,Kepler-867 b
5184584,CONFIRMED,,Kepler-891 b
5636648,FALSE POSITIVE,,
5564247,FALSE POSITIVE,,
5438099,CONFIRMED,,Kepler-306 c
5438099,CONFIRMED,,Kepler-306 b
6543893,CONFIRMED,,Kepler-913 b
6543893,CANDIDATE,,
6975129,CONFIRMED,,Kepler-312 c
11391018,CONFIRMED,,Kepler-486 b
8685497,CONFIRMED,,Kepler-914 b
4365645,CANDIDATE,,
7199906,CANDIDATE,,
8197343,CONFIRMED,,Kepler-946 b
7032421,CANDIDATE,,
6786348,CONFIRMED,,Kepler-947 b
9641018,FALSE POSITIVE,,
9813499,CONFIRMED,,Kepler-868 b
12254792,CONFIRMED,,Kepler-869 b
12020218,CONFIRMED,,Kepler-870 b
7690844,CONFIRMED,,Kepler-871 b
9535080,FALSE POSITIVE,,
5438099,CONFIRMED,,Kepler-306 d
5438099,CONFIRMED,,Kepler-306 e
5210475,FALSE POSITIVE,,
8009350,CONFIRMED,,Kepler-892 b
8082001,CONFIRMED,,Kepler-893 b
9017682,CANDIDATE,,
9277896,CONFIRMED,,Kepler-915 b
9401997,CONFIRMED,,Kepler-916 b
10686864,CONFIRMED,,Kepler-917 b
10749128,CANDIDATE,,
11904734,CANDIDATE,,
8043714,FALSE POSITIVE,,
7918217,FALSE POSITIVE,,
10153011,FALSE POSITIVE,,
9631995,CONFIRMED,,Kepler-422 b
11870545,CANDIDATE,,
7901948,CONFIRMED,,Kepler-872 b
11955499,FALSE POSITIVE,,
6442377,CONFIRMED,,Kepler-483 b
9784222,FALSE POSITIVE,,
5376836,CANDIDATE,,
5557821,FALSE POSITIVE,,
10004519,CONFIRMED,,Kepler-894 b
5031857,CANDIDATE,,
5031857,CANDIDATE,,
10879038,CONFIRMED,,Kepler-918 b
10990917,CONFIRMED,,Kepler-919 b
11043136,FALSE POSITIVE,,
11046025,CANDIDATE,,
5771719,FALSE POSITIVE,,
9729691,CONFIRMED,,Kepler-949 b
4950232,FALSE POSITIVE,,
10904857,CONFIRMED,,Kepler-488 b
8651389,CANDIDATE,,
9520668,FALSE POSITIVE,,
7871954,CONFIRMED,,Kepler-303 b
7871954,CONFIRMED,,Kepler-303 c
12418724,CONFIRMED,,Kepler-873 b
7456001,CONFIRMED,,Kepler-874 b
10028792,CONFIRMED,,Kepler-87 b
10028792,CONFIRMED,,Kepler-87 c
10028792,CANDIDATE,,
5553652,FALSE POSITIVE,,
5299459,CONFIRMED,,Kepler-307 b
11153121,CONFIRMED,,Kepler-313 b
11153121,CONFIRMED,,Kepler-313 c
11153121,CANDIDATE,,
11177543,CANDIDATE,,
11337141,CANDIDATE,,
6705142,CANDIDATE,,
3967760,CONFIRMED,,Kepler-317 b
3967760,CONFIRMED,,Kepler-317 c
4067336,CANDIDATE,,
5387843,FALSE POSITIVE,,
7549209,CONFIRMED,,Kepler-875 b
7663405,CONFIRMED,,Kepler-876 b
9765975,CONFIRMED,,Kepler-877 b
9818462,CONFIRMED,,Kepler-878 b
6803202,CANDIDATE,,
5299459,CONFIRMED,,Kepler-307 c
9651668,CONFIRMED,,Kepler-423 b
5299459,CANDIDATE,,
12506770,CONFIRMED,,Kepler-895 b
5629985,FALSE POSITIVE,,
9898364,FALSE POSITIVE,,
11337372,CONFIRMED,,Kepler-920 b
11337833,CONFIRMED,,Kepler-921 b
11546211,FALSE POSITIVE,,
11547505,CONFIRMED,,Kepler-922 b
4471747,CANDIDATE,,
11502867,CONFIRMED,,Kepler-426 b
9909735,CONFIRMED,,Kepler-318 b
9909735,CONFIRMED,,Kepler-318 c
11551692,CONFIRMED,,Kepler-411 c
11551692,CONFIRMED,,Kepler-411 b
12266636,CONFIRMED,,Kepler-879 b
9850893,FALSE POSITIVE,,
4826110,FALSE POSITIVE,,
7869917,CONFIRMED,,Kepler-880 b
9824805,CONFIRMED,,Kepler-881 b
5193400,FALSE POSITIVE,,
7939330,CANDIDATE,,
7939330,CONFIRMED,,Kepler-896 b
4918309,CANDIDATE,,
12602568,CONFIRMED,,Kepler-897 b
9941066,CONFIRMED,,Kepler-898 b
5972334,CONFIRMED,,Kepler-487 b
4650733,CANDIDATE,,
4830605,CANDIDATE,,
4832197,FALSE POSITIVE,,
12120943,CANDIDATE,,
9761199,FALSE POSITIVE,,
7751571,FALSE POSITIVE,,
9579499,FALSE POSITIVE,,
11913013,FALSE POSITIVE,,
7768451,CANDIDATE,,
7691260,CONFIRMED,,Kepler-882 b
9821454,CONFIRMED,,Kepler-59 c
9821454,CONFIRMED,,Kepler-59 b
11954842,CONFIRMED,,Kepler-883 b
7972785,FALSE POSITIVE,,
5470739,CONFIRMED,,Kepler-899 b
10022908,CONFIRMED,,Kepler-900 b
9932970,FALSE POSITIVE,,
5617854,CONFIRMED,,Kepler-901 b
4932442,CONFIRMED,,Kepler-923 b
4932442,CANDIDATE,,
5183357,CONFIRMED,,Kepler-924 b
5269467,CONFIRMED,,Kepler-925 b
5360920,CANDIDATE,,
7672940,FALSE POSITIVE,,
7838655,FALSE POSITIVE,,
11702948,FALSE POSITIVE,,
9512981,CANDIDATE,,
7770450,FALSE POSITIVE,,
11455491,FALSE POSITIVE,,
11764462,CONFIRMED,,Kepler-884 b
11656246,CONFIRMED,,Kepler-885 b
7808587,CONFIRMED,,Kepler-886 b
4741126,CONFIRMED,,Kepler-887 b
5301750,CONFIRMED,,Kepler-84 b
5301750,CONFIRMED,,Kepler-84 c
5301750,CONFIRMED,,Kepler-84 e
5301750,CONFIRMED,,Kepler-84 d
5301750,CONFIRMED,,Kepler-84 f
5526717,CONFIRMED,,Kepler-926 b
5972334,CANDIDATE,,
5526717,CANDIDATE,,
5530882,FALSE POSITIVE,,
5531953,CANDIDATE,,
6034945,CONFIRMED,,Kepler-927 b
9851226,FALSE POSITIVE,,
8692861,CONFIRMED,,Kepler-69 b
7543649,FALSE POSITIVE,,
9480310,CANDIDATE,,
11858748,FALSE POSITIVE,,
4741126,CONFIRMED,,Kepler-887 c
11669125,CONFIRMED,,Kepler-888 b
12159249,CONFIRMED,,Kepler-889 b
9872292,CANDIDATE,,
9963461,FALSE POSITIVE,,
8081482,CANDIDATE,,
5542466,CANDIDATE,,
4178389,FALSE POSITIVE,,
5542466,CANDIDATE,,
5542466,CANDIDATE,,
10028140,CANDIDATE,,
6048024,FALSE POSITIVE,,
6049190,CANDIDATE,,
6149553,FALSE POSITIVE,,
6198999,CONFIRMED,,Kepler-928 b
6310636,CONFIRMED,,Kepler-929 b
6616218,CONFIRMED,,Kepler-314 c
7761545,CONFIRMED,,Kepler-857 b
7499398,CANDIDATE,,
12365184,CONFIRMED,,Kepler-419 b
4770365,CANDIDATE,,
4770365,CANDIDATE,,
4770365,CANDIDATE,,
10748390,CONFIRMED,,Kepler-3 b
11804465,CONFIRMED,,Kepler-12 b
9663113,CONFIRMED,,Kepler-458 c
5649956,FALSE POSITIVE,,
4840513,CANDIDATE,,
5217586,FALSE POSITIVE,,
5289854,CONFIRMED,,Kepler-308 b
5289854,CONFIRMED,,Kepler-308 c
9895709,FALSE POSITIVE,,
10006581,CONFIRMED,,Kepler-902 b
5972334,CANDIDATE,,
6616218,CONFIRMED,,Kepler-314 b
6696462,CANDIDATE,,
7220429,CONFIRMED,,Kepler-931 b
7222086,CANDIDATE,,
12406749,CANDIDATE,,
8692861,CONFIRMED,,Kepler-69 c
7811397,CANDIDATE,,
12403119,CONFIRMED,,Kepler-858 b
9842890,FALSE POSITIVE,,
8113154,FALSE POSITIVE,,
5270698,FALSE POSITIVE,,
5024450,FALSE POSITIVE,,
5282049,CANDIDATE,,
5475431,CANDIDATE,,
10027323,CONFIRMED,,Kepler-309 b
12019440,CONFIRMED,,Kepler-485 b
5039228,CANDIDATE,,
10004738,CONFIRMED,,Kepler-310 c
10004738,CONFIRMED,,Kepler-310 d
7304449,CONFIRMED,,Kepler-1650 b
7386827,CANDIDATE,,
7522911,CANDIDATE,,
7626370,CONFIRMED,,Kepler-932 b
7703955,CONFIRMED,,Kepler-315 b
7512982,CONFIRMED,,Kepler-859 b
7512982,CANDIDATE,,
9597806,CONFIRMED,,Kepler-860 b
7812167,FALSE POSITIVE,,
11760959,FALSE POSITIVE,,
5283458,CANDIDATE,,
9940565,FALSE POSITIVE,,
8053552,FALSE POSITIVE,,
9663113,CONFIRMED,,Kepler-458 b
8111381,FALSE POSITIVE,,
5444549,FALSE POSITIVE,,
10004738,CONFIRMED,,Kepler-310 b
5474613,CANDIDATE,,
4860932,FALSE POSITIVE,,
5438757,CONFIRMED,,Kepler-903 b
5438757,CONFIRMED,,Kepler-903 c
7750419,CANDIDATE,,
5972334,CONFIRMED,,Kepler-487 c
7815744,CONFIRMED,,Kepler-933 b
7955580,CONFIRMED,,Kepler-934 b
8230616,CONFIRMED,,Kepler-316 c
9692345,FALSE POSITIVE,,
7898352,CONFIRMED,,Kepler-302 c
11402995,CONFIRMED,,Kepler-481 b
7898352,CONFIRMED,,Kepler-302 b
12062667,FALSE POSITIVE,,
7984047,CANDIDATE,,
7951018,CONFIRMED,,Kepler-890 b
9899355,FALSE POSITIVE,,
12644774,FALSE POSITIVE,,
9902856,FALSE POSITIVE,,
7747425,CONFIRMED,,Kepler-341 e
9892816,CONFIRMED,,Kepler-342 b
9892816,CONFIRMED,,Kepler-342 d
9836149,CONFIRMED,,Kepler-66 b
11512246,CONFIRMED,,Kepler-23 d
4813563,CONFIRMED,,Kepler-1026 b
2985767,CONFIRMED,,Kepler-1063 b
2304320,CONFIRMED,,Kepler-1064 b
3657758,CONFIRMED,,Kepler-1065 b
9790806,CONFIRMED,,Kepler-1066 b
6382217,CONFIRMED,,Kepler-353 c
5375194,CONFIRMED,,Kepler-964 b
6468138,CONFIRMED,,Kepler-965 b
10019708,CONFIRMED,,Kepler-490 b
11875734,CONFIRMED,,Kepler-966 b
7697568,FALSE POSITIVE,,
7046804,CONFIRMED,,Kepler-492 b
7449136,CONFIRMED,,Kepler-1002 b
8680979,CONFIRMED,,Kepler-330 c
8680979,CONFIRMED,,Kepler-330 b
9030537,CANDIDATE,,
6949061,CONFIRMED,,Kepler-343 b
7269493,CONFIRMED,,Kepler-1027 b
5513648,CANDIDATE,,
9164836,FALSE POSITIVE,,
7887791,CANDIDATE,,
11657891,CONFIRMED,,Kepler-1028 b
6305192,CONFIRMED,,Kepler-494 b
6382217,CONFIRMED,,Kepler-353 b
9634821,CANDIDATE,,
9634821,CANDIDATE,,
8950568,CONFIRMED,,Kepler-85 b
3326377,CONFIRMED,,Kepler-967 b
11601584,CONFIRMED,,Kepler-324 c
11601584,CONFIRMED,,Kepler-324 b
11601584,CANDIDATE,,
11601584,CANDIDATE,,
8689793,CONFIRMED,,Kepler-1003 b
11673802,CONFIRMED,,Kepler-1004 b
4263293,CONFIRMED,,Kepler-331 b
4263293,CONFIRMED,,Kepler-331 c
4263293,CONFIRMED,,Kepler-331 d
5695524,CANDIDATE,,
6205897,CONFIRMED,,Kepler-1029 b
7948784,CANDIDATE,,
9244756,CANDIDATE,,
9650808,CONFIRMED,,Kepler-344 b
9650808,CONFIRMED,,Kepler-344 c
8950568,CONFIRMED,,Kepler-85 c
8950568,CONFIRMED,,Kepler-85 d
8950568,CONFIRMED,,Kepler-85 e
4725681,CONFIRMED,,Kepler-236 b
8804845,CANDIDATE,,
10480915,CANDIDATE,,
11709244,CONFIRMED,,Kepler-325 b
11709244,CONFIRMED,,Kepler-325 c
11709244,CONFIRMED,,Kepler-325 d
10019708,FALSE POSITIVE,,
11853878,CONFIRMED,,Kepler-968 b
5728139,CONFIRMED,,Kepler-433 b
7668663,CONFIRMED,,Kepler-1005 b
7047922,CONFIRMED,,Kepler-1006 b
9353314,CONFIRMED,,Kepler-1007 b
3629967,CANDIDATE,,
9347009,CONFIRMED,,Kepler-1030 b
11253711,CANDIDATE,,
4917596,CONFIRMED,,Kepler-1032 b
4743513,FALSE POSITIVE,,
11046458,CONFIRMED,,Kepler-424 b
9111849,CANDIDATE,,
7132798,CONFIRMED,,Kepler-119 b
3448130,CANDIDATE,,
9656252,CONFIRMED,,Kepler-1068 b
6026438,CONFIRMED,,Kepler-354 b
9471268,CONFIRMED,,Kepler-326 c
9471268,CONFIRMED,,Kepler-326 b
9471268,CONFIRMED,,Kepler-326 d
10657406,CONFIRMED,,Kepler-969 b
5526527,CONFIRMED,,Kepler-970 b
5809954,FALSE POSITIVE,,
8766650,CONFIRMED,,Kepler-1008 b
10328393,CONFIRMED,,Kepler-332 b
11773328,CANDIDATE,,
7094486,CONFIRMED,,Kepler-1009 b
7289577,CANDIDATE,,
8543100,CONFIRMED,,Kepler-1033 b
2693736,CONFIRMED,,Kepler-1034 b
9412760,CONFIRMED,,Kepler-345 c
9412760,CONFIRMED,,Kepler-345 b
6026438,CONFIRMED,,Kepler-354 d
10663396,CONFIRMED,,Kepler-1069 b
11457726,CONFIRMED,,Kepler-1070 b
8956206,CONFIRMED,,Kepler-1071 b
9649706,CONFIRMED,,Kepler-1072 b
5856571,CONFIRMED,,Kepler-971 b
7765528,CONFIRMED,,Kepler-972 b
11760231,CONFIRMED,,Kepler-973 b
7779077,CANDIDATE,,
6046540,CONFIRMED,,Kepler-74 b
5706966,CONFIRMED,,Kepler-333 b
3762468,CONFIRMED,,Kepler-493 b
5706966,CONFIRMED,,Kepler-333 c
10130039,CONFIRMED,,Kepler-334 c
10130039,CONFIRMED,,Kepler-334 b
9518318,CONFIRMED,,Kepler-346 b
9518318,CONFIRMED,,Kepler-346 c
7273277,CONFIRMED,,Kepler-1035 b
11769890,CONFIRMED,,Kepler-1036 b
6862721,CANDIDATE,,
12301181,CONFIRMED,,Kepler-1076 b
9279354,CANDIDATE,,
6774880,CONFIRMED,,Kepler-1077 b
3937519,CONFIRMED,,Kepler-495 b
7449541,CONFIRMED,,Kepler-1078 b
5080636,CONFIRMED,,Kepler-974 b
5080636,CANDIDATE,,
3338885,CONFIRMED,,Kepler-975 b
3338885,CANDIDATE,,
6776401,CONFIRMED,,Kepler-977 b
10130039,CONFIRMED,,Kepler-334 d
8226050,CONFIRMED,,Kepler-1010 b
9965957,CONFIRMED,,Kepler-1011 b
9704384,CONFIRMED,,Kepler-1012 b
8426567,CONFIRMED,,Kepler-1013 b
12508335,FALSE POSITIVE,,
10094670,CANDIDATE,,
8142942,CANDIDATE,,
8257205,CONFIRMED,,Kepler-1038 b
9044228,CONFIRMED,,Kepler-1039 b
7265298,CONFIRMED,,Kepler-355 c
7265298,CONFIRMED,,Kepler-355 b
7132798,CONFIRMED,,Kepler-119 c
3248501,CANDIDATE,,
2307415,CONFIRMED,,Kepler-356 c
7430034,CONFIRMED,,Kepler-978 b
9735426,CONFIRMED,,Kepler-979 b
8826168,CONFIRMED,,Kepler-980 b
10464050,CONFIRMED,,Kepler-981 b
9763348,CONFIRMED,,Kepler-982 b
9101496,CONFIRMED,,Kepler-335 b
6037581,CONFIRMED,,Kepler-336 d
10723750,CONFIRMED,,Kepler-117 c
6037581,CONFIRMED,,Kepler-336 c
6037581,CONFIRMED,,Kepler-336 b
10779233,CONFIRMED,,Kepler-1040 b
11614617,CONFIRMED,,Kepler-1041 b
11450414,CONFIRMED,,Kepler-347 b
4736569,CONFIRMED,,Kepler-1042 b
10384798,CONFIRMED,,Kepler-1043 b
2307415,CONFIRMED,,Kepler-356 b
3128552,CONFIRMED,,Kepler-1073 b
10134152,CANDIDATE,,
9573685,CONFIRMED,,Kepler-1074 b
10329835,CONFIRMED,,Kepler-1075 b
6849046,CONFIRMED,,Kepler-491 b
8804397,CONFIRMED,,Kepler-983 b
9662811,CONFIRMED,,Kepler-984 b
11570749,CANDIDATE,,
11297236,CANDIDATE,,
10074466,CANDIDATE,,
8218379,CONFIRMED,,Kepler-1014 b
7755636,CONFIRMED,,Kepler-1015 b
9411166,CONFIRMED,,Kepler-1016 b
9411166,CANDIDATE,,
4989057,CONFIRMED,,Kepler-1017 b
9834040,CONFIRMED,,Kepler-1044 b
6152974,CONFIRMED,,Kepler-118 c
8802693,CONFIRMED,,Kepler-1045 b
6061773,CANDIDATE,,
10024701,CONFIRMED,,Kepler-1046 b
2579043,CANDIDATE,,
3239671,CANDIDATE,,
9304101,CONFIRMED,,Kepler-1079 b
11360571,CONFIRMED,,Kepler-1080 b
6035124,CONFIRMED,,Kepler-1081 b
8160953,CONFIRMED,,Kepler-985 b
8160953,CANDIDATE,,
4157325,CONFIRMED,,Kepler-416 b
4157325,CONFIRMED,,Kepler-416 c
4157325,CANDIDATE,,
5108214,CANDIDATE,,
9955598,CONFIRMED,,Kepler-409 b
10723750,CONFIRMED,,Kepler-117 b
7219761,FALSE POSITIVE,,
5770074,CANDIDATE,,
10136549,CONFIRMED,,Kepler-337 c
9851271,FALSE POSITIVE,,
12154526,CONFIRMED,,Kepler-1047 b
6665512,CONFIRMED,,Kepler-1048 b
10525027,CONFIRMED,,Kepler-1049 b
11069176,CONFIRMED,,Kepler-1050 b
10005758,CANDIDATE,,
10158418,CANDIDATE,,
3128793,FALSE POSITIVE,,
5864975,CONFIRMED,,Kepler-950 b
2975770,CONFIRMED,,Kepler-951 b
3648437,CANDIDATE,,
7877496,CONFIRMED,,Kepler-412 b
7286173,CONFIRMED,,Kepler-986 b
11126381,CANDIDATE,,
4149450,CANDIDATE,,
10136549,CONFIRMED,,Kepler-337 b
5511081,CONFIRMED,,Kepler-338 b
5511081,CONFIRMED,,Kepler-338 c
5511081,CONFIRMED,,Kepler-338 e
10978763,CONFIRMED,,Kepler-339 b
11069176,CONFIRMED,,Kepler-1050 c
8098728,FALSE POSITIVE,,
6152974,CONFIRMED,,Kepler-118 b
2449431,CANDIDATE,,
5631630,CONFIRMED,,Kepler-1051 b
6504954,CONFIRMED,,Kepler-952 b
9410930,CONFIRMED,,Kepler-41 b
5731623,CANDIDATE,,
6153672,FALSE POSITIVE,,
10676014,CONFIRMED,,Kepler-954 b
9520838,CONFIRMED,,Kepler-987 b
8167996,CONFIRMED,,Kepler-327 b
8167996,CONFIRMED,,Kepler-327 d
8167996,CONFIRMED,,Kepler-327 c
6773862,CONFIRMED,,Kepler-988 b
10978763,CONFIRMED,,Kepler-339 d
10602291,FALSE POSITIVE,,
10978763,CONFIRMED,,Kepler-339 c
10027323,CONFIRMED,,Kepler-309 c
5202905,CONFIRMED,,Kepler-340 c
9072190,CONFIRMED,,Kepler-1018 b
5384079,CONFIRMED,,Kepler-348 b
9839821,CONFIRMED,,Kepler-1052 b
4056616,CONFIRMED,,Kepler-1053 b
6707908,CANDIDATE,,
8492026,CONFIRMED,,Kepler-1054 b
6867766,FALSE POSITIVE,,
6058614,FALSE POSITIVE,,
11017901,CONFIRMED,,Kepler-447 b
5088591,CONFIRMED,,Kepler-955 b
11298298,CONFIRMED,,Kepler-956 b
10187159,CONFIRMED,,Kepler-989 b
9758089,CANDIDATE,,
10619192,CONFIRMED,,Kepler-17 b
9883311,CANDIDATE,,
4939346,CONFIRMED,,Kepler-328 c
4242147,CANDIDATE,,
5396122,FALSE POSITIVE,,
10190777,CONFIRMED,,Kepler-1019 b
9651234,CONFIRMED,,Kepler-1020 b
7045496,CONFIRMED,,Kepler-1021 b
8750043,CONFIRMED,,Kepler-1055 b
9973109,CONFIRMED,,Kepler-1056 b
6226290,CONFIRMED,,Kepler-1057 b
9595827,CONFIRMED,,Kepler-71 b
9349482,CONFIRMED,,Kepler-1058 b
4349442,CANDIDATE,,
4644952,CONFIRMED,,Kepler-319 c
2987027,CONFIRMED,,Kepler-489 b
4644952,CONFIRMED,,Kepler-319 d
4644952,CONFIRMED,,Kepler-319 b
8978528,CONFIRMED,,Kepler-329 c
8978528,CONFIRMED,,Kepler-329 b
9967771,CONFIRMED,,Kepler-990 b
11622600,CONFIRMED,,Kepler-991 b
10454632,CONFIRMED,,Kepler-992 b
10005788,CONFIRMED,,Kepler-1022 b
10005788,CANDIDATE,,
10656508,CANDIDATE,,
5213902,FALSE POSITIVE,,
2832589,CANDIDATE,,
2438513,CANDIDATE,,
6356207,CONFIRMED,,Kepler-1059 b
8564674,CONFIRMED,,Kepler-349 b
8564674,CONFIRMED,,Kepler-349 c
8578780,CANDIDATE,,
4544907,CONFIRMED,,Kepler-1060 b
7761918,CANDIDATE,,
8240797,CONFIRMED,,Kepler-321 c
8240797,CONFIRMED,,Kepler-321 b
8164262,FALSE POSITIVE,,
6279974,FALSE POSITIVE,,
9455325,CONFIRMED,,Kepler-958 b
3098810,CANDIDATE,,
8367644,CONFIRMED,,Kepler-993 b
10332883,CONFIRMED,,Kepler-994 b
9071386,FALSE POSITIVE,,
9305831,CONFIRMED,,Kepler-44 b
2438513,FALSE POSITIVE,,
11656918,CONFIRMED,,Kepler-1023 b
11656918,CANDIDATE,,
10844890,CANDIDATE,,
9536692,FALSE POSITIVE,,
4636578,CONFIRMED,,Kepler-350 c
4636578,CONFIRMED,,Kepler-350 d
4636578,CONFIRMED,,Kepler-350 b
11923284,CONFIRMED,,Kepler-1061 b
9838975,FALSE POSITIVE,,
5621125,CONFIRMED,,Kepler-959 b
9872283,CONFIRMED,,Kepler-960 b
10666242,FALSE POSITIVE,,
8624520,CANDIDATE,,
7870032,CONFIRMED,,Kepler-961 b
9597058,CONFIRMED,,Kepler-962 b
4035640,CONFIRMED,,Kepler-995 b
6205228,CONFIRMED,,Kepler-996 b
11758544,CONFIRMED,,Kepler-997 b
4851530,FALSE POSITIVE,,
4851530,CANDIDATE,,
3118797,CONFIRMED,,Kepler-1024 b
7747425,CONFIRMED,,Kepler-341 c
6300348,CANDIDATE,,
7747425,CONFIRMED,,Kepler-341 d
7747425,CONFIRMED,,Kepler-341 b
7102316,CONFIRMED,,Kepler-351 c
7102316,CONFIRMED,,Kepler-351 b
9489524,CONFIRMED,,Kepler-352 c
9489524,CONFIRMED,,Kepler-352 b
5940165,CONFIRMED,,Kepler-1062 b
8277797,CONFIRMED,,Kepler-322 c
8277797,CONFIRMED,,Kepler-322 b
5124667,CANDIDATE,,
2989404,CONFIRMED,,Kepler-323 c
2989404,CONFIRMED,,Kepler-323 b
11413812,CONFIRMED,,Kepler-998 b
9549648,CONFIRMED,,Kepler-999 b
10063802,CONFIRMED,,Kepler-1000 b
11074178,CONFIRMED,,Kepler-1001 b
11074178,CANDIDATE,,
11030475,CANDIDATE,,
5942808,CANDIDATE,,
6206214,CONFIRMED,,Kepler-1158 b
8959839,CONFIRMED,,Kepler-1159 b
7672097,CONFIRMED,,Kepler-1160 b
6142862,FALSE POSITIVE,,
5599774,CONFIRMED,,Kepler-1195 b
8099138,CONFIRMED,,Kepler-1196 b
7033233,CONFIRMED,,Kepler-1197 b
7033233,CANDIDATE,,
6383785,CANDIDATE,,
9411412,CONFIRMED,,Kepler-1096 b
7008211,CONFIRMED,,Kepler-1097 b
7620413,CONFIRMED,,Kepler-1098 b
4545187,CONFIRMED,,Kepler-121 b
10854546,CONFIRMED,,Kepler-1099 b
11774991,CONFIRMED,,Kepler-367 b
11774991,CONFIRMED,,Kepler-367 c
8261920,CANDIDATE,,
8261920,CANDIDATE,,
8261920,CANDIDATE,,
9112931,CONFIRMED,,Kepler-1161 b
9071593,CONFIRMED,,Kepler-1162 b
8126558,CANDIDATE,,
11811193,CONFIRMED,,Kepler-1163 b
3734418,CONFIRMED,,Kepler-1164 b
8681734,CONFIRMED,,Kepler-1198 b
10232693,FALSE POSITIVE,,
10212441,CONFIRMED,,Kepler-1199 b
6119141,FALSE POSITIVE,,
8247771,CONFIRMED,,Kepler-1200 b
8165946,CONFIRMED,,Kepler-1100 b
12017109,CANDIDATE,,
9225395,CONFIRMED,,Kepler-1101 b
10709622,CONFIRMED,,Kepler-1102 b
11499228,CONFIRMED,,Kepler-1103 b
9022166,CONFIRMED,,Kepler-368 b
10965588,CONFIRMED,,Kepler-1132 b
10670119,CONFIRMED,,Kepler-369 c
10670119,CONFIRMED,,Kepler-369 b
4043443,FALSE POSITIVE,,
8491277,CONFIRMED,,Kepler-498 b
3734418,CANDIDATE,,
8613535,CANDIDATE,,
12256520,CONFIRMED,,Kepler-1166 b
3337432,FALSE POSITIVE,,
5629538,CONFIRMED,,Kepler-1201 b
8561231,CONFIRMED,,Kepler-1202 b
8235924,CONFIRMED,,Kepler-1203 b
6941084,CONFIRMED,,Kepler-1204 b
6200235,CONFIRMED,,Kepler-1205 b
11460462,CONFIRMED,,Kepler-1104 b
8612275,CONFIRMED,,Kepler-360 b
8612275,CONFIRMED,,Kepler-360 c
7207061,CONFIRMED,,Kepler-417 c
4545187,CONFIRMED,,Kepler-121 c
7286911,CONFIRMED,,Kepler-1133 b
8591173,CANDIDATE,,
6962109,CONFIRMED,,Kepler-1134 b
5706595,CONFIRMED,,Kepler-370 c
5706595,CONFIRMED,,Kepler-370 b
10489345,CONFIRMED,,Kepler-1167 b
11774303,FALSE POSITIVE,,
10329469,CONFIRMED,,Kepler-1168 b
9654875,FALSE POSITIVE,,
9717943,CONFIRMED,,Kepler-1169 b
8026752,CONFIRMED,,Kepler-502 b
1872821,CANDIDATE,,
8013439,CONFIRMED,,Kepler-381 c
8013439,CONFIRMED,,Kepler-381 b
8013439,CANDIDATE,,
7207061,CONFIRMED,,Kepler-417 b
6921944,CONFIRMED,,Kepler-1105 b
9532052,CONFIRMED,,Kepler-67 b
8164012,CONFIRMED,,Kepler-1106 b
4140813,CANDIDATE,,
8611781,CONFIRMED,,Kepler-1135 b
3097926,CANDIDATE,,
10518424,CANDIDATE,,
5730445,CANDIDATE,,
5601258,CANDIDATE,,
7960980,CONFIRMED,,Kepler-1170 b
8107225,CONFIRMED,,Kepler-499 b
3458028,CONFIRMED,,Kepler-1171 b
3342794,CONFIRMED,,Kepler-376 c
3342794,CONFIRMED,,Kepler-376 b
5716932,CANDIDATE,,
11288051,CONFIRMED,,Kepler-124 c
7515670,FALSE POSITIVE,,
11566256,CANDIDATE,,
8495415,CONFIRMED,,Kepler-1208 b
4055304,CONFIRMED,,Kepler-1107 b
4857213,CANDIDATE,,
9415108,CONFIRMED,,Kepler-1108 b
4262581,CONFIRMED,,Kepler-1109 b
8591693,CANDIDATE,,
4833421,CONFIRMED,,Kepler-122 c
8282651,CONFIRMED,,Kepler-1136 b
3548044,CONFIRMED,,Kepler-371 b
11401767,CONFIRMED,,Kepler-372 c
10909127,CONFIRMED,,Kepler-1138 b
3661886,CONFIRMED,,Kepler-377 c
3661886,CONFIRMED,,Kepler-377 b
2439243,CONFIRMED,,Kepler-1172 b
9221517,CONFIRMED,,Kepler-1173 b
6751874,CONFIRMED,,Kepler-1174 b
10863608,CONFIRMED,,Kepler-1210 b
5602588,CONFIRMED,,Kepler-1211 b
11288051,CONFIRMED,,Kepler-124 d
5602588,CANDIDATE,,
5385304,CANDIDATE,,
5547480,FALSE POSITIVE,,
11462341,CANDIDATE,,
9405595,CANDIDATE,,
3546060,CONFIRMED,,Kepler-1110 b
7019489,FALSE POSITIVE,,
2141783,FALSE POSITIVE,,
4144576,CONFIRMED,,Kepler-1139 b
8494542,CANDIDATE,,
9992325,CONFIRMED,,Kepler-1140 b
11073656,CANDIDATE,,
10206675,FALSE POSITIVE,,
9945370,CONFIRMED,,Kepler-1175 b
3832716,FALSE POSITIVE,,
8453211,FALSE POSITIVE,,
8973129,CONFIRMED,,Kepler-1176 b
12505654,CANDIDATE,,
7215678,CANDIDATE,,
11670125,CONFIRMED,,Kepler-1206 b
11461844,CONFIRMED,,Kepler-1207 b
7449554,CANDIDATE,,
9351920,CONFIRMED,,Kepler-1111 b
2161536,CANDIDATE,,
10549023,CONFIRMED,,Kepler-1112 b
9661979,CANDIDATE,,
8219268,CONFIRMED,,Kepler-91 b
10531955,CONFIRMED,,Kepler-1141 b
4833421,CONFIRMED,,Kepler-122 b
8168187,CONFIRMED,,Kepler-1142 b
4142847,CONFIRMED,,Kepler-1143 b
10203349,CONFIRMED,,Kepler-1144 b
9718066,CONFIRMED,,Kepler-378 b
3440978,CANDIDATE,,
3867615,CONFIRMED,,Kepler-379 c
12121570,CANDIDATE,,
8410415,CANDIDATE,,
7987866,CANDIDATE,,
9532710,FALSE POSITIVE,,
11560897,CONFIRMED,,Kepler-430 b
11342416,CONFIRMED,,Kepler-1209 b
9086251,CANDIDATE,,
4254466,CONFIRMED,,Kepler-1113 b
5801571,FALSE POSITIVE,,
9904006,CONFIRMED,,Kepler-361 c
5288570,FALSE POSITIVE,,
9364609,CONFIRMED,,Kepler-1114 b
7457296,CONFIRMED,,Kepler-1145 b
10328458,CONFIRMED,,Kepler-1146 b
7050060,FALSE POSITIVE,,
4248120,CANDIDATE,,
9580992,CANDIDATE,,
8321314,CANDIDATE,,
6934986,CANDIDATE,,
4049901,CANDIDATE,,
11498128,CONFIRMED,,Kepler-1177 b
8041216,CONFIRMED,,Kepler-500 b
11824786,CONFIRMED,,Kepler-1212 b
12254909,CONFIRMED,,Kepler-1213 b
10798331,CANDIDATE,,
9364290,CONFIRMED,,Kepler-382 b
9364290,CONFIRMED,,Kepler-382 c
5022828,CONFIRMED,,Kepler-1115 b
8233702,CONFIRMED,,Kepler-1116 b
11403339,CONFIRMED,,Kepler-1117 b
8260902,CONFIRMED,,Kepler-1118 b
8381204,CONFIRMED,,Kepler-1119 b
12058204,CONFIRMED,,Kepler-373 b
12058204,CONFIRMED,,Kepler-373 c
4833421,CONFIRMED,,Kepler-122 d
5357545,CANDIDATE,,
6871071,CONFIRMED,,Kepler-374 c
5342473,CANDIDATE,,
9334893,CANDIDATE,,
9963265,CANDIDATE,,
10583761,CONFIRMED,,Kepler-1179 b
7542813,CONFIRMED,,Kepler-1180 b
12058147,CONFIRMED,,Kepler-1082 b
8164257,CONFIRMED,,Kepler-357 d
8164257,CONFIRMED,,Kepler-357 b
8164257,CONFIRMED,,Kepler-357 c
10593759,FALSE POSITIVE,,
6774537,CONFIRMED,,Kepler-1120 b
10404582,CONFIRMED,,Kepler-362 c
5959753,CONFIRMED,,Kepler-496 b
6021193,CONFIRMED,,Kepler-363 d
6021193,CONFIRMED,,Kepler-363 c
6871071,CONFIRMED,,Kepler-374 d
6871071,CONFIRMED,,Kepler-374 b
6287313,CONFIRMED,,Kepler-1147 b
9289704,CANDIDATE,,
9278725,CONFIRMED,,Kepler-1148 b
4458082,CONFIRMED,,Kepler-1181 b
8042453,CONFIRMED,,Kepler-1182 b
10874215,CANDIDATE,,
6666233,FALSE POSITIVE,,
7661065,CANDIDATE,,
3937519,CANDIDATE,,
8866137,CONFIRMED,,Kepler-1083 b
10857519,CONFIRMED,,Kepler-1084 b
9517393,CANDIDATE,,
9351316,CONFIRMED,,Kepler-1086 b
6021193,CONFIRMED,,Kepler-363 b
10617017,CONFIRMED,,Kepler-1121 b
3229150,CANDIDATE,,
7989422,FALSE POSITIVE,,
9641481,CONFIRMED,,Kepler-1122 b
8892157,CONFIRMED,,Kepler-1149 b
8892157,CANDIDATE,,
11569782,CONFIRMED,,Kepler-1150 b
4833421,CONFIRMED,,Kepler-122 e
11520459,CANDIDATE,,
7219825,CONFIRMED,,Kepler-123 b
3749978,CONFIRMED,,Kepler-1183 b
10010440,CONFIRMED,,Kepler-1184 b
11718144,CANDIDATE,,
4247991,CANDIDATE,,
4247991,CANDIDATE,,
10026544,CANDIDATE,,
9473078,CONFIRMED,,Kepler-1087 b
10864531,CONFIRMED,,Kepler-358 c
10864531,CONFIRMED,,Kepler-358 b
2853780,CANDIDATE,,
9472000,CANDIDATE,,
10253547,CONFIRMED,,Kepler-364 c
10253547,CONFIRMED,,Kepler-364 b
12505076,CANDIDATE,,
6185476,CANDIDATE,,
12116380,CONFIRMED,,Kepler-1123 b
2556650,CONFIRMED,,Kepler-1124 b
10600955,CONFIRMED,,Kepler-1151 b
10801100,FALSE POSITIVE,,
4473226,CANDIDATE,,
8914779,FALSE POSITIVE,,
2854181,CANDIDATE,,
8963721,FALSE POSITIVE,,
10132832,CONFIRMED,,Kepler-1186 b
3219995,CONFIRMED,,Kepler-1187 b
6062929,CANDIDATE,,
7504778,CONFIRMED,,Kepler-1188 b
7219825,CONFIRMED,,Kepler-123 c
7097965,CANDIDATE,,
4249725,CONFIRMED,,Kepler-120 b
3967326,CANDIDATE,,
6768394,CONFIRMED,,Kepler-60 b
6768394,CONFIRMED,,Kepler-60 c
5211199,CANDIDATE,,
8804455,CANDIDATE,,
8804455,FALSE POSITIVE,,
5546761,CONFIRMED,,Kepler-1125 b
5546761,CANDIDATE,,
9205938,CONFIRMED,,Kepler-1126 b
10723367,CONFIRMED,,Kepler-375 c
10723367,CONFIRMED,,Kepler-375 b
5005121,CANDIDATE,,
4833421,CONFIRMED,,Kepler-122 f
8229458,CONFIRMED,,Kepler-1152 b
10684670,CONFIRMED,,Kepler-1189 b
11495458,CONFIRMED,,Kepler-1190 b
9003401,CANDIDATE,,
5978559,CANDIDATE,,
8872048,CANDIDATE,,
7746958,CANDIDATE,,
6768394,CONFIRMED,,Kepler-60 d
6922710,CONFIRMED,,Kepler-1088 b
11348997,CONFIRMED,,Kepler-1089 b
5705819,CANDIDATE,,
11358389,CONFIRMED,,Kepler-365 b
7204981,CONFIRMED,,Kepler-1127 b
3847907,CONFIRMED,,Kepler-497 b
4370527,CONFIRMED,,Kepler-1128 b
6041734,CONFIRMED,,Kepler-1129 b
9336200,CONFIRMED,,Kepler-1153 b
4770617,CONFIRMED,,Kepler-1154 b
4454934,CONFIRMED,,Kepler-1155 b
9458343,CONFIRMED,,Kepler-1156 b
7120108,CANDIDATE,,
10730703,CONFIRMED,,Kepler-1191 b
8007644,CONFIRMED,,Kepler-1192 b
11192235,CANDIDATE,,
6383785,CONFIRMED,,Kepler-501 b
6696580,CONFIRMED,,Kepler-359 b
6525946,CANDIDATE,,
4249725,CONFIRMED,,Kepler-120 c
8505920,CANDIDATE,,
7918992,CONFIRMED,,Kepler-1091 b
6041734,CANDIDATE,,
11308499,CONFIRMED,,Kepler-366 b
11308499,CONFIRMED,,Kepler-366 c
9006186,CONFIRMED,,Kepler-1130 b
9006186,CANDIDATE,,
7802719,CONFIRMED,,Kepler-1157 b
11030475,CANDIDATE,,
11030475,CANDIDATE,,
11030475,CANDIDATE,,
5023956,FALSE POSITIVE,,
12401863,CONFIRMED,,Kepler-1193 b
5534941,CANDIDATE,,
11121752,CONFIRMED,,Kepler-380 b
11121752,CONFIRMED,,Kepler-380 c
2990873,CONFIRMED,,Kepler-1194 b
9307509,CANDIDATE,,
10158729,CONFIRMED,,Kepler-1092 b
6105462,CONFIRMED,,Kepler-1093 b
3120355,CONFIRMED,,Kepler-1094 b
6047072,CONFIRMED,,Kepler-1095 b
9006186,CANDIDATE,,
9006186,CANDIDATE,,
11410904,CONFIRMED,,Kepler-1131 b
5021737,FALSE POSITIVE,,
4173026,CANDIDATE,,
10471621,CANDIDATE,,
10471621,CANDIDATE,,
5350244,CONFIRMED,,Kepler-1276 b
5374403,CONFIRMED,,Kepler-1277 b
10925113,FALSE POSITIVE,,
11769801,FALSE POSITIVE,,
11752906,CANDIDATE,,
1995519,CONFIRMED,,Kepler-1299 b
4914566,CONFIRMED,,Kepler-1300 b
6198182,CANDIDATE,,
10024051,CONFIRMED,,Kepler-1228 b
8676038,CANDIDATE,,
4349452,CONFIRMED,,Kepler-25 c
8676038,CANDIDATE,,
8073806,CANDIDATE,,
10419312,FALSE POSITIVE,,
10453588,CONFIRMED,,Kepler-1253 b
11125613,CONFIRMED,,Kepler-1254 b
8074328,CANDIDATE,,
7212184,CONFIRMED,,Kepler-1255 b
6956014,FALSE POSITIVE,,
9757613,CONFIRMED,,Kepler-26 c
5307858,FALSE POSITIVE,,
6605493,CANDIDATE,,
4670217,CANDIDATE,,
7259298,CONFIRMED,,Kepler-1278 b
9574179,CANDIDATE,,
6211812,CANDIDATE,,
11391755,CANDIDATE,,
11391755,CANDIDATE,,
9088780,CANDIDATE,,
8894646,CANDIDATE,,
3234598,CONFIRMED,,Kepler-383 c
8611832,CONFIRMED,,Kepler-384 b
8611832,CONFIRMED,,Kepler-384 c
5621586,CANDIDATE,,
9210387,CANDIDATE,,
11852982,CANDIDATE,,
8559152,CONFIRMED,,Kepler-1256 b
2718778,CANDIDATE,,
3122913,CANDIDATE,,
9229657,CONFIRMED,,Kepler-1257 b
5175024,CONFIRMED,,Kepler-1279 b
9026749,CONFIRMED,,Kepler-1280 b
12216278,FALSE POSITIVE,,
9159242,FALSE POSITIVE,,
12061096,FALSE POSITIVE,,
5794240,CONFIRMED,,Kepler-45 b
6933567,CONFIRMED,,Kepler-1301 b
9993529,FALSE POSITIVE,,
6044553,FALSE POSITIVE,,
9654468,CANDIDATE,,
4349452,CONFIRMED,,Kepler-25 b
10027247,CONFIRMED,,Kepler-1229 b
6343170,CONFIRMED,,Kepler-1230 b
7107802,CONFIRMED,,Kepler-1231 b
10028535,CONFIRMED,,Kepler-1259 b
7047207,CONFIRMED,,Kepler-1260 b
5212220,FALSE POSITIVE,,
9964748,FALSE POSITIVE,,
9757613,CONFIRMED,,Kepler-26 d
8247770,CANDIDATE,,
6867588,CANDIDATE,,
7501646,CANDIDATE,,
11962284,CONFIRMED,,Kepler-1302 b
2573056,FALSE POSITIVE,,
6842682,CONFIRMED,,Kepler-1303 b
8890150,CONFIRMED,,Kepler-395 c
8890150,CONFIRMED,,Kepler-395 b
8838950,CANDIDATE,,
11360805,CONFIRMED,,Kepler-1232 b
9845898,CONFIRMED,,Kepler-1233 b
12453581,CONFIRMED,,Kepler-1234 b
11922678,FALSE POSITIVE,,
5959719,CONFIRMED,,Kepler-390 b
5544903,FALSE POSITIVE,,
5542983,FALSE POSITIVE,,
8256453,CANDIDATE,,
9474493,FALSE POSITIVE,,
4551663,FALSE POSITIVE,,
12257999,CANDIDATE,,
6922203,CANDIDATE,,
11752908,FALSE POSITIVE,,
7021681,CONFIRMED,,Kepler-505 b
4346178,CONFIRMED,,Kepler-1304 b
9664142,CONFIRMED,,Kepler-1305 b
10018233,CONFIRMED,,Kepler-1306 b
8081899,CONFIRMED,,Kepler-1235 b
10189557,FALSE POSITIVE,,
8478994,CONFIRMED,,Kepler-37 d
9965184,FALSE POSITIVE,,
9911882,FALSE POSITIVE,,
8631504,CANDIDATE,,
8110767,CANDIDATE,,
5471574,FALSE POSITIVE,,
6767840,CONFIRMED,,Kepler-1262 b
8379705,CANDIDATE,,
9896018,CANDIDATE,,
11037511,CONFIRMED,,Kepler-1281 b
11818872,CANDIDATE,,
11771430,CANDIDATE,,
5513012,CONFIRMED,,Kepler-1310 b
11761199,FALSE POSITIVE,,
8074805,FALSE POSITIVE,,
2437505,FALSE POSITIVE,,
2437505,FALSE POSITIVE,,
11253827,CONFIRMED,,Kepler-396 c
3533469,FALSE POSITIVE,,
8956706,FALSE POSITIVE,,
7047363,CONFIRMED,,Kepler-1236 b
11968463,CONFIRMED,,Kepler-385 c
11968463,CONFIRMED,,Kepler-385 b
8836888,FALSE POSITIVE,,
9880190,CONFIRMED,,Kepler-1263 b
5364071,CONFIRMED,,Kepler-49 c
5392702,FALSE POSITIVE,,
8429566,FALSE POSITIVE,,
10387742,CANDIDATE,,
7673841,CONFIRMED,,Kepler-392 b
9827149,CONFIRMED,,Kepler-1282 b
5546691,CONFIRMED,,Kepler-1283 b
12156347,CANDIDATE,,
8636539,CANDIDATE,,
9283156,CANDIDATE,,
8547429,CANDIDATE,,
8803882,FALSE POSITIVE,,
9893318,CONFIRMED,,Kepler-1307 b
6864885,FALSE POSITIVE,,
5097868,CANDIDATE,,
8570333,CONFIRMED,,Kepler-1237 b
8478994,CONFIRMED,,Kepler-37 c
5036705,CONFIRMED,,Kepler-1238 b
9574158,CANDIDATE,,
9653622,CANDIDATE,,
4391348,FALSE POSITIVE,,
7294743,CANDIDATE,,
8947520,CONFIRMED,,Kepler-1264 b
12016267,FALSE POSITIVE,,
6765135,CANDIDATE,,
3861595,CANDIDATE,,
5725087,FALSE POSITIVE,,
10489206,CONFIRMED,,Kepler-125 b
3426367,CONFIRMED,,Kepler-1308 b
5562090,CONFIRMED,,Kepler-1309 b
11548140,FALSE POSITIVE,,
12110786,FALSE POSITIVE,,
5342061,CANDIDATE,,
3654095,FALSE POSITIVE,,
5078939,FALSE POSITIVE,,
6867555,CONFIRMED,,Kepler-1239 b
5339567,CONFIRMED,,Kepler-1240 b
4459924,FALSE POSITIVE,,
11080405,CONFIRMED,,Kepler-386 c
5529738,FALSE POSITIVE,,
4047631,CANDIDATE,,
10059645,CONFIRMED,,Kepler-1265 b
5364071,CONFIRMED,,Kepler-49 d
7183745,CONFIRMED,,Kepler-1266 b
8212002,CONFIRMED,,Kepler-1285 b
8004903,CONFIRMED,,Kepler-1286 b
8883329,CONFIRMED,,Kepler-393 b
8883329,CONFIRMED,,Kepler-393 c
3644653,FALSE POSITIVE,,
11253827,CONFIRMED,,Kepler-396 b
5514383,CONFIRMED,,Kepler-506 b
10747445,FALSE POSITIVE,,
8022489,CANDIDATE,,
8022489,CONFIRMED,,Kepler-1311 b
8022489,CONFIRMED,,Kepler-1311 c
9209624,CONFIRMED,,Kepler-387 b
9209624,CONFIRMED,,Kepler-387 c
3354846,CONFIRMED,,Kepler-1241 b
6516185,CANDIDATE,,
8478994,CONFIRMED,,Kepler-37 b
3946023,FALSE POSITIVE,,
7183745,CANDIDATE,,
9177629,CANDIDATE,,
7778767,CONFIRMED,,Kepler-1267 b
7515762,CONFIRMED,,Kepler-1268 b
5942949,CANDIDATE,,
12120307,CONFIRMED,,Kepler-394 b
12120307,CONFIRMED,,Kepler-394 c
7446631,CANDIDATE,,
9777251,FALSE POSITIVE,,
6864893,FALSE POSITIVE,,
11701407,CONFIRMED,,Kepler-1214 b
5906426,CANDIDATE,,
11288051,CONFIRMED,,Kepler-124 b
10813132,CONFIRMED,,Kepler-1215 b
5857540,CONFIRMED,,Kepler-1242 b
12208631,CANDIDATE,,
7289317,CONFIRMED,,Kepler-1243 b
6500206,FALSE POSITIVE,,
5545815,FALSE POSITIVE,,
3116302,FALSE POSITIVE,,
7879433,CANDIDATE,,
9205907,CANDIDATE,,
8463346,CONFIRMED,,Kepler-436 c
5364071,CONFIRMED,,Kepler-49 e
10489206,CONFIRMED,,Kepler-125 c
7531677,FALSE POSITIVE,,
10068659,CONFIRMED,,Kepler-1287 b
2443393,CANDIDATE,,
9019191,CANDIDATE,,
9718379,FALSE POSITIVE,,
3002478,CANDIDATE,,
4055774,FALSE POSITIVE,,
6670075,FALSE POSITIVE,,
9395024,CONFIRMED,,Kepler-1216 b
8631751,CANDIDATE,,
11401822,FALSE POSITIVE,,
6507427,FALSE POSITIVE,,
5521300,FALSE POSITIVE,,
8478994,CONFIRMED,,Kepler-37 e
9753154,CONFIRMED,,Kepler-1244 b
9011825,CONFIRMED,,Kepler-1269 b
4172746,CANDIDATE,,
5174858,CANDIDATE,,
11074835,CONFIRMED,,Kepler-1270 b
1996180,CONFIRMED,,Kepler-1271 b
10407221,FALSE POSITIVE,,
5991936,FALSE POSITIVE,,
5095635,CANDIDATE,,
6269070,CONFIRMED,,Kepler-1288 b
6705137,FALSE POSITIVE,,
12254688,FALSE POSITIVE,,
8345172,FALSE POSITIVE,,
4172013,CANDIDATE,,
12254378,CONFIRMED,,Kepler-1217 b
4247791,FALSE POSITIVE,,
7604328,CONFIRMED,,Kepler-1245 b
11236244,CONFIRMED,,Kepler-1246 b
9837685,CONFIRMED,,Kepler-1247 b
5042210,CANDIDATE,,
12454461,CONFIRMED,,Kepler-1248 b
1996180,CANDIDATE,,
9635606,CANDIDATE,,
3728701,CONFIRMED,,Kepler-1272 b
10861715,FALSE POSITIVE,,
1849702,CANDIDATE,,
9390653,CONFIRMED,,Kepler-504 b
2305866,CANDIDATE,,
11187837,CANDIDATE,,
8885673,FALSE POSITIVE,,
9712350,CANDIDATE,,
8025596,CONFIRMED,,Kepler-1290 b
5956787,FALSE POSITIVE,,
3642741,CONFIRMED,,Kepler-503 b
12071037,FALSE POSITIVE,,
8494617,CONFIRMED,,Kepler-1218 b
10289119,CONFIRMED,,Kepler-1219 b
7382313,CONFIRMED,,Kepler-1220 b
9887224,FALSE POSITIVE,,
7542369,FALSE POSITIVE,,
8544992,CONFIRMED,,Kepler-388 b
8544992,CONFIRMED,,Kepler-388 c
11295426,CONFIRMED,,Kepler-68 A b
7289162,FALSE POSITIVE,,
3001885,FALSE POSITIVE,,
12306058,CONFIRMED,,Kepler-391 b
6183511,CANDIDATE,,
12469800,CANDIDATE,,
4915638,CONFIRMED,,Kepler-1291 b
6351097,FALSE POSITIVE,,
8081905,CONFIRMED,,Kepler-1292 b
11465950,CANDIDATE,,
9996632,FALSE POSITIVE,,
4665571,CANDIDATE,,
4829935,FALSE POSITIVE,,
9269042,CONFIRMED,,Kepler-1221 b
6199056,CANDIDATE,,
11461433,CONFIRMED,,Kepler-1222 b
11818607,CANDIDATE,,
6149910,CANDIDATE,,
9108085,FALSE POSITIVE,,
5436013,CANDIDATE,,
8676148,CONFIRMED,,Kepler-1273 b
9696358,CONFIRMED,,Kepler-1274 b
5039129,FALSE POSITIVE,,
4484336,CANDIDATE,,
9580167,CANDIDATE,,
9757613,CONFIRMED,,Kepler-26 b
11752906,CANDIDATE,,
10916600,CONFIRMED,,Kepler-1293 b
8429314,CONFIRMED,,Kepler-1294 b
9153570,CONFIRMED,,Kepler-1295 b
11768142,CANDIDATE,,
7984574,CANDIDATE,,
9592579,FALSE POSITIVE,,
10336951,CANDIDATE,,
8481129,CONFIRMED,,Kepler-1223 b
2142522,CONFIRMED,,Kepler-1224 b
9395719,CONFIRMED,,Kepler-1250 b
8753896,CONFIRMED,,Kepler-389 b
8240617,CANDIDATE,,
8746295,FALSE POSITIVE,,
10090257,FALSE POSITIVE,,
11295426,CONFIRMED,,Kepler-68 A c
10679583,FALSE POSITIVE,,
11622985,CANDIDATE,,
11361283,CANDIDATE,,
8757824,CONFIRMED,,Kepler-1275 b
9832208,CANDIDATE,,
6124512,CONFIRMED,,Kepler-1296 b
10070468,CONFIRMED,,Kepler-1297 b
10031656,FALSE POSITIVE,,
7584650,CANDIDATE,,
11337566,CONFIRMED,,Kepler-1298 b
6364215,CANDIDATE,,
10202759,FALSE POSITIVE,,
5007345,CONFIRMED,,Kepler-1225 b
12120484,CONFIRMED,,Kepler-1226 b
6429812,CONFIRMED,,Kepler-1227 b
6846911,CANDIDATE,,
5385439,FALSE POSITIVE,,
5963582,CANDIDATE,,
4476423,CANDIDATE,,
11403389,CONFIRMED,,Kepler-1251 b
9851662,CONFIRMED,,Kepler-1252 b
6467363,CANDIDATE,,
6467363,CANDIDATE,,
8758204,CANDIDATE,,
8733898,CONFIRMED,,Kepler-446 b
8733898,CONFIRMED,,Kepler-446 d
3228945,FALSE POSITIVE,,
7008149,FALSE POSITIVE,,
10332213,CANDIDATE,,
7090524,CONFIRMED,,Kepler-1386 b
11133306,CONFIRMED,,Kepler-509 b
6307063,FALSE POSITIVE,,
5871985,CONFIRMED,,Kepler-1318 b
8292840,CONFIRMED,,Kepler-126 d
9730163,CONFIRMED,,Kepler-445 c
9730163,CONFIRMED,,Kepler-445 b
11453592,CONFIRMED,,Kepler-1319 b
3834322,FALSE POSITIVE,,
10073672,CANDIDATE,,
11188249,FALSE POSITIVE,,
4677282,FALSE POSITIVE,,
4858610,FALSE POSITIVE,,
10591855,CONFIRMED,,Kepler-1367 b
4832175,FALSE POSITIVE,,
7749773,CANDIDATE,,
9451706,CONFIRMED,,Kepler-127 b
10064256,CANDIDATE,,
6842807,CANDIDATE,,
4381282,FALSE POSITIVE,,
9815053,CANDIDATE,,
7609553,CONFIRMED,,Kepler-1387 b
10122538,CONFIRMED,,Kepler-1388 b
9697131,CANDIDATE,,
5480640,CONFIRMED,,Kepler-399 d
5480640,CONFIRMED,,Kepler-399 b
5480640,CONFIRMED,,Kepler-399 c
5175986,CONFIRMED,,Kepler-1320 b
9008737,CONFIRMED,,Kepler-404 b
9008737,CONFIRMED,,Kepler-404 c
9692128,FALSE POSITIVE,,
10917043,CANDIDATE,,
6521045,CONFIRMED,,Kepler-100 b
8167959,FALSE POSITIVE,,
4075015,FALSE POSITIVE,,
6697605,CANDIDATE,,
6697605,CANDIDATE,,
6294819,CONFIRMED,,Kepler-1368 b
12602314,CANDIDATE,,
5787131,CANDIDATE,,
3230753,FALSE POSITIVE,,
8358012,FALSE POSITIVE,,
4664046,FALSE POSITIVE,,
11401755,CONFIRMED,,Kepler-36 c
4180401,FALSE POSITIVE,,
6350476,FALSE POSITIVE,,
8292840,CONFIRMED,,Kepler-126 c
5272233,CONFIRMED,,Kepler-400 b
5272233,CONFIRMED,,Kepler-400 c
11456382,FALSE POSITIVE,,
3130548,FALSE POSITIVE,,
9593757,FALSE POSITIVE,,
6346809,CANDIDATE,,
4275117,FALSE POSITIVE,,
6545051,FALSE POSITIVE,,
5513866,FALSE POSITIVE,,
4547603,CANDIDATE,,
5688910,CONFIRMED,,Kepler-1369 b
6345732,CONFIRMED,,Kepler-1370 b
5716763,FALSE POSITIVE,,
6345732,CONFIRMED,,Kepler-1370 c
8611257,CONFIRMED,,Kepler-1389 b
3861611,FALSE POSITIVE,,
12416987,FALSE POSITIVE,,
8259713,CANDIDATE,,
10880507,CONFIRMED,,Kepler-1390 b
11098013,CANDIDATE,,
5443604,FALSE POSITIVE,,
12206313,CONFIRMED,,Kepler-401 b
12206313,CONFIRMED,,Kepler-401 c
9837661,CONFIRMED,,Kepler-1321 b
7769819,CONFIRMED,,Kepler-1342 b
11874577,CANDIDATE,,
12164564,CONFIRMED,,Kepler-1343 b
8190354,FALSE POSITIVE,,
3425851,CANDIDATE,,
10397751,CONFIRMED,,Kepler-1371 b
10397751,CONFIRMED,,Kepler-1371 c
10397751,CANDIDATE,,
7815931,FALSE POSITIVE,,
6679295,CANDIDATE,,
9642292,CONFIRMED,,Kepler-1392 b
6356692,CANDIDATE,,
6026737,CANDIDATE,,
4991208,CONFIRMED,,Kepler-1393 b
8243283,FALSE POSITIVE,,
9837661,CONFIRMED,,Kepler-1321 c
9837661,CANDIDATE,,
9092504,CONFIRMED,,Kepler-1322 b
5383248,CONFIRMED,,Kepler-96 b
10001368,CONFIRMED,,Kepler-1344 b
9466429,CONFIRMED,,Kepler-1345 b
4365442,FALSE POSITIVE,,
8885643,CONFIRMED,,Kepler-1346 b
5652893,CONFIRMED,,Kepler-1347 b
3241557,FALSE POSITIVE,,
3957082,FALSE POSITIVE,,
8681833,CONFIRMED,,Kepler-1372 b
4138951,CONFIRMED,,Kepler-1373 b
3102384,CONFIRMED,,Kepler-454 b
10471515,CONFIRMED,,Kepler-1395 b
4935172,CANDIDATE,,
8760040,CONFIRMED,,Kepler-1396 b
8760040,CANDIDATE,,
10098844,CONFIRMED,,Kepler-1397 b
9467404,CONFIRMED,,Kepler-1323 b
5308666,FALSE POSITIVE,,
5184911,CONFIRMED,,Kepler-1324 b
8176564,CANDIDATE,,
6587105,CONFIRMED,,Kepler-1325 b
11662184,CONFIRMED,,Kepler-1348 b
11127479,CONFIRMED,,Kepler-1349 b
5428668,FALSE POSITIVE,,
5041569,FALSE POSITIVE,,
10604521,CANDIDATE,,
9899181,FALSE POSITIVE,,
9899181,FALSE POSITIVE,,
8884274,CONFIRMED,,Kepler-1374 b
7767162,CONFIRMED,,Kepler-1375 b
4861791,FALSE POSITIVE,,
4385148,CANDIDATE,,
4385148,CANDIDATE,,
9838468,CONFIRMED,,Kepler-1391 b
6781548,FALSE POSITIVE,,
8617363,CANDIDATE,,
11401755,CONFIRMED,,Kepler-36 b
7673192,CONFIRMED,,Kepler-402 c
7673192,CONFIRMED,,Kepler-402 e
7673192,CONFIRMED,,Kepler-402 b
7673192,CONFIRMED,,Kepler-402 d
11807274,CONFIRMED,,Kepler-50 b
7670943,CANDIDATE,,
6697756,CONFIRMED,,Kepler-1351 b
5649833,FALSE POSITIVE,,
10518399,FALSE POSITIVE,,
5905822,CANDIDATE,,
10793172,CANDIDATE,,
10793172,CANDIDATE,,
7136729,FALSE POSITIVE,,
6364276,FALSE POSITIVE,,
4367854,FALSE POSITIVE,,
5108946,FALSE POSITIVE,,
10597693,CANDIDATE,,
7466270,CANDIDATE,,
10876237,FALSE POSITIVE,,
12314973,CONFIRMED,,Kepler-450 b
3346154,CANDIDATE,,
5308387,FALSE POSITIVE,,
6233573,FALSE POSITIVE,,
10363281,FALSE POSITIVE,,
4861527,FALSE POSITIVE,,
9898447,CANDIDATE,,
5307568,FALSE POSITIVE,,
11135308,CONFIRMED,,Kepler-1352 b
6521045,CONFIRMED,,Kepler-100 d
8077137,CONFIRMED,,Kepler-128 b
7019524,CONFIRMED,,Kepler-1376 b
5106313,CANDIDATE,,
9825174,CONFIRMED,,Kepler-1377 b
5642620,FALSE POSITIVE,,
5014903,FALSE POSITIVE,,
5980783,CANDIDATE,,
8873090,CANDIDATE,,
12008872,CONFIRMED,,Kepler-1327 b
8415200,CONFIRMED,,Kepler-1328 b
4072333,FALSE POSITIVE,,
9886361,CONFIRMED,,Kepler-403 b
9886361,CONFIRMED,,Kepler-403 c
3730335,FALSE POSITIVE,,
6528464,CONFIRMED,,Kepler-449 b
7428316,FALSE POSITIVE,,
10275766,FALSE POSITIVE,,
10275766,FALSE POSITIVE,,
6370120,CANDIDATE,,
5642620,FALSE POSITIVE,,
5209845,CONFIRMED,,Kepler-1378 b
9652649,FALSE POSITIVE,,
11100670,FALSE POSITIVE,,
6129524,CONFIRMED,,Kepler-1379 b
5794570,CONFIRMED,,Kepler-1312 b
5794570,CANDIDATE,,
5649325,FALSE POSITIVE,,
9958387,CANDIDATE,,
6779260,CONFIRMED,,Kepler-1313 b
11807274,CONFIRMED,,Kepler-50 c
5953297,CANDIDATE,,
7659389,CANDIDATE,,
9472074,CANDIDATE,,
10842192,CONFIRMED,,Kepler-1329 b
2442448,CONFIRMED,,Kepler-1354 b
11197853,CANDIDATE,,
9665922,FALSE POSITIVE,,
11283615,CONFIRMED,,Kepler-1355 b
7605093,CONFIRMED,,Kepler-1356 b
8077137,CONFIRMED,,Kepler-128 c
12023078,FALSE POSITIVE,,
6364162,FALSE POSITIVE,,
6716021,CANDIDATE,,
11231334,FALSE POSITIVE,,
8326342,FALSE POSITIVE,,
6878240,CONFIRMED,,Kepler-397 c
6878240,CONFIRMED,,Kepler-397 b
2436378,FALSE POSITIVE,,
6614629,FALSE POSITIVE,,
6630943,FALSE POSITIVE,,
4831728,CONFIRMED,,Kepler-1330 b
3336765,FALSE POSITIVE,,
4270565,FALSE POSITIVE,,
6528464,CONFIRMED,,Kepler-449 c
11963206,CONFIRMED,,Kepler-1357 b
4249611,CANDIDATE,,
8263545,CANDIDATE,,
10068024,FALSE POSITIVE,,
9636563,FALSE POSITIVE,,
6937402,CONFIRMED,,Kepler-1380 b
5475641,FALSE POSITIVE,,
2853828,FALSE POSITIVE,,
7899070,CANDIDATE,,
4035667,FALSE POSITIVE,,
9612825,FALSE POSITIVE,,
7826659,CANDIDATE,,
7202957,CANDIDATE,,
5513893,FALSE POSITIVE,,
10514430,FALSE POSITIVE,,
8095441,CONFIRMED,,Kepler-1332 b
5881813,CONFIRMED,,Kepler-1333 b
12456601,CONFIRMED,,Kepler-1334 b
10341917,FALSE POSITIVE,,
3241604,FALSE POSITIVE,,
9591070,FALSE POSITIVE,,
8227661,FALSE POSITIVE,,
7428736,CONFIRMED,,Kepler-1358 b
5817986,FALSE POSITIVE,,
11129258,CONFIRMED,,Kepler-1381 b
10586004,CONFIRMED,,Kepler-129 b
4939533,CANDIDATE,,
4846856,CANDIDATE,,
6521045,CONFIRMED,,Kepler-100 c
5790807,FALSE POSITIVE,,
8892303,CONFIRMED,,Kepler-1314 b
10265602,CANDIDATE,,
5369827,CANDIDATE,,
5302643,FALSE POSITIVE,,
6586746,CONFIRMED,,Kepler-1335 b
9962455,CONFIRMED,,Kepler-1336 b
9962455,CONFIRMED,,Kepler-1336 c
8687088,FALSE POSITIVE,,
6436029,CONFIRMED,,Kepler-1359 b
6197215,CANDIDATE,,
9451706,CONFIRMED,,Kepler-127 d
9244508,CONFIRMED,,Kepler-1360 b
9692557,FALSE POSITIVE,,
9366886,FALSE POSITIVE,,
3657176,FALSE POSITIVE,,
3969687,CONFIRMED,,Kepler-1382 b
9369366,FALSE POSITIVE,,
4552729,CANDIDATE,,
2989706,FALSE POSITIVE,,
5185897,CONFIRMED,,Kepler-398 b
5185897,CONFIRMED,,Kepler-398 c
5185897,CONFIRMED,,Kepler-398 d
3663173,CANDIDATE,,
9881077,CONFIRMED,,Kepler-1337 b
3097346,FALSE POSITIVE,,
5717567,FALSE POSITIVE,,
6265792,CONFIRMED,,Kepler-1338 b
9995402,CONFIRMED,,Kepler-1361 b
9109857,CANDIDATE,,
5609593,CONFIRMED,,Kepler-1362 b
5436338,CANDIDATE,,
11414465,CONFIRMED,,Kepler-1363 b
6716545,CANDIDATE,,
2708885,FALSE POSITIVE,,
6612284,FALSE POSITIVE,,
10586004,CONFIRMED,,Kepler-129 c
4483138,CONFIRMED,,Kepler-1384 b
9475552,CONFIRMED,,Kepler-1315 b
9475552,CANDIDATE,,
8292840,CONFIRMED,,Kepler-126 b
5196864,CANDIDATE,,
11071200,CANDIDATE,,
11071200,CANDIDATE,,
10905911,CONFIRMED,,Kepler-1339 b
3545135,CANDIDATE,,
6964929,CONFIRMED,,Kepler-1340 b
6432345,CANDIDATE,,
8703129,CANDIDATE,,
11565924,CONFIRMED,,Kepler-1364 b
6607357,CONFIRMED,,Kepler-1365 b
6607357,CONFIRMED,,Kepler-1365 c
9451706,CONFIRMED,,Kepler-127 c
6186964,CONFIRMED,,Kepler-1366 b
5471202,FALSE POSITIVE,,
9640439,FALSE POSITIVE,,
9693006,CONFIRMED,,Kepler-1385 b
5613821,CANDIDATE,,
6627507,FALSE POSITIVE,,
5128673,CONFIRMED,,Kepler-1316 b
6690836,CONFIRMED,,Kepler-1317 b
8639908,CANDIDATE,,
5481148,FALSE POSITIVE,,
11076400,CANDIDATE,,
7877978,CANDIDATE,,
7903086,FALSE POSITIVE,,
12024120,CONFIRMED,,Kepler-507 b
8210018,CONFIRMED,,Kepler-1341 b
3642289,CONFIRMED,,Kepler-135 b
3642289,CONFIRMED,,Kepler-135 c
3662838,CONFIRMED,,Kepler-516 b
5966322,CONFIRMED,,Kepler-517 b
6029239,CONFIRMED,,Kepler-518 b
12106929,FALSE POSITIVE,,
12107021,FALSE POSITIVE,,
12404954,CONFIRMED,,Kepler-537 b
1571511,FALSE POSITIVE,,
2438070,FALSE POSITIVE,,
3747262,FALSE POSITIVE,,
10190075,CANDIDATE,,
9070666,CONFIRMED,,Kepler-1408 b
3642335,CONFIRMED,,Kepler-1410 b
3328052,FALSE POSITIVE,,
10749059,CANDIDATE,,
9119568,FALSE POSITIVE,,
9119568,FALSE POSITIVE,,
3127817,FALSE POSITIVE,,
9020114,CANDIDATE,,
6196457,CONFIRMED,,Kepler-92 b
7668416,CANDIDATE,,
6029239,CANDIDATE,,
6063220,CONFIRMED,,Kepler-99 b
6071903,CONFIRMED,,Kepler-519 b
6289257,CONFIRMED,,Kepler-520 b
10905239,CONFIRMED,,Kepler-101 b
11623629,CONFIRMED,,Kepler-538 b
3545478,CANDIDATE,,
4815520,CANDIDATE,,
6603043,FALSE POSITIVE,,
7175184,CONFIRMED,,Kepler-144 b
7109851,FALSE POSITIVE,,
11565544,CANDIDATE,,
11403530,CONFIRMED,,Kepler-1412 b
5088536,CONFIRMED,,Kepler-130 b
12072872,CANDIDATE,,
6609270,CANDIDATE,,
12406807,CANDIDATE,,
8046689,FALSE POSITIVE,,
5096590,CONFIRMED,,Kepler-1424 b
9650989,CANDIDATE,,
6289257,CONFIRMED,,Kepler-520 c
6291837,CANDIDATE,,
7024222,FALSE POSITIVE,,
7024511,FALSE POSITIVE,,
7050989,CONFIRMED,,Kepler-136 b
7175184,CONFIRMED,,Kepler-144 c
8494142,CONFIRMED,,Kepler-145 c
11554435,CONFIRMED,,Kepler-63 b
8494142,CONFIRMED,,Kepler-145 b
5652983,FALSE POSITIVE,,
6471021,CONFIRMED,,Kepler-539 b
7906671,FALSE POSITIVE,,
8709688,CANDIDATE,,
8241079,CANDIDATE,,
3348285,FALSE POSITIVE,,
11618601,CANDIDATE,,
7582689,CONFIRMED,,Kepler-431 d
7582689,CONFIRMED,,Kepler-431 b
7582689,CONFIRMED,,Kepler-431 c
9959589,FALSE POSITIVE,,
9025922,FALSE POSITIVE,,
6196457,CONFIRMED,,Kepler-92 c
7050989,CONFIRMED,,Kepler-136 c
7419318,CONFIRMED,,Kepler-137 c
7419318,CONFIRMED,,Kepler-137 b
7603200,CONFIRMED,,Kepler-138 c
7603200,CONFIRMED,,Kepler-138 d
10905239,CONFIRMED,,Kepler-101 c
7364176,CANDIDATE,,
8686097,CONFIRMED,,Kepler-540 b
12356617,CANDIDATE,,
12643589,FALSE POSITIVE,,
12643589,FALSE POSITIVE,,
3323887,CONFIRMED,,Kepler-9 b
11618601,CANDIDATE,,
9716391,CONFIRMED,,Kepler-1413 b
6929841,CONFIRMED,,Kepler-1414 b
5088536,CONFIRMED,,Kepler-130 d
5124254,FALSE POSITIVE,,
11508644,CONFIRMED,,Kepler-1426 b
12168993,CANDIDATE,,
10031500,FALSE POSITIVE,,
7603200,CONFIRMED,,Kepler-138 b
7700622,CANDIDATE,,
8008067,CONFIRMED,,Kepler-139 b
8008067,CONFIRMED,,Kepler-139 c
8008067,CANDIDATE,,
3323887,CONFIRMED,,Kepler-9 c
7051180,CANDIDATE,,
3323887,CONFIRMED,,Kepler-9 d
2449074,FALSE POSITIVE,,
2446113,FALSE POSITIVE,,
2446113,CANDIDATE,,
11137180,CANDIDATE,,
9838804,FALSE POSITIVE,,
5903749,CANDIDATE,,
5903749,CANDIDATE,,
5524881,FALSE POSITIVE,,
3756264,CANDIDATE,,
11572193,CONFIRMED,,Kepler-1428 b
11285870,CONFIRMED,,Kepler-1429 b
8581240,CANDIDATE,,
8121310,CONFIRMED,,Kepler-521 b
8156120,CONFIRMED,,Kepler-522 b
8684730,CANDIDATE,,
3246867,CANDIDATE,,
8700558,FALSE POSITIVE,,
8753657,CONFIRMED,,Kepler-406 b
8554498,CANDIDATE,,
3847708,FALSE POSITIVE,,
3849155,FALSE POSITIVE,,
3858804,FALSE POSITIVE,,
3942670,CONFIRMED,,Kepler-147 c
3942670,CONFIRMED,,Kepler-147 b
6949898,CANDIDATE,,
10585738,CONFIRMED,,Kepler-1415 b
7186665,FALSE POSITIVE,,
2973386,CANDIDATE,,
6388770,FALSE POSITIVE,,
7022573,CANDIDATE,,
7676423,CONFIRMED,,Kepler-1430 b
9288237,CANDIDATE,,
11714231,CONFIRMED,,Kepler-1431 b
11720424,CONFIRMED,,Kepler-1432 b
7837302,FALSE POSITIVE,,
8753657,CONFIRMED,,Kepler-406 c
8948424,FALSE POSITIVE,,
9139084,CONFIRMED,,Kepler-523 b
9641041,FALSE POSITIVE,,
9724984,FALSE POSITIVE,,
2452450,FALSE POSITIVE,,
3230578,FALSE POSITIVE,,
3231137,FALSE POSITIVE,,
3353050,CONFIRMED,,Kepler-541 b
3446746,CONFIRMED,,Kepler-542 b
5695396,CONFIRMED,,Kepler-131 b
5217891,FALSE POSITIVE,,
6593150,CANDIDATE,,
8051946,CONFIRMED,,Kepler-1416 b
5445681,CONFIRMED,,Kepler-1417 b
6523351,CANDIDATE,,
5551672,CANDIDATE,,
3323289,FALSE POSITIVE,,
11499192,CONFIRMED,,Kepler-1433 b
12416661,CONFIRMED,,Kepler-1434 b
8197793,CANDIDATE,,
8258171,FALSE POSITIVE,,
9880467,CANDIDATE,,
9880467,CANDIDATE,,
9881662,CONFIRMED,,Kepler-140 b
9881662,CONFIRMED,,Kepler-140 c
9895004,FALSE POSITIVE,,
3656121,CONFIRMED,,Kepler-146 b
10620329,FALSE POSITIVE,,
3656121,CONFIRMED,,Kepler-146 c
3733628,CONFIRMED,,Kepler-543 b
3831053,CANDIDATE,,
6357290,CANDIDATE,,
4072955,CANDIDATE,,
8695311,CANDIDATE,,
9834731,CANDIDATE,,
5092266,CANDIDATE,,
8751796,CONFIRMED,,Kepler-1435 b
7097534,FALSE POSITIVE,,
9907129,CONFIRMED,,Kepler-1436 b
7609674,CANDIDATE,,
9527334,CONFIRMED,,Kepler-461 b
10031885,FALSE POSITIVE,,
11361646,CONFIRMED,,Kepler-524 b
11361646,CONFIRMED,,Kepler-524 c
10285631,CONFIRMED,,Kepler-525 b
3964109,CONFIRMED,,Kepler-544 b
4159347,FALSE POSITIVE,,
3544595,CONFIRMED,,Kepler-93 b
4165960,FALSE POSITIVE,,
4252322,CANDIDATE,,
4376644,FALSE POSITIVE,,
9301506,FALSE POSITIVE,,
5695396,CONFIRMED,,Kepler-131 c
9714550,CANDIDATE,,
6263593,CONFIRMED,,Kepler-1418 b
5475042,CANDIDATE,,
6964159,FALSE POSITIVE,,
10252275,CANDIDATE,,
10252275,CANDIDATE,,
11455181,CONFIRMED,,Kepler-1437 b
9541295,FALSE POSITIVE,,
10290666,CONFIRMED,,Kepler-526 b
10337258,CONFIRMED,,Kepler-527 b
10470206,FALSE POSITIVE,,
10518725,FALSE POSITIVE,,
12314973,CONFIRMED,,Kepler-450 c
5450893,CANDIDATE,,
4770174,CANDIDATE,,
8949925,CANDIDATE,,
9959492,CANDIDATE,,
8827575,CANDIDATE,,
8827575,CANDIDATE,,
2716801,CONFIRMED,,Kepler-1419 b
7281454,FALSE POSITIVE,,
7216284,CONFIRMED,,Kepler-1420 b
8703887,FALSE POSITIVE,,
9899352,FALSE POSITIVE,,
6945786,CANDIDATE,,
5978170,CANDIDATE,,
5440317,CONFIRMED,,Kepler-1438 b
10545066,CONFIRMED,,Kepler-528 b
6056992,FALSE POSITIVE,,
10552611,CONFIRMED,,Kepler-141 c
10552611,CONFIRMED,,Kepler-141 b
10587105,CONFIRMED,,Kepler-529 b
10587105,CONFIRMED,,Kepler-529 c
6948480,FALSE POSITIVE,,
6438099,CANDIDATE,,
11090556,CONFIRMED,,Kepler-1398 b
11090556,CONFIRMED,,Kepler-1398 c
10686814,FALSE POSITIVE,,
3234843,CONFIRMED,,Kepler-405 c
6021275,CONFIRMED,,Kepler-132 d
3234843,CONFIRMED,,Kepler-405 b
8192911,FALSE POSITIVE,,
10554967,FALSE POSITIVE,,
3752110,CANDIDATE,,
5688790,CONFIRMED,,Kepler-1439 b
1717722,CANDIDATE,,
1717722,CANDIDATE,,
10908248,CONFIRMED,,Kepler-1440 b
10616571,FALSE POSITIVE,,
10878263,CONFIRMED,,Kepler-414 c
10878263,CONFIRMED,,Kepler-414 b
10982872,CONFIRMED,,Kepler-142 c
10982872,CONFIRMED,,Kepler-142 b
2720514,FALSE POSITIVE,,
4141376,CANDIDATE,,
9468551,CONFIRMED,,Kepler-1399 b
9076971,CONFIRMED,,Kepler-1400 b
8360640,CANDIDATE,,
11019987,CONFIRMED,,Kepler-1421 b
4857058,CANDIDATE,,
10924562,CONFIRMED,,Kepler-1422 b
9899505,FALSE POSITIVE,,
5040077,CANDIDATE,,
7534267,CONFIRMED,,Kepler-1441 b
9592705,CANDIDATE,,
10611420,FALSE POSITIVE,,
10386922,CANDIDATE,,
10386922,CONFIRMED,,Kepler-511 b
10982872,CONFIRMED,,Kepler-142 d
3558981,FALSE POSITIVE,,
11015108,CONFIRMED,,Kepler-530 b
11074541,CONFIRMED,,Kepler-531 b
11100383,CONFIRMED,,Kepler-532 b
7918652,CANDIDATE,,
8847111,FALSE POSITIVE,,
4568298,FALSE POSITIVE,,
9230021,CANDIDATE,,
4374339,FALSE POSITIVE,,
6636320,CANDIDATE,,
4067925,CANDIDATE,,
4847782,FALSE POSITIVE,,
6021275,CONFIRMED,,Kepler-132 c
10350571,FALSE POSITIVE,,
3230805,CANDIDATE,,
4676964,CANDIDATE,,
10488450,FALSE POSITIVE,,
10933561,CONFIRMED,,Kepler-133 c
10933561,CONFIRMED,,Kepler-133 b
8845026,FALSE POSITIVE,,
11075737,CONFIRMED,,Kepler-97 b
11189127,CANDIDATE,,
11194032,CONFIRMED,,Kepler-533 b
11394027,CANDIDATE,,
7609553,CANDIDATE,,
11395587,CANDIDATE,,
11442793,CONFIRMED,,Kepler-90 h
5520547,CONFIRMED,,Kepler-1401 b
4848424,FALSE POSITIVE,,
8866102,CONFIRMED,,Kepler-410 A b
4143755,CONFIRMED,,Kepler-510 b
8509442,CANDIDATE,,
11244137,CONFIRMED,,Kepler-1402 b
6072593,FALSE POSITIVE,,
5865654,CONFIRMED,,Kepler-1423 b
3219643,FALSE POSITIVE,,
8546542,CANDIDATE,,
8197560,FALSE POSITIVE,,
11200415,FALSE POSITIVE,,
11259686,CONFIRMED,,Kepler-512 b
11547513,CONFIRMED,,Kepler-134 b
11547513,CONFIRMED,,Kepler-134 c
11802615,CONFIRMED,,Kepler-513 b
11442793,CONFIRMED,,Kepler-90 g
10122538,CANDIDATE,,
11442793,CONFIRMED,,Kepler-90 d
2445975,FALSE POSITIVE,,
11521793,CONFIRMED,,Kepler-143 c
11566064,CANDIDATE,,
11566064,CANDIDATE,,
6531496,FALSE POSITIVE,,
3848275,CONFIRMED,,Kepler-1403 b
12021625,CONFIRMED,,Kepler-1404 b
9777256,FALSE POSITIVE,,
4175630,CONFIRMED,,Kepler-1405 b
7433585,FALSE POSITIVE,,
6665223,FALSE POSITIVE,,
3328080,CANDIDATE,,
8430964,CANDIDATE,,
3654719,FALSE POSITIVE,,
6021275,CONFIRMED,,Kepler-132 b
10619142,FALSE POSITIVE,,
12256520,CANDIDATE,,
11905011,CONFIRMED,,Kepler-514 b
12785320,CONFIRMED,,Kepler-515 b
12785320,CANDIDATE,,
2692377,CONFIRMED,,Kepler-98 b
3742855,FALSE POSITIVE,,
3438975,FALSE POSITIVE,,
11568987,CONFIRMED,,Kepler-534 b
11568987,CANDIDATE,,
11621223,CONFIRMED,,Kepler-535 b
11624249,CONFIRMED,,Kepler-536 b
12017140,FALSE POSITIVE,,
10000941,CANDIDATE,,
5702939,FALSE POSITIVE,,
3852655,CONFIRMED,,Kepler-1406 b
11255231,FALSE POSITIVE,,
5088536,CONFIRMED,,Kepler-130 c
6103377,CONFIRMED,,Kepler-1407 b
6677841,CANDIDATE,,
7106173,CANDIDATE,,
7106173,CANDIDATE,,
7106173,CANDIDATE,,
3324986,FALSE POSITIVE,,
8037145,CONFIRMED,,Kepler-176 d
8162789,CANDIDATE,,
8265218,CANDIDATE,,
8806123,CONFIRMED,,Kepler-177 c
8806123,CONFIRMED,,Kepler-177 b
10098844,FALSE POSITIVE,,
8355239,CONFIRMED,,Kepler-189 b
9210823,FALSE POSITIVE,,
8367113,CONFIRMED,,Kepler-606 b
8474898,FALSE POSITIVE,,
8558011,CANDIDATE,,
9115800,CONFIRMED,,Kepler-548 b
9214713,FALSE POSITIVE,,
9478990,CONFIRMED,,Kepler-39 b
9597411,FALSE POSITIVE,,
6850504,CONFIRMED,,Kepler-20 e
8609450,FALSE POSITIVE,,
10934674,CONFIRMED,,Kepler-567 b
10990886,CONFIRMED,,Kepler-568 b
11015323,CONFIRMED,,Kepler-569 b
11134879,CONFIRMED,,Kepler-570 b
11192998,CONFIRMED,,Kepler-166 b
9334893,CANDIDATE,,
8934495,CANDIDATE,,
9119458,FALSE POSITIVE,,
5866724,CONFIRMED,,Kepler-65 c
9157634,CONFIRMED,,Kepler-586 b
9636569,FALSE POSITIVE,,
12406807,CANDIDATE,,
8565266,CONFIRMED,,Kepler-608 b
8616637,CONFIRMED,,Kepler-190 b
8616637,CONFIRMED,,Kepler-190 c
8625925,CONFIRMED,,Kepler-609 b
8822216,CONFIRMED,,Kepler-610 b
4548011,CANDIDATE,,
9967884,FALSE POSITIVE,,
10016874,CANDIDATE,,
10189546,CANDIDATE,,
10189546,CONFIRMED,,Kepler-549 b
10189546,CONFIRMED,,Kepler-549 c
10748393,FALSE POSITIVE,,
11192998,CONFIRMED,,Kepler-166 d
11192998,CONFIRMED,,Kepler-166 c
8823868,FALSE POSITIVE,,
11255761,FALSE POSITIVE,,
11497977,CONFIRMED,,Kepler-571 b
9941859,CONFIRMED,,Kepler-178 b
9941859,CONFIRMED,,Kepler-178 d
9941859,CONFIRMED,,Kepler-178 c
10068030,FALSE POSITIVE,,
10266615,CONFIRMED,,Kepler-587 b
6444896,FALSE POSITIVE,,
10395543,CANDIDATE,,
8822216,CONFIRMED,,Kepler-610 c
9020160,CONFIRMED,,Kepler-191 d
7941200,CANDIDATE,,
9020160,CONFIRMED,,Kepler-191 c
9020160,CONFIRMED,,Kepler-191 b
10418224,CONFIRMED,,Kepler-40 b
10616679,CONFIRMED,,Kepler-550 b
10717241,CONFIRMED,,Kepler-551 b
10717241,CANDIDATE,,
7303287,CANDIDATE,,
10843590,CONFIRMED,,Kepler-153 b
6850504,CONFIRMED,,Kepler-20 f
12061222,CONFIRMED,,Kepler-572 b
12316431,FALSE POSITIVE,,
12404305,CONFIRMED,,Kepler-573 b
10212441,FALSE POSITIVE,,
12834874,CONFIRMED,,Kepler-574 b
2557816,CONFIRMED,,Kepler-575 b
10454313,CONFIRMED,,Kepler-588 b
10513530,CONFIRMED,,Kepler-589 b
5866724,CONFIRMED,,Kepler-65 b
8121310,CANDIDATE,,
10513530,CANDIDATE,,
10554999,CONFIRMED,,Kepler-179 c
9076513,CONFIRMED,,Kepler-611 b
9146018,CONFIRMED,,Kepler-192 b
9146018,CONFIRMED,,Kepler-192 c
11615258,FALSE POSITIVE,,
9146018,CONFIRMED,,Kepler-192 d
9279669,CONFIRMED,,Kepler-612 b
10843590,CONFIRMED,,Kepler-153 c
10858832,CONFIRMED,,Kepler-552 b
10937029,CONFIRMED,,Kepler-553 b
11599038,FALSE POSITIVE,,
10937029,CONFIRMED,,Kepler-553 c
11656302,FALSE POSITIVE,,
2576197,FALSE POSITIVE,,
2576197,FALSE POSITIVE,,
3239945,CONFIRMED,,Kepler-167 b
10387742,FALSE POSITIVE,,
10187017,CONFIRMED,,Kepler-102 e
3239945,CONFIRMED,,Kepler-167 e
10554999,CONFIRMED,,Kepler-179 b
10873260,CONFIRMED,,Kepler-590 b
10965008,CONFIRMED,,Kepler-591 b
11073351,CONFIRMED,,Kepler-592 b
11090765,CONFIRMED,,Kepler-593 b
11246364,FALSE POSITIVE,,
9570741,CONFIRMED,,Kepler-613 b
9607164,CONFIRMED,,Kepler-614 b
9631762,CONFIRMED,,Kepler-615 b
6462863,CONFIRMED,,Kepler-89 d
9782691,CONFIRMED,,Kepler-193 b
11709124,CONFIRMED,,Kepler-154 d
11709124,CANDIDATE,,
11805075,CANDIDATE,,
11599038,FALSE POSITIVE,,
11824222,FALSE POSITIVE,,
12302530,CONFIRMED,,Kepler-155 b
11904151,CONFIRMED,,Kepler-10 b
3239945,CONFIRMED,,Kepler-167 c
3239945,CONFIRMED,,Kepler-167 d
3541800,FALSE POSITIVE,,
3559935,CONFIRMED,,Kepler-576 b
3834360,FALSE POSITIVE,,
3966801,CONFIRMED,,Kepler-577 b
11521048,FALSE POSITIVE,,
11656721,CONFIRMED,,Kepler-594 b
11853905,CONFIRMED,,Kepler-4 b
5866724,CONFIRMED,,Kepler-65 d
11669239,CONFIRMED,,Kepler-180 c
11669239,CONFIRMED,,Kepler-180 b
10600261,CONFIRMED,,Kepler-194 d
10656823,CONFIRMED,,Kepler-195 b
8435232,FALSE POSITIVE,,
10656823,CONFIRMED,,Kepler-195 c
10676824,CANDIDATE,,
10718726,CONFIRMED,,Kepler-618 b
12302530,CONFIRMED,,Kepler-155 c
12470954,CONFIRMED,,Kepler-554 b
6268648,CANDIDATE,,
2438264,CONFIRMED,,Kepler-156 c
2438264,CONFIRMED,,Kepler-156 b
3340312,FALSE POSITIVE,,
4049108,FALSE POSITIVE,,
4454752,CONFIRMED,,Kepler-578 b
8212002,CANDIDATE,,
4757437,CONFIRMED,,Kepler-168 c
10187017,CONFIRMED,,Kepler-102 d
4757437,CONFIRMED,,Kepler-168 b
11823054,CONFIRMED,,Kepler-181 c
11823054,CONFIRMED,,Kepler-181 b
7017274,CANDIDATE,,
11913012,FALSE POSITIVE,,
11972666,FALSE POSITIVE,,
12058931,CONFIRMED,,Kepler-182 c
9782691,CONFIRMED,,Kepler-193 c
9886221,FALSE POSITIVE,,
12366084,CANDIDATE,,
9957627,CANDIDATE,,
9958962,CONFIRMED,,Kepler-616 b
9958962,CONFIRMED,,Kepler-616 c
3745690,CONFIRMED,,Kepler-157 c
3745690,CONFIRMED,,Kepler-157 b
9872283,CANDIDATE,,
3745690,CONFIRMED,,Kepler-157 d
3833007,CONFIRMED,,Kepler-555 b
3847138,CONFIRMED,,Kepler-556 b
4833135,FALSE POSITIVE,,
4847534,CONFIRMED,,Kepler-579 b
4852528,CONFIRMED,,Kepler-80 b
4852528,CONFIRMED,,Kepler-80 c
4852528,CONFIRMED,,Kepler-80 d
4852528,CONFIRMED,,Kepler-80 e
12058931,CONFIRMED,,Kepler-182 b
12116489,CONFIRMED,,Kepler-595 b
12600735,CONFIRMED,,Kepler-596 b
10593626,CONFIRMED,,Kepler-22 b
3437776,FALSE POSITIVE,,
9958962,CANDIDATE,,
10294465,FALSE POSITIVE,,
10388286,CONFIRMED,,Kepler-617 b
10600261,CONFIRMED,,Kepler-194 c
6462863,CONFIRMED,,Kepler-89 c
10600261,CONFIRMED,,Kepler-194 b
11904151,CONFIRMED,,Kepler-10 c
4384675,FALSE POSITIVE,,
4633570,CONFIRMED,,Kepler-158 b
4633570,CONFIRMED,,Kepler-158 c
5021176,FALSE POSITIVE,,
5640085,CONFIRMED,,Kepler-159 b
5640085,CONFIRMED,,Kepler-159 c
4852528,CONFIRMED,,Kepler-80 f
4951877,CANDIDATE,,
5282051,FALSE POSITIVE,,
10187017,CONFIRMED,,Kepler-102 f
5340644,CONFIRMED,,Kepler-580 b
3437776,FALSE POSITIVE,,
4165473,CONFIRMED,,Kepler-597 b
4270253,CONFIRMED,,Kepler-183 c
5544450,CANDIDATE,,
4270253,CONFIRMED,,Kepler-183 b
5122112,FALSE POSITIVE,,
10973664,CONFIRMED,,Kepler-619 b
10973664,CANDIDATE,,
10973664,CONFIRMED,,Kepler-619 c
12459913,CONFIRMED,,Kepler-620 b
6462863,CONFIRMED,,Kepler-89 e
5779852,FALSE POSITIVE,,
6042214,FALSE POSITIVE,,
6200715,FALSE POSITIVE,,
6291033,CONFIRMED,,Kepler-557 b
6889235,FALSE POSITIVE,,
6758917,FALSE POSITIVE,,
5461440,CONFIRMED,,Kepler-581 b
5689351,CONFIRMED,,Kepler-169 e
6779260,CANDIDATE,,
5689351,CONFIRMED,,Kepler-169 c
5689351,CONFIRMED,,Kepler-169 b
5689351,CONFIRMED,,Kepler-169 d
5303551,FALSE POSITIVE,,
5443837,CANDIDATE,,
7692093,FALSE POSITIVE,,
5709725,CONFIRMED,,Kepler-598 b
5709725,CANDIDATE,,
7700871,FALSE POSITIVE,,
9946525,CONFIRMED,,Kepler-148 d
9946525,CONFIRMED,,Kepler-148 c
2716853,FALSE POSITIVE,,
9946525,CONFIRMED,,Kepler-148 b
7289157,FALSE POSITIVE,,
2695110,FALSE POSITIVE,,
7098355,CONFIRMED,,Kepler-558 b
7101828,FALSE POSITIVE,,
2832589,CANDIDATE,,
7269974,CONFIRMED,,Kepler-160 c
7269974,CONFIRMED,,Kepler-160 b
7440748,CONFIRMED,,Kepler-161 b
5689351,CONFIRMED,,Kepler-169 f
5780715,CANDIDATE,,
10793172,CANDIDATE,,
5812960,CONFIRMED,,Kepler-582 b
6266741,CONFIRMED,,Kepler-170 b
10187017,CONFIRMED,,Kepler-102 c
5738496,FALSE POSITIVE,,
5774349,CONFIRMED,,Kepler-599 b
10285631,CANDIDATE,,
5978361,CANDIDATE,,
6422367,FALSE POSITIVE,,
6501635,CONFIRMED,,Kepler-600 b
3217264,CONFIRMED,,Kepler-149 b
3217264,CONFIRMED,,Kepler-149 d
8554498,CANDIDATE,,
6850504,CONFIRMED,,Kepler-20 c
3217264,CONFIRMED,,Kepler-149 c
3342592,FALSE POSITIVE,,
7440748,CONFIRMED,,Kepler-161 c
7504328,CANDIDATE,,
8219268,FALSE POSITIVE,,
7977197,CONFIRMED,,Kepler-162 c
7977197,CONFIRMED,,Kepler-162 b
7199397,CANDIDATE,,
6266741,CONFIRMED,,Kepler-170 c
6381846,CONFIRMED,,Kepler-171 b
4367854,FALSE POSITIVE,,
6381846,CONFIRMED,,Kepler-171 c
6381846,CONFIRMED,,Kepler-171 d
6422155,CONFIRMED,,Kepler-172 b
6665695,CONFIRMED,,Kepler-601 b
6707833,CONFIRMED,,Kepler-602 b
9785921,FALSE POSITIVE,,
6786037,CONFIRMED,,Kepler-603 b
6786037,CONFIRMED,,Kepler-603 c
6786037,CONFIRMED,,Kepler-603 d
4247092,FALSE POSITIVE,,
4949751,FALSE POSITIVE,,
10157458,CANDIDATE,,
5003117,FALSE POSITIVE,,
5035972,FALSE POSITIVE,,
5218441,FALSE POSITIVE,,
5351250,CONFIRMED,,Kepler-150 c
8043638,CONFIRMED,,Kepler-559 b
8261920,CANDIDATE,,
8621348,FALSE POSITIVE,,
8773869,FALSE POSITIVE,,
8845205,CONFIRMED,,Kepler-560 b
8890783,CONFIRMED,,Kepler-561 b
8890783,CONFIRMED,,Kepler-561 c
6716545,CANDIDATE,,
6422155,CONFIRMED,,Kepler-172 c
6422155,CONFIRMED,,Kepler-172 d
6422155,CONFIRMED,,Kepler-172 e
6451936,CONFIRMED,,Kepler-173 c
6451936,CONFIRMED,,Kepler-173 b
1723078,CANDIDATE,,
8056665,CONFIRMED,,Kepler-462 b
7025846,FALSE POSITIVE,,
7119481,CONFIRMED,,Kepler-604 b
7445445,CONFIRMED,,Kepler-184 b
7445445,CONFIRMED,,Kepler-184 c
8397947,FALSE POSITIVE,,
5351250,CONFIRMED,,Kepler-150 d
5351250,CONFIRMED,,Kepler-150 e
6850504,CONFIRMED,,Kepler-20 b
5351250,CONFIRMED,,Kepler-150 b
5444548,CONFIRMED,,Kepler-545 b
10187017,CANDIDATE,,
8891318,FALSE POSITIVE,,
9008220,FALSE POSITIVE,,
9583881,CONFIRMED,,Kepler-562 b
9589524,CONFIRMED,,Kepler-563 b
9955262,FALSE POSITIVE,,
8019043,FALSE POSITIVE,,
10187017,CONFIRMED,,Kepler-102 b
6838050,CONFIRMED,,Kepler-583 b
6937692,CONFIRMED,,Kepler-584 b
7602070,FALSE POSITIVE,,
7812179,FALSE POSITIVE,,
1868404,FALSE POSITIVE,,
7445445,CONFIRMED,,Kepler-184 d
7595157,CONFIRMED,,Kepler-605 b
7595157,CONFIRMED,,Kepler-605 c
8008206,CONFIRMED,,Kepler-185 c
8008206,CONFIRMED,,Kepler-185 b
7906892,CANDIDATE,,
5449777,FALSE POSITIVE,,
5478055,FALSE POSITIVE,,
5683743,CONFIRMED,,Kepler-546 b
5791986,CONFIRMED,,Kepler-151 b
5791986,CONFIRMED,,Kepler-151 c
8320630,CANDIDATE,,
9703198,CANDIDATE,,
9844088,CONFIRMED,,Kepler-564 b
10019643,CONFIRMED,,Kepler-163 c
10019643,CONFIRMED,,Kepler-163 b
10123064,CONFIRMED,,Kepler-565 b
5653126,FALSE POSITIVE,,
7840044,FALSE POSITIVE,,
8015907,CONFIRMED,,Kepler-585 b
8017703,CONFIRMED,,Kepler-174 b
8017703,CONFIRMED,,Kepler-174 c
8017703,CONFIRMED,,Kepler-174 d
1995712,FALSE POSITIVE,,
8106610,FALSE POSITIVE,,
8056665,CANDIDATE,,
8120608,CONFIRMED,,Kepler-186 c
8120608,CONFIRMED,,Kepler-186 d
8120608,CONFIRMED,,Kepler-186 b
5872150,FALSE POSITIVE,,
5872150,FALSE POSITIVE,,
6289650,CANDIDATE,,
6850504,CONFIRMED,,Kepler-20 d
6508221,CONFIRMED,,Kepler-152 b
11135694,CANDIDATE,,
10155434,CANDIDATE,,
10460984,CONFIRMED,,Kepler-164 c
10460984,CONFIRMED,,Kepler-164 d
10460984,CANDIDATE,,
10460984,CONFIRMED,,Kepler-164 b
6436505,FALSE POSITIVE,,
8022244,CONFIRMED,,Kepler-175 b
2571238,CONFIRMED,,Kepler-19 b
8022244,CONFIRMED,,Kepler-175 c
8037145,CONFIRMED,,Kepler-176 c
8037145,CONFIRMED,,Kepler-176 b
2140389,FALSE POSITIVE,,
8193178,CONFIRMED,,Kepler-187 c
8193178,CONFIRMED,,Kepler-187 b
8344004,CONFIRMED,,Kepler-188 c
8344004,CONFIRMED,,Kepler-188 b
8355239,CONFIRMED,,Kepler-189 c
8216763,CANDIDATE,,
6508221,CONFIRMED,,Kepler-152 c
6879865,FALSE POSITIVE,,
7975727,FALSE POSITIVE,,
8219673,FALSE POSITIVE,,
8352537,CONFIRMED,,Kepler-547 b
3758499,CANDIDATE,,
3248033,FALSE POSITIVE,,
9552608,FALSE POSITIVE,,
10577994,CONFIRMED,,Kepler-165 b
10577994,CONFIRMED,,Kepler-165 c
10599206,CONFIRMED,,Kepler-566 b
10068383,FALSE POSITIVE,,
10157573,CANDIDATE,,
10191070,FALSE POSITIVE,,
10221013,CANDIDATE,,
10225800,FALSE POSITIVE,,
10227020,CONFIRMED,,Kepler-223 d
4563268,CONFIRMED,,Kepler-625 c
4644604,CONFIRMED,,Kepler-626 b
4656049,CONFIRMED,,Kepler-627 b
4659405,FALSE POSITIVE,,
7941635,FALSE POSITIVE,,
4742414,CONFIRMED,,Kepler-628 b
7619236,CANDIDATE,,
7630229,CANDIDATE,,
7730747,CANDIDATE,,
7764367,CONFIRMED,,Kepler-644 b
9024857,FALSE POSITIVE,,
7906882,CANDIDATE,,
7976520,CANDIDATE,,
10227020,CONFIRMED,,Kepler-223 c
10227020,CONFIRMED,,Kepler-223 e
6678383,CONFIRMED,,Kepler-104 d
2302997,CANDIDATE,,
10227020,CONFIRMED,,Kepler-223 b
10259031,FALSE POSITIVE,,
8505215,CANDIDATE,,
4827723,CONFIRMED,,Kepler-629 b
4841374,CONFIRMED,,Kepler-630 b
2708156,FALSE POSITIVE,,
4861736,FALSE POSITIVE,,
5020319,CANDIDATE,,
5090690,FALSE POSITIVE,,
8161561,CONFIRMED,,Kepler-645 b
8361905,CONFIRMED,,Kepler-646 b
12116489,CANDIDATE,,
8409588,FALSE POSITIVE,,
8480285,CANDIDATE,,
8480285,CONFIRMED,,Kepler-647 b
10265898,CONFIRMED,,Kepler-656 b
10265898,CANDIDATE,,
10265898,CANDIDATE,,
10271806,CONFIRMED,,Kepler-224 c
10271806,CONFIRMED,,Kepler-224 d
5098444,FALSE POSITIVE,,
5113822,CONFIRMED,,Kepler-199 b
5113822,CONFIRMED,,Kepler-199 c
5120087,CONFIRMED,,Kepler-631 b
5121511,CONFIRMED,,Kepler-632 b
8557374,CONFIRMED,,Kepler-213 b
8557374,CONFIRMED,,Kepler-213 c
8738735,CONFIRMED,,Kepler-214 c
8738735,CONFIRMED,,Kepler-214 b
8802165,CONFIRMED,,Kepler-648 b
10271806,CONFIRMED,,Kepler-224 b
10271806,CONFIRMED,,Kepler-224 e
5351250,FALSE POSITIVE,,
10272442,CONFIRMED,,Kepler-657 b
10984090,CONFIRMED,,Kepler-466 b
10272442,CANDIDATE,,
4055765,CANDIDATE,,
5131180,CANDIDATE,,
5181817,FALSE POSITIVE,,
5309353,FALSE POSITIVE,,
5356593,FALSE POSITIVE,,
8805348,CONFIRMED,,Kepler-649 b
8869680,CANDIDATE,,
10843431,CANDIDATE,,
8878187,CONFIRMED,,Kepler-650 b
4914423,CONFIRMED,,Kepler-103 b
8891278,FALSE POSITIVE,,
10287242,CANDIDATE,,
10340423,CONFIRMED,,Kepler-225 c
10340423,CONFIRMED,,Kepler-225 b
10345478,FALSE POSITIVE,,
10358759,CONFIRMED,,Kepler-29 b
5374854,CONFIRMED,,Kepler-633 b
5374854,CANDIDATE,,
5384802,FALSE POSITIVE,,
5531694,CONFIRMED,,Kepler-634 b
5596440,FALSE POSITIVE,,
8908102,FALSE POSITIVE,,
8962094,CONFIRMED,,Kepler-215 d
8962094,CONFIRMED,,Kepler-215 b
8962094,CONFIRMED,,Kepler-215 c
8962094,CONFIRMED,,Kepler-215 e
10358759,CONFIRMED,,Kepler-29 c
10386984,CONFIRMED,,Kepler-658 b
9588822,CANDIDATE,,
10395381,CONFIRMED,,Kepler-659 b
10418797,FALSE POSITIVE,,
5613330,CONFIRMED,,Kepler-635 b
8456679,CANDIDATE,,
5786676,CANDIDATE,,
5796186,FALSE POSITIVE,,
5796675,CONFIRMED,,Kepler-636 b
9002278,CONFIRMED,,Kepler-62 d
12306808,FALSE POSITIVE,,
9002278,CONFIRMED,,Kepler-62 b
9002278,CONFIRMED,,Kepler-62 e
9053112,FALSE POSITIVE,,
4914423,CONFIRMED,,Kepler-103 c
9162741,FALSE POSITIVE,,
5893123,FALSE POSITIVE,,
5941160,CONFIRMED,,Kepler-200 b
5941160,CONFIRMED,,Kepler-200 c
5966154,CONFIRMED,,Kepler-201 b
5966154,CONFIRMED,,Kepler-201 c
3749508,FALSE POSITIVE,,
9266431,CANDIDATE,,
9300285,FALSE POSITIVE,,
9426071,FALSE POSITIVE,,
9458613,CONFIRMED,,Kepler-33 d
9458613,CONFIRMED,,Kepler-33 f
10729472,FALSE POSITIVE,,
5966660,FALSE POSITIVE,,
6020753,CONFIRMED,,Kepler-202 b
8456679,FALSE POSITIVE,,
6020753,CONFIRMED,,Kepler-202 c
6062088,CONFIRMED,,Kepler-203 b
9458613,CONFIRMED,,Kepler-33 e
9458613,CONFIRMED,,Kepler-33 c
9458613,CONFIRMED,,Kepler-33 b
9530945,CONFIRMED,,Kepler-216 c
10610039,CANDIDATE,,
4752451,FALSE POSITIVE,,
6062088,CONFIRMED,,Kepler-203 c
6062088,CONFIRMED,,Kepler-203 d
6125481,CONFIRMED,,Kepler-637 b
6267535,CONFIRMED,,Kepler-638 b
1025986,FALSE POSITIVE,,
6347299,CONFIRMED,,Kepler-204 b
9530945,CONFIRMED,,Kepler-216 b
9578686,CONFIRMED,,Kepler-651 b
9590976,CONFIRMED,,Kepler-217 b
9590976,CONFIRMED,,Kepler-217 c
11284772,CANDIDATE,,
9590976,CONFIRMED,,Kepler-217 d
2441151,FALSE POSITIVE,,
3970233,FALSE POSITIVE,,
4832837,CONFIRMED,,Kepler-621 b
4832837,CANDIDATE,,
5014753,FALSE POSITIVE,,
5441980,CANDIDATE,,
6347299,CONFIRMED,,Kepler-204 c
6365156,CONFIRMED,,Kepler-639 b
6425957,CONFIRMED,,Kepler-205 b
1293046,FALSE POSITIVE,,
2444412,CANDIDATE,,
6425957,CONFIRMED,,Kepler-205 c
9597345,CONFIRMED,,Kepler-218 c
9597345,CONFIRMED,,Kepler-218 b
9597345,CONFIRMED,,Kepler-218 d
10972902,CANDIDATE,,
9640976,FALSE POSITIVE,,
9640985,FALSE POSITIVE,,
5562784,FALSE POSITIVE,,
5608566,FALSE POSITIVE,,
5686174,CONFIRMED,,Kepler-622 b
6309763,CANDIDATE,,
5903312,FALSE POSITIVE,,
6462863,CONFIRMED,,Kepler-89 b
6442340,CONFIRMED,,Kepler-206 c
6442340,CONFIRMED,,Kepler-206 b
6442340,CONFIRMED,,Kepler-206 d
6685609,CONFIRMED,,Kepler-207 d
6685609,CONFIRMED,,Kepler-207 b
9450647,CONFIRMED,,Kepler-465 b
9702072,CONFIRMED,,Kepler-652 b
9413156,CANDIDATE,,
9834719,FALSE POSITIVE,,
9846348,CANDIDATE,,
9873254,CONFIRMED,,Kepler-653 b
6587002,CONFIRMED,,Kepler-196 b
6587002,CONFIRMED,,Kepler-196 c
6960456,FALSE POSITIVE,,
7368664,CONFIRMED,,Kepler-434 b
8374580,FALSE POSITIVE,,
6685609,CONFIRMED,,Kepler-207 c
6707835,CONFIRMED,,Kepler-640 b
2696205,CANDIDATE,,
6752502,CANDIDATE,,
6805146,FALSE POSITIVE,,
10318874,CONFIRMED,,Kepler-94 b
6960445,FALSE POSITIVE,,
9873254,CONFIRMED,,Kepler-653 c
9884104,CONFIRMED,,Kepler-219 b
9884104,CONFIRMED,,Kepler-219 c
9884104,CONFIRMED,,Kepler-219 d
9950612,CONFIRMED,,Kepler-220 c
9714696,CANDIDATE,,
9846086,FALSE POSITIVE,,
10353968,CONFIRMED,,Kepler-623 b
10384962,CANDIDATE,,
11773022,CONFIRMED,,Kepler-51 b
7033671,CONFIRMED,,Kepler-641 b
7040629,CONFIRMED,,Kepler-208 b
2711131,FALSE POSITIVE,,
7040629,CONFIRMED,,Kepler-208 c
7040629,CONFIRMED,,Kepler-208 e
7040629,CONFIRMED,,Kepler-208 d
9950612,CONFIRMED,,Kepler-220 d
6678383,CONFIRMED,,Kepler-104 b
2308411,FALSE POSITIVE,,
9950612,CONFIRMED,,Kepler-220 e
9950612,CONFIRMED,,Kepler-220 b
9963524,CONFIRMED,,Kepler-221 c
5780885,CONFIRMED,,Kepler-7 b
11773022,CONFIRMED,,Kepler-51 d
11773022,CONFIRMED,,Kepler-51 c
12251650,FALSE POSITIVE,,
12417486,CANDIDATE,,
12068975,CONFIRMED,,Kepler-197 c
7115785,CONFIRMED,,Kepler-209 b
7115785,CONFIRMED,,Kepler-209 c
7124613,CONFIRMED,,Kepler-642 b
8711794,CONFIRMED,,Kepler-463 b
7277317,CONFIRMED,,Kepler-643 b
2446134,FALSE POSITIVE,,
9963524,CONFIRMED,,Kepler-221 d
9963524,CONFIRMED,,Kepler-221 e
9964801,CONFIRMED,,Kepler-654 b
9965439,CONFIRMED,,Kepler-655 b
2569995,FALSE POSITIVE,,
12068975,CONFIRMED,,Kepler-197 d
12068975,CONFIRMED,,Kepler-197 b
12068975,CONFIRMED,,Kepler-197 e
3541946,CONFIRMED,,Kepler-198 b
3541946,CONFIRMED,,Kepler-198 c
10264660,CONFIRMED,,Kepler-14 b
7385509,FALSE POSITIVE,,
7447200,CONFIRMED,,Kepler-210 c
7447200,CONFIRMED,,Kepler-210 b
7466863,FALSE POSITIVE,,
7509886,CONFIRMED,,Kepler-211 c
7509886,CONFIRMED,,Kepler-211 b
10002866,CONFIRMED,,Kepler-222 b
10002866,CONFIRMED,,Kepler-222 d
6678383,CONFIRMED,,Kepler-104 c
10002866,CONFIRMED,,Kepler-222 c
2577353,CANDIDATE,,
10005020,FALSE POSITIVE,,
3541946,CONFIRMED,,Kepler-198 d
4449034,CANDIDATE,,
4478168,CONFIRMED,,Kepler-624 b
4478168,CANDIDATE,,
2854839,FALSE POSITIVE,,
4563268,CONFIRMED,,Kepler-625 b
7515212,CONFIRMED,,Kepler-212 c
7515212,CONFIRMED,,Kepler-212 b
7529266,CONFIRMED,,Kepler-435 b
11553706,FALSE POSITIVE,,
10489525,FALSE POSITIVE,,
7598128,FALSE POSITIVE,,
11858979,FALSE POSITIVE,,
5900390,FALSE POSITIVE,,
5444334,FALSE POSITIVE,,
10139620,FALSE POSITIVE,,
8686373,CANDIDATE,,
5386264,FALSE POSITIVE,,
3867615,CONFIRMED,,Kepler-379 b
3218844,FALSE POSITIVE,,
7256914,CANDIDATE,,
7256914,CANDIDATE,,
3542222,FALSE POSITIVE,,
6871071,CANDIDATE,,
5530112,CANDIDATE,,
6226908,CONFIRMED,,Kepler-1546 b
5906694,CANDIDATE,,
10186945,FALSE POSITIVE,,
4636565,FALSE POSITIVE,,
9956082,CONFIRMED,,Kepler-1557 b
7761585,FALSE POSITIVE,,
3241248,FALSE POSITIVE,,
9716302,FALSE POSITIVE,,
2708286,FALSE POSITIVE,,
6755944,CONFIRMED,,Kepler-1547 b
10419797,FALSE POSITIVE,,
6515335,FALSE POSITIVE,,
7777471,FALSE POSITIVE,,
10294509,FALSE POSITIVE,,
3112129,CANDIDATE,,
3003019,FALSE POSITIVE,,
9334893,CONFIRMED,,Kepler-1178 b
3103212,CANDIDATE,,
10000941,CONFIRMED,,Kepler-1558 b
9455677,CONFIRMED,,Kepler-1548 b
6871071,CANDIDATE,,
7690855,FALSE POSITIVE,,
5649837,FALSE POSITIVE,,
10141938,FALSE POSITIVE,,
8029197,FALSE POSITIVE,,
12257886,FALSE POSITIVE,,
10875007,CANDIDATE,,
10875007,CANDIDATE,,
11465651,CANDIDATE,,
5036480,FALSE POSITIVE,,
10275077,FALSE POSITIVE,,
6592832,FALSE POSITIVE,,
8524346,FALSE POSITIVE,,
3937814,CONFIRMED,,Kepler-1549 b
5551228,FALSE POSITIVE,,
5471271,FALSE POSITIVE,,
5881120,CANDIDATE,,
3248696,FALSE POSITIVE,,
4548098,CANDIDATE,,
5306383,FALSE POSITIVE,,
5446285,FALSE POSITIVE,,
7021681,CANDIDATE,,
5041847,FALSE POSITIVE,,
3836558,FALSE POSITIVE,,
4770617,CONFIRMED,,Kepler-1154 c
6106282,CONFIRMED,,Kepler-440 b
4946584,FALSE POSITIVE,,
6463499,FALSE POSITIVE,,
8254882,FALSE POSITIVE,,
4078311,CANDIDATE,,
5475735,FALSE POSITIVE,,
11709124,CONFIRMED,,Kepler-154 c
9022166,CONFIRMED,,Kepler-368 c
10075409,FALSE POSITIVE,,
7038096,FALSE POSITIVE,,
3345973,FALSE POSITIVE,,
11967788,CANDIDATE,,
11972872,FALSE POSITIVE,,
9899233,FALSE POSITIVE,,
3103227,CONFIRMED,,Kepler-1550 b
4850961,CONFIRMED,,Kepler-1551 b
3102309,FALSE POSITIVE,,
8521059,FALSE POSITIVE,,
5217574,FALSE POSITIVE,,
7199060,CANDIDATE,,
8439323,CANDIDATE,,
4458082,CANDIDATE,,
5551228,FALSE POSITIVE,,
11967788,CANDIDATE,,
7733731,CANDIDATE,,
6862332,FALSE POSITIVE,,
10714072,CONFIRMED,,Kepler-1541 b
3110177,CANDIDATE,,
10992011,FALSE POSITIVE,,
8128247,FALSE POSITIVE,,
6276994,FALSE POSITIVE,,
9674564,FALSE POSITIVE,,
5942808,CANDIDATE,,
3232249,CANDIDATE,,
5688683,CANDIDATE,,
6607644,CONFIRMED,,Kepler-1559 b
7610663,CONFIRMED,,Kepler-1560 b
5565707,FALSE POSITIVE,,
1293031,FALSE POSITIVE,,
7449554,CANDIDATE,,
4067110,FALSE POSITIVE,,
8694309,FALSE POSITIVE,,
8282651,CANDIDATE,,
7818447,FALSE POSITIVE,,
11569475,FALSE POSITIVE,,
5688683,FALSE POSITIVE,,
8222627,CANDIDATE,,
8951205,CANDIDATE,,
5700900,FALSE POSITIVE,,
7026477,FALSE POSITIVE,,
9402583,FALSE POSITIVE,,
7838675,CONFIRMED,,Kepler-1561 b
8700537,FALSE POSITIVE,,
10858785,FALSE POSITIVE,,
9640907,FALSE POSITIVE,,
7515670,FALSE POSITIVE,,
9551430,FALSE POSITIVE,,
3228986,FALSE POSITIVE,,
7100673,CONFIRMED,,Kepler-1542 b
7100673,CONFIRMED,,Kepler-1542 c
4138557,FALSE POSITIVE,,
2708278,FALSE POSITIVE,,
3747817,CONFIRMED,,Kepler-1552 b
8483366,FALSE POSITIVE,,
7758018,FALSE POSITIVE,,
9071593,CANDIDATE,,
10089911,CONFIRMED,,Kepler-1543 b
3247404,FALSE POSITIVE,,
11415243,CONFIRMED,,Kepler-1544 b
3548044,CONFIRMED,,Kepler-371 c
8264402,CANDIDATE,,
7773179,FALSE POSITIVE,,
11017094,FALSE POSITIVE,,
3129238,CANDIDATE,,
5956633,FALSE POSITIVE,,
9899065,FALSE POSITIVE,,
7907808,CANDIDATE,,
5471792,FALSE POSITIVE,,
11145831,FALSE POSITIVE,,
11444952,FALSE POSITIVE,,
8647295,FALSE POSITIVE,,
3444098,FALSE POSITIVE,,
5112567,FALSE POSITIVE,,
2708343,FALSE POSITIVE,,
3348090,FALSE POSITIVE,,
9282762,FALSE POSITIVE,,
3117046,FALSE POSITIVE,,
6311520,FALSE POSITIVE,,
5201115,FALSE POSITIVE,,
2708203,FALSE POSITIVE,,
4150496,FALSE POSITIVE,,
11401767,CONFIRMED,,Kepler-372 d
9655005,CANDIDATE,,
11709124,CONFIRMED,,Kepler-154 f
3851194,FALSE POSITIVE,,
8613535,CONFIRMED,,Kepler-1165 b
5092655,CANDIDATE,,
3955817,CONFIRMED,,Kepler-1553 b
10661778,FALSE POSITIVE,,
5513857,FALSE POSITIVE,,
10272389,FALSE POSITIVE,,
4679687,FALSE POSITIVE,,
7968683,FALSE POSITIVE,,
10360722,CONFIRMED,,Kepler-1545 b
9091755,FALSE POSITIVE,,
3852476,FALSE POSITIVE,,
9700449,CANDIDATE,,
6349881,CONFIRMED,,Kepler-1554 b
9851970,FALSE POSITIVE,,
6140059,CANDIDATE,,
5726910,CANDIDATE,,
1718958,CANDIDATE,,
6428794,CANDIDATE,,
3228825,FALSE POSITIVE,,
4673628,CANDIDATE,,
11401767,CONFIRMED,,Kepler-372 b
3852872,CANDIDATE,,
9099950,FALSE POSITIVE,,
9718066,CONFIRMED,,Kepler-378 c
9272070,CONFIRMED,,Kepler-1555 b
5088400,CONFIRMED,,Kepler-1556 b
4669402,FALSE POSITIVE,,
3757407,FALSE POSITIVE,,
4769931,FALSE POSITIVE,,
9220612,FALSE POSITIVE,,
9086154,CANDIDATE,,
6806695,FALSE POSITIVE,,
3858943,FALSE POSITIVE,,
11970988,CANDIDATE,,
10858803,FALSE POSITIVE,,
6129694,FALSE POSITIVE,,
5957181,FALSE POSITIVE,,
7601918,FALSE POSITIVE,,
6119877,FALSE POSITIVE,,
6792908,CANDIDATE,,
7211879,FALSE POSITIVE,,
8087812,CANDIDATE,,
4863956,FALSE POSITIVE,,
10534155,CANDIDATE,,
5308537,CANDIDATE,,
6350882,CANDIDATE,,
5281113,CONFIRMED,,Kepler-1602 b
7847104,FALSE POSITIVE,,
3450040,CANDIDATE,,
3347807,FALSE POSITIVE,,
8487805,FALSE POSITIVE,,
9456281,CANDIDATE,,
5129453,CANDIDATE,,
7918478,CANDIDATE,,
3336845,FALSE POSITIVE,,
3645282,FALSE POSITIVE,,
6026924,CONFIRMED,,Kepler-1580 b
6525280,FALSE POSITIVE,,
4861784,FALSE POSITIVE,,
5876360,FALSE POSITIVE,,
9509343,CANDIDATE,,
3732972,FALSE POSITIVE,,
3244792,CONFIRMED,,Kepler-1592 b
8743082,FALSE POSITIVE,,
7673841,CANDIDATE,,
9142742,FALSE POSITIVE,,
6891513,FALSE POSITIVE,,
4579598,FALSE POSITIVE,,
7777522,FALSE POSITIVE,,
9305012,FALSE POSITIVE,,
9597729,FALSE POSITIVE,,
11390109,FALSE POSITIVE,,
5078025,FALSE POSITIVE,,
1724719,CONFIRMED,,Kepler-1569 b
8120608,CONFIRMED,,Kepler-186 f
11968463,CANDIDATE,,
5026326,FALSE POSITIVE,,
5471574,FALSE POSITIVE,,
5512580,FALSE POSITIVE,,
11670599,FALSE POSITIVE,,
6359820,FALSE POSITIVE,,
11872139,FALSE POSITIVE,,
5436161,CANDIDATE,,
2708221,FALSE POSITIVE,,
4571844,CANDIDATE,,
5040223,FALSE POSITIVE,,
4571004,FALSE POSITIVE,,
2859893,CANDIDATE,,
6026737,CANDIDATE,,
7582691,CANDIDATE,,
7031942,FALSE POSITIVE,,
9836563,CANDIDATE,,
1724719,CANDIDATE,,
5632701,FALSE POSITIVE,,
10549924,FALSE POSITIVE,,
9366617,CONFIRMED,,Kepler-1570 b
6187341,CANDIDATE,,
3353454,FALSE POSITIVE,,
10156055,FALSE POSITIVE,,
8418018,FALSE POSITIVE,,
5024177,FALSE POSITIVE,,
11081504,CANDIDATE,,
4548011,CONFIRMED,,Kepler-1581 b
4571004,FALSE POSITIVE,,
4571004,FALSE POSITIVE,,
4571004,FALSE POSITIVE,,
12016267,CANDIDATE,,
4571004,FALSE POSITIVE,,
8459663,CONFIRMED,,Kepler-1593 b
3550372,CANDIDATE,,
10155321,FALSE POSITIVE,,
3866536,FALSE POSITIVE,,
7046035,CONFIRMED,,Kepler-1603 b
4679314,FALSE POSITIVE,,
8240790,CANDIDATE,,
5702637,FALSE POSITIVE,,
8309169,FALSE POSITIVE,,
4678919,FALSE POSITIVE,,
5563080,FALSE POSITIVE,,
6364067,FALSE POSITIVE,,
4548011,CANDIDATE,,
5983532,FALSE POSITIVE,,
3439126,FALSE POSITIVE,,
8463346,CONFIRMED,,Kepler-436 b
5868793,CONFIRMED,,Kepler-1582 b
8483021,FALSE POSITIVE,,
10063208,CONFIRMED,,Kepler-1583 b
7191646,CANDIDATE,,
1575873,CANDIDATE,,
10669994,CONFIRMED,,Kepler-1594 b
7801070,CANDIDATE,,
11449918,FALSE POSITIVE,,
4172805,CANDIDATE,,
5126182,CANDIDATE,,
3750350,FALSE POSITIVE,,
8949925,FALSE POSITIVE,,
4584865,FALSE POSITIVE,,
9642018,FALSE POSITIVE,,
9183378,CONFIRMED,,Kepler-1571 b
11188254,FALSE POSITIVE,,
1724513,FALSE POSITIVE,,
9535876,FALSE POSITIVE,,
5817533,FALSE POSITIVE,,
7596240,CONFIRMED,,Kepler-1584 b
7661893,CANDIDATE,,
12107008,FALSE POSITIVE,,
9776794,CANDIDATE,,
7427764,CONFIRMED,,Kepler-1595 b
7673192,CANDIDATE,,
4754831,FALSE POSITIVE,,
4754831,FALSE POSITIVE,,
9899630,FALSE POSITIVE,,
4367528,FALSE POSITIVE,,
8416523,CONFIRMED,,Kepler-1604 b
11124436,CANDIDATE,,
5780855,CANDIDATE,,
3751231,FALSE POSITIVE,,
9491832,CANDIDATE,,
7816665,FALSE POSITIVE,,
9535881,FALSE POSITIVE,,
11616596,FALSE POSITIVE,,
9872831,CONFIRMED,,Kepler-1572 b
2852941,CANDIDATE,,
8508126,FALSE POSITIVE,,
12306058,CONFIRMED,,Kepler-391 c
8507475,CONFIRMED,,Kepler-1585 b
8773015,CONFIRMED,,Kepler-1586 b
4754831,FALSE POSITIVE,,
3531231,FALSE POSITIVE,,
4773392,CANDIDATE,,
5471489,FALSE POSITIVE,,
5471489,CANDIDATE,,
9011874,FALSE POSITIVE,,
9936080,CANDIDATE,,
9936080,FALSE POSITIVE,,
8611344,FALSE POSITIVE,,
9518651,FALSE POSITIVE,,
2305311,FALSE POSITIVE,,
6383595,FALSE POSITIVE,,
11080405,CONFIRMED,,Kepler-386 b
11509504,CONFIRMED,,Kepler-1573 b
6599949,FALSE POSITIVE,,
11611275,CONFIRMED,,Kepler-1574 b
6290935,CANDIDATE,,
12734396,FALSE POSITIVE,,
11612280,CONFIRMED,,Kepler-1587 b
5536715,FALSE POSITIVE,,
8149484,FALSE POSITIVE,,
12407623,FALSE POSITIVE,,
11444514,CONFIRMED,,Kepler-1596 b
9886361,CONFIRMED,,Kepler-403 d
9349757,CANDIDATE,,
9702006,CANDIDATE,,
6778008,FALSE POSITIVE,,
8308260,FALSE POSITIVE,,
8492101,FALSE POSITIVE,,
6103377,CANDIDATE,,
3660581,CANDIDATE,,
6343576,FALSE POSITIVE,,
10794974,CANDIDATE,,
2449101,FALSE POSITIVE,,
7259249,FALSE POSITIVE,,
8678691,FALSE POSITIVE,,
9640924,FALSE POSITIVE,,
3558849,CANDIDATE,,
11151677,FALSE POSITIVE,,
11037128,FALSE POSITIVE,,
6587002,CANDIDATE,,
5175024,CANDIDATE,,
9100953,CANDIDATE,,
10991114,CANDIDATE,,
11969092,FALSE POSITIVE,,
2570773,FALSE POSITIVE,,
4945764,CANDIDATE,,
6356885,FALSE POSITIVE,,
3542542,FALSE POSITIVE,,
11718389,CANDIDATE,,
11124703,FALSE POSITIVE,,
10329196,CONFIRMED,,Kepler-1605 b
10604592,CANDIDATE,,
9834731,CANDIDATE,,
9593773,FALSE POSITIVE,,
9285568,CONFIRMED,,Kepler-1575 b
7604328,CONFIRMED,,Kepler-1245 c
9514372,CANDIDATE,,
9777757,FALSE POSITIVE,,
7103919,CANDIDATE,,
3762750,CANDIDATE,,
8645191,FALSE POSITIVE,,
10722485,CONFIRMED,,Kepler-1588 b
9717958,FALSE POSITIVE,,
8128067,FALSE POSITIVE,,
7703910,FALSE POSITIVE,,
9851360,FALSE POSITIVE,,
9886361,CANDIDATE,,
6937529,CONFIRMED,,Kepler-1597 b
9490653,FALSE POSITIVE,,
3328027,FALSE POSITIVE,,
9640931,FALSE POSITIVE,,
5125196,FALSE POSITIVE,,
9640962,FALSE POSITIVE,,
5097454,FALSE POSITIVE,,
12737015,CANDIDATE,,
3663141,FALSE POSITIVE,,
5177859,CONFIRMED,,Kepler-1576 b
8482059,FALSE POSITIVE,,
4568117,FALSE POSITIVE,,
10342248,FALSE POSITIVE,,
9777290,FALSE POSITIVE,,
8548427,FALSE POSITIVE,,
9286088,CANDIDATE,,
6289344,FALSE POSITIVE,,
6937529,CANDIDATE,,
9883606,CONFIRMED,,Kepler-1598 b
5860968,CONFIRMED,,Kepler-1599 b
3645438,CANDIDATE,,
8480582,CANDIDATE,,
5197233,CANDIDATE,,
10936786,FALSE POSITIVE,,
7119481,CANDIDATE,,
6938264,CANDIDATE,,
9899315,FALSE POSITIVE,,
9541089,FALSE POSITIVE,,
3650049,FALSE POSITIVE,,
8741470,CANDIDATE,,
11125613,CONFIRMED,,Kepler-1254 c
10525049,CANDIDATE,,
9896018,CANDIDATE,,
5095082,CANDIDATE,,
12418891,FALSE POSITIVE,,
3839294,FALSE POSITIVE,,
7698701,FALSE POSITIVE,,
7698701,FALSE POSITIVE,,
2830919,FALSE POSITIVE,,
9588822,FALSE POSITIVE,,
2997459,CANDIDATE,,
8330207,CANDIDATE,,
5881813,CANDIDATE,,
11560897,CONFIRMED,,Kepler-430 c
10858737,FALSE POSITIVE,,
6752002,CANDIDATE,,
7257966,CANDIDATE,,
9406892,FALSE POSITIVE,,
9202434,CANDIDATE,,
8487645,FALSE POSITIVE,,
10407482,CONFIRMED,,Kepler-1577 b
7901016,CANDIDATE,,
9910942,FALSE POSITIVE,,
7749002,CANDIDATE,,
10924340,FALSE POSITIVE,,
5371777,CONFIRMED,,Kepler-1589 b
6359926,CANDIDATE,,
6629993,FALSE POSITIVE,,
8324518,CANDIDATE,,
10427700,FALSE POSITIVE,,
3103473,CANDIDATE,,
11296045,FALSE POSITIVE,,
3124598,FALSE POSITIVE,,
6879171,CANDIDATE,,
9897364,CONFIRMED,,Kepler-1562 b
12505503,CONFIRMED,,Kepler-1563 b
3548639,FALSE POSITIVE,,
7115925,FALSE POSITIVE,,
5785279,CANDIDATE,,
7429287,FALSE POSITIVE,,
10526887,CONFIRMED,,Kepler-1578 b
11125613,CONFIRMED,,Kepler-1254 d
3545583,FALSE POSITIVE,,
9896018,CANDIDATE,,
12456063,CANDIDATE,,
8374741,FALSE POSITIVE,,
5096053,CANDIDATE,,
11296045,FALSE POSITIVE,,
11296045,FALSE POSITIVE,,
3247503,FALSE POSITIVE,,
5802637,CANDIDATE,,
5531694,CANDIDATE,,
8733898,CONFIRMED,,Kepler-446 c
9828127,CONFIRMED,,Kepler-1564 b
7107802,CANDIDATE,,
4281068,FALSE POSITIVE,,
9092496,CANDIDATE,,
5644412,CONFIRMED,,Kepler-1565 b
9959545,FALSE POSITIVE,,
9641144,FALSE POSITIVE,,
8572168,FALSE POSITIVE,,
12509829,FALSE POSITIVE,,
7368137,FALSE POSITIVE,,
9027841,FALSE POSITIVE,,
8953414,FALSE POSITIVE,,
2576962,CANDIDATE,,
10140274,CANDIDATE,,
10730070,CONFIRMED,,Kepler-1590 b
4458109,FALSE POSITIVE,,
8345384,CANDIDATE,,
2831055,CONFIRMED,,Kepler-1601 b
11044826,FALSE POSITIVE,,
6681687,FALSE POSITIVE,,
7703882,CANDIDATE,,
8179190,FALSE POSITIVE,,
9777724,FALSE POSITIVE,,
9072639,FALSE POSITIVE,,
5340878,CONFIRMED,,Kepler-1566 b
10273903,FALSE POSITIVE,,
7450747,CANDIDATE,,
7826620,CONFIRMED,,Kepler-1579 b
8890924,CANDIDATE,,
8890924,FALSE POSITIVE,,
8483241,FALSE POSITIVE,,
8573193,CONFIRMED,,Kepler-1591 b
9240664,FALSE POSITIVE,,
7673841,CONFIRMED,,Kepler-392 c
7281411,FALSE POSITIVE,,
6528141,FALSE POSITIVE,,
8106112,FALSE POSITIVE,,
4054784,CANDIDATE,,
10745365,CANDIDATE,,
5563937,FALSE POSITIVE,,
8396660,CANDIDATE,,
10736179,FALSE POSITIVE,,
6119921,FALSE POSITIVE,,
4141587,FALSE POSITIVE,,
11968463,CANDIDATE,,
3834317,FALSE POSITIVE,,
10593535,CONFIRMED,,Kepler-1568 b
5959719,CONFIRMED,,Kepler-390 c
5992210,FALSE POSITIVE,,
4284980,FALSE POSITIVE,,
9302543,FALSE POSITIVE,,
9716028,CANDIDATE,,
6223324,CANDIDATE,,
9701962,CONFIRMED,,Kepler-1617 b
6685646,FALSE POSITIVE,,
4574319,FALSE POSITIVE,,
7741837,FALSE POSITIVE,,
11137065,FALSE POSITIVE,,
11093335,FALSE POSITIVE,,
9394768,FALSE POSITIVE,,
9773980,CANDIDATE,,
10972902,FALSE POSITIVE,,
3832474,FALSE POSITIVE,,
12004971,CANDIDATE,,
3644602,FALSE POSITIVE,,
10467714,CANDIDATE,,
11912941,FALSE POSITIVE,,
4141593,CANDIDATE,,
7778427,CANDIDATE,,
6525106,FALSE POSITIVE,,
6523058,CANDIDATE,,
5977470,CANDIDATE,,
11769689,CANDIDATE,,
4355503,FALSE POSITIVE,,
6119923,FALSE POSITIVE,,
6126076,FALSE POSITIVE,,
11284772,CONFIRMED,,Kepler-441 b
9209183,FALSE POSITIVE,,
6153407,CANDIDATE,,
5955621,FALSE POSITIVE,,
11519187,FALSE POSITIVE,,
9457948,CANDIDATE,,
4852297,FALSE POSITIVE,,
9851845,FALSE POSITIVE,,
9474483,FALSE POSITIVE,,
9898017,CANDIDATE,,
8613218,FALSE POSITIVE,,
8548069,FALSE POSITIVE,,
6278762,CONFIRMED,,Kepler-444 c
8098212,CANDIDATE,,
3127911,FALSE POSITIVE,,
6369131,CANDIDATE,,
7820699,FALSE POSITIVE,,
10399321,FALSE POSITIVE,,
10257229,CANDIDATE,,
3539231,CANDIDATE,,
6311891,CANDIDATE,,
7837733,FALSE POSITIVE,,
2578017,FALSE POSITIVE,,
7834045,CANDIDATE,,
10663738,CANDIDATE,,
7891294,CANDIDATE,,
9413156,CANDIDATE,,
2831251,FALSE POSITIVE,,
6721380,FALSE POSITIVE,,
7694615,FALSE POSITIVE,,
6201203,FALSE POSITIVE,,
4556468,CONFIRMED,,Kepler-1609 b
9222516,FALSE POSITIVE,,
5431027,CANDIDATE,,
7285673,FALSE POSITIVE,,
5282437,FALSE POSITIVE,,
7747457,CONFIRMED,,Kepler-1613 b
8652360,FALSE POSITIVE,,
9602421,FALSE POSITIVE,,
6070337,CANDIDATE,,
5954001,CANDIDATE,,
4373195,FALSE POSITIVE,,
5090937,FALSE POSITIVE,,
8196226,CANDIDATE,,
9002538,CANDIDATE,,
6359175,FALSE POSITIVE,,
8104207,FALSE POSITIVE,,
5642688,CANDIDATE,,
10026502,CONFIRMED,,Kepler-1620 b
3953173,FALSE POSITIVE,,
8037926,FALSE POSITIVE,,
5552562,CANDIDATE,,
6186182,CANDIDATE,,
4073017,CANDIDATE,,
9002278,CONFIRMED,,Kepler-62 c
10585749,CANDIDATE,,
9579208,CANDIDATE,,
6437617,FALSE POSITIVE,,
8453851,FALSE POSITIVE,,
11650401,CONFIRMED,,Kepler-1614 b
9873759,FALSE POSITIVE,,
9773270,CANDIDATE,,
9457728,CANDIDATE,,
9516728,FALSE POSITIVE,,
4825872,FALSE POSITIVE,,
4680772,FALSE POSITIVE,,
8110733,FALSE POSITIVE,,
2303903,CANDIDATE,,
9278216,CANDIDATE,,
8355131,CANDIDATE,,
6278762,CONFIRMED,,Kepler-444 d
12645057,CANDIDATE,,
4844367,CANDIDATE,,
10937749,CANDIDATE,,
9100953,CONFIRMED,,Kepler-1610 b
8332521,CANDIDATE,,
10407086,FALSE POSITIVE,,
6065351,FALSE POSITIVE,,
4060229,CANDIDATE,,
6761777,CONFIRMED,,Kepler-1615 b
4825872,FALSE POSITIVE,,
9412623,CONFIRMED,,Kepler-1618 b
3644505,FALSE POSITIVE,,
4664743,FALSE POSITIVE,,
4735826,CANDIDATE,,
6593734,FALSE POSITIVE,,
8443527,CANDIDATE,,
9711297,FALSE POSITIVE,,
8395860,CANDIDATE,,
7778621,CANDIDATE,,
5956354,FALSE POSITIVE,,
9100953,CANDIDATE,,
8109107,FALSE POSITIVE,,
6200529,FALSE POSITIVE,,
10907132,CANDIDATE,,
6520753,CANDIDATE,,
6929285,FALSE POSITIVE,,
4848321,FALSE POSITIVE,,
12255382,FALSE POSITIVE,,
6522745,FALSE POSITIVE,,
9893468,CANDIDATE,,
11655826,CANDIDATE,,
1721157,CANDIDATE,,
11076276,FALSE POSITIVE,,
12012439,FALSE POSITIVE,,
9947653,CANDIDATE,,
4374610,FALSE POSITIVE,,
9002538,CANDIDATE,,
5253802,CANDIDATE,,
12554634,CANDIDATE,,
6264750,CANDIDATE,,
11290515,CANDIDATE,,
6520753,CANDIDATE,,
6278762,CONFIRMED,,Kepler-444 e
8493354,CANDIDATE,,
4545570,CANDIDATE,,
7598111,FALSE POSITIVE,,
5457326,CANDIDATE,,
8240746,FALSE POSITIVE,,
10610039,CANDIDATE,,
9652655,FALSE POSITIVE,,
10140843,FALSE POSITIVE,,
8628761,CANDIDATE,,
8652360,FALSE POSITIVE,,
10473272,FALSE POSITIVE,,
4750669,CANDIDATE,,
9824928,CANDIDATE,,
6717252,CANDIDATE,,
5817685,FALSE POSITIVE,,
4902202,FALSE POSITIVE,,
7282042,FALSE POSITIVE,,
7523542,FALSE POSITIVE,,
3109937,FALSE POSITIVE,,
9386171,FALSE POSITIVE,,
11350118,CANDIDATE,,
11671579,CONFIRMED,,Kepler-1611 b
11553598,FALSE POSITIVE,,
12069414,FALSE POSITIVE,,
9216775,CONFIRMED,,Kepler-1612 b
2572029,CANDIDATE,,
7905106,CANDIDATE,,
9007151,CANDIDATE,,
4450844,CANDIDATE,,
8443265,FALSE POSITIVE,,
3240406,FALSE POSITIVE,,
11181260,CANDIDATE,,
5090803,FALSE POSITIVE,,
2558163,CANDIDATE,,
8107611,CANDIDATE,,
6137779,FALSE POSITIVE,,
11913072,FALSE POSITIVE,,
8752940,CANDIDATE,,
9083470,FALSE POSITIVE,,
5783732,FALSE POSITIVE,,
6278762,CONFIRMED,,Kepler-444 f
7900100,FALSE POSITIVE,,
9849884,FALSE POSITIVE,,
11243547,FALSE POSITIVE,,
4384909,CANDIDATE,,
9009036,CONFIRMED,,Kepler-1616 b
11506654,CANDIDATE,,
5687700,CANDIDATE,,
8806985,CANDIDATE,,
10491525,FALSE POSITIVE,,
3859042,FALSE POSITIVE,,
6527078,CANDIDATE,,
4946049,FALSE POSITIVE,,
2857607,CANDIDATE,,
5559651,FALSE POSITIVE,,
5962262,CANDIDATE,,
5437348,FALSE POSITIVE,,
8429668,FALSE POSITIVE,,
7429240,CONFIRMED,,Kepler-1606 b
10120548,CANDIDATE,,
4474462,CANDIDATE,,
7032001,FALSE POSITIVE,,
4141593,CANDIDATE,,
10003058,CANDIDATE,,
9031703,CANDIDATE,,
6199864,FALSE POSITIVE,,
9577855,FALSE POSITIVE,,
12204137,CANDIDATE,,
4386607,FALSE POSITIVE,,
5389956,CANDIDATE,,
12108364,FALSE POSITIVE,,
10662202,CANDIDATE,,
10407210,FALSE POSITIVE,,
7457278,FALSE POSITIVE,,
3934657,CANDIDATE,,
7515336,CANDIDATE,,
8984755,FALSE POSITIVE,,
7366895,FALSE POSITIVE,,
10729472,FALSE POSITIVE,,
6200612,FALSE POSITIVE,,
9777200,FALSE POSITIVE,,
3557560,CANDIDATE,,
12109267,CANDIDATE,,
8700895,CANDIDATE,,
5003670,CANDIDATE,,
5200084,FALSE POSITIVE,,
4144873,FALSE POSITIVE,,
5003670,CANDIDATE,,
9171886,FALSE POSITIVE,,
3337061,FALSE POSITIVE,,
5696918,FALSE POSITIVE,,
12265786,CANDIDATE,,
10873178,CANDIDATE,,
11337012,CANDIDATE,,
8359569,CANDIDATE,,
2720828,FALSE POSITIVE,,
9837828,CANDIDATE,,
4857058,FALSE POSITIVE,,
8652577,CANDIDATE,,
8804937,FALSE POSITIVE,,
9947389,CANDIDATE,,
11912987,FALSE POSITIVE,,
3765917,CANDIDATE,,
4136659,FALSE POSITIVE,,
7833305,CANDIDATE,,
6610064,FALSE POSITIVE,,
12647577,CANDIDATE,,
5476671,FALSE POSITIVE,,
7335972,FALSE POSITIVE,,
2694632,FALSE POSITIVE,,
11153476,CANDIDATE,,
6144039,CANDIDATE,,
5428471,FALSE POSITIVE,,
7283710,FALSE POSITIVE,,
5985713,CANDIDATE,,
10794509,FALSE POSITIVE,,
6839010,CANDIDATE,,
9775385,CANDIDATE,,
6197344,CANDIDATE,,
11357664,CANDIDATE,,
3967501,FALSE POSITIVE,,
7272132,CANDIDATE,,
6437226,FALSE POSITIVE,,
2710623,FALSE POSITIVE,,
3330684,FALSE POSITIVE,,
2696703,FALSE POSITIVE,,
7699298,FALSE POSITIVE,,
8430053,CANDIDATE,,
7115661,FALSE POSITIVE,,
2853889,FALSE POSITIVE,,
12458605,CANDIDATE,,
4845862,FALSE POSITIVE,,
10130057,FALSE POSITIVE,,
4953173,CANDIDATE,,
9838608,FALSE POSITIVE,,
4247811,FALSE POSITIVE,,
6543645,FALSE POSITIVE,,
5352640,CANDIDATE,,
8738244,FALSE POSITIVE,,
4157052,FALSE POSITIVE,,
10006641,FALSE POSITIVE,,
10815916,FALSE POSITIVE,,
3547760,CANDIDATE,,
4848115,FALSE POSITIVE,,
4048898,CANDIDATE,,
5991765,FALSE POSITIVE,,
3962872,FALSE POSITIVE,,
11912911,FALSE POSITIVE,,
7045435,FALSE POSITIVE,,
2972800,FALSE POSITIVE,,
8573168,FALSE POSITIVE,,
10801249,FALSE POSITIVE,,
4587135,CANDIDATE,,
3857860,FALSE POSITIVE,,
5024252,FALSE POSITIVE,,
7430876,FALSE POSITIVE,,
9602775,FALSE POSITIVE,,
8955709,FALSE POSITIVE,,
7031430,FALSE POSITIVE,,
7133294,CONFIRMED,,Kepler-1607 b
4381429,CONFIRMED,,Kepler-1608 b
11912916,FALSE POSITIVE,,
5511659,CANDIDATE,,
9640946,FALSE POSITIVE,,
9776186,FALSE POSITIVE,,
9752973,FALSE POSITIVE,,
8044600,FALSE POSITIVE,,
10220837,CANDIDATE,,
10991239,FALSE POSITIVE,,
7583650,CANDIDATE,,
9345819,FALSE POSITIVE,,
9180566,FALSE POSITIVE,,
3867794,CANDIDATE,,
5819801,CANDIDATE,,
11092040,FALSE POSITIVE,,
4851145,FALSE POSITIVE,,
10292540,FALSE POSITIVE,,
3732894,FALSE POSITIVE,,
6276791,CANDIDATE,,
6278762,CONFIRMED,,Kepler-444 b
6276791,CANDIDATE,,
8636600,CANDIDATE,,
10220950,FALSE POSITIVE,,
5033823,CANDIDATE,,
10342316,FALSE POSITIVE,,
3223433,CANDIDATE,,
8803757,CANDIDATE,,
12021811,FALSE POSITIVE,,
9479306,CANDIDATE,,
5437762,CANDIDATE,,
4730442,FALSE POSITIVE,,
9447166,CONFIRMED,,Kepler-1459 b
9643043,FALSE POSITIVE,,
8151055,CONFIRMED,,Kepler-1460 b
7177555,FALSE POSITIVE,,
3348082,CONFIRMED,,Kepler-274 b
4996057,CANDIDATE,,
8349399,CANDIDATE,,
6043562,CANDIDATE,,
10615440,CONFIRMED,,Kepler-1622 b
4919550,CANDIDATE,,
5802292,FALSE POSITIVE,,
5126932,FALSE POSITIVE,,
10034146,FALSE POSITIVE,,
4175105,FALSE POSITIVE,,
5645170,CANDIDATE,,
8216763,CANDIDATE,,
9110610,CANDIDATE,,
2437897,FALSE POSITIVE,,
9307966,FALSE POSITIVE,,
5556726,FALSE POSITIVE,,
2554853,FALSE POSITIVE,,
5208962,CANDIDATE,,
7889486,FALSE POSITIVE,,
8301878,CANDIDATE,,
8233802,FALSE POSITIVE,,
7510820,CONFIRMED,,Kepler-1461 b
10221505,CANDIDATE,,
6116035,FALSE POSITIVE,,
8958359,FALSE POSITIVE,,
11658036,CANDIDATE,,
8397947,CANDIDATE,,
6665860,CANDIDATE,,
7983117,CANDIDATE,,
5480884,FALSE POSITIVE,,
12506417,FALSE POSITIVE,,
10187563,FALSE POSITIVE,,
5769810,CANDIDATE,,
12071754,CANDIDATE,,
10384298,CANDIDATE,,
3109550,CANDIDATE,,
9307105,FALSE POSITIVE,,
6880517,CONFIRMED,,Kepler-1462 b
6615511,CONFIRMED,,Kepler-1463 b
6131130,CANDIDATE,,
3632089,CONFIRMED,,Kepler-1464 b
9959494,FALSE POSITIVE,,
8397947,CANDIDATE,,
7906892,CANDIDATE,,
4277304,CANDIDATE,,
8626325,CANDIDATE,,
3098605,CANDIDATE,,
11456405,FALSE POSITIVE,,
8320630,FALSE POSITIVE,,
4544684,FALSE POSITIVE,,
9005321,CANDIDATE,,
8975368,FALSE POSITIVE,,
5168498,FALSE POSITIVE,,
10489539,FALSE POSITIVE,,
9569711,CANDIDATE,,
12314973,CONFIRMED,,Kepler-450 d
3348082,CONFIRMED,,Kepler-274 c
3632089,CONFIRMED,,Kepler-1464 c
5563300,CANDIDATE,,
12253769,CANDIDATE,,
8054719,CANDIDATE,,
6592335,CANDIDATE,,
5651829,CANDIDATE,,
4762283,CANDIDATE,,
9094763,FALSE POSITIVE,,
2976017,CANDIDATE,,
6786224,CANDIDATE,,
10338279,FALSE POSITIVE,,
4851239,FALSE POSITIVE,,
11072016,CANDIDATE,,
3245969,CANDIDATE,,
10057494,CONFIRMED,,Kepler-1443 b
7902003,CANDIDATE,,
6587796,CONFIRMED,,Kepler-1444 b
9489953,FALSE POSITIVE,,
5305240,FALSE POSITIVE,,
11905409,CANDIDATE,,
9571186,CANDIDATE,,
9838060,FALSE POSITIVE,,
8554701,CONFIRMED,,Kepler-1466 b
9031209,CONFIRMED,,Kepler-1467 b
5951416,FALSE POSITIVE,,
5612697,CANDIDATE,,
8973285,CANDIDATE,,
4645833,FALSE POSITIVE,,
8940918,FALSE POSITIVE,,
3758922,CANDIDATE,,
8360041,CANDIDATE,,
9782748,CANDIDATE,,
2860656,CANDIDATE,,
6206559,FALSE POSITIVE,,
9532117,FALSE POSITIVE,,
6928906,FALSE POSITIVE,,
9821151,FALSE POSITIVE,,
8073705,CONFIRMED,,Kepler-1445 b
8330548,FALSE POSITIVE,,
4271474,CONFIRMED,,Kepler-1469 b
5130983,FALSE POSITIVE,,
11497958,CONFIRMED,,Kepler-296 f
11093538,FALSE POSITIVE,,
11044779,FALSE POSITIVE,,
6438379,FALSE POSITIVE,,
9145415,FALSE POSITIVE,,
4545926,FALSE POSITIVE,,
9396760,FALSE POSITIVE,,
5119619,FALSE POSITIVE,,
9582496,FALSE POSITIVE,,
7094944,CANDIDATE,,
2573108,FALSE POSITIVE,,
6425597,CANDIDATE,,
9885417,CONFIRMED,,Kepler-1446 b
3336476,FALSE POSITIVE,,
10917433,CANDIDATE,,
5091479,CANDIDATE,,
9083564,FALSE POSITIVE,,
7335713,FALSE POSITIVE,,
8331612,CANDIDATE,,
8874090,CANDIDATE,,
8331612,CANDIDATE,,
5185765,FALSE POSITIVE,,
5965819,CANDIDATE,,
5965819,CONFIRMED,,Kepler-1468 b
8328916,CANDIDATE,,
11294883,FALSE POSITIVE,,
3832474,FALSE POSITIVE,,
10155029,CANDIDATE,,
11618569,CANDIDATE,,
11973517,CANDIDATE,,
5471566,FALSE POSITIVE,,
7345248,CANDIDATE,,
5814013,FALSE POSITIVE,,
7117355,FALSE POSITIVE,,
5653072,FALSE POSITIVE,,
2707985,FALSE POSITIVE,,
9899141,FALSE POSITIVE,,
8183288,CONFIRMED,,Kepler-437 b
11305996,FALSE POSITIVE,,
5965819,CONFIRMED,,Kepler-1468 c
6690171,FALSE POSITIVE,,
6859801,FALSE POSITIVE,,
7767733,FALSE POSITIVE,,
5193659,CANDIDATE,,
6220312,CANDIDATE,,
6358937,CANDIDATE,,
9007609,FALSE POSITIVE,,
11038580,FALSE POSITIVE,,
7771181,CANDIDATE,,
9509223,FALSE POSITIVE,,
6720773,FALSE POSITIVE,,
8056651,FALSE POSITIVE,,
4665991,FALSE POSITIVE,,
10191036,FALSE POSITIVE,,
8280511,CONFIRMED,,Kepler-271 d
4366323,CANDIDATE,,
2853029,CANDIDATE,,
12156174,CONFIRMED,,Kepler-1447 b
4634135,FALSE POSITIVE,,
6955671,CANDIDATE,,
5097856,CANDIDATE,,
4736644,CONFIRMED,,Kepler-1470 b
5876805,FALSE POSITIVE,,
5818068,FALSE POSITIVE,,
10139390,FALSE POSITIVE,,
8278073,CANDIDATE,,
5273713,FALSE POSITIVE,,
3526331,FALSE POSITIVE,,
10810859,CANDIDATE,,
7017274,CANDIDATE,,
6767227,CANDIDATE,,
11496490,FALSE POSITIVE,,
1430305,FALSE POSITIVE,,
7117549,FALSE POSITIVE,,
2986833,CANDIDATE,,
12055539,CONFIRMED,,Kepler-1448 b
12056139,CONFIRMED,,Kepler-1449 b
11853130,CANDIDATE,,
4774646,FALSE POSITIVE,,
9345933,CANDIDATE,,
10030778,FALSE POSITIVE,,
7870282,FALSE POSITIVE,,
11153259,FALSE POSITIVE,,
9021075,CANDIDATE,,
5783938,FALSE POSITIVE,,
11338056,CANDIDATE,,
3445812,FALSE POSITIVE,,
4473613,CONFIRMED,,Kepler-1623 b
10676750,CANDIDATE,,
8960918,FALSE POSITIVE,,
4647662,FALSE POSITIVE,,
9822284,CANDIDATE,,
8940700,FALSE POSITIVE,,
9581589,CANDIDATE,,
11804437,CANDIDATE,,
9850966,FALSE POSITIVE,,
8747009,FALSE POSITIVE,,
8826007,CONFIRMED,,Kepler-1450 b
8280511,CANDIDATE,,
8620402,CANDIDATE,,
8379021,CANDIDATE,,
8104030,FALSE POSITIVE,,
4813793,CANDIDATE,,
5282477,FALSE POSITIVE,,
7266212,CANDIDATE,,
6681546,FALSE POSITIVE,,
6421137,FALSE POSITIVE,,
9893278,FALSE POSITIVE,,
9419020,CANDIDATE,,
4548162,FALSE POSITIVE,,
4270799,CANDIDATE,,
8811490,CANDIDATE,,
7293937,FALSE POSITIVE,,
8043721,FALSE POSITIVE,,
7985733,FALSE POSITIVE,,
8094120,CANDIDATE,,
6522824,FALSE POSITIVE,,
6802536,FALSE POSITIVE,,
4750341,FALSE POSITIVE,,
9935642,CANDIDATE,,
6612327,FALSE POSITIVE,,
7285757,CANDIDATE,,
7285757,CANDIDATE,,
5211922,FALSE POSITIVE,,
5280587,CONFIRMED,,Kepler-1451 b
8129005,FALSE POSITIVE,,
4840156,FALSE POSITIVE,,
4138008,CONFIRMED,,Kepler-442 b
4262040,CANDIDATE,,
6468904,CANDIDATE,,
5709906,CANDIDATE,,
4840672,CANDIDATE,,
9777556,FALSE POSITIVE,,
7287677,CANDIDATE,,
10753922,FALSE POSITIVE,,
7692248,CANDIDATE,,
4059887,FALSE POSITIVE,,
8288741,FALSE POSITIVE,,
6852354,FALSE POSITIVE,,
6691169,CANDIDATE,,
5816811,FALSE POSITIVE,,
5303346,FALSE POSITIVE,,
3858879,FALSE POSITIVE,,
8280511,CANDIDATE,,
3120904,CONFIRMED,,Kepler-1452 b
3342467,FALSE POSITIVE,,
11757451,CONFIRMED,,Kepler-443 b
2711597,FALSE POSITIVE,,
8047428,CONFIRMED,,Kepler-1621 b
11513486,CANDIDATE,,
4851283,FALSE POSITIVE,,
6520519,CANDIDATE,,
9459162,CANDIDATE,,
5024138,FALSE POSITIVE,,
9969287,CANDIDATE,,
9086001,FALSE POSITIVE,,
4927734,FALSE POSITIVE,,
11189311,CONFIRMED,,Kepler-1442 b
10747501,CANDIDATE,,
10586744,CANDIDATE,,
11970050,CANDIDATE,,
10031918,FALSE POSITIVE,,
5276332,FALSE POSITIVE,,
3544640,CANDIDATE,,
10653179,CONFIRMED,,Kepler-1453 b
12066569,CONFIRMED,,Kepler-1455 b
6497146,CONFIRMED,,Kepler-438 b
8625813,FALSE POSITIVE,,
5308296,CANDIDATE,,
9953575,FALSE POSITIVE,,
7887890,FALSE POSITIVE,,
3122872,CANDIDATE,,
4544628,FALSE POSITIVE,,
9702945,CANDIDATE,,
11401253,CANDIDATE,,
7052511,FALSE POSITIVE,,
4764774,FALSE POSITIVE,,
10549902,CANDIDATE,,
12416597,CANDIDATE,,
11135694,CANDIDATE,,
9910828,FALSE POSITIVE,,
10065053,CANDIDATE,,
11867608,FALSE POSITIVE,,
8016691,CONFIRMED,,Kepler-1456 b
6584273,CONFIRMED,,Kepler-1457 b
5768816,CONFIRMED,,Kepler-1458 b
3644071,FALSE POSITIVE,,
5360974,FALSE POSITIVE,,
10291589,CANDIDATE,,
5695615,CANDIDATE,,
4670267,FALSE POSITIVE,,
7435780,FALSE POSITIVE,,
8938937,FALSE POSITIVE,,
5651846,CANDIDATE,,
10556180,FALSE POSITIVE,,
12401132,CANDIDATE,,
12401132,FALSE POSITIVE,,
8308070,FALSE POSITIVE,,
6424561,CANDIDATE,,
6956136,FALSE POSITIVE,,
10661917,FALSE POSITIVE,,
10000162,CANDIDATE,,
7799701,FALSE POSITIVE,,
6233483,FALSE POSITIVE,,
5392871,FALSE POSITIVE,,
3858851,FALSE POSITIVE,,
4466356,FALSE POSITIVE,,
7949593,CANDIDATE,,
9474232,FALSE POSITIVE,,
3859151,FALSE POSITIVE,,
7098255,CANDIDATE,,
11456279,CANDIDATE,,
4670361,CANDIDATE,,
5398002,FALSE POSITIVE,,
6680911,FALSE POSITIVE,,
10356124,FALSE POSITIVE,,
10584140,CANDIDATE,,
8233326,CANDIDATE,,
4940203,CANDIDATE,,
6286161,FALSE POSITIVE,,
5385471,FALSE POSITIVE,,
6368175,CANDIDATE,,
5471158,FALSE POSITIVE,,
4847843,FALSE POSITIVE,,
5120225,FALSE POSITIVE,,
9656543,FALSE POSITIVE,,
10751515,FALSE POSITIVE,,
3348093,FALSE POSITIVE,,
6182846,FALSE POSITIVE,,
4939346,CONFIRMED,,Kepler-328 b
9851126,FALSE POSITIVE,,
6268648,CANDIDATE,,
11455428,CONFIRMED,,Kepler-1480 b
10484409,FALSE POSITIVE,,
10935993,CANDIDATE,,
5257082,CANDIDATE,,
5796185,FALSE POSITIVE,,
8628665,CANDIDATE,,
3945802,FALSE POSITIVE,,
6265665,CONFIRMED,,Kepler-1499 b
5881307,CANDIDATE,,
4645174,CONFIRMED,,Kepler-1500 b
4645174,CANDIDATE,,
8719419,FALSE POSITIVE,,
9028474,FALSE POSITIVE,,
4349442,FALSE POSITIVE,,
6124137,CANDIDATE,,
3644542,FALSE POSITIVE,,
6182849,FALSE POSITIVE,,
9851142,FALSE POSITIVE,,
3442054,FALSE POSITIVE,,
4079530,FALSE POSITIVE,,
10677186,FALSE POSITIVE,,
9025914,FALSE POSITIVE,,
9366988,FALSE POSITIVE,,
11657614,CANDIDATE,,
11657614,CONFIRMED,,Kepler-1481 b
5687986,CANDIDATE,,
11125797,CANDIDATE,,
9785921,CANDIDATE,,
3102000,FALSE POSITIVE,,
6599975,CONFIRMED,,Kepler-1501 b
8266276,FALSE POSITIVE,,
4282191,CONFIRMED,,Kepler-1502 b
3559860,FALSE POSITIVE,,
10651945,FALSE POSITIVE,,
7117003,FALSE POSITIVE,,
3240159,FALSE POSITIVE,,
9658118,FALSE POSITIVE,,
7132542,FALSE POSITIVE,,
8589754,FALSE POSITIVE,,
3757590,CANDIDATE,,
2437149,FALSE POSITIVE,,
9529733,FALSE POSITIVE,,
9613070,FALSE POSITIVE,,
9967771,CONFIRMED,,Kepler-990 c
10845188,FALSE POSITIVE,,
6543893,CANDIDATE,,
6705026,CONFIRMED,,Kepler-1483 b
6705026,CANDIDATE,,
6779726,CANDIDATE,,
3098843,FALSE POSITIVE,,
5553959,CANDIDATE,,
7288306,CONFIRMED,,Kepler-1503 b
5887393,FALSE POSITIVE,,
5384713,CANDIDATE,,
5384713,FALSE POSITIVE,,
5384713,CANDIDATE,,
11860395,CONFIRMED,,Kepler-1504 b
5456023,FALSE POSITIVE,,
6187888,FALSE POSITIVE,,
9529744,CONFIRMED,,Kepler-320 c
12021387,CANDIDATE,,
8760135,FALSE POSITIVE,,
4073707,FALSE POSITIVE,,
5730394,FALSE POSITIVE,,
6956216,FALSE POSITIVE,,
6137704,FALSE POSITIVE,,
10275074,FALSE POSITIVE,,
10259301,FALSE POSITIVE,,
2995392,CONFIRMED,,Kepler-1484 b
3120308,FALSE POSITIVE,,
9991621,FALSE POSITIVE,,
8078502,CANDIDATE,,
8644365,CANDIDATE,,
5888187,CANDIDATE,,
2852528,FALSE POSITIVE,,
3348216,CANDIDATE,,
7032421,FALSE POSITIVE,,
10798838,FALSE POSITIVE,,
8560940,FALSE POSITIVE,,
10793576,CANDIDATE,,
10292238,FALSE POSITIVE,,
8733497,FALSE POSITIVE,,
4255422,FALSE POSITIVE,,
9837544,FALSE POSITIVE,,
7877824,FALSE POSITIVE,,
6469946,FALSE POSITIVE,,
6947164,FALSE POSITIVE,,
6233903,FALSE POSITIVE,,
7212066,FALSE POSITIVE,,
7212066,FALSE POSITIVE,,
7047922,CANDIDATE,,
5716508,FALSE POSITIVE,,
10518735,FALSE POSITIVE,,
6975129,CONFIRMED,,Kepler-312 b
8644365,CONFIRMED,,Kepler-1485 b
9489947,FALSE POSITIVE,,
6960487,FALSE POSITIVE,,
6309264,FALSE POSITIVE,,
7021177,FALSE POSITIVE,,
7122259,FALSE POSITIVE,,
6947668,CANDIDATE,,
6364582,CONFIRMED,,Kepler-1505 b
6190535,FALSE POSITIVE,,
9834257,FALSE POSITIVE,,
10290666,CANDIDATE,,
9529744,CONFIRMED,,Kepler-320 b
10748621,FALSE POSITIVE,,
4824268,FALSE POSITIVE,,
6527016,FALSE POSITIVE,,
6431670,FALSE POSITIVE,,
7376500,FALSE POSITIVE,,
9636559,FALSE POSITIVE,,
8095110,FALSE POSITIVE,,
11499263,FALSE POSITIVE,,
10328393,CONFIRMED,,Kepler-332 c
3858988,FALSE POSITIVE,,
3848966,CANDIDATE,,
10798605,FALSE POSITIVE,,
5895083,FALSE POSITIVE,,
9452897,CANDIDATE,,
9714123,FALSE POSITIVE,,
6118370,CONFIRMED,,Kepler-1506 b
2717158,CANDIDATE,,
6209677,CANDIDATE,,
9664276,CANDIDATE,,
2437112,FALSE POSITIVE,,
7987086,FALSE POSITIVE,,
7374746,FALSE POSITIVE,,
8668810,FALSE POSITIVE,,
6519865,FALSE POSITIVE,,
8868907,FALSE POSITIVE,,
3865298,FALSE POSITIVE,,
10091110,FALSE POSITIVE,,
10091110,FALSE POSITIVE,,
3542574,FALSE POSITIVE,,
3544694,FALSE POSITIVE,,
11521793,CONFIRMED,,Kepler-143 b
9085563,CONFIRMED,,Kepler-1486 b
11337372,CONFIRMED,,Kepler-920 c
7748487,CANDIDATE,,
3219037,CANDIDATE,,
5952448,FALSE POSITIVE,,
5710069,CANDIDATE,,
9967009,CANDIDATE,,
9967009,CANDIDATE,,
11874338,FALSE POSITIVE,,
9763612,CONFIRMED,,Kepler-1507 b
9468384,FALSE POSITIVE,,
8868364,CANDIDATE,,
10092312,FALSE POSITIVE,,
3964545,FALSE POSITIVE,,
5444491,FALSE POSITIVE,,
3735629,FALSE POSITIVE,,
8244173,FALSE POSITIVE,,
6546508,FALSE POSITIVE,,
9886224,FALSE POSITIVE,,
3735634,FALSE POSITIVE,,
5730380,FALSE POSITIVE,,
6058875,FALSE POSITIVE,,
10735564,FALSE POSITIVE,,
6200810,CANDIDATE,,
3561464,CONFIRMED,,Kepler-1487 b
3561464,CANDIDATE,,
3561464,CANDIDATE,,
6359802,FALSE POSITIVE,,
7121885,FALSE POSITIVE,,
5213404,CONFIRMED,,Kepler-1508 b
4844470,CANDIDATE,,
11551692,CANDIDATE,,
9995771,CANDIDATE,,
7287391,FALSE POSITIVE,,
6756202,FALSE POSITIVE,,
10215869,FALSE POSITIVE,,
5456319,FALSE POSITIVE,,
2307206,FALSE POSITIVE,,
7025540,FALSE POSITIVE,,
7620844,FALSE POSITIVE,,
6677267,FALSE POSITIVE,,
5736801,FALSE POSITIVE,,
8177798,FALSE POSITIVE,,
10489521,FALSE POSITIVE,,
9328641,FALSE POSITIVE,,
9966219,CANDIDATE,,
5991070,FALSE POSITIVE,,
5531953,FALSE POSITIVE,,
3757778,FALSE POSITIVE,,
11754430,CONFIRMED,,Kepler-1488 b
9995771,CONFIRMED,,Kepler-1509 b
11875511,FALSE POSITIVE,,
6231721,CANDIDATE,,
9536108,CANDIDATE,,
8905246,CANDIDATE,,
5213230,CANDIDATE,,
3326377,CONFIRMED,,Kepler-967 c
6233466,FALSE POSITIVE,,
5460434,FALSE POSITIVE,,
11249624,FALSE POSITIVE,,
8491745,FALSE POSITIVE,,
3970117,FALSE POSITIVE,,
11147814,FALSE POSITIVE,,
1871483,CANDIDATE,,
10922659,CANDIDATE,,
8892720,FALSE POSITIVE,,
6021275,CONFIRMED,,Kepler-132 e
7869917,CANDIDATE,,
11754430,CANDIDATE,,
6032920,FALSE POSITIVE,,
8409295,CONFIRMED,,Kepler-1489 b
7131760,CONFIRMED,,Kepler-1490 b
11922778,CANDIDATE,,
9468382,FALSE POSITIVE,,
6145201,FALSE POSITIVE,,
5986209,FALSE POSITIVE,,
9226339,FALSE POSITIVE,,
6525209,FALSE POSITIVE,,
2975770,FALSE POSITIVE,,
5534965,FALSE POSITIVE,,
5512513,FALSE POSITIVE,,
9965206,FALSE POSITIVE,,
4247023,FALSE POSITIVE,,
4848423,FALSE POSITIVE,,
11403216,FALSE POSITIVE,,
11853878,CANDIDATE,,
7692093,CANDIDATE,,
8263752,FALSE POSITIVE,,
8263752,FALSE POSITIVE,,
7772914,CANDIDATE,,
3529290,CANDIDATE,,
9285265,CONFIRMED,,Kepler-1491 b
6025124,FALSE POSITIVE,,
5780930,CONFIRMED,,Kepler-1492 b
5531953,CANDIDATE,,
4164393,FALSE POSITIVE,,
6277410,CANDIDATE,,
9843517,CANDIDATE,,
8812045,CANDIDATE,,
7288444,CANDIDATE,,
3101923,CANDIDATE,,
10881457,CONFIRMED,,Kepler-1510 b
5513861,FALSE POSITIVE,,
9948002,FALSE POSITIVE,,
5264304,FALSE POSITIVE,,
10960995,FALSE POSITIVE,,
9592575,FALSE POSITIVE,,
7898576,FALSE POSITIVE,,
11671429,FALSE POSITIVE,,
5621333,CANDIDATE,,
5621333,CANDIDATE,,
5392897,FALSE POSITIVE,,
3236705,CANDIDATE,,
5282049,FALSE POSITIVE,,
11810124,CANDIDATE,,
6023859,FALSE POSITIVE,,
3433668,CONFIRMED,,Kepler-1493 b
2849140,CANDIDATE,,
3629330,CONFIRMED,,Kepler-1495 b
5471289,FALSE POSITIVE,,
8121328,CANDIDATE,,
9783760,FALSE POSITIVE,,
9528430,FALSE POSITIVE,,
5529552,FALSE POSITIVE,,
8882847,FALSE POSITIVE,,
9773869,FALSE POSITIVE,,
6707942,FALSE POSITIVE,,
5023948,FALSE POSITIVE,,
5113053,FALSE POSITIVE,,
5817957,FALSE POSITIVE,,
11853878,CONFIRMED,,Kepler-968 c
4743508,CANDIDATE,,
11810124,CONFIRMED,,Kepler-1471 b
11303322,CONFIRMED,,Kepler-1472 b
11241912,CONFIRMED,,Kepler-1473 b
6043538,CANDIDATE,,
8824737,CANDIDATE,,
9349757,CONFIRMED,,Kepler-1474 b
11519134,FALSE POSITIVE,,
7289338,CANDIDATE,,
5004909,FALSE POSITIVE,,
6278670,CANDIDATE,,
5898983,FALSE POSITIVE,,
7703955,CONFIRMED,,Kepler-315 c
8552719,FALSE POSITIVE,,
12164634,FALSE POSITIVE,,
5193077,FALSE POSITIVE,,
5617259,FALSE POSITIVE,,
8880123,CANDIDATE,,
9474756,CANDIDATE,,
10068919,FALSE POSITIVE,,
7353970,FALSE POSITIVE,,
12316447,FALSE POSITIVE,,
5823557,FALSE POSITIVE,,
10491554,FALSE POSITIVE,,
9785454,FALSE POSITIVE,,
8636333,CONFIRMED,,Kepler-1475 b
7136958,FALSE POSITIVE,,
1995732,FALSE POSITIVE,,
6069674,FALSE POSITIVE,,
8081239,CONFIRMED,,Kepler-1476 b
5308663,CANDIDATE,,
3745559,CANDIDATE,,
8356054,FALSE POSITIVE,,
9117416,CANDIDATE,,
6356400,CANDIDATE,,
9117416,CANDIDATE,,
5900235,FALSE POSITIVE,,
9474756,CANDIDATE,,
7517261,CONFIRMED,,Kepler-1511 b
7517261,CANDIDATE,,
5653795,FALSE POSITIVE,,
8424002,CONFIRMED,,Kepler-1512 b
8635938,FALSE POSITIVE,,
10464666,FALSE POSITIVE,,
5024292,FALSE POSITIVE,,
4659255,FALSE POSITIVE,,
5877292,CANDIDATE,,
10657406,CONFIRMED,,Kepler-969 c
3428468,FALSE POSITIVE,,
7091432,CONFIRMED,,Kepler-1477 b
9845909,CANDIDATE,,
9221528,CANDIDATE,,
6368230,CONFIRMED,,Kepler-1478 b
7115291,FALSE POSITIVE,,
9907505,FALSE POSITIVE,,
9027909,CONFIRMED,,Kepler-1496 b
9230021,CANDIDATE,,
6369845,FALSE POSITIVE,,
9230021,CONFIRMED,,Kepler-1497 b
9230021,FALSE POSITIVE,,
3662838,FALSE POSITIVE,,
5471688,FALSE POSITIVE,,
8552719,CONFIRMED,,Kepler-953 c
5471688,FALSE POSITIVE,,
6058816,CANDIDATE,,
6058816,CANDIDATE,,
5130740,FALSE POSITIVE,,
9892471,FALSE POSITIVE,,
2019076,FALSE POSITIVE,,
7376490,FALSE POSITIVE,,
11968513,FALSE POSITIVE,,
4263529,CANDIDATE,,
7866921,FALSE POSITIVE,,
6619815,CANDIDATE,,
3098197,FALSE POSITIVE,,
11651712,CONFIRMED,,Kepler-1479 b
9896558,CONFIRMED,,Kepler-937 c
7697103,CANDIDATE,,
9267996,FALSE POSITIVE,,
7045605,FALSE POSITIVE,,
8738775,CONFIRMED,,Kepler-1498 b
7093401,CANDIDATE,,
7877818,FALSE POSITIVE,,
5636642,FALSE POSITIVE,,
6515722,FALSE POSITIVE,,
6679504,FALSE POSITIVE,,
5560831,FALSE POSITIVE,,
5305404,FALSE POSITIVE,,
3728432,CONFIRMED,,Kepler-1526 b
6696580,CONFIRMED,,Kepler-359 d
5473535,FALSE POSITIVE,,
12106934,FALSE POSITIVE,,
6222898,FALSE POSITIVE,,
3955866,FALSE POSITIVE,,
11200767,FALSE POSITIVE,,
9892816,CONFIRMED,,Kepler-342 e
8589731,FALSE POSITIVE,,
2162994,FALSE POSITIVE,,
4356766,FALSE POSITIVE,,
2167890,FALSE POSITIVE,,
5384079,CONFIRMED,,Kepler-348 c
4935914,FALSE POSITIVE,,
11303811,FALSE POSITIVE,,
2437783,FALSE POSITIVE,,
12062660,FALSE POSITIVE,,
9777087,FALSE POSITIVE,,
5956776,FALSE POSITIVE,,
8883727,FALSE POSITIVE,,
4820550,CANDIDATE,,
6516874,FALSE POSITIVE,,
11709124,CONFIRMED,,Kepler-154 b
9161118,FALSE POSITIVE,,
3556229,FALSE POSITIVE,,
11911580,FALSE POSITIVE,,
9480535,CONFIRMED,,Kepler-1527 b
10583225,FALSE POSITIVE,,
5215251,FALSE POSITIVE,,
10383696,FALSE POSITIVE,,
9777090,FALSE POSITIVE,,
11455484,FALSE POSITIVE,,
2446623,FALSE POSITIVE,,
9596089,FALSE POSITIVE,,
5738506,FALSE POSITIVE,,
9777087,FALSE POSITIVE,,
4247807,FALSE POSITIVE,,
11547869,FALSE POSITIVE,,
7700590,FALSE POSITIVE,,
9053086,FALSE POSITIVE,,
3128552,CONFIRMED,,Kepler-1073 c
5467113,FALSE POSITIVE,,
8240123,FALSE POSITIVE,,
5114623,FALSE POSITIVE,,
5114623,FALSE POSITIVE,,
10031907,FALSE POSITIVE,,
6525946,CANDIDATE,,
5480736,FALSE POSITIVE,,
8487748,FALSE POSITIVE,,
9892856,FALSE POSITIVE,,
6795089,FALSE POSITIVE,,
3340313,FALSE POSITIVE,,
9892816,CONFIRMED,,Kepler-342 c
4150804,CONFIRMED,,Kepler-1513 b
5021174,FALSE POSITIVE,,
9025971,CANDIDATE,,
2581316,CONFIRMED,,Kepler-1514 b
9973109,CANDIDATE,,
6314185,FALSE POSITIVE,,
8620561,FALSE POSITIVE,,
8937019,FALSE POSITIVE,,
9896435,FALSE POSITIVE,,
10352938,FALSE POSITIVE,,
10676927,FALSE POSITIVE,,
5649836,FALSE POSITIVE,,
7620660,FALSE POSITIVE,,
3836399,FALSE POSITIVE,,
2581554,CONFIRMED,,Kepler-1521 b
3128552,CANDIDATE,,
10363115,CANDIDATE,,
5966810,CANDIDATE,,
10491062,FALSE POSITIVE,,
9761615,CONFIRMED,,Kepler-1528 b
4058881,FALSE POSITIVE,,
6863158,CANDIDATE,,
2581316,CANDIDATE,,
8621353,FALSE POSITIVE,,
10795103,CONFIRMED,,Kepler-1515 b
9394601,FALSE POSITIVE,,
8494410,FALSE POSITIVE,,
8494410,CONFIRMED,,Kepler-1516 b
6863161,FALSE POSITIVE,,
7840035,FALSE POSITIVE,,
8543279,FALSE POSITIVE,,
8047283,FALSE POSITIVE,,
7090867,FALSE POSITIVE,,
7612691,FALSE POSITIVE,,
9761573,FALSE POSITIVE,,
8042789,FALSE POSITIVE,,
10095484,FALSE POSITIVE,,
5467102,FALSE POSITIVE,,
6780367,FALSE POSITIVE,,
10281221,CANDIDATE,,
6525946,CANDIDATE,,
5471496,FALSE POSITIVE,,
4544620,FALSE POSITIVE,,
5784777,CONFIRMED,,Kepler-1529 b
6949061,CONFIRMED,,Kepler-343 c
9719636,FALSE POSITIVE,,
2452440,FALSE POSITIVE,,
5020034,FALSE POSITIVE,,
7017372,CANDIDATE,,
7102316,CONFIRMED,,Kepler-351 d
11518142,CONFIRMED,,Kepler-1519 b
3114667,FALSE POSITIVE,,
12109845,FALSE POSITIVE,,
8651551,FALSE POSITIVE,,
9532637,FALSE POSITIVE,,
5305451,FALSE POSITIVE,,
7174349,FALSE POSITIVE,,
11824218,FALSE POSITIVE,,
3128552,CANDIDATE,,
10788461,CANDIDATE,,
10788461,CONFIRMED,,Kepler-1530 b
10788461,CONFIRMED,,Kepler-1530 c
11667548,FALSE POSITIVE,,
8868649,FALSE POSITIVE,,
9715939,FALSE POSITIVE,,
4751083,FALSE POSITIVE,,
4751083,FALSE POSITIVE,,
5903301,CANDIDATE,,
7695087,FALSE POSITIVE,,
8323764,FALSE POSITIVE,,
7013923,FALSE POSITIVE,,
5360082,FALSE POSITIVE,,
6543683,FALSE POSITIVE,,
5008245,CANDIDATE,,
10555365,CANDIDATE,,
5481426,FALSE POSITIVE,,
7983756,FALSE POSITIVE,,
7289165,FALSE POSITIVE,,
12784167,CONFIRMED,,Kepler-1522 b
8949316,CANDIDATE,,
8912730,FALSE POSITIVE,,
9784230,FALSE POSITIVE,,
11466960,FALSE POSITIVE,,
3124420,FALSE POSITIVE,,
4649440,FALSE POSITIVE,,
2437488,FALSE POSITIVE,,
10083623,FALSE POSITIVE,,
11253711,CONFIRMED,,Kepler-1031 b
8043052,FALSE POSITIVE,,
5435816,FALSE POSITIVE,,
8559589,FALSE POSITIVE,,
4372765,FALSE POSITIVE,,
9489524,CANDIDATE,,
10268903,FALSE POSITIVE,,
7017437,FALSE POSITIVE,,
7220320,FALSE POSITIVE,,
9291378,FALSE POSITIVE,,
4075067,FALSE POSITIVE,,
4949524,FALSE POSITIVE,,
6531143,FALSE POSITIVE,,
3550434,FALSE POSITIVE,,
2558370,FALSE POSITIVE,,
12301181,CANDIDATE,,
5397166,CANDIDATE,,
7024530,FALSE POSITIVE,,
5015459,FALSE POSITIVE,,
11709124,CONFIRMED,,Kepler-154 e
8505920,CONFIRMED,,Kepler-1090 b
1433980,FALSE POSITIVE,,
2438490,FALSE POSITIVE,,
3838496,FALSE POSITIVE,,
6470521,FALSE POSITIVE,,
2449090,FALSE POSITIVE,,
5652260,FALSE POSITIVE,,
2569494,FALSE POSITIVE,,
12405950,FALSE POSITIVE,,
5206233,FALSE POSITIVE,,
7031066,FALSE POSITIVE,,
6775985,FALSE POSITIVE,,
11357192,FALSE POSITIVE,,
9533489,CANDIDATE,,
11825057,FALSE POSITIVE,,
12306699,FALSE POSITIVE,,
9692336,FALSE POSITIVE,,
9641008,FALSE POSITIVE,,
8588377,FALSE POSITIVE,,
3644601,FALSE POSITIVE,,
4242692,CONFIRMED,,Kepler-1531 b
8781480,FALSE POSITIVE,,
6783732,FALSE POSITIVE,,
11607176,FALSE POSITIVE,,
10661718,FALSE POSITIVE,,
6105462,CONFIRMED,,Kepler-1093 c
8257205,CANDIDATE,,
6470516,FALSE POSITIVE,,
6891124,CANDIDATE,,
7770471,FALSE POSITIVE,,
5130380,FALSE POSITIVE,,
6314173,FALSE POSITIVE,,
5688997,FALSE POSITIVE,,
9489524,CANDIDATE,,
7031340,FALSE POSITIVE,,
4073730,FALSE POSITIVE,,
2854948,FALSE POSITIVE,,
7813039,FALSE POSITIVE,,
3644601,FALSE POSITIVE,,
8459354,FALSE POSITIVE,,
4164922,CANDIDATE,,
12061969,CANDIDATE,,
4164922,CANDIDATE,,
10328393,CONFIRMED,,Kepler-332 d
10259029,FALSE POSITIVE,,
8299947,FALSE POSITIVE,,
3335813,FALSE POSITIVE,,
11858741,FALSE POSITIVE,,
6363494,FALSE POSITIVE,,
2576107,FALSE POSITIVE,,
9532421,FALSE POSITIVE,,
6936966,FALSE POSITIVE,,
5653849,FALSE POSITIVE,,
2437060,FALSE POSITIVE,,
8127648,FALSE POSITIVE,,
9405541,FALSE POSITIVE,,
8906045,FALSE POSITIVE,,
7031638,FALSE POSITIVE,,
7296094,FALSE POSITIVE,,
5437945,CONFIRMED,,Kepler-460 b
12009347,FALSE POSITIVE,,
4037163,FALSE POSITIVE,,
5535890,FALSE POSITIVE,,
5215980,FALSE POSITIVE,,
9353742,CONFIRMED,,Kepler-1523 b
9178185,FALSE POSITIVE,,
6290382,FALSE POSITIVE,,
3327992,FALSE POSITIVE,,
5649206,FALSE POSITIVE,,
5193384,FALSE POSITIVE,,
5181804,FALSE POSITIVE,,
10491544,FALSE POSITIVE,,
9101496,CONFIRMED,,Kepler-335 c
11450414,CONFIRMED,,Kepler-347 c
4937143,FALSE POSITIVE,,
8719324,FALSE POSITIVE,,
11241814,FALSE POSITIVE,,
5036537,FALSE POSITIVE,,
9837083,FALSE POSITIVE,,
12557548,CONFIRMED,,Kepler-1520 b
3657758,CONFIRMED,,Kepler-1065 c
3338660,FALSE POSITIVE,,
3338674,FALSE POSITIVE,,
5546277,FALSE POSITIVE,,
9752982,FALSE POSITIVE,,
4666008,FALSE POSITIVE,,
8430105,FALSE POSITIVE,,
9517393,CONFIRMED,,Kepler-1085 b
8052474,FALSE POSITIVE,,
3534118,FALSE POSITIVE,,
3534118,FALSE POSITIVE,,
2441161,FALSE POSITIVE,,
3231120,FALSE POSITIVE,,
12216706,FALSE POSITIVE,,
12216706,FALSE POSITIVE,,
10735331,FALSE POSITIVE,,
7763269,FALSE POSITIVE,,
8365739,FALSE POSITIVE,,
5471606,FALSE POSITIVE,,
11200405,FALSE POSITIVE,,
5475736,FALSE POSITIVE,,
9049673,FALSE POSITIVE,,
7031898,FALSE POSITIVE,,
9593759,FALSE POSITIVE,,
8827930,CANDIDATE,,
5020044,FALSE POSITIVE,,
11560037,FALSE POSITIVE,,
6547322,FALSE POSITIVE,,
3440118,CANDIDATE,,
9159265,FALSE POSITIVE,,
4472818,CONFIRMED,,Kepler-1524 b
5816806,FALSE POSITIVE,,
6531496,FALSE POSITIVE,,
6790592,CANDIDATE,,
9411166,CONFIRMED,,Kepler-1016 c
3097352,FALSE POSITIVE,,
6066379,FALSE POSITIVE,,
6508221,CANDIDATE,,
12154526,CONFIRMED,,Kepler-1047 c
6952971,CANDIDATE,,
3459199,FALSE POSITIVE,,
6973796,FALSE POSITIVE,,
12023089,FALSE POSITIVE,,
6286155,FALSE POSITIVE,,
7831363,FALSE POSITIVE,,
4663185,FALSE POSITIVE,,
5305471,FALSE POSITIVE,,
5560830,FALSE POSITIVE,,
4147444,FALSE POSITIVE,,
8211824,FALSE POSITIVE,,
5980800,FALSE POSITIVE,,
9592850,FALSE POSITIVE,,
6227560,FALSE POSITIVE,,
5866104,FALSE POSITIVE,,
8256044,FALSE POSITIVE,,
8780968,FALSE POSITIVE,,
6960446,FALSE POSITIVE,,
8264097,FALSE POSITIVE,,
7515679,CONFIRMED,,Kepler-1517 b
9674592,FALSE POSITIVE,,
9674592,FALSE POSITIVE,,
10879213,FALSE POSITIVE,,
5650314,FALSE POSITIVE,,
6962901,FALSE POSITIVE,,
8302302,FALSE POSITIVE,,
10581918,FALSE POSITIVE,,
3851949,FALSE POSITIVE,,
9097892,FALSE POSITIVE,,
5769943,FALSE POSITIVE,,
2994092,CANDIDATE,,
4638237,CANDIDATE,,
9351316,CONFIRMED,,Kepler-1086 c
4579313,FALSE POSITIVE,,
11614528,FALSE POSITIVE,,
8848288,FALSE POSITIVE,,
6590307,FALSE POSITIVE,,
5308419,FALSE POSITIVE,,
6312521,FALSE POSITIVE,,
4579321,FALSE POSITIVE,,
5202905,CONFIRMED,,Kepler-340 b
1575690,FALSE POSITIVE,,
3339538,FALSE POSITIVE,,
4386047,FALSE POSITIVE,,
5103998,FALSE POSITIVE,,
9655858,FALSE POSITIVE,,
12154526,CANDIDATE,,
10275880,FALSE POSITIVE,,
2166200,FALSE POSITIVE,,
3547315,FALSE POSITIVE,,
6933781,FALSE POSITIVE,,
6148271,FALSE POSITIVE,,
5386904,CANDIDATE,,
2997178,FALSE POSITIVE,,
8956206,FALSE POSITIVE,,
6507433,CANDIDATE,,
8260198,FALSE POSITIVE,,
10733174,FALSE POSITIVE,,
8564976,CANDIDATE,,
11760860,CONFIRMED,,Kepler-1525 b
7910148,FALSE POSITIVE,,
12459731,FALSE POSITIVE,,
12735740,CONFIRMED,,Kepler-86 b
4678875,FALSE POSITIVE,,
7812175,FALSE POSITIVE,,
7708193,FALSE POSITIVE,,
5478083,FALSE POSITIVE,,
10857342,FALSE POSITIVE,,
5215700,FALSE POSITIVE,,
8780959,FALSE POSITIVE,,
8780959,FALSE POSITIVE,,
5565486,FALSE POSITIVE,,
8453214,FALSE POSITIVE,,
8552719,CONFIRMED,,Kepler-953 b
8556077,FALSE POSITIVE,,
8625821,FALSE POSITIVE,,
8652999,FALSE POSITIVE,,
12164770,FALSE POSITIVE,,
9541322,FALSE POSITIVE,,
10470616,FALSE POSITIVE,,
10362031,FALSE POSITIVE,,
6373680,FALSE POSITIVE,,
10963242,FALSE POSITIVE,,
9150827,FALSE POSITIVE,,
9957351,FALSE POSITIVE,,
5385575,FALSE POSITIVE,,
3732035,CONFIRMED,,Kepler-1535 b
5385697,FALSE POSITIVE,,
5385697,FALSE POSITIVE,,
5008501,FALSE POSITIVE,,
5015913,FALSE POSITIVE,,
5103942,FALSE POSITIVE,,
5184709,FALSE POSITIVE,,
5195172,CANDIDATE,,
8678664,FALSE POSITIVE,,
8832512,CONFIRMED,,Kepler-963 b
8892721,FALSE POSITIVE,,
7778664,CANDIDATE,,
9042357,FALSE POSITIVE,,
9115681,FALSE POSITIVE,,
10481045,FALSE POSITIVE,,
8107034,FALSE POSITIVE,,
3962751,FALSE POSITIVE,,
8582291,FALSE POSITIVE,,
5110683,FALSE POSITIVE,,
7967861,FALSE POSITIVE,,
8179325,FALSE POSITIVE,,
5211199,CANDIDATE,,
5475494,FALSE POSITIVE,,
9412445,FALSE POSITIVE,,
7866914,FALSE POSITIVE,,
6057684,FALSE POSITIVE,,
5271608,FALSE POSITIVE,,
5357470,FALSE POSITIVE,,
5443775,FALSE POSITIVE,,
5527172,FALSE POSITIVE,,
5529643,FALSE POSITIVE,,
9366989,FALSE POSITIVE,,
9468717,FALSE POSITIVE,,
9528420,FALSE POSITIVE,,
7834712,CANDIDATE,,
9574614,FALSE POSITIVE,,
9674608,FALSE POSITIVE,,
8495415,FALSE POSITIVE,,
10341905,FALSE POSITIVE,,
10336927,FALSE POSITIVE,,
12115188,FALSE POSITIVE,,
9850957,FALSE POSITIVE,,
12470954,FALSE POSITIVE,,
8189801,CANDIDATE,,
11568224,FALSE POSITIVE,,
7938883,FALSE POSITIVE,,
9280239,CONFIRMED,,Kepler-1536 b
4544571,FALSE POSITIVE,,
3245661,FALSE POSITIVE,,
5618071,FALSE POSITIVE,,
6312534,FALSE POSITIVE,,
6470917,FALSE POSITIVE,,
7431709,FALSE POSITIVE,,
6611330,FALSE POSITIVE,,
6699368,CANDIDATE,,
9886255,CONFIRMED,,Kepler-976 b
9973855,FALSE POSITIVE,,
10019399,FALSE POSITIVE,,
7841368,FALSE POSITIVE,,
10028352,CANDIDATE,,
10031707,FALSE POSITIVE,,
10092312,FALSE POSITIVE,,
10407054,FALSE POSITIVE,,
10880007,FALSE POSITIVE,,
8418129,FALSE POSITIVE,,
6525185,FALSE POSITIVE,,
10812504,FALSE POSITIVE,,
8107115,FALSE POSITIVE,,
10663411,FALSE POSITIVE,,
10090219,FALSE POSITIVE,,
9205938,CANDIDATE,,
3440230,FALSE POSITIVE,,
9899217,FALSE POSITIVE,,
6750902,CANDIDATE,,
5895588,FALSE POSITIVE,,
6803855,CONFIRMED,,Kepler-930 b
6891366,FALSE POSITIVE,,
6891637,FALSE POSITIVE,,
6975615,FALSE POSITIVE,,
7137725,FALSE POSITIVE,,
10153855,CONFIRMED,,Kepler-1037 b
10230571,FALSE POSITIVE,,
10294613,FALSE POSITIVE,,
10491044,FALSE POSITIVE,,
10614012,CANDIDATE,,
10616415,FALSE POSITIVE,,
6525193,FALSE POSITIVE,,
6866251,FALSE POSITIVE,,
7117710,FALSE POSITIVE,,
7762723,CANDIDATE,,
4178606,CONFIRMED,,Kepler-1326 b
5980208,CONFIRMED,,Kepler-1331 b
5303557,FALSE POSITIVE,,
10227863,FALSE POSITIVE,,
7281668,FALSE POSITIVE,,
8036287,CONFIRMED,,Kepler-1537 b
9602562,FALSE POSITIVE,,
10668665,FALSE POSITIVE,,
10407020,FALSE POSITIVE,,
7380829,FALSE POSITIVE,,
7470491,FALSE POSITIVE,,
7768952,FALSE POSITIVE,,
8162790,FALSE POSITIVE,,
9655129,CANDIDATE,,
9899483,FALSE POSITIVE,,
10917681,CANDIDATE,,
7882360,FALSE POSITIVE,,
10965740,FALSE POSITIVE,,
11187436,CONFIRMED,,Kepler-957 b
11285136,FALSE POSITIVE,,
11298815,FALSE POSITIVE,,
11342573,FALSE POSITIVE,,
9823519,CONFIRMED,,Kepler-1350 b
11246161,CANDIDATE,,
7047824,CONFIRMED,,Kepler-1353 b
4479633,FALSE POSITIVE,,
4952341,FALSE POSITIVE,,
8176019,FALSE POSITIVE,,
5385491,FALSE POSITIVE,,
11358389,CONFIRMED,,Kepler-365 c
5551504,FALSE POSITIVE,,
6421503,FALSE POSITIVE,,
7538434,FALSE POSITIVE,,
10487119,FALSE POSITIVE,,
10621666,FALSE POSITIVE,,
10747439,FALSE POSITIVE,,
10749128,FALSE POSITIVE,,
10813841,FALSE POSITIVE,,
12253474,CANDIDATE,,
12691412,FALSE POSITIVE,,
5024482,FALSE POSITIVE,,
8175131,FALSE POSITIVE,,
3764879,FALSE POSITIVE,,
5513897,FALSE POSITIVE,,
10664416,FALSE POSITIVE,,
9602613,CANDIDATE,,
5807769,CONFIRMED,,Kepler-1289 b
11495766,FALSE POSITIVE,,
7282154,FALSE POSITIVE,,
3228988,FALSE POSITIVE,,
2970804,FALSE POSITIVE,,
7552701,FALSE POSITIVE,,
7418173,FALSE POSITIVE,,
3228804,FALSE POSITIVE,,
11045383,FALSE POSITIVE,,
11391667,FALSE POSITIVE,,
11392017,FALSE POSITIVE,,
3446451,FALSE POSITIVE,,
6603756,CANDIDATE,,
8460600,FALSE POSITIVE,,
12121470,FALSE POSITIVE,,
3327993,FALSE POSITIVE,,
5467124,FALSE POSITIVE,,
7906739,FALSE POSITIVE,,
8501062,FALSE POSITIVE,,
7199644,FALSE POSITIVE,,
11966253,FALSE POSITIVE,,
10275805,FALSE POSITIVE,,
5709889,CANDIDATE,,
3119256,FALSE POSITIVE,,
2442359,FALSE POSITIVE,,
7707742,FALSE POSITIVE,,
6041734,CONFIRMED,,Kepler-1129 c
2010191,FALSE POSITIVE,,
5471675,FALSE POSITIVE,,
7601665,CANDIDATE,,
8845574,FALSE POSITIVE,,
2021440,FALSE POSITIVE,,
3122985,FALSE POSITIVE,,
3248019,FALSE POSITIVE,,
3328026,FALSE POSITIVE,,
2014991,FALSE POSITIVE,,
12885212,FALSE POSITIVE,,
5894073,FALSE POSITIVE,,
10518424,FALSE POSITIVE,,
4245933,FALSE POSITIVE,,
12935144,FALSE POSITIVE,,
6185496,FALSE POSITIVE,,
9149789,CANDIDATE,,
12170648,FALSE POSITIVE,,
7051984,FALSE POSITIVE,,
9851943,FALSE POSITIVE,,
5773121,CANDIDATE,,
2708420,FALSE POSITIVE,,
4814502,CANDIDATE,,
8142787,CONFIRMED,,Kepler-439 b
7613620,CANDIDATE,,
3345675,FALSE POSITIVE,,
3654950,FALSE POSITIVE,,
3836453,FALSE POSITIVE,,
3952651,FALSE POSITIVE,,
3966262,FALSE POSITIVE,,
4144231,FALSE POSITIVE,,
9964670,FALSE POSITIVE,,
6209798,FALSE POSITIVE,,
6525249,FALSE POSITIVE,,
11075429,CONFIRMED,,Kepler-1137 b
11705004,CANDIDATE,,
6137681,FALSE POSITIVE,,
11244682,CANDIDATE,,
9655419,FALSE POSITIVE,,
5895158,CONFIRMED,,Kepler-1532 b
4947556,FALSE POSITIVE,,
7287028,CANDIDATE,,
5471690,FALSE POSITIVE,,
8376848,CANDIDATE,,
5350447,FALSE POSITIVE,,
4173026,CANDIDATE,,
8934103,CONFIRMED,,Kepler-1538 b
7618364,FALSE POSITIVE,,
4150390,FALSE POSITIVE,,
4851464,FALSE POSITIVE,,
4913000,FALSE POSITIVE,,
4945877,CANDIDATE,,
5110423,FALSE POSITIVE,,
2581191,FALSE POSITIVE,,
7379385,FALSE POSITIVE,,
6199702,FALSE POSITIVE,,
6307083,FALSE POSITIVE,,
6780158,FALSE POSITIVE,,
4947556,CANDIDATE,,
7362696,FALSE POSITIVE,,
3865595,FALSE POSITIVE,,
9593528,CANDIDATE,,
5195945,FALSE POSITIVE,,
5288577,FALSE POSITIVE,,
11969988,CANDIDATE,,
8483258,FALSE POSITIVE,,
4832225,FALSE POSITIVE,,
9009953,CANDIDATE,,
7664272,FALSE POSITIVE,,
5302006,FALSE POSITIVE,,
5306720,FALSE POSITIVE,,
5389540,FALSE POSITIVE,,
5444384,FALSE POSITIVE,,
5450814,FALSE POSITIVE,,
9635510,FALSE POSITIVE,,
8076630,FALSE POSITIVE,,
4077901,FALSE POSITIVE,,
10271691,FALSE POSITIVE,,
10544677,FALSE POSITIVE,,
7199883,FALSE POSITIVE,,
9904006,CANDIDATE,,
8552587,FALSE POSITIVE,,
6019872,FALSE POSITIVE,,
7679812,CANDIDATE,,
4864734,FALSE POSITIVE,,
8282846,CONFIRMED,,Kepler-1539 b
5938970,CONFIRMED,,Kepler-1540 b
8381693,FALSE POSITIVE,,
4929299,FALSE POSITIVE,,
7375348,CONFIRMED,,Kepler-508 b
10223615,FALSE POSITIVE,,
3342463,FALSE POSITIVE,,
6680177,FALSE POSITIVE,,
5565497,FALSE POSITIVE,,
5730389,FALSE POSITIVE,,
5802478,FALSE POSITIVE,,
5942093,CANDIDATE,,
5992270,CANDIDATE,,
7117126,FALSE POSITIVE,,
4761060,FALSE POSITIVE,,
5479802,FALSE POSITIVE,,
5607631,FALSE POSITIVE,,
4951249,FALSE POSITIVE,,
3121340,FALSE POSITIVE,,
8636434,CONFIRMED,,Kepler-1533 b
5952366,FALSE POSITIVE,,
5952366,FALSE POSITIVE,,
6045250,FALSE POSITIVE,,
5598595,FALSE POSITIVE,,
6681233,FALSE POSITIVE,,
7296438,CANDIDATE,,
7351237,FALSE POSITIVE,,
7436215,FALSE POSITIVE,,
9763754,FALSE POSITIVE,,
10216045,FALSE POSITIVE,,
8846163,FALSE POSITIVE,,
12366681,FALSE POSITIVE,,
1996399,FALSE POSITIVE,,
2697169,FALSE POSITIVE,,
8435247,CANDIDATE,,
8332986,FALSE POSITIVE,,
9425139,CANDIDATE,,
6364327,FALSE POSITIVE,,
6762829,FALSE POSITIVE,,
7369865,FALSE POSITIVE,,
7593110,FALSE POSITIVE,,
7810483,CANDIDATE,,
7117147,FALSE POSITIVE,,
6634133,FALSE POSITIVE,,
7021534,FALSE POSITIVE,,
9277210,FALSE POSITIVE,,
9728465,FALSE POSITIVE,,
7124026,FALSE POSITIVE,,
7200485,FALSE POSITIVE,,
9904006,CONFIRMED,,Kepler-361 b
4544572,FALSE POSITIVE,,
5738634,FALSE POSITIVE,,
10152836,FALSE POSITIVE,,
10651816,FALSE POSITIVE,,
6964043,FALSE POSITIVE,,
3644523,FALSE POSITIVE,,
11909686,FALSE POSITIVE,,
6678383,FALSE POSITIVE,,
12644769,FALSE POSITIVE,,
7671950,CANDIDATE,,
7918172,FALSE POSITIVE,,
8009496,FALSE POSITIVE,,
8081187,CONFIRMED,,Kepler-1025 b
8111919,FALSE POSITIVE,,
8127586,FALSE POSITIVE,,
7117485,FALSE POSITIVE,,
2860793,FALSE POSITIVE,,
3851130,FALSE POSITIVE,,
7257363,FALSE POSITIVE,,
11922722,FALSE POSITIVE,,
12061969,FALSE POSITIVE,,
7203326,FALSE POSITIVE,,
8030339,FALSE POSITIVE,,
9899414,FALSE POSITIVE,,
5471059,FALSE POSITIVE,,
7458309,FALSE POSITIVE,,
7777372,FALSE POSITIVE,,
7377200,FALSE POSITIVE,,
6312314,FALSE POSITIVE,,
6387969,FALSE POSITIVE,,
6468337,FALSE POSITIVE,,
9084778,FALSE POSITIVE,,
10357040,FALSE POSITIVE,,
10514429,FALSE POSITIVE,,
7747103,CANDIDATE,,
8127607,FALSE POSITIVE,,
8129042,FALSE POSITIVE,,
8180020,FALSE POSITIVE,,
8223328,FALSE POSITIVE,,
8444552,FALSE POSITIVE,,
6342333,CANDIDATE,,
10674871,CANDIDATE,,
6032517,FALSE POSITIVE,,
4768846,FALSE POSITIVE,,
8260234,FALSE POSITIVE,,
7210749,FALSE POSITIVE,,
9282769,FALSE POSITIVE,,
10404582,CONFIRMED,,Kepler-362 b
7777416,FALSE POSITIVE,,
7597005,FALSE POSITIVE,,
5479717,FALSE POSITIVE,,
11392618,FALSE POSITIVE,,
4474645,FALSE POSITIVE,,
4570949,CONFIRMED,,Kepler-76 b
4927315,FALSE POSITIVE,,
4928119,FALSE POSITIVE,,
11518201,CANDIDATE,,
10861608,FALSE POSITIVE,,
10934313,FALSE POSITIVE,,
11497958,CONFIRMED,,Kepler-296 e
7516809,FALSE POSITIVE,,
6115516,FALSE POSITIVE,,
9758032,CANDIDATE,,
6444896,CONFIRMED,,Kepler-1649 b
5640511,FALSE POSITIVE,,
7336093,FALSE POSITIVE,,
10196493,FALSE POSITIVE,,
11442793,CONFIRMED,,Kepler-90 c
11442793,CONFIRMED,,Kepler-90 b
7812455,FALSE POSITIVE,,
9520443,FALSE POSITIVE,,
10601465,FALSE POSITIVE,,
7461307,FALSE POSITIVE,,
7269881,FALSE POSITIVE,,
6974658,CANDIDATE,,
10964265,FALSE POSITIVE,,
8672910,FALSE POSITIVE,,
3233043,FALSE POSITIVE,,
7269493,FALSE POSITIVE,,
9634821,CANDIDATE,,
8753896,FALSE POSITIVE,,
11074835,FALSE POSITIVE,,
10812504,FALSE POSITIVE,,
9827149,FALSE POSITIVE,,
9602613,CANDIDATE,,
7584650,FALSE POSITIVE,,
9758089,CANDIDATE,,
10005758,CANDIDATE,,
9823564,FALSE POSITIVE,,
9532424,FALSE POSITIVE,,
9950316,FALSE POSITIVE,,
6028860,FALSE POSITIVE,,
6778019,FALSE POSITIVE,,
4571536,FALSE POSITIVE,,
10904004,CANDIDATE,,
3336283,FALSE POSITIVE,,
1725415,FALSE POSITIVE,,
11304987,FALSE POSITIVE,,
11709423,FALSE POSITIVE,,
8758136,CANDIDATE,,
12405333,CONFIRMED,,Kepler-1409 b
10617638,FALSE POSITIVE,,
12833566,FALSE POSITIVE,,
9153554,FALSE POSITIVE,,
8161830,FALSE POSITIVE,,
6461850,FALSE POSITIVE,,
7613246,FALSE POSITIVE,,
11551715,FALSE POSITIVE,,
2715695,CANDIDATE,,
11442793,CONFIRMED,,Kepler-90 e
6312171,FALSE POSITIVE,,
10665043,FALSE POSITIVE,,
12352520,CANDIDATE,,
7455981,CONFIRMED,,Kepler-1425 b
7107561,FALSE POSITIVE,,
9605552,CANDIDATE,,
11237332,FALSE POSITIVE,,
8669092,FALSE POSITIVE,,
5474613,CANDIDATE,,
9823519,CONFIRMED,,Kepler-1350 c
2715695,CANDIDATE,,
10587105,CANDIDATE,,
8558011,CONFIRMED,,Kepler-607 b
5281714,FALSE POSITIVE,,
5283728,CANDIDATE,,
5303185,FALSE POSITIVE,,
5308777,FALSE POSITIVE,,
5364090,FALSE POSITIVE,,
5370944,FALSE POSITIVE,,
5374838,CANDIDATE,,
6364143,FALSE POSITIVE,,
6364307,FALSE POSITIVE,,
6366559,FALSE POSITIVE,,
6367663,FALSE POSITIVE,,
6368905,CANDIDATE,,
6369548,FALSE POSITIVE,,
6372194,CANDIDATE,,
6387557,CANDIDATE,,
3098843,FALSE POSITIVE,,
3958301,FALSE POSITIVE,,
5353137,FALSE POSITIVE,,
4932689,FALSE POSITIVE,,
5294945,CANDIDATE,,
7742408,CANDIDATE,,
3968809,CANDIDATE,,
3970397,FALSE POSITIVE,,
3973549,FALSE POSITIVE,,
3974928,CANDIDATE,,
4058169,FALSE POSITIVE,,
4063943,FALSE POSITIVE,,
4071638,FALSE POSITIVE,,
5390913,CANDIDATE,,
5391911,CANDIDATE,,
5394585,CANDIDATE,,
5397106,FALSE POSITIVE,,
5425643,FALSE POSITIVE,,
5425908,FALSE POSITIVE,,
5428199,FALSE POSITIVE,,
5436415,FALSE POSITIVE,,
6387887,FALSE POSITIVE,,
6425377,CANDIDATE,,
6428602,FALSE POSITIVE,,
6442735,CANDIDATE,,
6443093,CANDIDATE,,
6447372,FALSE POSITIVE,,
6461675,FALSE POSITIVE,,
6509282,CANDIDATE,,
8231667,CANDIDATE,,
6697817,CANDIDATE,,
3439096,FALSE POSITIVE,,
3324644,FALSE POSITIVE,,
5437945,CONFIRMED,,Kepler-460 c
1161949,FALSE POSITIVE,,
4077767,FALSE POSITIVE,,
4135912,CANDIDATE,,
4144238,FALSE POSITIVE,,
4147171,FALSE POSITIVE,,
4149060,FALSE POSITIVE,,
4150972,FALSE POSITIVE,,
4160006,FALSE POSITIVE,,
5436455,CANDIDATE,,
5439000,FALSE POSITIVE,,
5440435,FALSE POSITIVE,,
5440472,FALSE POSITIVE,,
5443320,CANDIDATE,,
5446961,FALSE POSITIVE,,
5467126,FALSE POSITIVE,,
6511182,CANDIDATE,,
6517064,FALSE POSITIVE,,
6517200,CANDIDATE,,
6517255,FALSE POSITIVE,,
6522124,FALSE POSITIVE,,
6525196,FALSE POSITIVE,,
6525398,FALSE POSITIVE,,
6526377,FALSE POSITIVE,,
1164301,FALSE POSITIVE,,
1429589,CANDIDATE,,
1572948,FALSE POSITIVE,,
1725193,FALSE POSITIVE,,
1865864,CANDIDATE,,
1873513,CONFIRMED,,Kepler-1624 b
4164511,CANDIDATE,,
4179201,CANDIDATE,,
4241238,CANDIDATE,,
4242806,FALSE POSITIVE,,
4245861,FALSE POSITIVE,,
4246343,FALSE POSITIVE,,
4253860,FALSE POSITIVE,,
4274816,FALSE POSITIVE,,
5470851,FALSE POSITIVE,,
5471108,FALSE POSITIVE,,
5524229,CANDIDATE,,
5525484,FALSE POSITIVE,,
5529385,CANDIDATE,,
5547424,FALSE POSITIVE,,
5551240,CONFIRMED,,Kepler-1626 b
6527229,FALSE POSITIVE,,
6543192,CANDIDATE,,
6543674,FALSE POSITIVE,,
6548429,FALSE POSITIVE,,
6594945,FALSE POSITIVE,,
6600515,FALSE POSITIVE,,
6608090,FALSE POSITIVE,,
2010607,FALSE POSITIVE,,
2015013,FALSE POSITIVE,,
2019199,FALSE POSITIVE,,
2158460,FALSE POSITIVE,,
2165352,FALSE POSITIVE,,
2305255,FALSE POSITIVE,,
2305543,FALSE POSITIVE,,
4276114,FALSE POSITIVE,,
4281023,FALSE POSITIVE,,
4281700,FALSE POSITIVE,,
4346339,CANDIDATE,,
4365461,FALSE POSITIVE,,
4366923,FALSE POSITIVE,,
4449752,FALSE POSITIVE,,
5563057,CANDIDATE,,
5565261,FALSE POSITIVE,,
5602409,FALSE POSITIVE,,
5612111,FALSE POSITIVE,,
5616628,FALSE POSITIVE,,
5623137,FALSE POSITIVE,,
6611779,FALSE POSITIVE,,
6612411,FALSE POSITIVE,,
6612973,FALSE POSITIVE,,
6615600,FALSE POSITIVE,,
6634112,FALSE POSITIVE,,
6635813,FALSE POSITIVE,,
6675757,CANDIDATE,,
6677415,FALSE POSITIVE,,
2309910,FALSE POSITIVE,,
2310993,CANDIDATE,,
2437209,FALSE POSITIVE,,
2437653,FALSE POSITIVE,,
2452289,FALSE POSITIVE,,
2555080,FALSE POSITIVE,,
2569488,FALSE POSITIVE,,
4459503,FALSE POSITIVE,,
4464689,FALSE POSITIVE,,
4469825,FALSE POSITIVE,,
4471313,FALSE POSITIVE,,
4478142,CANDIDATE,,
4484179,CANDIDATE,,
5623839,FALSE POSITIVE,,
5650420,FALSE POSITIVE,,
5650930,FALSE POSITIVE,,
5653152,FALSE POSITIVE,,
5653163,FALSE POSITIVE,,
5685113,FALSE POSITIVE,,
5697395,CANDIDATE,,
5698524,FALSE POSITIVE,,
6784887,FALSE POSITIVE,,
6805414,CANDIDATE,,
6864891,FALSE POSITIVE,,
6875342,CANDIDATE,,
6879183,CANDIDATE,,
7891264,FALSE POSITIVE,,
6880123,FALSE POSITIVE,,
6891512,FALSE POSITIVE,,
2570432,FALSE POSITIVE,,
2574543,FALSE POSITIVE,,
2578811,FALSE POSITIVE,,
2582800,FALSE POSITIVE,,
2707916,FALSE POSITIVE,,
2708270,FALSE POSITIVE,,
4540508,FALSE POSITIVE,,
4565943,FALSE POSITIVE,,
4566848,CANDIDATE,,
4570555,FALSE POSITIVE,,
4647949,FALSE POSITIVE,,
4678873,FALSE POSITIVE,,
4732015,FALSE POSITIVE,,
5709014,FALSE POSITIVE,,
5732636,FALSE POSITIVE,,
5734702,FALSE POSITIVE,,
5779606,FALSE POSITIVE,,
5780194,FALSE POSITIVE,,
5781991,FALSE POSITIVE,,
5784803,FALSE POSITIVE,,
5791713,FALSE POSITIVE,,
6688318,FALSE POSITIVE,,
6690523,FALSE POSITIVE,,
6692742,FALSE POSITIVE,,
6695801,FALSE POSITIVE,,
6699562,FALSE POSITIVE,,
6707260,FALSE POSITIVE,,
6718474,FALSE POSITIVE,,
2710101,FALSE POSITIVE,,
2833632,FALSE POSITIVE,,
2836076,FALSE POSITIVE,,
2850321,FALSE POSITIVE,,
2861126,FALSE POSITIVE,,
2861298,CANDIDATE,,
2987433,FALSE POSITIVE,,
4732137,FALSE POSITIVE,,
4736439,FALSE POSITIVE,,
4737848,CANDIDATE,,
4740375,FALSE POSITIVE,,
4741777,FALSE POSITIVE,,
4750962,CANDIDATE,,
4760478,CONFIRMED,,Kepler-1625 b
5793275,CANDIDATE,,
5794687,FALSE POSITIVE,,
5817712,FALSE POSITIVE,,
5857656,CANDIDATE,,
5858519,FALSE POSITIVE,,
5859725,CANDIDATE,,
5905728,FALSE POSITIVE,,
6719052,FALSE POSITIVE,,
6721603,CANDIDATE,,
6756369,CANDIDATE,,
6765563,CANDIDATE,,
6766583,FALSE POSITIVE,,
6767337,FALSE POSITIVE,,
6776555,CANDIDATE,,
2992634,CANDIDATE,,
3001955,CANDIDATE,,
3003673,FALSE POSITIVE,,
3101178,CANDIDATE,,
3117115,FALSE POSITIVE,,
3120397,FALSE POSITIVE,,
3239171,CANDIDATE,,
4761427,CANDIDATE,,
4769799,FALSE POSITIVE,,
4770798,CANDIDATE,,
4814168,FALSE POSITIVE,,
4815612,FALSE POSITIVE,,
4819158,FALSE POSITIVE,,
4833409,CANDIDATE,,
5942112,FALSE POSITIVE,,
5946568,CANDIDATE,,
5949765,FALSE POSITIVE,,
5954894,FALSE POSITIVE,,
5956038,FALSE POSITIVE,,
5963591,FALSE POSITIVE,,
5965629,CANDIDATE,,
6934045,CANDIDATE,,
6939913,FALSE POSITIVE,,
6947062,FALSE POSITIVE,,
6952570,FALSE POSITIVE,,
7009548,CANDIDATE,,
7011044,FALSE POSITIVE,,
7013635,FALSE POSITIVE,,
3240049,FALSE POSITIVE,,
3242039,FALSE POSITIVE,,
3245638,FALSE POSITIVE,,
3329985,FALSE POSITIVE,,
3340165,CANDIDATE,,
3341982,FALSE POSITIVE,,
3355104,FALSE POSITIVE,,
4840327,FALSE POSITIVE,,
4843751,FALSE POSITIVE,,
4856592,FALSE POSITIVE,,
4863260,FALSE POSITIVE,,
4902673,FALSE POSITIVE,,
4912650,CANDIDATE,,
4914221,CANDIDATE,,
4914399,FALSE POSITIVE,,
5967194,FALSE POSITIVE,,
5980354,FALSE POSITIVE,,
5986270,CANDIDATE,,
5989391,FALSE POSITIVE,,
6021840,FALSE POSITIVE,,
6023571,CANDIDATE,,
6025174,CANDIDATE,,
3356156,CANDIDATE,,
3425363,CANDIDATE,,
3428127,CANDIDATE,,
3428359,FALSE POSITIVE,,
3439031,FALSE POSITIVE,,
3441795,FALSE POSITIVE,,
3449540,FALSE POSITIVE,,
3449870,FALSE POSITIVE,,
4915582,CANDIDATE,,
4917658,FALSE POSITIVE,,
4927738,FALSE POSITIVE,,
4937140,FALSE POSITIVE,,
4940376,CANDIDATE,,
4945035,FALSE POSITIVE,,
6033602,FALSE POSITIVE,,
6034379,FALSE POSITIVE,,
6034834,FALSE POSITIVE,,
6036286,CANDIDATE,,
6038152,FALSE POSITIVE,,
6043490,CANDIDATE,,
6045404,CANDIDATE,,
6047853,FALSE POSITIVE,,
3532510,FALSE POSITIVE,,
3540873,CANDIDATE,,
3542117,CANDIDATE,,
3542928,CANDIDATE,,
3545749,FALSE POSITIVE,,
3546821,FALSE POSITIVE,,
4946581,FALSE POSITIVE,,
4953262,FALSE POSITIVE,,
4996558,FALSE POSITIVE,,
5006817,FALSE POSITIVE,,
5008775,FALSE POSITIVE,,
5015027,FALSE POSITIVE,,
5024476,FALSE POSITIVE,,
6058896,FALSE POSITIVE,,
6062298,FALSE POSITIVE,,
6065010,FALSE POSITIVE,,
6067545,FALSE POSITIVE,,
6115356,CANDIDATE,,
6116605,FALSE POSITIVE,,
6118840,FALSE POSITIVE,,
6129632,FALSE POSITIVE,,
3553900,CANDIDATE,,
3554819,FALSE POSITIVE,,
3555178,FALSE POSITIVE,,
3632330,FALSE POSITIVE,,
3641216,FALSE POSITIVE,,
3644399,FALSE POSITIVE,,
3644649,FALSE POSITIVE,,
5027859,CANDIDATE,,
5032842,FALSE POSITIVE,,
5036052,CANDIDATE,,
5037742,FALSE POSITIVE,,
5039053,FALSE POSITIVE,,
5080565,FALSE POSITIVE,,
5091808,FALSE POSITIVE,,
6139220,FALSE POSITIVE,,
6143819,FALSE POSITIVE,,
6145939,FALSE POSITIVE,,
6149980,FALSE POSITIVE,,
6184894,CONFIRMED,,Kepler-1627 b
6195792,FALSE POSITIVE,,
6197658,CANDIDATE,,
6198670,CANDIDATE,,
3646515,FALSE POSITIVE,,
3647097,FALSE POSITIVE,,
3748239,FALSE POSITIVE,,
3751118,CANDIDATE,,
3755522,FALSE POSITIVE,,
5094412,FALSE POSITIVE,,
5105886,FALSE POSITIVE,,
5113146,FALSE POSITIVE,,
5130563,FALSE POSITIVE,,
5131276,CANDIDATE,,
5166811,FALSE POSITIVE,,
5174677,FALSE POSITIVE,,
6203955,CANDIDATE,,
6205405,FALSE POSITIVE,,
6206470,FALSE POSITIVE,,
6263468,FALSE POSITIVE,,
6266866,CANDIDATE,,
6277594,FALSE POSITIVE,,
9002278,CONFIRMED,,Kepler-62 f
6026438,CONFIRMED,,Kepler-354 c
3229150,CANDIDATE,,
11360805,CANDIDATE,,
3757521,FALSE POSITIVE,,
3758499,CANDIDATE,,
3763724,FALSE POSITIVE,,
3834728,FALSE POSITIVE,,
3836509,FALSE POSITIVE,,
3836522,FALSE POSITIVE,,
3846515,FALSE POSITIVE,,
5179609,CANDIDATE,,
5181086,FALSE POSITIVE,,
5181299,FALSE POSITIVE,,
5184144,CANDIDATE,,
5192660,FALSE POSITIVE,,
5193813,FALSE POSITIVE,,
5199426,FALSE POSITIVE,,
5211631,FALSE POSITIVE,,
6285906,FALSE POSITIVE,,
6287131,FALSE POSITIVE,,
6289897,FALSE POSITIVE,,
6290467,FALSE POSITIVE,,
6309307,FALSE POSITIVE,,
6342980,FALSE POSITIVE,,
8753896,CONFIRMED,,Kepler-389 c
4150611,FALSE POSITIVE,,
4150611,FALSE POSITIVE,,
4909707,FALSE POSITIVE,,
7919516,FALSE POSITIVE,,
4948730,FALSE POSITIVE,,
3848665,FALSE POSITIVE,,
3848919,FALSE POSITIVE,,
3848948,CANDIDATE,,
3852865,FALSE POSITIVE,,
3854101,FALSE POSITIVE,,
3858926,FALSE POSITIVE,,
3859890,FALSE POSITIVE,,
3863877,CANDIDATE,,
5213005,FALSE POSITIVE,,
5213811,FALSE POSITIVE,,
5255259,CANDIDATE,,
5260419,FALSE POSITIVE,,
5262539,FALSE POSITIVE,,
5263802,FALSE POSITIVE,,
5265982,FALSE POSITIVE,,
5271637,FALSE POSITIVE,,
6346894,FALSE POSITIVE,,
6347434,FALSE POSITIVE,,
6347890,FALSE POSITIVE,,
6350031,FALSE POSITIVE,,
6359881,FALSE POSITIVE,,
6359929,CANDIDATE,,
6363560,FALSE POSITIVE,,
6364064,FALSE POSITIVE,,
11177676,CONFIRMED,,Kepler-1454 b
4936990,FALSE POSITIVE,,
7130418,FALSE POSITIVE,,
12208887,FALSE POSITIVE,,
10711551,FALSE POSITIVE,,
11081512,FALSE POSITIVE,,
3865815,FALSE POSITIVE,,
3867593,FALSE POSITIVE,,
3941219,FALSE POSITIVE,,
3953106,FALSE POSITIVE,,
3953212,FALSE POSITIVE,,
3955444,CANDIDATE,,
3965326,FALSE POSITIVE,,
9265521,FALSE POSITIVE,,
9268456,FALSE POSITIVE,,
9271739,FALSE POSITIVE,,
9274092,CANDIDATE,,
9282853,CANDIDATE,,
9292100,CANDIDATE,,
9300066,CANDIDATE,,
10186761,CANDIDATE,,
10189542,FALSE POSITIVE,,
10191056,FALSE POSITIVE,,
10191449,FALSE POSITIVE,,
10201891,FALSE POSITIVE,,
10208477,FALSE POSITIVE,,
10222603,FALSE POSITIVE,,
7581535,FALSE POSITIVE,,
7592339,FALSE POSITIVE,,
7598326,FALSE POSITIVE,,
7599004,FALSE POSITIVE,,
7618231,FALSE POSITIVE,,
7619667,FALSE POSITIVE,,
7625138,CANDIDATE,,
8507073,FALSE POSITIVE,,
8507586,CANDIDATE,,
8509781,FALSE POSITIVE,,
8510197,FALSE POSITIVE,,
8525101,CANDIDATE,,
8525286,CANDIDATE,,
8542879,FALSE POSITIVE,,
9304976,FALSE POSITIVE,,
9306677,FALSE POSITIVE,,
9330740,CANDIDATE,,
9334027,CANDIDATE,,
9362842,FALSE POSITIVE,,
9363944,CANDIDATE,,
9368524,FALSE POSITIVE,,
10227881,FALSE POSITIVE,,
10266852,FALSE POSITIVE,,
10272858,CANDIDATE,,
10292000,FALSE POSITIVE,,
10319341,FALSE POSITIVE,,
10319834,CANDIDATE,,
10320341,FALSE POSITIVE,,
10339000,CANDIDATE,,
7625143,FALSE POSITIVE,,
7631138,CANDIDATE,,
7658229,FALSE POSITIVE,,
7662502,CANDIDATE,,
7672215,CANDIDATE,,
7690782,CANDIDATE,,
7700561,FALSE POSITIVE,,
8546464,FALSE POSITIVE,,
8547366,FALSE POSITIVE,,
8547525,FALSE POSITIVE,,
8547537,FALSE POSITIVE,,
8548403,FALSE POSITIVE,,
8548454,CANDIDATE,,
8552607,FALSE POSITIVE,,
9390655,FALSE POSITIVE,,
9394762,FALSE POSITIVE,,
9394953,CANDIDATE,,
9397862,CANDIDATE,,
9402670,FALSE POSITIVE,,
9402859,FALSE POSITIVE,,
9407689,FALSE POSITIVE,,
10356840,FALSE POSITIVE,,
10387792,FALSE POSITIVE,,
10394802,CANDIDATE,,
10399137,FALSE POSITIVE,,
10416390,FALSE POSITIVE,,
10419108,FALSE POSITIVE,,
10453009,FALSE POSITIVE,,
10459749,CANDIDATE,,
7701809,FALSE POSITIVE,,
7731281,CONFIRMED,,Kepler-1628 b
7743464,FALSE POSITIVE,,
7747091,CANDIDATE,,
7747197,FALSE POSITIVE,,
7751133,FALSE POSITIVE,,
7757620,FALSE POSITIVE,,
8560475,CANDIDATE,,
8561192,FALSE POSITIVE,,
8570210,CANDIDATE,,
8571421,CANDIDATE,,
8574794,FALSE POSITIVE,,
8575061,FALSE POSITIVE,,
8612291,FALSE POSITIVE,,
8613769,FALSE POSITIVE,,
9412267,FALSE POSITIVE,,
9417931,CANDIDATE,,
9418508,FALSE POSITIVE,,
9449320,FALSE POSITIVE,,
9451521,FALSE POSITIVE,,
9455322,FALSE POSITIVE,,
9455526,FALSE POSITIVE,,
10470779,FALSE POSITIVE,,
10480952,FALSE POSITIVE,,
10487228,CANDIDATE,,
10519727,CANDIDATE,,
10525077,CANDIDATE,,
10535708,CANDIDATE,,
10547378,FALSE POSITIVE,,
10548411,FALSE POSITIVE,,
7762153,CANDIDATE,,
7762717,FALSE POSITIVE,,
7767781,FALSE POSITIVE,,
7770901,CANDIDATE,,
7800285,FALSE POSITIVE,,
7804128,FALSE POSITIVE,,
7809049,FALSE POSITIVE,,
7811057,FALSE POSITIVE,,
8622875,FALSE POSITIVE,,
8644545,CANDIDATE,,
8644911,CANDIDATE,,
8655076,FALSE POSITIVE,,
8656535,CANDIDATE,,
8671707,FALSE POSITIVE,,
9457533,FALSE POSITIVE,,
9463329,FALSE POSITIVE,,
9466486,CANDIDATE,,
9472328,FALSE POSITIVE,,
9472341,CANDIDATE,,
9474485,FALSE POSITIVE,,
9475697,CANDIDATE,,
9481235,CANDIDATE,,
10552151,FALSE POSITIVE,,
10552263,CANDIDATE,,
10554421,CANDIDATE,,
10556891,FALSE POSITIVE,,
10579570,FALSE POSITIVE,,
10581308,CANDIDATE,,
10591578,FALSE POSITIVE,,
7812990,FALSE POSITIVE,,
7819520,FALSE POSITIVE,,
7829836,CANDIDATE,,
7830953,FALSE POSITIVE,,
7836096,CANDIDATE,,
7837526,FALSE POSITIVE,,
7881464,FALSE POSITIVE,,
7884986,FALSE POSITIVE,,
8677186,FALSE POSITIVE,,
8678345,FALSE POSITIVE,,
8682751,FALSE POSITIVE,,
8715564,FALSE POSITIVE,,
8715589,CANDIDATE,,
8718273,FALSE POSITIVE,,
8737343,FALSE POSITIVE,,
8741367,CANDIDATE,,
9517242,FALSE POSITIVE,,
9532603,CANDIDATE,,
9534832,CANDIDATE,,
9536727,FALSE POSITIVE,,
9543302,FALSE POSITIVE,,
9575728,CANDIDATE,,
10799291,FALSE POSITIVE,,
10802364,CANDIDATE,,
10809888,CANDIDATE,,
10817600,FALSE POSITIVE,,
10850327,CANDIDATE,,
10858504,CANDIDATE,,
7885558,FALSE POSITIVE,,
7888863,CANDIDATE,,
7900450,CANDIDATE,,
7900695,FALSE POSITIVE,,
7900727,FALSE POSITIVE,,
7916058,FALSE POSITIVE,,
7917068,FALSE POSITIVE,,
8742270,FALSE POSITIVE,,
8745553,CONFIRMED,,Kepler-1633 b
8747222,FALSE POSITIVE,,
8747910,CANDIDATE,,
8766285,FALSE POSITIVE,,
8807988,CANDIDATE,,
8812360,FALSE POSITIVE,,
9579072,FALSE POSITIVE,,
9579606,CANDIDATE,,
9591728,FALSE POSITIVE,,
9594184,FALSE POSITIVE,,
9594992,FALSE POSITIVE,,
9596820,FALSE POSITIVE,,
9598315,FALSE POSITIVE,,
9602595,FALSE POSITIVE,,
10601163,CANDIDATE,,
10616317,FALSE POSITIVE,,
10616656,FALSE POSITIVE,,
10618044,CANDIDATE,,
10656842,CANDIDATE,,
10658177,CANDIDATE,,
10661679,FALSE POSITIVE,,
10663976,CANDIDATE,,
7935997,FALSE POSITIVE,,
7938499,FALSE POSITIVE,,
7941635,CANDIDATE,,
7948619,FALSE POSITIVE,,
7950158,CANDIDATE,,
7967210,FALSE POSITIVE,,
7970194,FALSE POSITIVE,,
7978202,CONFIRMED,,Kepler-1630 b
8823893,FALSE POSITIVE,,
8836224,FALSE POSITIVE,,
8841297,CANDIDATE,,
8868481,CANDIDATE,,
8888745,CANDIDATE,,
8890417,FALSE POSITIVE,,
8904714,FALSE POSITIVE,,
9645188,FALSE POSITIVE,,
9659022,CANDIDATE,,
9662475,FALSE POSITIVE,,
9674789,CANDIDATE,,
9705620,FALSE POSITIVE,,
9715631,CONFIRMED,,Kepler-1636 b
9723746,CANDIDATE,,
9724993,CANDIDATE,,
10677763,FALSE POSITIVE,,
10678912,FALSE POSITIVE,,
10724569,FALSE POSITIVE,,
10734441,FALSE POSITIVE,,
10737437,CANDIDATE,,
10747162,CANDIDATE,,
10777591,CONFIRMED,,Kepler-1637 b
7979297,FALSE POSITIVE,,
7982917,FALSE POSITIVE,,
8005002,FALSE POSITIVE,,
8007174,CANDIDATE,,
8009811,CANDIDATE,,
8016650,CANDIDATE,,
8025718,FALSE POSITIVE,,
8915379,CANDIDATE,,
8935352,FALSE POSITIVE,,
8937555,CANDIDATE,,
8939211,FALSE POSITIVE,,
8946267,FALSE POSITIVE,,
8949512,FALSE POSITIVE,,
8955741,FALSE POSITIVE,,
9758615,FALSE POSITIVE,,
9771920,FALSE POSITIVE,,
9775475,FALSE POSITIVE,,
9776907,CANDIDATE,,
9786017,FALSE POSITIVE,,
9832379,FALSE POSITIVE,,
9837659,FALSE POSITIVE,,
10865043,FALSE POSITIVE,,
10878117,CANDIDATE,,
10879247,FALSE POSITIVE,,
10879899,CANDIDATE,,
10905641,FALSE POSITIVE,,
10920086,FALSE POSITIVE,,
10933306,CANDIDATE,,
10958972,FALSE POSITIVE,,
8029848,FALSE POSITIVE,,
8035322,FALSE POSITIVE,,
8036863,FALSE POSITIVE,,
8037038,CONFIRMED,,Kepler-1631 b
8040308,FALSE POSITIVE,,
8040457,FALSE POSITIVE,,
8043968,FALSE POSITIVE,,
8044083,FALSE POSITIVE,,
8959240,CANDIDATE,,
8975776,FALSE POSITIVE,,
8979500,FALSE POSITIVE,,
9003126,FALSE POSITIVE,,
9008125,FALSE POSITIVE,,
9011877,CANDIDATE,,
9838414,FALSE POSITIVE,,
9838582,CANDIDATE,,
9839030,FALSE POSITIVE,,
9845362,FALSE POSITIVE,,
9845931,FALSE POSITIVE,,
9848760,FALSE POSITIVE,,
9850843,FALSE POSITIVE,,
7018210,CANDIDATE,,
7019580,FALSE POSITIVE,,
7022603,FALSE POSITIVE,,
7024045,FALSE POSITIVE,,
7035812,FALSE POSITIVE,,
7038988,FALSE POSITIVE,,
7041972,FALSE POSITIVE,,
7047299,FALSE POSITIVE,,
8075618,FALSE POSITIVE,,
8076215,CANDIDATE,,
8094942,FALSE POSITIVE,,
8099517,FALSE POSITIVE,,
8105398,CONFIRMED,,Kepler-1632 b
8106139,FALSE POSITIVE,,
8108437,FALSE POSITIVE,,
9012244,FALSE POSITIVE,,
9016592,FALSE POSITIVE,,
9018021,CANDIDATE,,
9024568,FALSE POSITIVE,,
9026007,FALSE POSITIVE,,
9026248,CANDIDATE,,
9044060,CANDIDATE,,
9047416,CANDIDATE,,
9851638,FALSE POSITIVE,,
9875101,FALSE POSITIVE,,
9881660,CANDIDATE,,
9896438,FALSE POSITIVE,,
9899514,FALSE POSITIVE,,
9899607,FALSE POSITIVE,,
9908486,FALSE POSITIVE,,
9910043,CANDIDATE,,
7101726,FALSE POSITIVE,,
7107567,CANDIDATE,,
7109680,FALSE POSITIVE,,
7115671,FALSE POSITIVE,,
7123580,FALSE POSITIVE,,
7123614,FALSE POSITIVE,,
7125794,CANDIDATE,,
7130612,CANDIDATE,,
8125917,CANDIDATE,,
8129333,CANDIDATE,,
8155368,FALSE POSITIVE,,
8158429,CANDIDATE,,
8192427,FALSE POSITIVE,,
8197176,CANDIDATE,,
8197406,CANDIDATE,,
9049550,FALSE POSITIVE,,
9073549,CANDIDATE,,
9079671,FALSE POSITIVE,,
9079767,FALSE POSITIVE,,
9087071,FALSE POSITIVE,,
9087853,CANDIDATE,,
9097470,CANDIDATE,,
9911112,FALSE POSITIVE,,
9933600,FALSE POSITIVE,,
9934274,FALSE POSITIVE,,
9935983,CANDIDATE,,
9941136,CANDIDATE,,
9941387,FALSE POSITIVE,,
9942658,CANDIDATE,,
7132462,CANDIDATE,,
7138841,CANDIDATE,,
7174911,FALSE POSITIVE,,
7176424,FALSE POSITIVE,,
7184556,FALSE POSITIVE,,
7186436,FALSE POSITIVE,,
7189825,FALSE POSITIVE,,
7191523,FALSE POSITIVE,,
8223445,CANDIDATE,,
8223655,FALSE POSITIVE,,
8229361,FALSE POSITIVE,,
8241258,FALSE POSITIVE,,
8241736,FALSE POSITIVE,,
8242350,FALSE POSITIVE,,
8244947,FALSE POSITIVE,,
9101279,FALSE POSITIVE,,
9108058,FALSE POSITIVE,,
9114614,FALSE POSITIVE,,
9116075,FALSE POSITIVE,,
9116510,FALSE POSITIVE,,
9117123,FALSE POSITIVE,,
9118858,FALSE POSITIVE,,
9137257,FALSE POSITIVE,,
9953491,FALSE POSITIVE,,
9954225,FALSE POSITIVE,,
9957659,FALSE POSITIVE,,
9957668,FALSE POSITIVE,,
9962595,FALSE POSITIVE,,
9967398,FALSE POSITIVE,,
9968924,CANDIDATE,,
9993683,CANDIDATE,,
7192680,FALSE POSITIVE,,
7198587,CANDIDATE,,
7203858,FALSE POSITIVE,,
7204233,FALSE POSITIVE,,
7205717,CANDIDATE,,
7206422,CANDIDATE,,
7207081,FALSE POSITIVE,,
7213311,CANDIDATE,,
8255058,FALSE POSITIVE,,
8265239,FALSE POSITIVE,,
8279146,CANDIDATE,,
8288404,FALSE POSITIVE,,
8294683,CANDIDATE,,
8295087,CANDIDATE,,
8300828,FALSE POSITIVE,,
9141355,CONFIRMED,,Kepler-1635 b
9142225,FALSE POSITIVE,,
9142334,FALSE POSITIVE,,
9147012,CANDIDATE,,
9147029,CANDIDATE,,
9157030,CANDIDATE,,
9157523,CANDIDATE,,
9994381,CANDIDATE,,
10002266,FALSE POSITIVE,,
10004515,FALSE POSITIVE,,
10004772,CANDIDATE,,
10006096,FALSE POSITIVE,,
10007492,FALSE POSITIVE,,
10007916,FALSE POSITIVE,,
10018364,FALSE POSITIVE,,
7255910,FALSE POSITIVE,,
7256460,FALSE POSITIVE,,
7258902,FALSE POSITIVE,,
7282470,CANDIDATE,,
7289139,CANDIDATE,,
7345136,FALSE POSITIVE,,
7352727,FALSE POSITIVE,,
7375100,FALSE POSITIVE,,
8308639,FALSE POSITIVE,,
8313697,FALSE POSITIVE,,
8351919,FALSE POSITIVE,,
8352016,FALSE POSITIVE,,
8364969,FALSE POSITIVE,,
8378278,CANDIDATE,,
8380743,FALSE POSITIVE,,
9159461,FALSE POSITIVE,,
9164003,FALSE POSITIVE,,
9173014,CANDIDATE,,
9178502,FALSE POSITIVE,,
9178894,FALSE POSITIVE,,
9180282,FALSE POSITIVE,,
9181402,FALSE POSITIVE,,
10023469,FALSE POSITIVE,,
10027861,CANDIDATE,,
10064591,FALSE POSITIVE,,
10074700,FALSE POSITIVE,,
10083325,CANDIDATE,,
10090854,CANDIDATE,,
10096697,FALSE POSITIVE,,
10098540,FALSE POSITIVE,,
7377343,CANDIDATE,,
7383840,FALSE POSITIVE,,
7386200,FALSE POSITIVE,,
7416016,CANDIDATE,,
7416646,FALSE POSITIVE,,
7440715,CANDIDATE,,
7456380,FALSE POSITIVE,,
8395870,CANDIDATE,,
8396288,CANDIDATE,,
8415353,CANDIDATE,,
8429817,CANDIDATE,,
8432034,FALSE POSITIVE,,
8432249,CANDIDATE,,
8439618,FALSE POSITIVE,,
9209981,CANDIDATE,,
9210738,CANDIDATE,,
9214176,CANDIDATE,,
9216231,FALSE POSITIVE,,
9217583,CANDIDATE,,
9220614,FALSE POSITIVE,,
9224514,FALSE POSITIVE,,
9229807,CANDIDATE,,
10130646,FALSE POSITIVE,,
10132552,FALSE POSITIVE,,
10141271,FALSE POSITIVE,,
10146103,CANDIDATE,,
10158715,FALSE POSITIVE,,
10161534,FALSE POSITIVE,,
7458433,FALSE POSITIVE,,
7458743,CANDIDATE,,
7468295,FALSE POSITIVE,,
7516073,FALSE POSITIVE,,
7538450,FALSE POSITIVE,,
7539174,FALSE POSITIVE,,
7539277,CANDIDATE,,
7550875,FALSE POSITIVE,,
8442463,FALSE POSITIVE,,
8480642,FALSE POSITIVE,,
8482513,FALSE POSITIVE,,
8487777,FALSE POSITIVE,,
8495232,FALSE POSITIVE,,
8505674,FALSE POSITIVE,,
11444772,FALSE POSITIVE,,
11446961,CANDIDATE,,
11453930,FALSE POSITIVE,,
11457664,CANDIDATE,,
11465658,FALSE POSITIVE,,
11465869,FALSE POSITIVE,,
11493378,FALSE POSITIVE,,
11506938,FALSE POSITIVE,,
11513366,FALSE POSITIVE,,
11513441,FALSE POSITIVE,,
11520114,CANDIDATE,,
11520465,FALSE POSITIVE,,
11559493,CANDIDATE,,
11598638,FALSE POSITIVE,,
11598894,CANDIDATE,,
11599800,FALSE POSITIVE,,
11599937,FALSE POSITIVE,,
11600299,FALSE POSITIVE,,
11601425,CANDIDATE,,
11601633,CANDIDATE,,
11601972,FALSE POSITIVE,,
11603298,FALSE POSITIVE,,
11614808,FALSE POSITIVE,,
11615521,FALSE POSITIVE,,
11616434,CANDIDATE,,
11651240,CANDIDATE,,
11652427,FALSE POSITIVE,,
11654039,FALSE POSITIVE,,
11674709,CANDIDATE,,
11716643,CANDIDATE,,
11722217,FALSE POSITIVE,,
11773174,FALSE POSITIVE,,
11803074,CANDIDATE,,
11807906,FALSE POSITIVE,,
11818566,CANDIDATE,,
11819396,CANDIDATE,,
11824578,FALSE POSITIVE,,
11860294,CANDIDATE,,
11868941,CANDIDATE,,
11905398,FALSE POSITIVE,,
11910670,CANDIDATE,,
11911929,FALSE POSITIVE,,
11923213,CANDIDATE,,
11924426,FALSE POSITIVE,,
11959893,FALSE POSITIVE,,
11966643,FALSE POSITIVE,,
11968514,FALSE POSITIVE,,
12007270,CANDIDATE,,
12009917,CANDIDATE,,
12020376,CANDIDATE,,
12066767,FALSE POSITIVE,,
12071775,CANDIDATE,,
12102775,CANDIDATE,,
12105086,CANDIDATE,,
12110901,FALSE POSITIVE,,
12121701,FALSE POSITIVE,,
12156805,FALSE POSITIVE,,
12165063,FALSE POSITIVE,,
12168895,CANDIDATE,,
12253490,FALSE POSITIVE,,
12257851,FALSE POSITIVE,,
12265150,FALSE POSITIVE,,
12300524,CANDIDATE,,
12349560,CANDIDATE,,
12350136,CANDIDATE,,
10964747,FALSE POSITIVE,,
10967168,CANDIDATE,,
10977671,FALSE POSITIVE,,
10978581,FALSE POSITIVE,,
10979952,FALSE POSITIVE,,
10989620,CANDIDATE,,
12401859,FALSE POSITIVE,,
12402588,CANDIDATE,,
12405436,FALSE POSITIVE,,
12417572,FALSE POSITIVE,,
12418418,CANDIDATE,,
12505590,FALSE POSITIVE,,
12506986,FALSE POSITIVE,,
10991431,FALSE POSITIVE,,
11021266,CANDIDATE,,
11021676,FALSE POSITIVE,,
11026582,CANDIDATE,,
11036168,CANDIDATE,,
11037818,CONFIRMED,,Kepler-1638 b
11046723,FALSE POSITIVE,,
11046870,FALSE POSITIVE,,
12554212,CANDIDATE,,
12645262,FALSE POSITIVE,,
12645761,FALSE POSITIVE,,
12690465,FALSE POSITIVE,,
12734110,FALSE POSITIVE,,
12736658,FALSE POSITIVE,,
12835139,FALSE POSITIVE,,
11069681,FALSE POSITIVE,,
11072982,FALSE POSITIVE,,
11073238,FALSE POSITIVE,,
11076176,FALSE POSITIVE,,
11082795,FALSE POSITIVE,,
11090561,FALSE POSITIVE,,
11090926,FALSE POSITIVE,,
11097752,FALSE POSITIVE,,
11100170,CANDIDATE,,
11129145,FALSE POSITIVE,,
11145637,FALSE POSITIVE,,
11147785,FALSE POSITIVE,,
11152511,CANDIDATE,,
11176166,CONFIRMED,,Kepler-1639 b
11182213,FALSE POSITIVE,,
11183752,CANDIDATE,,
11191364,FALSE POSITIVE,,
11198419,FALSE POSITIVE,,
11199233,FALSE POSITIVE,,
11251991,FALSE POSITIVE,,
11298442,FALSE POSITIVE,,
11305417,FALSE POSITIVE,,
11338918,FALSE POSITIVE,,
11341266,FALSE POSITIVE,,
11341314,FALSE POSITIVE,,
11348610,CANDIDATE,,
11351454,FALSE POSITIVE,,
11355925,FALSE POSITIVE,,
11391512,FALSE POSITIVE,,
11393633,FALSE POSITIVE,,
11401845,FALSE POSITIVE,,
11407847,CANDIDATE,,
11414368,FALSE POSITIVE,,
8355178,CANDIDATE,,
8374077,CANDIDATE,,
8494783,CANDIDATE,,
8494783,FALSE POSITIVE,,
8517303,FALSE POSITIVE,,
8590149,CANDIDATE,,
8590149,CANDIDATE,,
3559935,CANDIDATE,,
9285265,CANDIDATE,,
3559860,FALSE POSITIVE,,
5384713,FALSE POSITIVE,,
6364582,CANDIDATE,,
6525209,FALSE POSITIVE,,
6368175,CANDIDATE,,
5471158,CANDIDATE,,
10407086,FALSE POSITIVE,,
9947653,CANDIDATE,,
6527078,CANDIDATE,,
12416597,CANDIDATE,,
2309587,FALSE POSITIVE,,
2445134,FALSE POSITIVE,,
2019477,CANDIDATE,,
2161623,FALSE POSITIVE,,
2707097,FALSE POSITIVE,,
2719873,FALSE POSITIVE,,
8158127,CANDIDATE,,
2852810,FALSE POSITIVE,,
2852810,FALSE POSITIVE,,
2852810,FALSE POSITIVE,,
8590780,FALSE POSITIVE,,
8613338,FALSE POSITIVE,,
8646141,FALSE POSITIVE,,
8702921,FALSE POSITIVE,,
8822421,FALSE POSITIVE,,
8984706,FALSE POSITIVE,,
4247807,FALSE POSITIVE,,
4472818,CANDIDATE,,
8030339,CONFIRMED,,Kepler-1534 b
8037145,CONFIRMED,,Kepler-176 e
5471059,FALSE POSITIVE,,
5471675,FALSE POSITIVE,,
8934103,CANDIDATE,,
9551430,FALSE POSITIVE,,
3530668,FALSE POSITIVE,,
3532985,FALSE POSITIVE,,
10718726,CANDIDATE,,
3831911,FALSE POSITIVE,,
3852258,FALSE POSITIVE,,
3869326,FALSE POSITIVE,,
3971315,FALSE POSITIVE,,
2852810,FALSE POSITIVE,,
2997455,FALSE POSITIVE,,
3003991,FALSE POSITIVE,,
3003991,FALSE POSITIVE,,
3229028,FALSE POSITIVE,,
3230787,FALSE POSITIVE,,
5956656,CANDIDATE,,
9093086,CANDIDATE,,
9015738,CANDIDATE,,
9093086,CANDIDATE,,
9101400,FALSE POSITIVE,,
9119652,FALSE POSITIVE,,
9145861,FALSE POSITIVE,,
9153823,FALSE POSITIVE,,
7100673,CONFIRMED,,Kepler-1542 d
7100673,CONFIRMED,,Kepler-1542 e
10089911,FALSE POSITIVE,,
4150496,FALSE POSITIVE,,
3747817,CANDIDATE,,
6129694,FALSE POSITIVE,,
8162789,CANDIDATE,,
9899315,FALSE POSITIVE,,
4037428,FALSE POSITIVE,,
4049124,FALSE POSITIVE,,
4275328,FALSE POSITIVE,,
5613330,CANDIDATE,,
5036966,FALSE POSITIVE,,
5254230,FALSE POSITIVE,,
3545840,CANDIDATE,,
3634051,FALSE POSITIVE,,
3634051,CANDIDATE,,
3761319,CANDIDATE,,
3761319,FALSE POSITIVE,,
3762553,FALSE POSITIVE,,
3965879,FALSE POSITIVE,,
4035675,FALSE POSITIVE,,
9282687,FALSE POSITIVE,,
9289960,FALSE POSITIVE,,
9291629,FALSE POSITIVE,,
9304842,FALSE POSITIVE,,
6975129,FALSE POSITIVE,,
9304923,FALSE POSITIVE,,
9389245,CANDIDATE,,
9828127,CANDIDATE,,
5177859,CANDIDATE,,
11081504,CANDIDATE,,
5385410,FALSE POSITIVE,,
8110757,CANDIDATE,,
8278685,CANDIDATE,,
5511659,CANDIDATE,,
5385139,FALSE POSITIVE,,
5385150,FALSE POSITIVE,,
5385269,FALSE POSITIVE,,
5385509,FALSE POSITIVE,,
5385566,FALSE POSITIVE,,
5385773,FALSE POSITIVE,,
5386163,FALSE POSITIVE,,
4139254,CANDIDATE,,
4144236,FALSE POSITIVE,,
10141900,CANDIDATE,,
4144236,FALSE POSITIVE,,
4150701,FALSE POSITIVE,,
4255944,CANDIDATE,,
9394605,FALSE POSITIVE,,
9471755,FALSE POSITIVE,,
9479460,FALSE POSITIVE,,
9549472,FALSE POSITIVE,,
9576197,FALSE POSITIVE,,
8110758,FALSE POSITIVE,,
9579860,FALSE POSITIVE,,
9655711,CANDIDATE,,
5856571,CANDIDATE,,
8222395,CANDIDATE,,
5796186,FALSE POSITIVE,,
5471068,FALSE POSITIVE,,
5471192,FALSE POSITIVE,,
5471769,FALSE POSITIVE,,
5471770,FALSE POSITIVE,,
5556804,FALSE POSITIVE,,
5597970,FALSE POSITIVE,,
4459068,FALSE POSITIVE,,
8107150,CANDIDATE,,
4547480,FALSE POSITIVE,,
4739229,FALSE POSITIVE,,
4739229,CANDIDATE,,
8620565,FALSE POSITIVE,,
4742420,CANDIDATE,,
9655711,CANDIDATE,,
9727765,CANDIDATE,,
9767392,FALSE POSITIVE,,
9774400,FALSE POSITIVE,,
9839081,FALSE POSITIVE,,
9974142,FALSE POSITIVE,,
9974142,FALSE POSITIVE,,
10163066,FALSE POSITIVE,,
9008103,CANDIDATE,,
8780959,CONFIRMED,,Kepler-1518 b
7429287,FALSE POSITIVE,,
11296045,FALSE POSITIVE,,
6592335,FALSE POSITIVE,,
5951416,FALSE POSITIVE,,
5769810,FALSE POSITIVE,,
5643492,FALSE POSITIVE,,
5795648,CANDIDATE,,
5961350,FALSE POSITIVE,,
10340423,FALSE POSITIVE,,
5979863,FALSE POSITIVE,,
6117415,FALSE POSITIVE,,
6128027,FALSE POSITIVE,,
6146418,FALSE POSITIVE,,
4742420,CANDIDATE,,
4826439,FALSE POSITIVE,,
4990977,FALSE POSITIVE,,
5034333,FALSE POSITIVE,,
5039441,FALSE POSITIVE,,
8231299,FALSE POSITIVE,,
5121173,FALSE POSITIVE,,
5306984,FALSE POSITIVE,,
10198662,FALSE POSITIVE,,
10198662,CANDIDATE,,
4157325,FALSE POSITIVE,,
10200627,CANDIDATE,,
10219361,FALSE POSITIVE,,
10228942,FALSE POSITIVE,,
10341878,FALSE POSITIVE,,
10357831,FALSE POSITIVE,,
8332521,CANDIDATE,,
6150977,FALSE POSITIVE,,
6182019,FALSE POSITIVE,,
6209347,FALSE POSITIVE,,
6268722,FALSE POSITIVE,,
6301030,FALSE POSITIVE,,
10480982,FALSE POSITIVE,,
6606934,FALSE POSITIVE,,
10964440,CANDIDATE,,
5385548,FALSE POSITIVE,,
5428657,CANDIDATE,,
5471617,FALSE POSITIVE,,
5471617,FALSE POSITIVE,,
5629353,CANDIDATE,,
5629353,CONFIRMED,,Kepler-1640 b
10363233,FALSE POSITIVE,,
10385682,FALSE POSITIVE,,
10414727,CANDIDATE,,
10414727,FALSE POSITIVE,,
10483644,FALSE POSITIVE,,
4736569,CANDIDATE,,
10601549,FALSE POSITIVE,,
10614158,FALSE POSITIVE,,
8505215,FALSE POSITIVE,,
10662202,CANDIDATE,,
9008103,CANDIDATE,,
6614926,FALSE POSITIVE,,
6628237,FALSE POSITIVE,,
6934587,FALSE POSITIVE,,
7219906,FALSE POSITIVE,,
7257373,FALSE POSITIVE,,
7295570,FALSE POSITIVE,,
7362852,FALSE POSITIVE,,
5629353,CANDIDATE,,
5641294,FALSE POSITIVE,,
5738698,FALSE POSITIVE,,
5768927,FALSE POSITIVE,,
5814635,FALSE POSITIVE,,
5816144,FALSE POSITIVE,,
10717220,CONFIRMED,,Kepler-1644 b
10728219,FALSE POSITIVE,,
10735988,CANDIDATE,,
8112324,FALSE POSITIVE,,
10971944,FALSE POSITIVE,,
10973583,FALSE POSITIVE,,
11099351,FALSE POSITIVE,,
11147460,FALSE POSITIVE,,
10662202,FALSE POSITIVE,,
11607193,FALSE POSITIVE,,
4247991,CONFIRMED,,Kepler-1185 b
11968463,CANDIDATE,,
11968463,FALSE POSITIVE,,
11074835,CANDIDATE,,
8042747,FALSE POSITIVE,,
7373877,FALSE POSITIVE,,
5792202,FALSE POSITIVE,,
7436177,FALSE POSITIVE,,
7537945,FALSE POSITIVE,,
7624297,FALSE POSITIVE,,
8109692,FALSE POSITIVE,,
7695093,FALSE POSITIVE,,
7749318,FALSE POSITIVE,,
7777397,FALSE POSITIVE,,
5817566,FALSE POSITIVE,,
6032730,CANDIDATE,,
6116172,FALSE POSITIVE,,
6116172,FALSE POSITIVE,,
6116172,FALSE POSITIVE,,
4150539,FALSE POSITIVE,,
9839821,CANDIDATE,,
11252617,FALSE POSITIVE,,
8245108,FALSE POSITIVE,,
11252617,FALSE POSITIVE,,
11296437,FALSE POSITIVE,,
11296437,FALSE POSITIVE,,
11341164,CANDIDATE,,
11462969,CANDIDATE,,
11462969,FALSE POSITIVE,,
7841986,FALSE POSITIVE,,
7914906,FALSE POSITIVE,,
5792202,FALSE POSITIVE,,
8019043,FALSE POSITIVE,,
8023317,FALSE POSITIVE,,
8121067,FALSE POSITIVE,,
6197038,FALSE POSITIVE,,
6221385,CONFIRMED,,Kepler-1641 b
6221385,CONFIRMED,,Kepler-1641 c
6221385,CANDIDATE,,
8260269,FALSE POSITIVE,,
6449358,FALSE POSITIVE,,
6593968,FALSE POSITIVE,,
6674908,FALSE POSITIVE,,
11558882,FALSE POSITIVE,,
11656928,CANDIDATE,,
11566064,CANDIDATE,,
8042835,FALSE POSITIVE,,
2853780,FALSE POSITIVE,,
11656928,CANDIDATE,,
11656928,CANDIDATE,,
8153568,FALSE POSITIVE,,
8167938,FALSE POSITIVE,,
8167978,FALSE POSITIVE,,
8168581,FALSE POSITIVE,,
8230809,FALSE POSITIVE,,
8364115,FALSE POSITIVE,,
8458207,FALSE POSITIVE,,
7825899,CANDIDATE,,
6946681,CANDIDATE,,
4150624,FALSE POSITIVE,,
6946708,CANDIDATE,,
6967278,FALSE POSITIVE,,
7108433,FALSE POSITIVE,,
7119080,FALSE POSITIVE,,
7129465,FALSE POSITIVE,,
11724210,FALSE POSITIVE,,
11775507,FALSE POSITIVE,,
11775507,CANDIDATE,,
11867071,FALSE POSITIVE,,
11975363,FALSE POSITIVE,,
12207117,FALSE POSITIVE,,
6768394,FALSE POSITIVE,,
8580438,FALSE POSITIVE,,
8581232,FALSE POSITIVE,,
8655458,FALSE POSITIVE,,
8695779,FALSE POSITIVE,,
8953059,FALSE POSITIVE,,
9214712,FALSE POSITIVE,,
9214715,FALSE POSITIVE,,
7190639,FALSE POSITIVE,,
7198881,FALSE POSITIVE,,
7198881,FALSE POSITIVE,,
7422883,FALSE POSITIVE,,
10545066,CANDIDATE,,
7663405,CANDIDATE,,
7464205,FALSE POSITIVE,,
12367464,CANDIDATE,,
12470041,FALSE POSITIVE,,
11358389,CANDIDATE,,
5706595,FALSE POSITIVE,,
8179286,FALSE POSITIVE,,
3548044,CANDIDATE,,
2581191,FALSE POSITIVE,,
8168187,CANDIDATE,,
9221398,FALSE POSITIVE,,
9411317,FALSE POSITIVE,,
9605514,FALSE POSITIVE,,
9418619,FALSE POSITIVE,,
9532123,FALSE POSITIVE,,
9649222,FALSE POSITIVE,,
9664215,FALSE POSITIVE,,
7750740,FALSE POSITIVE,,
7779942,FALSE POSITIVE,,
7835312,CANDIDATE,,
7835312,FALSE POSITIVE,,
7838906,FALSE POSITIVE,,
7908367,CONFIRMED,,Kepler-1642 b
7908367,CONFIRMED,,Kepler-1642 c
7940533,FALSE POSITIVE,,
4142847,CONFIRMED,,Kepler-1143 c
9221517,FALSE POSITIVE,,
10730703,CANDIDATE,,
4665571,CANDIDATE,,
7047363,FALSE POSITIVE,,
7289317,CANDIDATE,,
9714358,FALSE POSITIVE,,
9851123,FALSE POSITIVE,,
10026458,FALSE POSITIVE,,
10139305,FALSE POSITIVE,,
7375348,CANDIDATE,,
1432789,CANDIDATE,,
10288922,FALSE POSITIVE,,
7974634,FALSE POSITIVE,,
7974634,FALSE POSITIVE,,
7974634,FALSE POSITIVE,,
8043882,FALSE POSITIVE,,
8058507,FALSE POSITIVE,,
8095099,FALSE POSITIVE,,
8163784,CANDIDATE,,
2305866,CANDIDATE,,
12206313,CONFIRMED,,Kepler-401 d
6436029,CANDIDATE,,
7767162,CANDIDATE,,
9478990,FALSE POSITIVE,,
10793172,FALSE POSITIVE,,
10122538,CONFIRMED,,Kepler-1388 d
10710755,FALSE POSITIVE,,
10727668,FALSE POSITIVE,,
10735519,FALSE POSITIVE,,
8197767,FALSE POSITIVE,,
10935310,FALSE POSITIVE,,
11021252,FALSE POSITIVE,,
11408935,FALSE POSITIVE,,
8165617,FALSE POSITIVE,,
8181016,FALSE POSITIVE,,
8197761,FALSE POSITIVE,,
4840513,FALSE POSITIVE,,
8223568,CANDIDATE,,
8223568,FALSE POSITIVE,,
8265156,FALSE POSITIVE,,
8355178,CANDIDATE,,
4770174,CANDIDATE,,
9838804,CANDIDATE,,
9020114,CANDIDATE,,
6609270,FALSE POSITIVE,,
7983117,CANDIDATE,,
11125797,CONFIRMED,,Kepler-1482 b
9966219,CANDIDATE,,
11974540,FALSE POSITIVE,,
7219825,CANDIDATE,,
11519226,FALSE POSITIVE,,
1718189,FALSE POSITIVE,,
11756821,FALSE POSITIVE,,
11769146,FALSE POSITIVE,,
8263187,CANDIDATE,,
11826400,FALSE POSITIVE,,
12010534,FALSE POSITIVE,,
2019477,FALSE POSITIVE,,
7116117,FALSE POSITIVE,,
7868092,FALSE POSITIVE,,
3337061,FALSE POSITIVE,,
9826171,FALSE POSITIVE,,
3936658,FALSE POSITIVE,,
4577484,FALSE POSITIVE,,
4735826,FALSE POSITIVE,,
5005618,FALSE POSITIVE,,
4663658,FALSE POSITIVE,,
10467815,FALSE POSITIVE,,
10847721,FALSE POSITIVE,,
10118942,FALSE POSITIVE,,
9471539,FALSE POSITIVE,,
5482603,FALSE POSITIVE,,
2305819,FALSE POSITIVE,,
9518710,FALSE POSITIVE,,
10284575,FALSE POSITIVE,,
3342952,FALSE POSITIVE,,
5307990,FALSE POSITIVE,,
2142501,FALSE POSITIVE,,
2713018,FALSE POSITIVE,,
8413968,FALSE POSITIVE,,
9008103,FALSE POSITIVE,,
4376629,FALSE POSITIVE,,
3958301,FALSE POSITIVE,,
8211605,FALSE POSITIVE,,
11098573,FALSE POSITIVE,,
7289338,CANDIDATE,,
9837586,FALSE POSITIVE,,
6021655,FALSE POSITIVE,,
8308682,FALSE POSITIVE,,
11442793,CANDIDATE,,
3344427,FALSE POSITIVE,,
6205481,FALSE POSITIVE,,
4474637,FALSE POSITIVE,,
6462874,FALSE POSITIVE,,
8218379,CANDIDATE,,
11450414,FALSE POSITIVE,,
5217733,FALSE POSITIVE,,
4150611,FALSE POSITIVE,,
3646449,CANDIDATE,,
4917357,FALSE POSITIVE,,
9343862,FALSE POSITIVE,,
11673686,FALSE POSITIVE,,
4464394,CANDIDATE,,
5531953,CANDIDATE,,
7620413,CANDIDATE,,
8838950,CANDIDATE,,
6964929,CANDIDATE,,
2306740,FALSE POSITIVE,,
3556742,FALSE POSITIVE,,
3656700,FALSE POSITIVE,,
3764411,FALSE POSITIVE,,
3851193,FALSE POSITIVE,,
3972391,FALSE POSITIVE,,
4069063,FALSE POSITIVE,,
6307062,FALSE POSITIVE,,
4150611,CANDIDATE,,
10338624,FALSE POSITIVE,,
6364215,FALSE POSITIVE,,
5706592,CANDIDATE,,
5716244,CANDIDATE,,
5731312,FALSE POSITIVE,,
5736461,FALSE POSITIVE,,
5771589,FALSE POSITIVE,,
8364232,CANDIDATE,,
6670742,CANDIDATE,,
6672229,FALSE POSITIVE,,
6676725,FALSE POSITIVE,,
6695622,FALSE POSITIVE,,
6695889,FALSE POSITIVE,,
6697976,CANDIDATE,,
7541746,FALSE POSITIVE,,
7584778,FALSE POSITIVE,,
7588436,FALSE POSITIVE,,
7592922,CANDIDATE,,
7602351,CANDIDATE,,
7605600,FALSE POSITIVE,,
8312222,FALSE POSITIVE,,
8314801,FALSE POSITIVE,,
8316503,FALSE POSITIVE,,
8345358,FALSE POSITIVE,,
8362974,CANDIDATE,,
9278021,FALSE POSITIVE,,
9284741,FALSE POSITIVE,,
9291368,FALSE POSITIVE,,
9301564,CANDIDATE,,
9328852,FALSE POSITIVE,,
10089123,CANDIDATE,,
10091257,FALSE POSITIVE,,
10095512,FALSE POSITIVE,,
10129482,FALSE POSITIVE,,
10155080,FALSE POSITIVE,,
8555967,CANDIDATE,,
11198723,FALSE POSITIVE,,
11199725,FALSE POSITIVE,,
11200773,FALSE POSITIVE,,
11232745,FALSE POSITIVE,,
3547760,CANDIDATE,,
5476671,FALSE POSITIVE,,
11290515,CANDIDATE,,
4919550,FALSE POSITIVE,,
6767227,CANDIDATE,,
8094120,FALSE POSITIVE,,
3854496,CANDIDATE,,
3858757,FALSE POSITIVE,,
3858884,FALSE POSITIVE,,
3938073,FALSE POSITIVE,,
3972432,CANDIDATE,,
5025217,FALSE POSITIVE,,
5025234,FALSE POSITIVE,,
5031804,FALSE POSITIVE,,
5031882,FALSE POSITIVE,,
5036516,FALSE POSITIVE,,
5036530,FALSE POSITIVE,,
5781192,FALSE POSITIVE,,
5802470,FALSE POSITIVE,,
5807579,FALSE POSITIVE,,
5860347,CANDIDATE,,
5894825,FALSE POSITIVE,,
8374394,FALSE POSITIVE,,
6706287,FALSE POSITIVE,,
6715997,CANDIDATE,,
6768616,CANDIDATE,,
6774408,FALSE POSITIVE,,
6781047,FALSE POSITIVE,,
8440062,FALSE POSITIVE,,
7622072,FALSE POSITIVE,,
7631194,FALSE POSITIVE,,
7662209,FALSE POSITIVE,,
7670485,FALSE POSITIVE,,
7670617,FALSE POSITIVE,,
8367298,FALSE POSITIVE,,
8374499,FALSE POSITIVE,,
8378922,FALSE POSITIVE,,
8379547,FALSE POSITIVE,,
8382339,FALSE POSITIVE,,
9328864,FALSE POSITIVE,,
9334490,FALSE POSITIVE,,
9344623,FALSE POSITIVE,,
9357275,FALSE POSITIVE,,
9394920,FALSE POSITIVE,,
8524110,FALSE POSITIVE,,
10163067,CANDIDATE,,
10164018,FALSE POSITIVE,,
10214328,FALSE POSITIVE,,
10215422,FALSE POSITIVE,,
10257903,FALSE POSITIVE,,
10258558,FALSE POSITIVE,,
11240948,FALSE POSITIVE,,
11241560,CANDIDATE,,
11250867,FALSE POSITIVE,,
11251058,FALSE POSITIVE,,
11285625,FALSE POSITIVE,,
11286311,CANDIDATE,,
4732015,FALSE POSITIVE,,
8043638,CANDIDATE,,
9214712,FALSE POSITIVE,,
9214715,FALSE POSITIVE,,
1293379,CANDIDATE,,
4042088,FALSE POSITIVE,,
4055092,FALSE POSITIVE,,
4067549,FALSE POSITIVE,,
4069213,FALSE POSITIVE,,
4076061,CANDIDATE,,
4076952,FALSE POSITIVE,,
5036530,FALSE POSITIVE,,
5036538,FALSE POSITIVE,,
5038469,FALSE POSITIVE,,
5039687,FALSE POSITIVE,,
5042785,FALSE POSITIVE,,
5080346,FALSE POSITIVE,,
5080652,FALSE POSITIVE,,
5894972,FALSE POSITIVE,,
5951140,CANDIDATE,,
5952309,FALSE POSITIVE,,
5962514,FALSE POSITIVE,,
5962716,FALSE POSITIVE,,
5977804,FALSE POSITIVE,,
6792124,FALSE POSITIVE,,
6804648,FALSE POSITIVE,,
6841577,FALSE POSITIVE,,
6852488,FALSE POSITIVE,,
6853172,CANDIDATE,,
7671594,FALSE POSITIVE,,
7677005,FALSE POSITIVE,,
7687365,CANDIDATE,,
7700500,CANDIDATE,,
7707736,FALSE POSITIVE,,
7733540,FALSE POSITIVE,,
8411947,FALSE POSITIVE,,
8414159,FALSE POSITIVE,,
8414216,FALSE POSITIVE,,
8415863,FALSE POSITIVE,,
8429450,FALSE POSITIVE,,
8442795,CANDIDATE,,
9397900,CANDIDATE,,
9411943,FALSE POSITIVE,,
9412462,FALSE POSITIVE,,
9451096,FALSE POSITIVE,,
9466042,FALSE POSITIVE,,
9468296,FALSE POSITIVE,,
10264202,FALSE POSITIVE,,
10264293,CANDIDATE,,
10268809,FALSE POSITIVE,,
10275887,FALSE POSITIVE,,
10290021,CANDIDATE,,
10294608,FALSE POSITIVE,,
11287726,FALSE POSITIVE,,
11288492,CANDIDATE,,
11295085,FALSE POSITIVE,,
11296724,CANDIDATE,,
11356602,FALSE POSITIVE,,
1433531,FALSE POSITIVE,,
1717528,FALSE POSITIVE,,
2013883,FALSE POSITIVE,,
2161949,CANDIDATE,,
2161949,CANDIDATE,,
2167444,FALSE POSITIVE,,
4078693,FALSE POSITIVE,,
4142768,FALSE POSITIVE,,
4149684,FALSE POSITIVE,,
4171955,FALSE POSITIVE,,
4174507,FALSE POSITIVE,,
5083138,CANDIDATE,,
5087223,CANDIDATE,,
5091075,FALSE POSITIVE,,
5092799,CANDIDATE,,
5092799,CANDIDATE,,
5094301,FALSE POSITIVE,,
5983348,FALSE POSITIVE,,
5990753,FALSE POSITIVE,,
6019971,CANDIDATE,,
6035335,CANDIDATE,,
6042116,FALSE POSITIVE,,
6864569,FALSE POSITIVE,,
6864706,CANDIDATE,,
6864859,FALSE POSITIVE,,
6877673,FALSE POSITIVE,,
6877871,FALSE POSITIVE,,
7741048,FALSE POSITIVE,,
7751562,FALSE POSITIVE,,
7755741,FALSE POSITIVE,,
7769072,FALSE POSITIVE,,
7777365,FALSE POSITIVE,,
8453191,FALSE POSITIVE,,
8453324,FALSE POSITIVE,,
8479386,FALSE POSITIVE,,
8509346,FALSE POSITIVE,,
8517433,FALSE POSITIVE,,
9474222,FALSE POSITIVE,,
9474969,FALSE POSITIVE,,
9480398,CANDIDATE,,
9513168,CANDIDATE,,
9520700,FALSE POSITIVE,,
12116489,CANDIDATE,,
10296163,FALSE POSITIVE,,
10330495,FALSE POSITIVE,,
10340228,FALSE POSITIVE,,
10342097,FALSE POSITIVE,,
10345862,FALSE POSITIVE,,
11359305,FALSE POSITIVE,,
11391181,FALSE POSITIVE,,
11455795,CANDIDATE,,
11457191,FALSE POSITIVE,,
11462556,FALSE POSITIVE,,
2283362,CANDIDATE,,
2301068,CANDIDATE,,
2305372,FALSE POSITIVE,,
2308957,FALSE POSITIVE,,
2422820,CANDIDATE,,
2437452,FALSE POSITIVE,,
4180396,FALSE POSITIVE,,
4245897,FALSE POSITIVE,,
4252226,FALSE POSITIVE,,
4281895,FALSE POSITIVE,,
4282390,CANDIDATE,,
5095269,FALSE POSITIVE,,
5097278,FALSE POSITIVE,,
5112198,FALSE POSITIVE,,
5113809,FALSE POSITIVE,,
5115178,FALSE POSITIVE,,
5115379,FALSE POSITIVE,,
6045093,CANDIDATE,,
6046311,FALSE POSITIVE,,
6048255,FALSE POSITIVE,,
6057750,FALSE POSITIVE,,
6063448,FALSE POSITIVE,,
6066107,FALSE POSITIVE,,
8391983,CANDIDATE,,
6890618,FALSE POSITIVE,,
6925263,FALSE POSITIVE,,
6927629,FALSE POSITIVE,,
6936977,FALSE POSITIVE,,
6939670,FALSE POSITIVE,,
7811211,CANDIDATE,,
7812893,FALSE POSITIVE,,
7816935,CANDIDATE,,
7838639,FALSE POSITIVE,,
7847927,FALSE POSITIVE,,
8526387,FALSE POSITIVE,,
8543278,FALSE POSITIVE,,
8552540,FALSE POSITIVE,,
8553788,FALSE POSITIVE,,
8559863,FALSE POSITIVE,,
9529856,FALSE POSITIVE,,
9540450,FALSE POSITIVE,,
9541567,FALSE POSITIVE,,
9569866,FALSE POSITIVE,,
9579192,FALSE POSITIVE,,
8540376,CANDIDATE,,
10363300,FALSE POSITIVE,,
10388451,CANDIDATE,,
10396708,CANDIDATE,,
10407464,FALSE POSITIVE,,
10417704,FALSE POSITIVE,,
10422852,FALSE POSITIVE,,
11495989,CANDIDATE,,
11499757,FALSE POSITIVE,,
11502172,FALSE POSITIVE,,
11506235,FALSE POSITIVE,,
11560382,FALSE POSITIVE,,
2438062,FALSE POSITIVE,,
2438517,FALSE POSITIVE,,
2442084,FALSE POSITIVE,,
2449245,CANDIDATE,,
2450716,FALSE POSITIVE,,
2568971,FALSE POSITIVE,,
4284147,FALSE POSITIVE,,
4357985,FALSE POSITIVE,,
4367544,FALSE POSITIVE,,
4372410,FALSE POSITIVE,,
4372620,CANDIDATE,,
4372961,FALSE POSITIVE,,
5119143,FALSE POSITIVE,,
5125048,FALSE POSITIVE,,
5126627,FALSE POSITIVE,,
5130890,FALSE POSITIVE,,
5164794,FALSE POSITIVE,,
5171707,CANDIDATE,,
5172274,FALSE POSITIVE,,
6068947,FALSE POSITIVE,,
6103049,FALSE POSITIVE,,
6111011,FALSE POSITIVE,,
6128141,FALSE POSITIVE,,
6146838,FALSE POSITIVE,,
6950275,FALSE POSITIVE,,
6953219,FALSE POSITIVE,,
6956176,CANDIDATE,,
6965293,FALSE POSITIVE,,
7025851,FALSE POSITIVE,,
7871395,FALSE POSITIVE,,
7885518,FALSE POSITIVE,,
7885570,FALSE POSITIVE,,
7902204,CANDIDATE,,
7919653,FALSE POSITIVE,,
7938468,FALSE POSITIVE,,
8560861,FALSE POSITIVE,,
8565900,FALSE POSITIVE,,
8566113,CANDIDATE,,
8574270,FALSE POSITIVE,,
8590527,FALSE POSITIVE,,
8608490,FALSE POSITIVE,,
9581498,FALSE POSITIVE,,
9588862,CANDIDATE,,
9596064,CANDIDATE,,
9596187,CANDIDATE,,
9596892,CANDIDATE,,
9597095,FALSE POSITIVE,,
10450504,CANDIDATE,,
10454401,FALSE POSITIVE,,
10462826,FALSE POSITIVE,,
10464199,CANDIDATE,,
10468514,CANDIDATE,,
11560447,FALSE POSITIVE,,
11601357,FALSE POSITIVE,,
11615481,FALSE POSITIVE,,
11616200,FALSE POSITIVE,,
11616663,FALSE POSITIVE,,
2570505,FALSE POSITIVE,,
2570767,FALSE POSITIVE,,
2571075,FALSE POSITIVE,,
2576692,FALSE POSITIVE,,
2693092,FALSE POSITIVE,,
4375101,FALSE POSITIVE,,
4380283,FALSE POSITIVE,,
4384793,FALSE POSITIVE,,
4446411,FALSE POSITIVE,,
4454219,FALSE POSITIVE,,
4456622,FALSE POSITIVE,,
5174920,FALSE POSITIVE,,
5193386,FALSE POSITIVE,,
5193439,CANDIDATE,,
5199978,FALSE POSITIVE,,
5211470,FALSE POSITIVE,,
5215508,CANDIDATE,,
6147573,FALSE POSITIVE,,
6152521,FALSE POSITIVE,,
6185717,FALSE POSITIVE,,
6205460,FALSE POSITIVE,,
6220470,FALSE POSITIVE,,
7031132,FALSE POSITIVE,,
7031732,FALSE POSITIVE,,
7031767,FALSE POSITIVE,,
7031992,FALSE POSITIVE,,
7032174,FALSE POSITIVE,,
7939761,CANDIDATE,,
7943535,FALSE POSITIVE,,
7950775,FALSE POSITIVE,,
7960547,FALSE POSITIVE,,
7967100,CANDIDATE,,
8610483,FALSE POSITIVE,,
8613446,CANDIDATE,,
8621026,FALSE POSITIVE,,
8624860,CANDIDATE,,
8686442,CANDIDATE,,
9597854,FALSE POSITIVE,,
9602431,FALSE POSITIVE,,
9602538,FALSE POSITIVE,,
9635520,CANDIDATE,,
9635529,FALSE POSITIVE,,
9639106,CANDIDATE,,
10490960,FALSE POSITIVE,,
10491031,FALSE POSITIVE,,
10535807,FALSE POSITIVE,,
10535858,FALSE POSITIVE,,
10547685,FALSE POSITIVE,,
11619964,FALSE POSITIVE,,
11650543,CANDIDATE,,
11651105,FALSE POSITIVE,,
11671646,CANDIDATE,,
11704044,FALSE POSITIVE,,
11706658,FALSE POSITIVE,,
2708445,FALSE POSITIVE,,
2708614,FALSE POSITIVE,,
2711114,FALSE POSITIVE,,
2720354,FALSE POSITIVE,,
2852560,FALSE POSITIVE,,
4484356,FALSE POSITIVE,,
4489844,FALSE POSITIVE,,
4540632,FALSE POSITIVE,,
4567118,CANDIDATE,,
4569590,FALSE POSITIVE,,
4575824,FALSE POSITIVE,,
5216727,FALSE POSITIVE,,
5218014,FALSE POSITIVE,,
5255552,FALSE POSITIVE,,
5266937,FALSE POSITIVE,,
5271803,FALSE POSITIVE,,
6228703,FALSE POSITIVE,,
6231401,FALSE POSITIVE,,
6279823,FALSE POSITIVE,,
6283224,FALSE POSITIVE,,
6285396,FALSE POSITIVE,,
7032968,FALSE POSITIVE,,
7033713,FALSE POSITIVE,,
7033748,FALSE POSITIVE,,
7049486,FALSE POSITIVE,,
7050754,FALSE POSITIVE,,
7090801,FALSE POSITIVE,,
7970629,FALSE POSITIVE,,
7970760,FALSE POSITIVE,,
7971389,FALSE POSITIVE,,
7976136,FALSE POSITIVE,,
7976435,FALSE POSITIVE,,
7985167,FALSE POSITIVE,,
8700506,FALSE POSITIVE,,
8711548,FALSE POSITIVE,,
8713828,FALSE POSITIVE,,
8719897,FALSE POSITIVE,,
8739209,FALSE POSITIVE,,
8746310,FALSE POSITIVE,,
9640921,FALSE POSITIVE,,
9640921,FALSE POSITIVE,,
9641031,FALSE POSITIVE,,
9641103,FALSE POSITIVE,,
9651602,CANDIDATE,,
10556578,FALSE POSITIVE,,
10583181,FALSE POSITIVE,,
10592163,FALSE POSITIVE,,
10601538,FALSE POSITIVE,,
8557246,FALSE POSITIVE,,
11709022,FALSE POSITIVE,,
11724091,FALSE POSITIVE,,
11768970,FALSE POSITIVE,,
11775530,FALSE POSITIVE,,
11811454,FALSE POSITIVE,,
8560280,FALSE POSITIVE,,
2860594,FALSE POSITIVE,,
2860788,FALSE POSITIVE,,
2970670,CANDIDATE,,
2973509,FALSE POSITIVE,,
2998124,FALSE POSITIVE,,
4578594,FALSE POSITIVE,,
4587448,FALSE POSITIVE,,
4665989,FALSE POSITIVE,,
4671584,FALSE POSITIVE,,
4681152,FALSE POSITIVE,,
8297017,FALSE POSITIVE,,
5282656,FALSE POSITIVE,,
5284133,FALSE POSITIVE,,
5285607,FALSE POSITIVE,,
5294739,FALSE POSITIVE,,
5300878,FALSE POSITIVE,,
6292732,FALSE POSITIVE,,
6307000,CANDIDATE,,
6345758,CANDIDATE,,
6364126,FALSE POSITIVE,,
6364200,FALSE POSITIVE,,
6364247,FALSE POSITIVE,,
7105574,FALSE POSITIVE,,
7115200,FALSE POSITIVE,,
7115332,FALSE POSITIVE,,
7115463,FALSE POSITIVE,,
7115597,FALSE POSITIVE,,
7116226,FALSE POSITIVE,,
8008128,FALSE POSITIVE,,
8009500,FALSE POSITIVE,,
8013289,FALSE POSITIVE,,
8016692,CANDIDATE,,
8027902,FALSE POSITIVE,,
8042644,CANDIDATE,,
8750094,FALSE POSITIVE,,
8758161,FALSE POSITIVE,,
8767034,FALSE POSITIVE,,
8773948,FALSE POSITIVE,,
8804358,FALSE POSITIVE,,
8508493,FALSE POSITIVE,,
9652632,FALSE POSITIVE,,
9655424,FALSE POSITIVE,,
9658089,CANDIDATE,,
9673173,FALSE POSITIVE,,
9693803,CANDIDATE,,
10619109,FALSE POSITIVE,,
10646620,FALSE POSITIVE,,
10659624,CANDIDATE,,
10661913,FALSE POSITIVE,,
10662021,FALSE POSITIVE,,
11817750,FALSE POSITIVE,,
11825996,CANDIDATE,,
11855538,FALSE POSITIVE,,
11858541,FALSE POSITIVE,,
11873171,FALSE POSITIVE,,
3102024,FALSE POSITIVE,,
3110937,FALSE POSITIVE,,
3120320,FALSE POSITIVE,,
3228740,FALSE POSITIVE,,
3230206,FALSE POSITIVE,,
5026187,FALSE POSITIVE,,
4729553,FALSE POSITIVE,,
4736208,FALSE POSITIVE,,
4739194,FALSE POSITIVE,,
4739565,FALSE POSITIVE,,
4753988,FALSE POSITIVE,,
4757331,FALSE POSITIVE,,
5301955,FALSE POSITIVE,,
5306862,FALSE POSITIVE,,
5307574,FALSE POSITIVE,,
5308778,FALSE POSITIVE,,
5310435,FALSE POSITIVE,,
5347537,FALSE POSITIVE,,
6364294,FALSE POSITIVE,,
6367439,FALSE POSITIVE,,
6368222,CANDIDATE,,
6372268,FALSE POSITIVE,,
6384840,FALSE POSITIVE,,
6386784,FALSE POSITIVE,,
6390236,FALSE POSITIVE,,
7116236,FALSE POSITIVE,,
7117513,FALSE POSITIVE,,
7117541,FALSE POSITIVE,,
7118545,FALSE POSITIVE,,
7132015,FALSE POSITIVE,,
7135549,CANDIDATE,,
8088354,FALSE POSITIVE,,
8091197,CANDIDATE,,
8094140,FALSE POSITIVE,,
8097825,FALSE POSITIVE,,
8098515,FALSE POSITIVE,,
8104436,FALSE POSITIVE,,
8815279,CANDIDATE,,
8822585,FALSE POSITIVE,,
8841616,FALSE POSITIVE,,
8845221,FALSE POSITIVE,,
8848115,FALSE POSITIVE,,
8868657,FALSE POSITIVE,,
9726452,CANDIDATE,,
9762519,FALSE POSITIVE,,
9777062,FALSE POSITIVE,,
9786821,FALSE POSITIVE,,
9790965,CANDIDATE,,
9811915,CANDIDATE,,
10665749,CANDIDATE,,
10670112,CANDIDATE,,
10685175,FALSE POSITIVE,,
10686876,FALSE POSITIVE,,
10711913,FALSE POSITIVE,,
11906217,FALSE POSITIVE,,
11913052,FALSE POSITIVE,,
11913071,FALSE POSITIVE,,
11918482,FALSE POSITIVE,,
11922782,FALSE POSITIVE,,
5897826,CANDIDATE,,
3240158,CANDIDATE,,
2837111,FALSE POSITIVE,,
3241619,FALSE POSITIVE,,
3241662,FALSE POSITIVE,,
3245000,FALSE POSITIVE,,
3248332,FALSE POSITIVE,,
3249334,CANDIDATE,,
3324069,CANDIDATE,,
4758350,FALSE POSITIVE,,
4758368,FALSE POSITIVE,,
4768756,FALSE POSITIVE,,
4769824,FALSE POSITIVE,,
4830859,CANDIDATE,,
4832273,FALSE POSITIVE,,
5353938,CANDIDATE,,
5359678,FALSE POSITIVE,,
5380812,CANDIDATE,,
5385647,FALSE POSITIVE,,
5385667,FALSE POSITIVE,,
5388229,CANDIDATE,,
6421483,FALSE POSITIVE,,
6421937,FALSE POSITIVE,,
6428942,FALSE POSITIVE,,
6442246,FALSE POSITIVE,,
6443392,FALSE POSITIVE,,
7137798,FALSE POSITIVE,,
7177553,FALSE POSITIVE,,
7177892,FALSE POSITIVE,,
7199935,FALSE POSITIVE,,
7200225,FALSE POSITIVE,,
8111622,FALSE POSITIVE,,
8112013,CANDIDATE,,
8115647,CANDIDATE,,
8123170,FALSE POSITIVE,,
8128965,FALSE POSITIVE,,
8878681,FALSE POSITIVE,,
8879427,FALSE POSITIVE,,
8881169,CANDIDATE,,
8890996,FALSE POSITIVE,,
8940961,FALSE POSITIVE,,
8953278,CANDIDATE,,
9821428,CANDIDATE,,
9848420,FALSE POSITIVE,,
9850387,FALSE POSITIVE,,
9850912,FALSE POSITIVE,,
9852050,FALSE POSITIVE,,
9873869,FALSE POSITIVE,,
10736223,FALSE POSITIVE,,
10736489,CANDIDATE,,
10743600,FALSE POSITIVE,,
10751908,CANDIDATE,,
10794242,FALSE POSITIVE,,
10794405,FALSE POSITIVE,,
11967004,FALSE POSITIVE,,
11968490,FALSE POSITIVE,,
12004680,FALSE POSITIVE,,
12013615,FALSE POSITIVE,,
12022517,FALSE POSITIVE,,
6307521,FALSE POSITIVE,,
7037540,FALSE POSITIVE,,
11129738,CANDIDATE,,
4860678,CANDIDATE,,
4349442,FALSE POSITIVE,,
7765528,CANDIDATE,,
3327980,FALSE POSITIVE,,
3329643,FALSE POSITIVE,,
3335816,FALSE POSITIVE,,
3337548,FALSE POSITIVE,,
3341934,FALSE POSITIVE,,
4839180,FALSE POSITIVE,,
4840263,FALSE POSITIVE,,
4847832,FALSE POSITIVE,,
4851217,FALSE POSITIVE,,
4851356,FALSE POSITIVE,,
5393558,FALSE POSITIVE,,
5397905,FALSE POSITIVE,,
5444392,FALSE POSITIVE,,
5456979,CANDIDATE,,
5471010,FALSE POSITIVE,,
6447326,FALSE POSITIVE,,
6448768,FALSE POSITIVE,,
6449552,FALSE POSITIVE,,
6466939,FALSE POSITIVE,,
6468938,FALSE POSITIVE,,
7200301,FALSE POSITIVE,,
7203179,FALSE POSITIVE,,
7203194,FALSE POSITIVE,,
7212722,FALSE POSITIVE,,
7280953,FALSE POSITIVE,,
7281229,FALSE POSITIVE,,
8143170,FALSE POSITIVE,,
8145789,FALSE POSITIVE,,
8155584,FALSE POSITIVE,,
8155654,CANDIDATE,,
8162376,FALSE POSITIVE,,
8953281,CANDIDATE,,
8953426,FALSE POSITIVE,,
8953475,FALSE POSITIVE,,
8958811,CANDIDATE,,
8958939,CANDIDATE,,
8973000,FALSE POSITIVE,,
9881258,FALSE POSITIVE,,
9899193,FALSE POSITIVE,,
9899410,FALSE POSITIVE,,
9899421,FALSE POSITIVE,,
9899577,FALSE POSITIVE,,
10815677,CANDIDATE,,
10816107,FALSE POSITIVE,,
10843431,CANDIDATE,,
10848097,CANDIDATE,,
10866969,CANDIDATE,,
12022718,FALSE POSITIVE,,
12053823,FALSE POSITIVE,,
12071006,FALSE POSITIVE,,
12106875,FALSE POSITIVE,,
12157983,FALSE POSITIVE,,
10028352,FALSE POSITIVE,,
6307083,CANDIDATE,,
11705004,CANDIDATE,,
5978559,CANDIDATE,,
6867555,CANDIDATE,,
12208631,CANDIDATE,,
3346543,CANDIDATE,,
3352751,FALSE POSITIVE,,
3427776,FALSE POSITIVE,,
3441340,FALSE POSITIVE,,
3448323,FALSE POSITIVE,,
4862625,FALSE POSITIVE,,
4863369,FALSE POSITIVE,,
4863753,FALSE POSITIVE,,
4902030,FALSE POSITIVE,,
4914709,FALSE POSITIVE,,
5471141,FALSE POSITIVE,,
5471328,FALSE POSITIVE,,
5471415,FALSE POSITIVE,,
5471480,FALSE POSITIVE,,
5513822,FALSE POSITIVE,,
6471229,FALSE POSITIVE,,
6471230,FALSE POSITIVE,,
6521174,FALSE POSITIVE,,
6521542,FALSE POSITIVE,,
6522353,FALSE POSITIVE,,
6531801,FALSE POSITIVE,,
7281356,FALSE POSITIVE,,
7281399,FALSE POSITIVE,,
7281410,FALSE POSITIVE,,
7281616,FALSE POSITIVE,,
7281699,FALSE POSITIVE,,
7285616,FALSE POSITIVE,,
8178616,FALSE POSITIVE,,
8180290,CANDIDATE,,
8183389,FALSE POSITIVE,,
8193315,FALSE POSITIVE,,
8196180,FALSE POSITIVE,,
8977176,FALSE POSITIVE,,
9001468,FALSE POSITIVE,,
9005854,FALSE POSITIVE,,
9007953,FALSE POSITIVE,,
9025739,CANDIDATE,,
9029486,FALSE POSITIVE,,
9906802,FALSE POSITIVE,,
9906841,FALSE POSITIVE,,
9909965,CANDIDATE,,
9913798,FALSE POSITIVE,,
9932197,CANDIDATE,,
9934208,FALSE POSITIVE,,
9936698,FALSE POSITIVE,,
10909274,FALSE POSITIVE,,
10920813,FALSE POSITIVE,,
10923260,FALSE POSITIVE,,
10932270,CANDIDATE,,
10936427,FALSE POSITIVE,,
12251779,FALSE POSITIVE,,
12268220,FALSE POSITIVE,,
12304728,CANDIDATE,,
12351927,FALSE POSITIVE,,
12353720,FALSE POSITIVE,,
7778767,CANDIDATE,,
9026749,CANDIDATE,,
6198182,CANDIDATE,,
5695396,CANDIDATE,,
2853828,FALSE POSITIVE,,
7008149,FALSE POSITIVE,,
3542573,FALSE POSITIVE,,
3543270,FALSE POSITIVE,,
3544678,FALSE POSITIVE,,
3545626,CANDIDATE,,
3547178,CANDIDATE,,
3548622,FALSE POSITIVE,,
3749508,FALSE POSITIVE,,
4917014,FALSE POSITIVE,,
4932691,FALSE POSITIVE,,
4939265,CANDIDATE,,
4946680,FALSE POSITIVE,,
4947726,FALSE POSITIVE,,
8308516,CANDIDATE,,
5529501,FALSE POSITIVE,,
5530881,FALSE POSITIVE,,
5535280,FALSE POSITIVE,,
5552808,CANDIDATE,,
5553624,FALSE POSITIVE,,
5564082,CANDIDATE,,
6543682,FALSE POSITIVE,,
6545018,FALSE POSITIVE,,
6548447,FALSE POSITIVE,,
6584167,FALSE POSITIVE,,
6584278,CANDIDATE,,
6590726,CANDIDATE,,
7336754,FALSE POSITIVE,,
7345335,CANDIDATE,,
7350067,CONFIRMED,,Kepler-1646 b
7362632,FALSE POSITIVE,,
7366065,FALSE POSITIVE,,
8211521,FALSE POSITIVE,,
8227086,CANDIDATE,,
8229048,FALSE POSITIVE,,
8234477,FALSE POSITIVE,,
9049010,FALSE POSITIVE,,
9083503,FALSE POSITIVE,,
9093566,FALSE POSITIVE,,
9098590,CANDIDATE,,
9099773,CANDIDATE,,
9101208,FALSE POSITIVE,,
9943009,CANDIDATE,,
9944201,CANDIDATE,,
9945280,FALSE POSITIVE,,
9958053,FALSE POSITIVE,,
9963009,FALSE POSITIVE,,
8545603,FALSE POSITIVE,,
10976412,FALSE POSITIVE,,
10979716,FALSE POSITIVE,,
10982373,FALSE POSITIVE,,
10989032,FALSE POSITIVE,,
10992733,FALSE POSITIVE,,
11019739,CANDIDATE,,
12356746,FALSE POSITIVE,,
12356914,FALSE POSITIVE,,
12365015,FALSE POSITIVE,,
12367017,FALSE POSITIVE,,
12403968,FALSE POSITIVE,,
12418816,FALSE POSITIVE,,
8709688,CANDIDATE,,
9959492,FALSE POSITIVE,,
2716801,CANDIDATE,,
11810124,CANDIDATE,,
3219037,CANDIDATE,,
9117416,CANDIDATE,,
3558803,FALSE POSITIVE,,
3634169,CANDIDATE,,
3655326,FALSE POSITIVE,,
3656322,FALSE POSITIVE,,
3663494,CANDIDATE,,
4949027,FALSE POSITIVE,,
4949214,FALSE POSITIVE,,
4950557,FALSE POSITIVE,,
5000179,FALSE POSITIVE,,
5018787,FALSE POSITIVE,,
8345473,FALSE POSITIVE,,
5597361,CANDIDATE,,
5598639,FALSE POSITIVE,,
5610698,FALSE POSITIVE,,
5617510,CANDIDATE,,
5621294,FALSE POSITIVE,,
6594972,FALSE POSITIVE,,
6595662,FALSE POSITIVE,,
6603765,CANDIDATE,,
6606669,FALSE POSITIVE,,
6610219,FALSE POSITIVE,,
6610433,FALSE POSITIVE,,
7368103,FALSE POSITIVE,,
7369523,FALSE POSITIVE,,
7381580,CANDIDATE,,
7385387,FALSE POSITIVE,,
7385478,FALSE POSITIVE,,
8243263,FALSE POSITIVE,,
8244295,FALSE POSITIVE,,
8256882,CANDIDATE,,
8265990,FALSE POSITIVE,,
8283875,CANDIDATE,,
9119405,FALSE POSITIVE,,
9150870,CANDIDATE,,
9156957,FALSE POSITIVE,,
9163674,FALSE POSITIVE,,
9172506,FALSE POSITIVE,,
9179531,FALSE POSITIVE,,
9963639,FALSE POSITIVE,,
9965691,FALSE POSITIVE,,
10000490,FALSE POSITIVE,,
10002049,CANDIDATE,,
10014702,FALSE POSITIVE,,
11027270,FALSE POSITIVE,,
11027722,FALSE POSITIVE,,
11068630,CANDIDATE,,
11071207,FALSE POSITIVE,,
11124509,FALSE POSITIVE,,
12454800,CANDIDATE,,
12458817,CANDIDATE,,
12506342,FALSE POSITIVE,,
12519942,CANDIDATE,,
12557713,FALSE POSITIVE,,
9730163,CONFIRMED,,Kepler-445 d
2437112,FALSE POSITIVE,,
8719324,FALSE POSITIVE,,
5471690,FALSE POSITIVE,,
3937814,CANDIDATE,,
3937814,CANDIDATE,,
5078025,FALSE POSITIVE,,
3733638,CANDIDATE,,
3746248,FALSE POSITIVE,,
3748855,CANDIDATE,,
3757588,FALSE POSITIVE,,
3766353,FALSE POSITIVE,,
5019567,FALSE POSITIVE,,
5021432,CANDIDATE,,
5021732,FALSE POSITIVE,,
5022900,FALSE POSITIVE,,
5024126,FALSE POSITIVE,,
5024268,FALSE POSITIVE,,
5633259,CANDIDATE,,
5647638,FALSE POSITIVE,,
5653126,FALSE POSITIVE,,
5686974,FALSE POSITIVE,,
5696909,FALSE POSITIVE,,
5697628,FALSE POSITIVE,,
6614748,CANDIDATE,,
6628926,CANDIDATE,,
6629156,FALSE POSITIVE,,
6636020,FALSE POSITIVE,,
6665064,FALSE POSITIVE,,
6670610,CANDIDATE,,
7447895,CANDIDATE,,
7456521,FALSE POSITIVE,,
7461314,FALSE POSITIVE,,
7461521,CANDIDATE,,
7537660,CANDIDATE,,
7541502,FALSE POSITIVE,,
8285254,FALSE POSITIVE,,
8285970,FALSE POSITIVE,,
8294484,FALSE POSITIVE,,
8301013,FALSE POSITIVE,,
8302455,FALSE POSITIVE,,
9203154,CANDIDATE,,
9205993,FALSE POSITIVE,,
9210828,FALSE POSITIVE,,
9221627,CANDIDATE,,
9266285,FALSE POSITIVE,,
10026136,FALSE POSITIVE,,
10026457,FALSE POSITIVE,,
10031526,FALSE POSITIVE,,
10031808,FALSE POSITIVE,,
10070479,CANDIDATE,,
11134079,CANDIDATE,,
11137061,CANDIDATE,,
11144439,FALSE POSITIVE,,
7119481,CANDIDATE,,
11147276,FALSE POSITIVE,,
2852941,FALSE POSITIVE,,
8773015,CANDIDATE,,
9883606,CANDIDATE,,
9597729,FALSE POSITIVE,,
9836563,CANDIDATE,,
6508221,CANDIDATE,,
3830820,FALSE POSITIVE,,
3831523,CANDIDATE,,
3834364,FALSE POSITIVE,,
3836413,FALSE POSITIVE,,
3836439,FALSE POSITIVE,,
3838004,FALSE POSITIVE,,
9595956,FALSE POSITIVE,,
9655792,FALSE POSITIVE,,
9970396,FALSE POSITIVE,,
10079420,CANDIDATE,,
10267121,FALSE POSITIVE,,
10407271,FALSE POSITIVE,,
10471167,FALSE POSITIVE,,
10471174,FALSE POSITIVE,,
10471345,FALSE POSITIVE,,
11621897,FALSE POSITIVE,,
12253534,FALSE POSITIVE,,
12304202,FALSE POSITIVE,,
4735826,CANDIDATE,,
9291039,FALSE POSITIVE,,
10155321,FALSE POSITIVE,,
4953173,FALSE POSITIVE,,
2861126,CANDIDATE,,
6363560,FALSE POSITIVE,,
7539174,FALSE POSITIVE,,
10535708,FALSE POSITIVE,,
11453930,FALSE POSITIVE,,
5955321,FALSE POSITIVE,,
6182093,FALSE POSITIVE,,
4758350,CANDIDATE,,
4862625,FALSE POSITIVE,,
5211470,FALSE POSITIVE,,
6665064,FALSE POSITIVE,,
3458687,FALSE POSITIVE,,
3965201,CANDIDATE,,
4074294,FALSE POSITIVE,,
4384652,FALSE POSITIVE,,
7697568,FALSE POSITIVE,,
4662363,FALSE POSITIVE,,
4851195,FALSE POSITIVE,,
4862924,CANDIDATE,,
5024414,FALSE POSITIVE,,
5268955,FALSE POSITIVE,,
5271090,CANDIDATE,,
5444276,CANDIDATE,,
5598645,FALSE POSITIVE,,
5696518,FALSE POSITIVE,,
5878506,CANDIDATE,,
5908086,FALSE POSITIVE,,
6307243,FALSE POSITIVE,,
6350522,FALSE POSITIVE,,
6385302,FALSE POSITIVE,,
6443274,CANDIDATE,,
6527050,FALSE POSITIVE,,
5602588,CANDIDATE,,
6628740,FALSE POSITIVE,,
6876575,CANDIDATE,,
7031126,FALSE POSITIVE,,
7031742,FALSE POSITIVE,,
7032687,FALSE POSITIVE,,
7116282,FALSE POSITIVE,,
7133286,FALSE POSITIVE,,
7214090,FALSE POSITIVE,,
7281694,FALSE POSITIVE,,
7362450,FALSE POSITIVE,,
8007262,FALSE POSITIVE,,
8096395,CANDIDATE,,
8168509,CANDIDATE,,
10397751,CANDIDATE,,
8297319,CANDIDATE,,
8423344,CANDIDATE,,
8444868,CANDIDATE,,
8649876,FALSE POSITIVE,,
8682094,CANDIDATE,,
8846809,FALSE POSITIVE,,
9025662,CANDIDATE,,
8572936,FALSE POSITIVE,,
5473556,FALSE POSITIVE,,
6504534,FALSE POSITIVE,,
5652983,FALSE POSITIVE,,
9092897,FALSE POSITIVE,,
9292130,FALSE POSITIVE,,
9541144,FALSE POSITIVE,,
8848104,CANDIDATE,,
9236858,FALSE POSITIVE,,
9818732,FALSE POSITIVE,,
9837013,CANDIDATE,,
8652997,CANDIDATE,,
8676061,FALSE POSITIVE,,
10551346,FALSE POSITIVE,,
9489348,FALSE POSITIVE,,
10813078,CANDIDATE,,
11623629,FALSE POSITIVE,,
5184911,CANDIDATE,,
10659313,FALSE POSITIVE,,
10122538,CONFIRMED,,Kepler-1388 e
8265520,CANDIDATE,,
8288719,FALSE POSITIVE,,
8302473,FALSE POSITIVE,,
8378656,FALSE POSITIVE,,
8394475,CANDIDATE,,
7282008,FALSE POSITIVE,,
7886329,FALSE POSITIVE,,
8039925,FALSE POSITIVE,,
4548011,FALSE POSITIVE,,
8973285,CANDIDATE,,
5966732,CANDIDATE,,
6041511,FALSE POSITIVE,,
6109688,FALSE POSITIVE,,
6206751,FALSE POSITIVE,,
6265961,CANDIDATE,,
8677057,CANDIDATE,,
10341787,FALSE POSITIVE,,
10407430,FALSE POSITIVE,,
10471113,CANDIDATE,,
10546063,CANDIDATE,,
10965963,FALSE POSITIVE,,
9246715,FALSE POSITIVE,,
9959093,FALSE POSITIVE,,
3659940,FALSE POSITIVE,,
5017058,FALSE POSITIVE,,
7421876,FALSE POSITIVE,,
3765692,CANDIDATE,,
8702537,CANDIDATE,,
8358008,FALSE POSITIVE,,
6042663,FALSE POSITIVE,,
10198109,FALSE POSITIVE,,
6364195,FALSE POSITIVE,,
10855545,FALSE POSITIVE,,
5737869,FALSE POSITIVE,,
8364119,FALSE POSITIVE,,
7668648,FALSE POSITIVE,,
9357375,FALSE POSITIVE,,
6859546,CANDIDATE,,
7700578,FALSE POSITIVE,,
8757213,FALSE POSITIVE,,
9540675,FALSE POSITIVE,,
11560431,FALSE POSITIVE,,
4352168,FALSE POSITIVE,,
7009828,FALSE POSITIVE,,
8880003,FALSE POSITIVE,,
8423903,FALSE POSITIVE,,
8445775,FALSE POSITIVE,,
8488876,FALSE POSITIVE,,
8553907,FALSE POSITIVE,,
8604993,FALSE POSITIVE,,
2856960,FALSE POSITIVE,,
6285397,FALSE POSITIVE,,
10601579,FALSE POSITIVE,,
11763910,FALSE POSITIVE,,
3098194,FALSE POSITIVE,,
4725292,FALSE POSITIVE,,
8807057,FALSE POSITIVE,,
10665228,CANDIDATE,,
8953296,FALSE POSITIVE,,
12004689,FALSE POSITIVE,,
6452742,CANDIDATE,,
12217907,FALSE POSITIVE,,
3437739,FALSE POSITIVE,,
8906676,FALSE POSITIVE,,
9637299,FALSE POSITIVE,,
8179747,FALSE POSITIVE,,
8891684,CONFIRMED,,Kepler-1634 b
6311637,FALSE POSITIVE,,
6423922,CANDIDATE,,
6449291,FALSE POSITIVE,,
6591789,FALSE POSITIVE,,
6606282,FALSE POSITIVE,,
10586619,CANDIDATE,,
10649230,FALSE POSITIVE,,
10680424,CANDIDATE,,
10809677,FALSE POSITIVE,,
8105398,CANDIDATE,,
4680745,FALSE POSITIVE,,
5177065,FALSE POSITIVE,,
8868686,FALSE POSITIVE,,
9837578,FALSE POSITIVE,,
5024372,FALSE POSITIVE,,
5286786,FALSE POSITIVE,,
9644683,FALSE POSITIVE,,
5616489,FALSE POSITIVE,,
9953736,FALSE POSITIVE,,
10156064,FALSE POSITIVE,,
8216763,CANDIDATE,,
5871918,FALSE POSITIVE,,
6781535,FALSE POSITIVE,,
8749844,FALSE POSITIVE,,
6859813,FALSE POSITIVE,,
7798259,FALSE POSITIVE,,
11409698,FALSE POSITIVE,,
7868967,CANDIDATE,,
8559796,FALSE POSITIVE,,
9592855,FALSE POSITIVE,,
11618798,FALSE POSITIVE,,
2708172,FALSE POSITIVE,,
7032383,FALSE POSITIVE,,
7947631,FALSE POSITIVE,,
4274071,CANDIDATE,,
4356621,FALSE POSITIVE,,
4445630,FALSE POSITIVE,,
4484312,FALSE POSITIVE,,
4544623,FALSE POSITIVE,,
8618226,FALSE POSITIVE,,
8690001,FALSE POSITIVE,,
8736245,FALSE POSITIVE,,
8784288,FALSE POSITIVE,,
8845552,CANDIDATE,,
11904704,CANDIDATE,,
3230227,FALSE POSITIVE,,
10732401,FALSE POSITIVE,,
6436505,CANDIDATE,,
7198648,FALSE POSITIVE,,
8210721,FALSE POSITIVE,,
12353633,FALSE POSITIVE,,
4948863,FALSE POSITIVE,,
5534702,FALSE POSITIVE,,
8240109,FALSE POSITIVE,,
9899153,FALSE POSITIVE,,
9971475,FALSE POSITIVE,,
6629588,FALSE POSITIVE,,
6763884,CANDIDATE,,
6806632,FALSE POSITIVE,,
6863840,FALSE POSITIVE,,
10847907,FALSE POSITIVE,,
10867017,FALSE POSITIVE,,
10987439,FALSE POSITIVE,,
11073223,FALSE POSITIVE,,
5809890,CONFIRMED,,Kepler-755 c
3113266,FALSE POSITIVE,,
6153201,FALSE POSITIVE,,
4074736,CANDIDATE,,
7831264,CONFIRMED,,Kepler-116 c
8703491,FALSE POSITIVE,,
7902719,FALSE POSITIVE,,
8814872,CANDIDATE,,
10685764,CANDIDATE,,
8016211,FALSE POSITIVE,,
8939650,FALSE POSITIVE,,
9958962,CANDIDATE,,
4633434,FALSE POSITIVE,,
4678171,FALSE POSITIVE,,
4740688,FALSE POSITIVE,,
4760959,CANDIDATE,,
4840818,FALSE POSITIVE,,
8938628,FALSE POSITIVE,,
8958939,CANDIDATE,,
9024857,FALSE POSITIVE,,
9098810,FALSE POSITIVE,,
9164788,FALSE POSITIVE,,
5695904,FALSE POSITIVE,,
7186259,FALSE POSITIVE,,
10028792,CANDIDATE,,
10621666,FALSE POSITIVE,,
6947623,CANDIDATE,,
6962018,FALSE POSITIVE,,
7031948,FALSE POSITIVE,,
11182260,FALSE POSITIVE,,
11228612,FALSE POSITIVE,,
11244571,CANDIDATE,,
11288772,CANDIDATE,,
11401869,FALSE POSITIVE,,
9043947,CANDIDATE,,
3862246,FALSE POSITIVE,,
11303815,FALSE POSITIVE,,
11968463,FALSE POSITIVE,,
7681230,FALSE POSITIVE,,
9079587,FALSE POSITIVE,,
8971044,CANDIDATE,,
9847239,FALSE POSITIVE,,
8105719,CANDIDATE,,
9049697,FALSE POSITIVE,,
9941550,FALSE POSITIVE,,
4862332,FALSE POSITIVE,,
4912589,FALSE POSITIVE,,
4940201,FALSE POSITIVE,,
4995716,CANDIDATE,,
5098757,FALSE POSITIVE,,
9286728,FALSE POSITIVE,,
9304561,FALSE POSITIVE,,
9340411,CANDIDATE,,
9392702,FALSE POSITIVE,,
9490342,CANDIDATE,,
2854181,CANDIDATE,,
7185487,FALSE POSITIVE,,
7217088,CANDIDATE,,
7362534,FALSE POSITIVE,,
7376982,FALSE POSITIVE,,
7431665,FALSE POSITIVE,,
11502179,FALSE POSITIVE,,
11602794,CANDIDATE,,
11662440,FALSE POSITIVE,,
11757422,FALSE POSITIVE,,
11854636,FALSE POSITIVE,,
10647452,CANDIDATE,,
8278685,CANDIDATE,,
7777818,CANDIDATE,,
5385410,CANDIDATE,,
5084171,CONFIRMED,,Kepler-1567 b
8234889,FALSE POSITIVE,,
8307489,FALSE POSITIVE,,
9153246,FALSE POSITIVE,,
8352009,CANDIDATE,,
9166700,CANDIDATE,,
5196851,FALSE POSITIVE,,
5269407,FALSE POSITIVE,,
5298620,FALSE POSITIVE,,
5347784,FALSE POSITIVE,,
5389184,FALSE POSITIVE,,
9529294,FALSE POSITIVE,,
9541163,FALSE POSITIVE,,
9630640,FALSE POSITIVE,,
9640123,CANDIDATE,,
8590776,FALSE POSITIVE,,
9657636,FALSE POSITIVE,,
8487838,FALSE POSITIVE,,
7821010,FALSE POSITIVE,,
3230805,CANDIDATE,,
7592529,CANDIDATE,,
7630658,FALSE POSITIVE,,
7691527,FALSE POSITIVE,,
7755741,CANDIDATE,,
11923819,FALSE POSITIVE,,
11970288,FALSE POSITIVE,,
12105785,FALSE POSITIVE,,
8625732,FALSE POSITIVE,,
8377197,FALSE POSITIVE,,
8295671,FALSE POSITIVE,,
8937762,CANDIDATE,,
3438976,FALSE POSITIVE,,
7416306,FALSE POSITIVE,,
8414914,FALSE POSITIVE,,
10132908,FALSE POSITIVE,,
8474892,CANDIDATE,,
8499922,FALSE POSITIVE,,
5466109,CANDIDATE,,
5479973,FALSE POSITIVE,,
5534476,FALSE POSITIVE,,
5622250,FALSE POSITIVE,,
5702770,CANDIDATE,,
9674320,CANDIDATE,,
9790965,FALSE POSITIVE,,
9906489,FALSE POSITIVE,,
10020423,FALSE POSITIVE,,
10031409,FALSE POSITIVE,,
4843592,FALSE POSITIVE,,
3858919,FALSE POSITIVE,,
7100673,CANDIDATE,,
3765917,CANDIDATE,,
7816680,FALSE POSITIVE,,
7960295,FALSE POSITIVE,,
8007675,FALSE POSITIVE,,
8098300,FALSE POSITIVE,,
12302391,FALSE POSITIVE,,
12367310,FALSE POSITIVE,,
12504353,FALSE POSITIVE,,
3123418,FALSE POSITIVE,,
2576224,FALSE POSITIVE,,
7281484,FALSE POSITIVE,,
12108293,FALSE POSITIVE,,
10140122,CANDIDATE,,
3962684,FALSE POSITIVE,,
8761550,FALSE POSITIVE,,
5289857,CANDIDATE,,
4068391,FALSE POSITIVE,,
4077252,FALSE POSITIVE,,
5440651,FALSE POSITIVE,,
1297263,FALSE POSITIVE,,
11444974,FALSE POSITIVE,,
11456256,CANDIDATE,,
5735878,FALSE POSITIVE,,
5809372,CANDIDATE,,
5952457,FALSE POSITIVE,,
5977541,FALSE POSITIVE,,
6029130,FALSE POSITIVE,,
8686761,FALSE POSITIVE,,
10066755,CANDIDATE,,
10098534,FALSE POSITIVE,,
10274244,FALSE POSITIVE,,
10292465,FALSE POSITIVE,,
10332789,FALSE POSITIVE,,
4753561,FALSE POSITIVE,,
5470960,FALSE POSITIVE,,
10843203,FALSE POSITIVE,,
11176166,FALSE POSITIVE,,
2012722,FALSE POSITIVE,,
2438061,FALSE POSITIVE,,
2557350,CANDIDATE,,
8120820,CANDIDATE,,
8145958,CANDIDATE,,
8192861,FALSE POSITIVE,,
8227464,CANDIDATE,,
8248103,CANDIDATE,,
4380560,FALSE POSITIVE,,
6508734,FALSE POSITIVE,,
7032568,FALSE POSITIVE,,
8579684,CANDIDATE,,
10253638,FALSE POSITIVE,,
8873450,FALSE POSITIVE,,
7889486,FALSE POSITIVE,,
9291039,FALSE POSITIVE,,
3849187,CANDIDATE,,
9827596,FALSE POSITIVE,,
3343281,FALSE POSITIVE,,
8880317,CANDIDATE,,
6599305,FALSE POSITIVE,,
2163226,FALSE POSITIVE,,
4455763,FALSE POSITIVE,,
5603270,FALSE POSITIVE,,
4470888,FALSE POSITIVE,,
12170767,CANDIDATE,,
6060580,FALSE POSITIVE,,
6128245,CANDIDATE,,
6187508,CANDIDATE,,
6209225,CANDIDATE,,
6285094,FALSE POSITIVE,,
10346522,FALSE POSITIVE,,
10407047,FALSE POSITIVE,,
10420279,FALSE POSITIVE,,
10481054,FALSE POSITIVE,,
10549576,FALSE POSITIVE,,
10597164,FALSE POSITIVE,,
7877820,FALSE POSITIVE,,
2580872,FALSE POSITIVE,,
2716979,CANDIDATE,,
2969638,FALSE POSITIVE,,
3115480,FALSE POSITIVE,,
3247294,FALSE POSITIVE,,
8750503,FALSE POSITIVE,,
8296467,FALSE POSITIVE,,
8330575,FALSE POSITIVE,,
8381592,FALSE POSITIVE,,
8443812,CANDIDATE,,
11559304,CANDIDATE,,
10118266,CANDIDATE,,
8044608,FALSE POSITIVE,,
6426592,CANDIDATE,,
8263746,FALSE POSITIVE,,
3954227,FALSE POSITIVE,,
2569516,FALSE POSITIVE,,
4586482,FALSE POSITIVE,,
6681473,FALSE POSITIVE,,
2711123,FALSE POSITIVE,,
8639155,FALSE POSITIVE,,
10991389,CANDIDATE,,
12735793,FALSE POSITIVE,,
11080702,CANDIDATE,,
6367628,FALSE POSITIVE,,
6421188,FALSE POSITIVE,,
6437993,FALSE POSITIVE,,
6464285,FALSE POSITIVE,,
6522750,FALSE POSITIVE,,
6551106,CANDIDATE,,
10661976,FALSE POSITIVE,,
10686930,FALSE POSITIVE,,
10753734,FALSE POSITIVE,,
10812541,CANDIDATE,,
10849244,FALSE POSITIVE,,
9048145,FALSE POSITIVE,,
9549471,FALSE POSITIVE,,
12266636,CANDIDATE,,
3337438,FALSE POSITIVE,,
3356193,CANDIDATE,,
3644174,FALSE POSITIVE,,
3748855,CANDIDATE,,
3851134,FALSE POSITIVE,,
8479107,CANDIDATE,,
8552500,FALSE POSITIVE,,
8581658,FALSE POSITIVE,,
8625408,CANDIDATE,,
11811382,FALSE POSITIVE,,
3241344,FALSE POSITIVE,,
3347485,FALSE POSITIVE,,
4912991,FALSE POSITIVE,,
11564013,FALSE POSITIVE,,
9661869,FALSE POSITIVE,,
10879656,FALSE POSITIVE,,
4750406,FALSE POSITIVE,,
5869272,FALSE POSITIVE,,
6762188,CANDIDATE,,
3222680,FALSE POSITIVE,,
4813750,CANDIDATE,,
11098704,CANDIDATE,,
11145391,FALSE POSITIVE,,
6593363,FALSE POSITIVE,,
6607610,FALSE POSITIVE,,
6697716,FALSE POSITIVE,,
6778289,FALSE POSITIVE,,
6842345,CANDIDATE,,
10991989,FALSE POSITIVE,,
11029877,FALSE POSITIVE,,
11092783,CANDIDATE,,
11233911,FALSE POSITIVE,,
11282568,CANDIDATE,,
9966115,FALSE POSITIVE,,
11404644,FALSE POSITIVE,,
8804845,CONFIRMED,,Kepler-1067 b
10916600,CANDIDATE,,
3936061,CANDIDATE,,
3973504,FALSE POSITIVE,,
4150703,FALSE POSITIVE,,
4261960,FALSE POSITIVE,,
8738115,FALSE POSITIVE,,
8760760,CANDIDATE,,
8823397,FALSE POSITIVE,,
8957572,FALSE POSITIVE,,
9007918,FALSE POSITIVE,,
5471217,FALSE POSITIVE,,
4285087,FALSE POSITIVE,,
6948815,FALSE POSITIVE,,
3341760,FALSE POSITIVE,,
5981058,FALSE POSITIVE,,
4918303,CANDIDATE,,
11340218,CANDIDATE,,
11393248,CANDIDATE,,
10055126,CANDIDATE,,
8653134,CONFIRMED,,Kepler-1643 b
6867219,CANDIDATE,,
6929016,FALSE POSITIVE,,
6947837,FALSE POSITIVE,,
6967430,FALSE POSITIVE,,
7032117,FALSE POSITIVE,,
11350389,FALSE POSITIVE,,
11411639,CANDIDATE,,
11501774,FALSE POSITIVE,,
11551652,CANDIDATE,,
11616631,FALSE POSITIVE,,
5952403,FALSE POSITIVE,,
7174617,CANDIDATE,,
6606438,CANDIDATE,,
4349935,FALSE POSITIVE,,
4482738,FALSE POSITIVE,,
4565985,FALSE POSITIVE,,
9085039,CANDIDATE,,
9159301,FALSE POSITIVE,,
9181340,FALSE POSITIVE,,
9291748,FALSE POSITIVE,,
9353182,FALSE POSITIVE,,
4346875,FALSE POSITIVE,,
8957954,FALSE POSITIVE,,
3459529,FALSE POSITIVE,,
3548645,CANDIDATE,,
5016163,FALSE POSITIVE,,
3730176,FALSE POSITIVE,,
5110453,CANDIDATE,,
3229028,FALSE POSITIVE,,
9145861,CANDIDATE,,
3645438,CANDIDATE,,
4740676,FALSE POSITIVE,,
7115878,FALSE POSITIVE,,
7128918,FALSE POSITIVE,,
7200102,FALSE POSITIVE,,
7204073,FALSE POSITIVE,,
7335514,CANDIDATE,,
11773625,CANDIDATE,,
11873166,FALSE POSITIVE,,
11922648,FALSE POSITIVE,,
11966557,FALSE POSITIVE,,
12004679,FALSE POSITIVE,,
3458919,FALSE POSITIVE,,
4661634,FALSE POSITIVE,,
4737302,FALSE POSITIVE,,
4764969,CANDIDATE,,
4851338,FALSE POSITIVE,,
9418994,FALSE POSITIVE,,
9509207,FALSE POSITIVE,,
9536048,FALSE POSITIVE,,
9579789,FALSE POSITIVE,,
10989274,CONFIRMED,,Kepler-1645 b
4075064,FALSE POSITIVE,,
6205384,FALSE POSITIVE,,
3836450,FALSE POSITIVE,,
6281127,FALSE POSITIVE,,
6289459,FALSE POSITIVE,,
6850665,FALSE POSITIVE,,
4933476,FALSE POSITIVE,,
6191945,FALSE POSITIVE,,
5385778,FALSE POSITIVE,,
6694186,FALSE POSITIVE,,
9021047,FALSE POSITIVE,,
7366036,FALSE POSITIVE,,
7381695,FALSE POSITIVE,,
7455553,FALSE POSITIVE,,
7597703,FALSE POSITIVE,,
7695445,CANDIDATE,,
12067960,CANDIDATE,,
12164751,FALSE POSITIVE,,
12306808,FALSE POSITIVE,,
12365000,FALSE POSITIVE,,
12418662,FALSE POSITIVE,,
5022440,FALSE POSITIVE,,
5181455,FALSE POSITIVE,,
4931073,FALSE POSITIVE,,
4950341,FALSE POSITIVE,,
5025294,FALSE POSITIVE,,
5078879,FALSE POSITIVE,,
9665503,FALSE POSITIVE,,
9762514,FALSE POSITIVE,,
9913481,FALSE POSITIVE,,
9944421,FALSE POSITIVE,,
5115688,CANDIDATE,,
3962728,FALSE POSITIVE,,
9274431,FALSE POSITIVE,,
10199984,CANDIDATE,,
8516349,FALSE POSITIVE,,
9357578,FALSE POSITIVE,,
4078157,FALSE POSITIVE,,
5816144,CANDIDATE,,
10743597,FALSE POSITIVE,,
9008737,CANDIDATE,,
6182093,FALSE POSITIVE,,
7769815,FALSE POSITIVE,,
7846730,FALSE POSITIVE,,
7955301,FALSE POSITIVE,,
7987749,FALSE POSITIVE,,
8081389,FALSE POSITIVE,,
12555616,CANDIDATE,,
10341777,FALSE POSITIVE,,
11296798,FALSE POSITIVE,,
5003670,CANDIDATE,,
7935997,CONFIRMED,,Kepler-1629 b
4737267,FALSE POSITIVE,,
5343976,FALSE POSITIVE,,
5385469,FALSE POSITIVE,,
5700330,FALSE POSITIVE,,
6048106,FALSE POSITIVE,,
5091614,FALSE POSITIVE,,
5174492,FALSE POSITIVE,,
5263167,CANDIDATE,,
5295206,CANDIDATE,,
5460835,FALSE POSITIVE,,
10053138,CANDIDATE,,
10093664,FALSE POSITIVE,,
10189523,FALSE POSITIVE,,
10290447,FALSE POSITIVE,,
6531485,FALSE POSITIVE,,
7499571,FALSE POSITIVE,,
7674050,FALSE POSITIVE,,
8547213,FALSE POSITIVE,,
9391817,CANDIDATE,,
7750342,FALSE POSITIVE,,
9456887,CANDIDATE,,
7830321,FALSE POSITIVE,,
6362386,FALSE POSITIVE,,
11516930,FALSE POSITIVE,,
11856178,CANDIDATE,,
7622059,FALSE POSITIVE,,
8094221,FALSE POSITIVE,,
8098960,CANDIDATE,,
8123937,FALSE POSITIVE,,
8158324,FALSE POSITIVE,,
8231877,FALSE POSITIVE,,
4483235,FALSE POSITIVE,,
6590362,FALSE POSITIVE,,
7031208,FALSE POSITIVE,,
7115384,FALSE POSITIVE,,
8106973,FALSE POSITIVE,,
6698670,FALSE POSITIVE,,
7116043,FALSE POSITIVE,,
7125636,FALSE POSITIVE,,
5475712,FALSE POSITIVE,,
5529560,FALSE POSITIVE,,
5621299,FALSE POSITIVE,,
5725851,FALSE POSITIVE,,
5802285,FALSE POSITIVE,,
4157488,FALSE POSITIVE,,
5111801,FALSE POSITIVE,,
6523216,FALSE POSITIVE,,
7870250,FALSE POSITIVE,,
9780149,FALSE POSITIVE,,
8417078,CONFIRMED,,Kepler-1619 b
12735830,CONFIRMED,,Kepler-1465 b
3858767,FALSE POSITIVE,,
10924400,FALSE POSITIVE,,
7103300,CANDIDATE,,
11672354,CANDIDATE,,
9644411,FALSE POSITIVE,,
7663804,FALSE POSITIVE,,
8195877,FALSE POSITIVE,,
8258103,FALSE POSITIVE,,
10208894,FALSE POSITIVE,,
10253977,CANDIDATE,,
10268714,FALSE POSITIVE,,
10281311,FALSE POSITIVE,,
10341876,FALSE POSITIVE,,
10351947,CANDIDATE,,
1026032,FALSE POSITIVE,,
2583777,FALSE POSITIVE,,
2834463,CANDIDATE,,
3343866,FALSE POSITIVE,,
3973002,FALSE POSITIVE,,
12600735,CANDIDATE,,
1434395,FALSE POSITIVE,,
2299738,CANDIDATE,,
2302758,FALSE POSITIVE,,
2449053,FALSE POSITIVE,,
8587439,FALSE POSITIVE,,
8703506,FALSE POSITIVE,,
8712863,FALSE POSITIVE,,
8962007,FALSE POSITIVE,,
9079915,FALSE POSITIVE,,
10383687,FALSE POSITIVE,,
8248939,FALSE POSITIVE,,
7137213,CANDIDATE,,
3764714,FALSE POSITIVE,,
8823833,FALSE POSITIVE,,
10352333,CANDIDATE,,
1870398,FALSE POSITIVE,,
10160922,CANDIDATE,,
10198225,CANDIDATE,,
10214341,CANDIDATE,,
10219288,FALSE POSITIVE,,
10226343,FALSE POSITIVE,,
4763020,FALSE POSITIVE,,
5288744,FALSE POSITIVE,,
5305225,FALSE POSITIVE,,
5598216,FALSE POSITIVE,,
5637036,FALSE POSITIVE,,
5647008,FALSE POSITIVE,,
10385708,FALSE POSITIVE,,
10404545,FALSE POSITIVE,,
10425070,FALSE POSITIVE,,
10425070,FALSE POSITIVE,,
10461045,FALSE POSITIVE,,
10493253,FALSE POSITIVE,,
4160669,FALSE POSITIVE,,
4269252,FALSE POSITIVE,,
4574310,FALSE POSITIVE,,
4773155,FALSE POSITIVE,,
4862625,FALSE POSITIVE,,
2834805,CANDIDATE,,
2859299,FALSE POSITIVE,,
2984990,CANDIDATE,,
3230095,FALSE POSITIVE,,
3235282,FALSE POSITIVE,,
9142714,CANDIDATE,,
9278575,CANDIDATE,,
9592831,FALSE POSITIVE,,
9770983,FALSE POSITIVE,,
9777089,FALSE POSITIVE,,
8561063,CONFIRMED,,Kepler-42 d
6233890,FALSE POSITIVE,,
4844004,FALSE POSITIVE,,
6604328,CONFIRMED,,Kepler-945 b
8396405,CANDIDATE,,
10321972,CANDIDATE,,
10322797,FALSE POSITIVE,,
10331279,CANDIDATE,,
10338529,FALSE POSITIVE,,
10340212,FALSE POSITIVE,,
10383729,FALSE POSITIVE,,
5709226,FALSE POSITIVE,,
5775090,FALSE POSITIVE,,
5791705,FALSE POSITIVE,,
5802205,CANDIDATE,,
5812648,FALSE POSITIVE,,
5858919,CANDIDATE,,
10519701,FALSE POSITIVE,,
10664150,FALSE POSITIVE,,
10735575,FALSE POSITIVE,,
10753394,FALSE POSITIVE,,
10875937,FALSE POSITIVE,,
10907307,FALSE POSITIVE,,
4908495,FALSE POSITIVE,,
4914737,FALSE POSITIVE,,
5083252,FALSE POSITIVE,,
5272571,FALSE POSITIVE,,
5288543,FALSE POSITIVE,,
3241647,FALSE POSITIVE,,
3448456,FALSE POSITIVE,,
3644631,FALSE POSITIVE,,
3644738,FALSE POSITIVE,,
3848083,CANDIDATE,,
6209677,CONFIRMED,,Kepler-948 b
9529744,FALSE POSITIVE,,
2860114,FALSE POSITIVE,,
5125347,CANDIDATE,,
9156585,FALSE POSITIVE,,
10389280,FALSE POSITIVE,,
10397315,FALSE POSITIVE,,
10403228,CANDIDATE,,
10405482,FALSE POSITIVE,,
10405546,FALSE POSITIVE,,
10407191,CANDIDATE,,
5955197,CANDIDATE,,
5955427,FALSE POSITIVE,,
5956977,FALSE POSITIVE,,
6043574,FALSE POSITIVE,,
6049470,FALSE POSITIVE,,
6105359,FALSE POSITIVE,,
11099109,FALSE POSITIVE,,
11338091,FALSE POSITIVE,,
11400356,FALSE POSITIVE,,
11446424,CANDIDATE,,
11449696,FALSE POSITIVE,,
11456839,FALSE POSITIVE,,
5462901,FALSE POSITIVE,,
5513833,FALSE POSITIVE,,
5632781,FALSE POSITIVE,,
6044064,FALSE POSITIVE,,
4072271,CANDIDATE,,
4073089,FALSE POSITIVE,,
4252671,CANDIDATE,,
4390912,FALSE POSITIVE,,
4472143,FALSE POSITIVE,,
6696580,CONFIRMED,,Kepler-359 c
3234598,CONFIRMED,,Kepler-383 b
8380709,CONFIRMED,,Kepler-1249 b
11752632,CONFIRMED,,Kepler-1258 b
11179076,CONFIRMED,,Kepler-1261 b
10452252,CANDIDATE,,
10462462,FALSE POSITIVE,,
10470882,FALSE POSITIVE,,
10470993,FALSE POSITIVE,,
10471055,FALSE POSITIVE,,
10471204,FALSE POSITIVE,,
6119605,FALSE POSITIVE,,
6230649,FALSE POSITIVE,,
6286633,FALSE POSITIVE,,
6451125,FALSE POSITIVE,,
6507334,CANDIDATE,,
6516529,FALSE POSITIVE,,
11501492,FALSE POSITIVE,,
11558217,FALSE POSITIVE,,
11649292,FALSE POSITIVE,,
11760931,FALSE POSITIVE,,
11854061,FALSE POSITIVE,,
6131659,FALSE POSITIVE,,
6207053,FALSE POSITIVE,,
6664842,CANDIDATE,,
6766748,FALSE POSITIVE,,
6878408,CANDIDATE,,
4651399,FALSE POSITIVE,,
4742188,CANDIDATE,,
4742452,CANDIDATE,,
5009688,FALSE POSITIVE,,
5024429,FALSE POSITIVE,,
7747835,FALSE POSITIVE,,
9851983,FALSE POSITIVE,,
9521317,CANDIDATE,,
9651155,FALSE POSITIVE,,
10415227,FALSE POSITIVE,,
9842937,FALSE POSITIVE,,
10468885,CONFIRMED,,Kepler-1284 b
8120608,CONFIRMED,,Kepler-186 e
10527135,FALSE POSITIVE,,
10471243,FALSE POSITIVE,,
10471296,FALSE POSITIVE,,
10535886,FALSE POSITIVE,,
10535897,FALSE POSITIVE,,
10535926,FALSE POSITIVE,,
10535991,FALSE POSITIVE,,
6600492,FALSE POSITIVE,,
6685403,FALSE POSITIVE,,
6846544,FALSE POSITIVE,,
6848529,FALSE POSITIVE,,
7020168,FALSE POSITIVE,,
12012872,FALSE POSITIVE,,
12069319,FALSE POSITIVE,,
12121118,FALSE POSITIVE,,
12252732,FALSE POSITIVE,,
12554051,FALSE POSITIVE,,
6949550,FALSE POSITIVE,,
7097571,FALSE POSITIVE,,
7281217,FALSE POSITIVE,,
7365447,FALSE POSITIVE,,
8016214,FALSE POSITIVE,,
5201593,FALSE POSITIVE,,
5301093,FALSE POSITIVE,,
5305399,FALSE POSITIVE,,
5389632,FALSE POSITIVE,,
5709103,FALSE POSITIVE,,
9899216,FALSE POSITIVE,,
9959765,FALSE POSITIVE,,
10155286,FALSE POSITIVE,,
10266860,FALSE POSITIVE,,
10321927,FALSE POSITIVE,,
9839062,FALSE POSITIVE,,
10263598,FALSE POSITIVE,,
5097470,FALSE POSITIVE,,
9943435,FALSE POSITIVE,,
5775129,CANDIDATE,,
9963524,CONFIRMED,,Kepler-221 b
2985587,CANDIDATE,,
10614845,FALSE POSITIVE,,
10616829,FALSE POSITIVE,,
10686909,FALSE POSITIVE,,
10730250,FALSE POSITIVE,,
10790401,CANDIDATE,,
10801951,FALSE POSITIVE,,
7053328,FALSE POSITIVE,,
7106437,FALSE POSITIVE,,
7117050,FALSE POSITIVE,,
7185710,FALSE POSITIVE,,
7282872,FALSE POSITIVE,,
7340624,FALSE POSITIVE,,
12647110,FALSE POSITIVE,,
12647757,CANDIDATE,,
3629119,CANDIDATE,,
3662635,FALSE POSITIVE,,
3734501,FALSE POSITIVE,,
4169315,FALSE POSITIVE,,
8129189,FALSE POSITIVE,,
8167504,CANDIDATE,,
8240861,FALSE POSITIVE,,
8262223,FALSE POSITIVE,,
8311864,CONFIRMED,,Kepler-452 b
5774375,FALSE POSITIVE,,
5806800,FALSE POSITIVE,,
5879448,FALSE POSITIVE,,
5887316,FALSE POSITIVE,,
5894182,CANDIDATE,,
10405224,FALSE POSITIVE,,
10471005,FALSE POSITIVE,,
10536241,CANDIDATE,,
11182706,CANDIDATE,,
11661803,FALSE POSITIVE,,
10536177,FALSE POSITIVE,,
10920420,FALSE POSITIVE,,
3859363,FALSE POSITIVE,,
7463685,CANDIDATE,,
6716545,CONFIRMED,,Kepler-1383 b
6837283,CANDIDATE,,
9757613,CONFIRMED,,Kepler-26 e
5364071,CONFIRMED,,Kepler-49 b
11250587,CONFIRMED,,Kepler-464 b
9084569,CANDIDATE,,
9087580,CANDIDATE,,
9099607,CANDIDATE,,
10844823,CANDIDATE,,
10862284,FALSE POSITIVE,,
10862759,CANDIDATE,,
10877024,FALSE POSITIVE,,
10920281,CANDIDATE,,
11032748,CANDIDATE,,
7622473,FALSE POSITIVE,,
7662744,FALSE POSITIVE,,
7686191,FALSE POSITIVE,,
7690521,FALSE POSITIVE,,
7762886,FALSE POSITIVE,,
7811537,FALSE POSITIVE,,
4566999,FALSE POSITIVE,,
4569942,FALSE POSITIVE,,
4572728,CANDIDATE,,
4772095,FALSE POSITIVE,,
4847801,FALSE POSITIVE,,
5098334,CANDIDATE,,
8398290,FALSE POSITIVE,,
8504570,FALSE POSITIVE,,
8569819,FALSE POSITIVE,,
8693536,CANDIDATE,,
8701327,FALSE POSITIVE,,
5962509,FALSE POSITIVE,,
6106046,CANDIDATE,,
6113752,FALSE POSITIVE,,
6147851,FALSE POSITIVE,,
6198256,FALSE POSITIVE,,
11661803,FALSE POSITIVE,,
11709006,CANDIDATE,,
12021943,FALSE POSITIVE,,
12602999,CANDIDATE,,
12644020,FALSE POSITIVE,,
11294822,CANDIDATE,,
11443757,CANDIDATE,,
12120307,CANDIDATE,,
9729691,FALSE POSITIVE,,
5511081,CONFIRMED,,Kepler-338 d
10350571,CANDIDATE,,
10604335,CONFIRMED,,Kepler-283 c
9101271,FALSE POSITIVE,,
9118340,FALSE POSITIVE,,
9159198,FALSE POSITIVE,,
9210820,CANDIDATE,,
9227215,CANDIDATE,,
11098004,FALSE POSITIVE,,
11135119,FALSE POSITIVE,,
11139682,CANDIDATE,,
11145726,FALSE POSITIVE,,
11152950,FALSE POSITIVE,,
7811537,FALSE POSITIVE,,
7874976,FALSE POSITIVE,,
7888957,FALSE POSITIVE,,
7900114,FALSE POSITIVE,,
7936194,FALSE POSITIVE,,
5468555,FALSE POSITIVE,,
5638699,FALSE POSITIVE,,
5683219,CANDIDATE,,
5871116,FALSE POSITIVE,,
5956171,CANDIDATE,,
6032318,FALSE POSITIVE,,
8879915,FALSE POSITIVE,,
9207508,FALSE POSITIVE,,
9243795,FALSE POSITIVE,,
9291368,FALSE POSITIVE,,
9458266,CANDIDATE,,
6199716,FALSE POSITIVE,,
6205566,FALSE POSITIVE,,
6442602,FALSE POSITIVE,,
6445531,FALSE POSITIVE,,
6451368,CANDIDATE,,
4738095,FALSE POSITIVE,,
5128966,FALSE POSITIVE,,
5872139,FALSE POSITIVE,,
6887321,FALSE POSITIVE,,
7049771,FALSE POSITIVE,,
12008916,FALSE POSITIVE,,
4645492,FALSE POSITIVE,,
7841925,CANDIDATE,,
7202957,CANDIDATE,,
9092504,CANDIDATE,,
4831728,CANDIDATE,,
10122538,CONFIRMED,,Kepler-1388 c
9347066,FALSE POSITIVE,,
9390228,CANDIDATE,,
9392016,FALSE POSITIVE,,
9429631,FALSE POSITIVE,,
9469494,CANDIDATE,,
9518558,FALSE POSITIVE,,
11296205,CANDIDATE,,
11348086,FALSE POSITIVE,,
11350634,CANDIDATE,,
11357185,FALSE POSITIVE,,
11358305,CANDIDATE,,
11392362,CANDIDATE,,
8028465,FALSE POSITIVE,,
8129641,FALSE POSITIVE,,
8226720,FALSE POSITIVE,,
8307354,FALSE POSITIVE,,
8527297,CANDIDATE,,
8588982,FALSE POSITIVE,,
6182508,FALSE POSITIVE,,
6195669,FALSE POSITIVE,,
6356506,CANDIDATE,,
6583107,FALSE POSITIVE,,
6681618,FALSE POSITIVE,,
7106438,FALSE POSITIVE,,
9652166,FALSE POSITIVE,,
9711751,FALSE POSITIVE,,
9821078,FALSE POSITIVE,,
9899583,FALSE POSITIVE,,
10019854,CANDIDATE,,
6531617,CANDIDATE,,
6863187,FALSE POSITIVE,,
6887030,CANDIDATE,,
6974867,FALSE POSITIVE,,
7031726,FALSE POSITIVE,,
7959310,FALSE POSITIVE,,
8012732,FALSE POSITIVE,,
8439949,CANDIDATE,,
8808064,FALSE POSITIVE,,
8815031,FALSE POSITIVE,,
6114140,FALSE POSITIVE,,
8801316,CONFIRMED,,Kepler-1394 b
8429415,FALSE POSITIVE,,
8560804,FALSE POSITIVE,,
5091016,FALSE POSITIVE,,
7347246,CONFIRMED,,Kepler-1411 b
9529148,FALSE POSITIVE,,
9531850,FALSE POSITIVE,,
9541094,FALSE POSITIVE,,
9579753,FALSE POSITIVE,,
9588880,FALSE POSITIVE,,
9602658,FALSE POSITIVE,,
11453349,CANDIDATE,,
11560397,FALSE POSITIVE,,
11565903,FALSE POSITIVE,,
11601597,FALSE POSITIVE,,
11612241,FALSE POSITIVE,,
8608544,FALSE POSITIVE,,
8608544,CANDIDATE,,
8618147,FALSE POSITIVE,,
8630840,FALSE POSITIVE,,
8683144,FALSE POSITIVE,,
8708961,CANDIDATE,,
7751294,FALSE POSITIVE,,
7832787,CANDIDATE,,
8008913,FALSE POSITIVE,,
8022520,CANDIDATE,,
8108450,FALSE POSITIVE,,
8293631,FALSE POSITIVE,,
10063044,FALSE POSITIVE,,
10208759,FALSE POSITIVE,,
10352603,FALSE POSITIVE,,
10486425,FALSE POSITIVE,,
10552700,FALSE POSITIVE,,
7115550,FALSE POSITIVE,,
7116024,FALSE POSITIVE,,
7116519,FALSE POSITIVE,,
7134626,CANDIDATE,,
7177766,FALSE POSITIVE,,
9268159,CANDIDATE,,
9899449,FALSE POSITIVE,,
10023069,FALSE POSITIVE,,
10214873,FALSE POSITIVE,,
10515564,CANDIDATE,,
6521526,FALSE POSITIVE,,
6953281,FALSE POSITIVE,,
8740744,FALSE POSITIVE,,
7732285,FALSE POSITIVE,,
11912932,FALSE POSITIVE,,
8895758,CONFIRMED,,Kepler-1427 b
8581240,CANDIDATE,,
6196457,CONFIRMED,,Kepler-92 d
9604563,CANDIDATE,,
9639021,FALSE POSITIVE,,
9640649,CANDIDATE,,
9643210,FALSE POSITIVE,,
9650579,CANDIDATE,,
9650762,CANDIDATE,,
11714107,CANDIDATE,,
11724094,FALSE POSITIVE,,
11774383,FALSE POSITIVE,,
11804952,FALSE POSITIVE,,
11819135,FALSE POSITIVE,,
11904835,CANDIDATE,,
8742735,FALSE POSITIVE,,
8743244,FALSE POSITIVE,,
8743244,FALSE POSITIVE,,
8748435,FALSE POSITIVE,,
8766268,FALSE POSITIVE,,
8329346,CANDIDATE,,
8637903,CANDIDATE,,
8673511,CANDIDATE,,
8873674,FALSE POSITIVE,,
9011955,CANDIDATE,,
10613718,FALSE POSITIVE,,
10857589,FALSE POSITIVE,,
10937609,FALSE POSITIVE,,
11076279,FALSE POSITIVE,,
11154043,FALSE POSITIVE,,
7199724,FALSE POSITIVE,,
7199756,FALSE POSITIVE,,
7282168,FALSE POSITIVE,,
7300182,CANDIDATE,,
7366501,CANDIDATE,,
11124353,FALSE POSITIVE,,
11868122,FALSE POSITIVE,,
12554485,CANDIDATE,,
12555140,FALSE POSITIVE,,
5391407,FALSE POSITIVE,,
8813404,FALSE POSITIVE,,
9962731,FALSE POSITIVE,,
4076976,FALSE POSITIVE,,
7115785,FALSE POSITIVE,,
6042031,FALSE POSITIVE,,
9641076,FALSE POSITIVE,,
5817613,FALSE POSITIVE,,
9656547,FALSE POSITIVE,,
9658192,FALSE POSITIVE,,
9710611,FALSE POSITIVE,,
9710626,FALSE POSITIVE,,
9710792,FALSE POSITIVE,,
11918793,FALSE POSITIVE,,
11922290,FALSE POSITIVE,,
11966668,FALSE POSITIVE,,
11967872,FALSE POSITIVE,,
12004656,FALSE POSITIVE,,
8821936,FALSE POSITIVE,,
8832676,FALSE POSITIVE,,
8873873,CANDIDATE,,
9075882,FALSE POSITIVE,,
9084832,FALSE POSITIVE,,
9093859,FALSE POSITIVE,,
9239670,FALSE POSITIVE,,
9388557,FALSE POSITIVE,,
9532997,FALSE POSITIVE,,
9536836,FALSE POSITIVE,,
10226420,FALSE POSITIVE,,
11187972,CANDIDATE,,
11234677,FALSE POSITIVE,,
11235323,FALSE POSITIVE,,
11358392,FALSE POSITIVE,,
11959569,FALSE POSITIVE,,
7367164,CANDIDATE,,
7386391,FALSE POSITIVE,,
7448023,FALSE POSITIVE,,
7757698,FALSE POSITIVE,,
7879648,FALSE POSITIVE,,
6946985,FALSE POSITIVE,,
7451315,FALSE POSITIVE,,
9209808,FALSE POSITIVE,,
9592621,CANDIDATE,,
10010452,FALSE POSITIVE,,
11087662,FALSE POSITIVE,,
11872364,CANDIDATE,,
10397751,CANDIDATE,,
5980061,FALSE POSITIVE,,
5544450,CANDIDATE,,
10420301,FALSE POSITIVE,,
3858917,FALSE POSITIVE,,
9777990,FALSE POSITIVE,,
9813678,FALSE POSITIVE,,
9826551,FALSE POSITIVE,,
9838537,FALSE POSITIVE,,
9838761,FALSE POSITIVE,,
12156930,CANDIDATE,,
12266099,CANDIDATE,,
12307496,CANDIDATE,,
12419303,FALSE POSITIVE,,
12453855,FALSE POSITIVE,,
12459808,FALSE POSITIVE,,
9114508,FALSE POSITIVE,,
9216810,FALSE POSITIVE,,
9340460,FALSE POSITIVE,,
9409493,FALSE POSITIVE,,
9468848,CANDIDATE,,
9649205,FALSE POSITIVE,,
10341781,FALSE POSITIVE,,
10459805,FALSE POSITIVE,,
10471090,FALSE POSITIVE,,
10532751,FALSE POSITIVE,,
10585887,FALSE POSITIVE,,
12016243,CANDIDATE,,
12470530,FALSE POSITIVE,,
11463950,FALSE POSITIVE,,
3955867,FALSE POSITIVE,,
7116859,FALSE POSITIVE,,
7885494,FALSE POSITIVE,,
7897936,FALSE POSITIVE,,
7919867,FALSE POSITIVE,,
7954278,CANDIDATE,,
7967517,FALSE POSITIVE,,
11867733,FALSE POSITIVE,,
4446859,CANDIDATE,,
5026023,FALSE POSITIVE,,
3529290,CANDIDATE,,
7503885,CONFIRMED,,Kepler-1494 b
9656397,FALSE POSITIVE,,
9715925,FALSE POSITIVE,,
9110346,FALSE POSITIVE,,
9873004,CANDIDATE,,
9899256,FALSE POSITIVE,,
9899345,FALSE POSITIVE,,
9899621,FALSE POSITIVE,,
9899623,FALSE POSITIVE,,
9906688,CANDIDATE,,
2010152,FALSE POSITIVE,,
2284957,CANDIDATE,,
2712825,FALSE POSITIVE,,
3443582,FALSE POSITIVE,,
3533483,FALSE POSITIVE,,
3663850,CANDIDATE,,
9771576,FALSE POSITIVE,,
9827094,FALSE POSITIVE,,
9837720,FALSE POSITIVE,,
9873604,FALSE POSITIVE,,
9874581,FALSE POSITIVE,,
12117215,FALSE POSITIVE,,
12168280,FALSE POSITIVE,,
2438406,FALSE POSITIVE,,
6869373,CANDIDATE,,
11812199,FALSE POSITIVE,,
9141746,CANDIDATE,,
8226050,CANDIDATE,,
4770617,CANDIDATE,,
8613535,CANDIDATE,,
7021681,FALSE POSITIVE,,
8126531,FALSE POSITIVE,,
8182107,CANDIDATE,,
8210370,FALSE POSITIVE,,
8242769,CANDIDATE,,
8429014,FALSE POSITIVE,,
9159288,CANDIDATE,,
11923074,FALSE POSITIVE,,
6675060,FALSE POSITIVE,,
9775253,FALSE POSITIVE,,
7732791,FALSE POSITIVE,,
12643582,FALSE POSITIVE,,
6200709,FALSE POSITIVE,,
9912977,FALSE POSITIVE,,
9938836,CANDIDATE,,
9941425,FALSE POSITIVE,,
9959368,FALSE POSITIVE,,
10011213,CANDIDATE,,
10014875,FALSE POSITIVE,,
3954211,FALSE POSITIVE,,
4056579,FALSE POSITIVE,,
4276445,FALSE POSITIVE,,
4371172,FALSE POSITIVE,,
4557341,FALSE POSITIVE,,
10028127,CANDIDATE,,
10079317,FALSE POSITIVE,,
10079481,FALSE POSITIVE,,
10081899,FALSE POSITIVE,,
10199817,FALSE POSITIVE,,
10205598,FALSE POSITIVE,,
12885212,CANDIDATE,,
3645438,CONFIRMED,,Kepler-1600 b
8780959,FALSE POSITIVE,,
4548098,CANDIDATE,,
7838906,FALSE POSITIVE,,
10467815,CANDIDATE,,
7429287,FALSE POSITIVE,,
7429287,CANDIDATE,,
11775507,FALSE POSITIVE,,
6768616,FALSE POSITIVE,,
8460634,FALSE POSITIVE,,
8488381,CANDIDATE,,
8489260,CANDIDATE,,
8560927,FALSE POSITIVE,,
8565912,FALSE POSITIVE,,
8308347,FALSE POSITIVE,,
2697935,FALSE POSITIVE,,
8258160,FALSE POSITIVE,,
11911561,CANDIDATE,,
8765560,CANDIDATE,,
10031643,FALSE POSITIVE,,
10090151,FALSE POSITIVE,,
10128825,CANDIDATE,,
10147276,FALSE POSITIVE,,
10156110,FALSE POSITIVE,,
